time_utc,pm_normalized,analysis_direct_normalized
2026-07-20T23:55:00+00:00,1.0,1.0
2026-07-21T00:00:00+00:00,1.0,1.0
2026-07-21T08:05:00+00:00,1.0079644655266042,1.0079644655266042
2026-07-21T08:10:00+00:00,1.0079644655266042,1.0079644655266042
2026-07-21T08:15:00+00:00,1.0079644655266042,1.0079644655266042
2026-07-21T08:20:00+00:00,1.0079644655266042,1.0079644655266042
2026-07-21T08:25:00+00:00,1.0079644655266042,1.0079644655266042
2026-07-21T08:30:00+00:00,1.0079644655266042,1.0079644655266042
2026-07-21T08:35:00+00:00,1.0079644655266042,1.0079644655266042
2026-07-21T08:40:00+00:00,1.0070423861671314,1.0070423861671316
2026-07-21T08:45:00+00:00,1.007372002030632,1.0073720020306323
2026-07-21T08:50:00+00:00,1.0071742972022861,1.0071742972022866
2026-07-21T08:55:00+00:00,1.0071742972022861,1.0071742972022866
2026-07-21T09:00:00+00:00,1.0071742972022861,1.0071742972022866
2026-07-21T09:05:00+00:00,1.0073720322205957,1.0073720322205957
2026-07-21T09:10:00+00:00,1.0073720322205957,1.0073720322205957
2026-07-21T09:15:00+00:00,1.007503835443443,1.007503835443443
2026-07-21T09:20:00+00:00,1.007503835443443,1.007503835443443
2026-07-21T09:25:00+00:00,1.007503835443443,1.007503835443443
2026-07-21T09:30:00+00:00,1.007503835443443,1.007503835443443
2026-07-21T09:35:00+00:00,1.0072402505449243,1.0072402505449243
2026-07-21T09:40:00+00:00,1.0072402505449243,1.0072402505449243
2026-07-21T09:45:00+00:00,1.0072402505449243,1.0072402505449243
2026-07-21T09:50:00+00:00,1.0073035243729918,1.0073035243729915
2026-07-21T09:55:00+00:00,1.0073035243729918,1.0073035243729915
2026-07-21T10:00:00+00:00,1.0073035243729918,1.0073035243729915
2026-07-21T10:05:00+00:00,1.0073035243729918,1.0073035243729915
2026-07-21T10:10:00+00:00,1.0073035243729918,1.0073035243729915
2026-07-21T10:15:00+00:00,1.0073035243729918,1.0073035243729915
2026-07-21T10:20:00+00:00,1.0074379728122482,1.0074379728122482
2026-07-21T10:25:00+00:00,1.0074379728122482,1.0074379728122482
2026-07-21T10:30:00+00:00,1.0074379728122482,1.0074379728122482
2026-07-21T10:35:00+00:00,1.007635664722141,1.0076356647221407
2026-07-21T10:40:00+00:00,1.007635664722141,1.0076356647221407
2026-07-21T10:45:00+00:00,1.007635664722141,1.0076356647221407
2026-07-21T10:50:00+00:00,1.007635664722141,1.0076356647221407
2026-07-21T10:55:00+00:00,1.007635664722141,1.0076356647221407
2026-07-21T11:00:00+00:00,1.0072403584590095,1.0072403584590093
2026-07-21T11:05:00+00:00,1.006860683008183,1.0068606830081828
2026-07-21T11:10:00+00:00,1.0066463939210177,1.0066463939210175
2026-07-21T11:15:00+00:00,1.0066470534124439,1.0066470534124439
2026-07-21T11:20:00+00:00,1.0066470534124439,1.0066470534124439
2026-07-21T11:25:00+00:00,1.0066470534124439,1.0066470534124439
2026-07-21T11:30:00+00:00,1.0065151552136216,1.0065151552136213
2026-07-21T11:35:00+00:00,1.0065151552136216,1.0065151552136213
2026-07-21T11:40:00+00:00,1.0069768594132606,1.0069768594132606
2026-07-21T11:45:00+00:00,1.0063175842663357,1.0063175842663357
2026-07-21T11:50:00+00:00,1.0063175842663357,1.0063175842663357
2026-07-21T11:55:00+00:00,1.0063175842663357,1.0063175842663357
2026-07-21T12:00:00+00:00,1.0063175842663357,1.0063175842663357
2026-07-21T12:05:00+00:00,1.0063175842663357,1.0063175842663357
2026-07-21T12:10:00+00:00,1.0065814672043887,1.006581467204389
2026-07-21T12:15:00+00:00,1.0065814672043887,1.006581467204389
2026-07-21T12:20:00+00:00,1.0065814672043887,1.006581467204389
2026-07-21T12:25:00+00:00,1.0073729085362229,1.0073729085362229
2026-07-21T12:30:00+00:00,1.0068522853530855,1.0068522853530857
2026-07-21T12:35:00+00:00,1.0069116275396197,1.00691162753962
2026-07-21T12:40:00+00:00,1.0061863768911823,1.0061863768911827
2026-07-21T12:45:00+00:00,1.0059224591529812,1.0059224591529816
2026-07-21T12:50:00+00:00,1.0059224591529812,1.0059224591529816
2026-07-21T12:55:00+00:00,1.006384436400985,1.0063844364009853
2026-07-21T13:00:00+00:00,1.006384436400985,1.0063844364009853
2026-07-21T13:05:00+00:00,1.0067142687411794,1.0067142687411796
2026-07-21T13:10:00+00:00,1.0066483238788224,1.0066483238788226
2026-07-21T13:15:00+00:00,1.0067142730614664,1.0067142730614667
2026-07-21T13:20:00+00:00,1.0067142730614664,1.0067142730614667
2026-07-21T13:25:00+00:00,1.005856989847147,1.0058569898471474
2026-07-21T13:30:00+00:00,1.0057250222546719,1.005725022254672
2026-07-21T13:35:00+00:00,1.0063851677275952,1.0063851677275957
2026-07-21T13:40:00+00:00,1.0059234021157644,1.0059234021157648
2026-07-21T13:45:00+00:00,1.0051314966585148,1.0051314966585152
2026-07-21T13:50:00+00:00,1.0055938232576227,1.0055938232576231
2026-07-21T13:55:00+00:00,1.005857897265831,1.0058578972658314
2026-07-21T14:00:00+00:00,1.0059899050283907,1.0059899050283911
2026-07-21T14:05:00+00:00,1.0063858384783304,1.0063858384783306
2026-07-21T14:10:00+00:00,1.0062539021152523,1.0062539021152526
2026-07-21T14:15:00+00:00,1.0075542735033123,1.0075542735033125
2026-07-21T14:20:00+00:00,1.0073098254177075,1.0073098254177077
2026-07-21T14:25:00+00:00,1.0073757315826788,1.0073757315826788
2026-07-21T14:30:00+00:00,1.0079688482635791,1.0079688482635794
2026-07-21T14:35:00+00:00,1.0078371349773105,1.0078371349773108
2026-07-21T14:40:00+00:00,1.0073759830868874,1.0073759830868876
2026-07-21T14:45:00+00:00,1.0078043452411503,1.0078043452411505
2026-07-21T14:50:00+00:00,1.0079690363765428,1.0079690363765428
2026-07-21T14:55:00+00:00,1.0079117432723141,1.007911743272314
2026-07-21T15:00:00+00:00,1.0078702527701406,1.0078702527701406
2026-07-21T15:05:00+00:00,1.0078702538464406,1.0078702538464406
2026-07-21T15:10:00+00:00,1.007969062503041,1.0079690625030409
2026-07-21T15:15:00+00:00,1.0085288817395832,1.008528881739583
2026-07-21T15:20:00+00:00,1.0090225659791947,1.0090225659791947
2026-07-21T15:25:00+00:00,1.0090883689377166,1.0090883689377166
2026-07-21T15:30:00+00:00,1.0089245580308916,1.0089245580308916
2026-07-21T15:35:00+00:00,1.0094832069526798,1.0094832069526796
2026-07-21T15:40:00+00:00,1.0094174425743767,1.0094174425743765
2026-07-21T15:45:00+00:00,1.0088255207918615,1.0088255207918615
2026-07-21T15:50:00+00:00,1.008430677143802,1.0084306771438019
2026-07-21T15:55:00+00:00,1.0089573114724317,1.008957311472432
2026-07-21T16:00:00+00:00,1.0086612022884531,1.0086612022884531
2026-07-21T16:05:00+00:00,1.0090232293348205,1.0090232293348205
2026-07-21T16:10:00+00:00,1.0089574349145454,1.0089574349145456
2026-07-21T16:15:00+00:00,1.0091548385574303,1.0091548385574305
2026-07-21T16:20:00+00:00,1.008957472448922,1.0089574724489223
2026-07-21T16:25:00+00:00,1.00905616837376,1.00905616837376
2026-07-21T16:30:00+00:00,1.008825888965521,1.008825888965521
2026-07-21T16:35:00+00:00,1.0088258932587948,1.008825893258795
2026-07-21T16:40:00+00:00,1.0085955612728983,1.0085955612728985
2026-07-21T16:45:00+00:00,1.0083322719532422,1.0083322719532424
2026-07-21T16:50:00+00:00,1.0083658500877197,1.0083658500877197
2026-07-21T16:55:00+00:00,1.008431029086569,1.0084310290865692
2026-07-21T17:00:00+00:00,1.0082664614415084,1.0082664614415084
2026-07-21T17:05:00+00:00,1.0080360166602116,1.0080360166602116
2026-07-21T17:10:00+00:00,1.0082006638601104,1.0082006638601104
2026-07-21T17:15:00+00:00,1.008134818958994,1.0081348189589943
2026-07-21T17:20:00+00:00,1.0079701878892051,1.0079701878892053
2026-07-21T17:25:00+00:00,1.0082336406304204,1.0082336406304206
2026-07-21T17:30:00+00:00,1.0083633572103605,1.008363357210361
2026-07-21T17:35:00+00:00,1.0080690445788216,1.0080690445788218
2026-07-21T17:40:00+00:00,1.0079702574431317,1.0079702574431317
2026-07-21T17:45:00+00:00,1.0078055930117567,1.0078055930117569
2026-07-21T17:50:00+00:00,1.007739722288783,1.0077397222887832
2026-07-21T17:55:00+00:00,1.007739722288783,1.0077397222887832
2026-07-21T18:00:00+00:00,1.007838537523565,1.007838537523565
2026-07-21T18:05:00+00:00,1.0078385418283489,1.0078385418283489
2026-07-21T18:10:00+00:00,1.0082996444291852,1.0082996444291854
2026-07-21T18:15:00+00:00,1.008332567424171,1.008332567424171
2026-07-21T18:20:00+00:00,1.008431346084773,1.0084313460847727
2026-07-21T18:25:00+00:00,1.0093530405727142,1.009353040572714
2026-07-21T18:30:00+00:00,1.0097476445213815,1.0097476445213813
2026-07-21T18:35:00+00:00,1.0098462633908558,1.009846263390856
2026-07-21T18:40:00+00:00,1.0096819110922766,1.0096819110922766
2026-07-21T18:45:00+00:00,1.0096161583995134,1.0096161583995134
2026-07-21T18:50:00+00:00,1.0094188906858754,1.0094188906858752
2026-07-21T18:55:00+00:00,1.009484659443413,1.0094846594434128
2026-07-21T19:00:00+00:00,1.0095833104374143,1.0095833104374143
2026-07-21T19:05:00+00:00,1.009879221653266,1.0098792216532662
2026-07-21T19:10:00+00:00,1.0094847889407337,1.009484788940734
2026-07-21T19:15:00+00:00,1.0094519067000516,1.0094519067000518
2026-07-21T19:20:00+00:00,1.0097544243857655,1.0097544243857657
2026-07-21T19:25:00+00:00,1.0098135957621799,1.0098135957621799
2026-07-21T19:30:00+00:00,1.0098464694387137,1.0098464694387137
2026-07-21T19:35:00+00:00,1.0097149929223372,1.009714992922337
2026-07-21T19:40:00+00:00,1.0096236011244495,1.0096236011244495
2026-07-21T19:45:00+00:00,1.0097149995258163,1.0097149995258163
2026-07-21T19:50:00+00:00,1.0099122480117562,1.0099122480117562
2026-07-21T19:55:00+00:00,1.0098465113556336,1.0098465113556336
2026-07-21T20:00:00+00:00,1.0099451227589948,1.0099451227589946
2026-07-21T20:05:00+00:00,1.009754492659021,1.0097544926590207
2026-07-21T20:10:00+00:00,1.0098794118250725,1.0098794118250722
2026-07-21T20:15:00+00:00,1.0098794118250725,1.0098794118250722
2026-07-21T20:20:00+00:00,1.0098794118250725,1.0098794118250722
2026-07-21T20:25:00+00:00,1.0097479342294697,1.0097479342294695
2026-07-21T20:30:00+00:00,1.0097479342294697,1.0097479342294695
2026-07-21T20:35:00+00:00,1.0098794289467805,1.0098794289467803
2026-07-21T20:40:00+00:00,1.0096164737511168,1.0096164737511164
2026-07-21T20:45:00+00:00,1.009353450050778,1.0093534500507775
2026-07-21T20:50:00+00:00,1.00902458472755,1.0090245847275496
2026-07-21T20:55:00+00:00,1.009156173744859,1.0091561737448589
2026-07-21T21:00:00+00:00,1.009156173744859,1.0091561737448589
2026-07-21T21:05:00+00:00,1.009156173744859,1.0091561737448589
2026-07-21T21:10:00+00:00,1.009156173744859,1.0091561737448589
2026-07-21T21:15:00+00:00,1.009156173744859,1.0091561737448589
2026-07-21T21:20:00+00:00,1.009156173744859,1.0091561737448589
2026-07-21T21:25:00+00:00,1.009156173744859,1.0091561737448589
2026-07-21T21:30:00+00:00,1.009156173744859,1.0091561737448589
2026-07-21T21:35:00+00:00,1.009156173744859,1.0091561737448589
2026-07-21T21:40:00+00:00,1.009156173744859,1.0091561737448589
2026-07-21T21:45:00+00:00,1.0089180286764785,1.0089180286764785
2026-07-21T21:50:00+00:00,1.0089180286764785,1.0089180286764785
2026-07-21T21:55:00+00:00,1.0093536343567242,1.009353634356724
2026-07-21T22:00:00+00:00,1.0095509535866907,1.0095509535866907
2026-07-21T22:05:00+00:00,1.0095509535866907,1.0095509535866907
2026-07-21T22:10:00+00:00,1.0098074184589543,1.009807418458954
2026-07-21T22:15:00+00:00,1.0098074184589543,1.009807418458954
2026-07-21T22:20:00+00:00,1.0098074184589543,1.009807418458954
2026-07-21T22:25:00+00:00,1.0098074184589543,1.009807418458954
2026-07-21T22:30:00+00:00,1.0096825057585888,1.0096825057585885
2026-07-21T22:35:00+00:00,1.0098140090805163,1.009814009080516
2026-07-21T22:40:00+00:00,1.0098140090805163,1.009814009080516
2026-07-21T22:45:00+00:00,1.0100769814787145,1.0100769814787143
2026-07-21T22:50:00+00:00,1.0100769814787145,1.0100769814787143
2026-07-21T22:55:00+00:00,1.0100769814787145,1.0100769814787143
2026-07-21T23:00:00+00:00,1.0093539956122215,1.0093539956122213
2026-07-21T23:05:00+00:00,1.0096170880130066,1.0096170880130064
2026-07-21T23:10:00+00:00,1.0096170880130066,1.0096170880130064
2026-07-21T23:15:00+00:00,1.0089943790235913,1.008994379023591
2026-07-21T23:20:00+00:00,1.0096780054064067,1.0096780054064063
2026-07-21T23:25:00+00:00,1.009683265570646,1.0096832655706456
2026-07-21T23:30:00+00:00,1.0092907278592982,1.0092907278592977
2026-07-21T23:35:00+00:00,1.0096742094765119,1.0096742094765114
2026-07-21T23:40:00+00:00,1.0091573962442777,1.009157396244277
2026-07-21T23:45:00+00:00,1.009263969580778,1.0092639695807775
2026-07-21T23:50:00+00:00,1.009263969580778,1.0092639695807775
2026-07-21T23:55:00+00:00,1.0093547446894267,1.009354744689426
2026-07-22T00:00:00+00:00,1.0093547446894267,1.009354744689426
2026-07-22T08:05:00+00:00,1.0132334340349007,1.0132334340349003
2026-07-22T08:10:00+00:00,1.0132334340349007,1.0132334340349003
2026-07-22T08:15:00+00:00,1.0135610444313168,1.0135610444313163
2026-07-22T08:20:00+00:00,1.0135610444313168,1.0135610444313163
2026-07-22T08:25:00+00:00,1.0135610444313168,1.0135610444313163
2026-07-22T08:30:00+00:00,1.0135610444313168,1.0135610444313163
2026-07-22T08:35:00+00:00,1.0135610444313168,1.0135610444313163
2026-07-22T08:40:00+00:00,1.0139541175344957,1.0139541175344953
2026-07-22T08:45:00+00:00,1.0139541175344957,1.0139541175344953
2026-07-22T08:50:00+00:00,1.0139541175344957,1.0139541175344953
2026-07-22T08:55:00+00:00,1.0139541175344957,1.0139541175344953
2026-07-22T09:00:00+00:00,1.0139541175344957,1.0139541175344953
2026-07-22T09:05:00+00:00,1.0142814952038535,1.0142814952038528
2026-07-22T09:10:00+00:00,1.0142814952038535,1.0142814952038528
2026-07-22T09:15:00+00:00,1.0142814952038535,1.0142814952038528
2026-07-22T09:20:00+00:00,1.0142814952038535,1.0142814952038528
2026-07-22T09:25:00+00:00,1.0142814952038535,1.0142814952038528
2026-07-22T09:30:00+00:00,1.0142814952038535,1.0142814952038528
2026-07-22T09:35:00+00:00,1.0142814994283538,1.0142814994283533
2026-07-22T09:40:00+00:00,1.0142814994283538,1.0142814994283533
2026-07-22T09:45:00+00:00,1.0142814994283538,1.0142814994283533
2026-07-22T09:50:00+00:00,1.0142814994283538,1.0142814994283533
2026-07-22T09:55:00+00:00,1.0142814994283538,1.0142814994283533
2026-07-22T10:00:00+00:00,1.0142814994283538,1.0142814994283533
2026-07-22T10:05:00+00:00,1.013954227390593,1.0139542273905926
2026-07-22T10:10:00+00:00,1.013954227390593,1.0139542273905926
2026-07-22T10:15:00+00:00,1.013954227390593,1.0139542273905926
2026-07-22T10:20:00+00:00,1.0140197113887455,1.0140197113887448
2026-07-22T10:25:00+00:00,1.014216125330776,1.0142161253307753
2026-07-22T10:30:00+00:00,1.014281583968012,1.014281583968011
2026-07-22T10:35:00+00:00,1.014281583968012,1.014281583968011
2026-07-22T10:40:00+00:00,1.014281583968012,1.014281583968011
2026-07-22T10:45:00+00:00,1.014281583968012,1.014281583968011
2026-07-22T10:50:00+00:00,1.0139543119029732,1.0139543119029726
2026-07-22T10:55:00+00:00,1.0139543119029732,1.0139543119029726
2026-07-22T11:00:00+00:00,1.0139543119029732,1.0139543119029726
2026-07-22T11:05:00+00:00,1.0138574080942677,1.0138574080942668
2026-07-22T11:10:00+00:00,1.0139464633492439,1.0139464633492432
2026-07-22T11:15:00+00:00,1.0142817007474956,1.0142817007474947
2026-07-22T11:20:00+00:00,1.0144126095885833,1.0144126095885824
2026-07-22T11:25:00+00:00,1.0143438913150307,1.0143438913150298
2026-07-22T11:30:00+00:00,1.014019895741175,1.014019895741174
2026-07-22T11:35:00+00:00,1.0142084531598048,1.0142084531598035
2026-07-22T11:40:00+00:00,1.0140808078055676,1.0140808078055663
2026-07-22T11:45:00+00:00,1.0136087900299136,1.0136087900299122
2026-07-22T11:50:00+00:00,1.0142741753115527,1.0142741753115514
2026-07-22T11:55:00+00:00,1.014151120008064,1.0141511200080628
2026-07-22T12:00:00+00:00,1.0142165828998797,1.0142165828998784
2026-07-22T12:05:00+00:00,1.0147402522340216,1.0147402522340205
2026-07-22T12:10:00+00:00,1.0148056771374538,1.0148056771374527
2026-07-22T12:15:00+00:00,1.0150019391946619,1.0150019391946608
2026-07-22T12:20:00+00:00,1.015132755271372,1.015132755271371
2026-07-22T12:25:00+00:00,1.0152635544925126,1.0152635544925115
2026-07-22T12:30:00+00:00,1.0152635544925126,1.0152635544925115
2026-07-22T12:35:00+00:00,1.015625821663187,1.015625821663186
2026-07-22T12:40:00+00:00,1.0151983157950524,1.015198315795051
2026-07-22T12:45:00+00:00,1.0152591335246124,1.015259133524611
2026-07-22T12:50:00+00:00,1.0149367534742784,1.0149367534742773
2026-07-22T12:55:00+00:00,1.0149367534742784,1.0149367534742773
2026-07-22T13:00:00+00:00,1.0133668590373501,1.0133668590373488
2026-07-22T13:05:00+00:00,1.0133668590373501,1.0133668590373488
2026-07-22T13:10:00+00:00,1.014249329401407,1.0142493294014057
2026-07-22T13:15:00+00:00,1.0149385896010976,1.0149385896010963
2026-07-22T13:20:00+00:00,1.0150694143741839,1.0150694143741823
2026-07-22T13:25:00+00:00,1.0158542618595248,1.0158542618595232
2026-07-22T13:30:00+00:00,1.0158542618595248,1.0158542618595232
2026-07-22T13:35:00+00:00,1.0168345638363578,1.016834563836356
2026-07-22T13:40:00+00:00,1.017230203179445,1.0172302031794431
2026-07-22T13:45:00+00:00,1.0170337464709789,1.0170337464709773
2026-07-22T13:50:00+00:00,1.0175200397791286,1.017520039779127
2026-07-22T13:55:00+00:00,1.0173895518966927,1.0173895518966911
2026-07-22T14:00:00+00:00,1.018433598278394,1.0184335982783923
2026-07-22T14:05:00+00:00,1.0187921453159243,1.0187921453159225
2026-07-22T14:10:00+00:00,1.0187269801537573,1.0187269801537557
2026-07-22T14:15:00+00:00,1.018792149484627,1.0187921494846253
2026-07-22T14:20:00+00:00,1.0178048382866154,1.0178048382866136
2026-07-22T14:25:00+00:00,1.0179124642539858,1.0179124642539839
2026-07-22T14:30:00+00:00,1.0174559135235588,1.0174559135235568
2026-07-22T14:35:00+00:00,1.0179452946145242,1.0179452946145222
2026-07-22T14:40:00+00:00,1.0180757303960315,1.0180757303960297
2026-07-22T14:45:00+00:00,1.0180105276465505,1.0180105276465485
2026-07-22T14:50:00+00:00,1.017619265204693,1.017619265204691
2026-07-22T14:55:00+00:00,1.0176845055730226,1.0176845055730206
2026-07-22T15:00:00+00:00,1.0177497668565534,1.0177497668565514
2026-07-22T15:05:00+00:00,1.0184672771244014,1.0184672771243994
2026-07-22T15:10:00+00:00,1.0184998699024708,1.018499869902469
2026-07-22T15:15:00+00:00,1.0188584089766883,1.0188584089766863
2026-07-22T15:20:00+00:00,1.0185651695974802,1.0185651695974784
2026-07-22T15:25:00+00:00,1.0191518078614064,1.0191518078614044
2026-07-22T15:30:00+00:00,1.0188260868247223,1.01882608682472
2026-07-22T15:35:00+00:00,1.0187283399928715,1.0187283399928693
2026-07-22T15:40:00+00:00,1.0187283493712658,1.0187283493712636
2026-07-22T15:45:00+00:00,1.0191519130800801,1.019151913080078
2026-07-22T15:50:00+00:00,1.0197707653123753,1.0197707653123733
2026-07-22T15:55:00+00:00,1.0194777942540325,1.0194777942540303
2026-07-22T16:00:00+00:00,1.019021918473836,1.0190219184738338
2026-07-22T16:05:00+00:00,1.0187932332879848,1.0187932332879825
2026-07-22T16:10:00+00:00,1.0188590585103074,1.0188590585103054
2026-07-22T16:15:00+00:00,1.0184028892071166,1.0184028892071146
2026-07-22T16:20:00+00:00,1.018497412988627,1.018497412988625
2026-07-22T16:25:00+00:00,1.018207335559254,1.0182073355592518
2026-07-22T16:30:00+00:00,1.0178161186014316,1.0178161186014294
2026-07-22T16:35:00+00:00,1.0174573777028701,1.017457377702868
2026-07-22T16:40:00+00:00,1.0177836322330127,1.0177836322330105
2026-07-22T16:45:00+00:00,1.017490082615676,1.0174900826156739
2026-07-22T16:50:00+00:00,1.0174900867993653,1.017490086799363
2026-07-22T16:55:00+00:00,1.017457462389759,1.017457462389757
2026-07-22T17:00:00+00:00,1.0174574634359832,1.017457463435981
2026-07-22T17:05:00+00:00,1.0174900888917466,1.0174900888917442
2026-07-22T17:10:00+00:00,1.0171312099241043,1.017131209924102
2026-07-22T17:15:00+00:00,1.0172943895445117,1.0172943895445095
2026-07-22T17:20:00+00:00,1.0170007049612373,1.0170007049612348
2026-07-22T17:25:00+00:00,1.0170659851913524,1.01706598519135
2026-07-22T17:30:00+00:00,1.0173923559675733,1.0173923559675708
2026-07-22T17:35:00+00:00,1.0172292140171397,1.0172292140171373
2026-07-22T17:40:00+00:00,1.0165439485346839,1.0165439485346812
2026-07-22T17:45:00+00:00,1.0167398773394127,1.01673987733941
2026-07-22T17:50:00+00:00,1.0169684252922166,1.0169684252922142
2026-07-22T17:55:00+00:00,1.0169684294823544,1.016968429482352
2026-07-22T18:00:00+00:00,1.0169357904035656,1.016935790403563
2026-07-22T18:05:00+00:00,1.0163168750515084,1.0163168750515055
2026-07-22T18:10:00+00:00,1.016578818071993,1.0165788180719904
2026-07-22T18:15:00+00:00,1.0164135839440454,1.0164135839440427
2026-07-22T18:20:00+00:00,1.0164789103521654,1.0164789103521628
2026-07-22T18:25:00+00:00,1.016217655090236,1.0162176550902333
2026-07-22T18:30:00+00:00,1.016021663257046,1.0160216632570431
2026-07-22T18:35:00+00:00,1.0156949377217717,1.015694937721769
2026-07-22T18:40:00+00:00,1.0160871021369327,1.01608710213693
2026-07-22T18:45:00+00:00,1.0160877565564588,1.0160877565564561
2026-07-22T18:50:00+00:00,1.0163157897373853,1.0163157897373825
2026-07-22T18:55:00+00:00,1.0163811140586179,1.016381114058615
2026-07-22T19:00:00+00:00,1.0161361520514747,1.0161361520514718
2026-07-22T19:05:00+00:00,1.0160538272454973,1.0160538272454942
2026-07-22T19:10:00+00:00,1.0160544806571594,1.0160544806571563
2026-07-22T19:15:00+00:00,1.0158584646377151,1.0158584646377122
2026-07-22T19:20:00+00:00,1.015887220281336,1.015887220281333
2026-07-22T19:25:00+00:00,1.0159238191872015,1.0159238191871987
2026-07-22T19:30:00+00:00,1.0159564939530314,1.0159564939530286
2026-07-22T19:35:00+00:00,1.0160545193014952,1.0160545193014923
2026-07-22T19:40:00+00:00,1.0159741497157242,1.0159741497157213
2026-07-22T19:45:00+00:00,1.0158584835353106,1.0158584835353077
2026-07-22T19:50:00+00:00,1.0159891868048514,1.0159891868048485
2026-07-22T19:55:00+00:00,1.0154664619873754,1.0154664619873726
2026-07-22T20:00:00+00:00,1.01566259895531,1.0156625989553072
2026-07-22T20:05:00+00:00,1.01566259895531,1.0156625989553072
2026-07-22T20:10:00+00:00,1.0157933316878311,1.0157933316878283
2026-07-22T20:15:00+00:00,1.0157933316878311,1.0157933316878283
2026-07-22T20:20:00+00:00,1.0157933316878311,1.0157933316878283
2026-07-22T20:25:00+00:00,1.0161201214612476,1.0161201214612448
2026-07-22T20:30:00+00:00,1.0161201214612476,1.0161201214612448
2026-07-22T20:35:00+00:00,1.016316132287147,1.016316132287144
2026-07-22T20:40:00+00:00,1.0161201592573963,1.0161201592573932
2026-07-22T20:45:00+00:00,1.01548835100508,1.0154883510050772
2026-07-22T20:50:00+00:00,1.0154968500957464,1.0154968500957435
2026-07-22T20:55:00+00:00,1.0156635616327752,1.0156635616327723
2026-07-22T21:00:00+00:00,1.0157283249836935,1.0157283249836906
2026-07-22T21:05:00+00:00,1.0157283249836935,1.0157283249836906
2026-07-22T21:10:00+00:00,1.0149276382410262,1.0149276382410233
2026-07-22T21:15:00+00:00,1.0171680605032642,1.0171680605032614
2026-07-22T21:20:00+00:00,1.0171680605032642,1.0171680605032614
2026-07-22T21:25:00+00:00,1.0166459003079342,1.016645900307931
2026-07-22T21:30:00+00:00,1.0166459003079342,1.016645900307931
2026-07-22T21:35:00+00:00,1.0166459003079342,1.016645900307931
2026-07-22T21:40:00+00:00,1.0166459003079342,1.016645900307931
2026-07-22T21:45:00+00:00,1.0166459003079342,1.016645900307931
2026-07-22T21:50:00+00:00,1.0166459003079342,1.016645900307931
2026-07-22T21:55:00+00:00,1.01605816822271,1.0160581682227068
2026-07-22T22:00:00+00:00,1.01605816822271,1.0160581682227068
2026-07-22T22:05:00+00:00,1.0122095620421105,1.0122095620421074
2026-07-22T22:10:00+00:00,1.0129930159913672,1.0129930159913638
2026-07-22T22:15:00+00:00,1.0144349056362822,1.0144349056362791
2026-07-22T22:20:00+00:00,1.0144349056362822,1.0144349056362791
2026-07-22T22:25:00+00:00,1.0144349056362822,1.0144349056362791
2026-07-22T22:30:00+00:00,1.0147621427026166,1.0147621427026132
2026-07-22T22:35:00+00:00,1.0145658637581865,1.0145658637581834
2026-07-22T22:40:00+00:00,1.0145004247834861,1.0145004247834828
2026-07-22T22:45:00+00:00,1.0145004247834861,1.0145004247834828
2026-07-22T22:50:00+00:00,1.0146313111755365,1.0146313111755334
2026-07-22T22:55:00+00:00,1.0146313111755365,1.0146313111755334
2026-07-22T23:00:00+00:00,1.014500441665518,1.0145004416655146
2026-07-22T23:05:00+00:00,1.014500441665518,1.0145004416655146
2026-07-22T23:10:00+00:00,1.014500441665518,1.0145004416655146
2026-07-22T23:15:00+00:00,1.014500441665518,1.0145004416655146
2026-07-22T23:20:00+00:00,1.014500441665518,1.0145004416655146
2026-07-22T23:25:00+00:00,1.014500441665518,1.0145004416655146
2026-07-22T23:30:00+00:00,1.014500441665518,1.0145004416655146
2026-07-22T23:35:00+00:00,1.014500441665518,1.0145004416655146
2026-07-22T23:40:00+00:00,1.014500441665518,1.0145004416655146
2026-07-22T23:45:00+00:00,1.014500441665518,1.0145004416655146
2026-07-22T23:50:00+00:00,1.0150239239429764,1.015023923942973
2026-07-22T23:55:00+00:00,1.0151547428531378,1.0151547428531345
2026-07-23T00:00:00+00:00,1.0151547428531378,1.0151547428531345
2026-07-23T08:05:00+00:00,1.0111022362692397,1.0111022362692363
2026-07-23T08:10:00+00:00,1.0112335653036948,1.0112335653036915
2026-07-23T08:15:00+00:00,1.0109709285516646,1.0109709285516613
2026-07-23T08:20:00+00:00,1.010642563302687,1.0106425633026839
2026-07-23T08:25:00+00:00,1.0105111745139062,1.0105111745139028
2026-07-23T08:30:00+00:00,1.0105111745139062,1.0105111745139028
2026-07-23T08:35:00+00:00,1.010839689200029,1.0108396892000258
2026-07-23T08:40:00+00:00,1.010839689200029,1.0108396892000258
2026-07-23T08:45:00+00:00,1.0105769628350647,1.0105769628350614
2026-07-23T08:50:00+00:00,1.0101827708069142,1.0101827708069109
2026-07-23T08:55:00+00:00,1.0101827708069142,1.0101827708069109
2026-07-23T09:00:00+00:00,1.010840013988962,1.0108400139889586
2026-07-23T09:05:00+00:00,1.0115697367021146,1.011569736702111
2026-07-23T09:10:00+00:00,1.0114312484022823,1.011431248402279
2026-07-23T09:15:00+00:00,1.0113656051488813,1.0113656051488777
2026-07-23T09:20:00+00:00,1.0111686626060117,1.0111686626060084
2026-07-23T09:25:00+00:00,1.0109060213949452,1.010906021394942
2026-07-23T09:30:00+00:00,1.0107089892961807,1.0107089892961774
2026-07-23T09:35:00+00:00,1.0104462286074256,1.0104462286074223
2026-07-23T09:40:00+00:00,1.010709057643349,1.0107090576433457
2026-07-23T09:45:00+00:00,1.010709057643349,1.0107090576433457
2026-07-23T09:50:00+00:00,1.010709057643349,1.0107090576433457
2026-07-23T09:55:00+00:00,1.010709057643349,1.0107090576433457
2026-07-23T10:00:00+00:00,1.010709057643349,1.0107090576433457
2026-07-23T10:05:00+00:00,1.010709057643349,1.0107090576433457
2026-07-23T10:10:00+00:00,1.0105119871134562,1.010511987113453
2026-07-23T10:15:00+00:00,1.0105119871134562,1.010511987113453
2026-07-23T10:20:00+00:00,1.0105119871134562,1.010511987113453
2026-07-23T10:25:00+00:00,1.0101177691730998,1.0101177691730965
2026-07-23T10:30:00+00:00,1.0104464123827475,1.0104464123827441
2026-07-23T10:35:00+00:00,1.0099864956642617,1.0099864956642586
2026-07-23T10:40:00+00:00,1.0104466561348195,1.0104466561348164
2026-07-23T10:45:00+00:00,1.0104466561348195,1.0104466561348164
2026-07-23T10:50:00+00:00,1.0105123634216016,1.0105123634215984
2026-07-23T10:55:00+00:00,1.010906581508762,1.010906581508759
2026-07-23T11:00:00+00:00,1.0111036137166964,1.0111036137166933
2026-07-23T11:05:00+00:00,1.0107096260765938,1.0107096260765909
2026-07-23T11:10:00+00:00,1.0103476729997916,1.0103476729997884
2026-07-23T11:15:00+00:00,1.0103102159917334,1.0103102159917303
2026-07-23T11:20:00+00:00,1.010247785961875,1.010247785961872
2026-07-23T11:25:00+00:00,1.0095721817609944,1.0095721817609913
2026-07-23T11:30:00+00:00,1.0097418535578584,1.0097418535578555
2026-07-23T11:35:00+00:00,1.009329580909084,1.0093295809090812
2026-07-23T11:40:00+00:00,1.0093651021534593,1.0093651021534562
2026-07-23T11:45:00+00:00,1.0086718044856273,1.0086718044856242
2026-07-23T11:50:00+00:00,1.0086718044856273,1.0086718044856242
2026-07-23T11:55:00+00:00,1.0086718044856273,1.0086718044856242
2026-07-23T12:00:00+00:00,1.0100475053935984,1.0100475053935953
2026-07-23T12:05:00+00:00,1.0095939443823125,1.0095939443823096
2026-07-23T12:10:00+00:00,1.009725470430304,1.0097254704303011
2026-07-23T12:15:00+00:00,1.0095282070536895,1.0095282070536866
2026-07-23T12:20:00+00:00,1.0088448847037685,1.0088448847037657
2026-07-23T12:25:00+00:00,1.008870551339451,1.008870551339448
2026-07-23T12:30:00+00:00,1.0092000777365606,1.0092000777365575
2026-07-23T12:35:00+00:00,1.0079593011090433,1.0079593011090404
2026-07-23T12:40:00+00:00,1.007554860064388,1.0075548600643853
2026-07-23T12:45:00+00:00,1.0081480279026662,1.0081480279026631
2026-07-23T12:50:00+00:00,1.0076211671616664,1.0076211671616635
2026-07-23T12:55:00+00:00,1.0070947271592263,1.0070947271592232
2026-07-23T13:00:00+00:00,1.007423700457803,1.0074237004578
2026-07-23T13:05:00+00:00,1.0061715056188196,1.0061715056188165
2026-07-23T13:10:00+00:00,1.0049177504636022,1.004917750463599
2026-07-23T13:15:00+00:00,1.004653472291225,1.0046534722912221
2026-07-23T13:20:00+00:00,1.004653472291225,1.005314341566509
2026-07-23T13:25:00+00:00,1.004653472291225,1.0057106026392588
2026-07-23T13:30:00+00:00,1.004653472291225,1.0058426333072674
2026-07-23T13:35:00+00:00,1.004653472291225,1.0073596144617123
2026-07-23T13:40:00+00:00,1.004653472291225,1.0063056012431368
2026-07-23T13:45:00+00:00,1.004653472291225,1.0063715798427462
2026-07-23T13:50:00+00:00,1.004653472291225,1.005843785648519
2026-07-23T13:55:00+00:00,1.004653472291225,1.0063058122946156
2026-07-23T14:00:00+00:00,1.004653472291225,1.0046892843509692
2026-07-23T14:05:00+00:00,1.004653472291225,1.0048214509633653
2026-07-23T14:10:00+00:00,1.004653472291225,1.0049205848870988
2026-07-23T14:15:00+00:00,1.004653472291225,1.0053169815474612
2026-07-23T14:20:00+00:00,1.004653472291225,1.0047886157918133
2026-07-23T14:25:00+00:00,1.004653472291225,1.0057137453276028
2026-07-23T14:30:00+00:00,1.004653472291225,1.0063408940423482
2026-07-23T14:35:00+00:00,1.004653472291225,1.00607699742276
2026-07-23T14:40:00+00:00,1.004653472291225,1.0066380949736984
2026-07-23T14:45:00+00:00,1.004653472291225,1.0064336277941401
2026-07-23T14:50:00+00:00,1.004653472291225,1.0066427606361414
2026-07-23T14:55:00+00:00,1.004653472291225,1.0063413364457785
2026-07-23T15:00:00+00:00,1.004653472291225,1.0065392576464212
2026-07-23T15:05:00+00:00,1.004653472291225,1.0063083784044187
2026-07-23T15:10:00+00:00,1.004653472291225,1.005747578225335
2026-07-23T15:15:00+00:00,1.004653472291225,1.005747578225335
2026-07-23T15:20:00+00:00,1.004653472291225,1.0057805990244748
2026-07-23T15:25:00+00:00,1.004653472291225,1.005516566970637
2026-07-23T15:30:00+00:00,1.004653472291225,1.0050213730473088
2026-07-23T15:35:00+00:00,1.004653472291225,1.0049222824011124
2026-07-23T15:40:00+00:00,1.004653472291225,1.0055499089733015
2026-07-23T15:45:00+00:00,1.004653472291225,1.0053518176824672
2026-07-23T15:50:00+00:00,1.004653472291225,1.005482602340602
2026-07-23T15:55:00+00:00,1.004653472291225,1.0055829716321132
2026-07-23T16:00:00+00:00,1.004653472291225,1.005318865795834
2026-07-23T16:05:00+00:00,1.004653472291225,1.0053849096051757
2026-07-23T16:10:00+00:00,1.004653472291225,1.0053849106467612
2026-07-23T16:15:00+00:00,1.004653472291225,1.0056160487962136
2026-07-23T16:20:00+00:00,1.004653472291225,1.005087854430094
2026-07-23T16:25:00+00:00,1.004653472291225,1.0054511789913403
2026-07-23T16:30:00+00:00,1.004653472291225,1.005517222815499
2026-07-23T16:35:00+00:00,1.004653472291225,1.0052861236411554
2026-07-23T16:40:00+00:00,1.004653472291225,1.0055833306286324
2026-07-23T16:45:00+00:00,1.004653472291225,1.0055503195548148
2026-07-23T16:50:00+00:00,1.004653472291225,1.0054182590016696
2026-07-23T16:55:00+00:00,1.004653472291225,1.0054182600860975
2026-07-23T17:00:00+00:00,1.004653472291225,1.0057154280447436
2026-07-23T17:05:00+00:00,1.004653472291225,1.0057154291280685
2026-07-23T17:10:00+00:00,1.004653472291225,1.0052539808131737
2026-07-23T17:15:00+00:00,1.004653472291225,1.005220302706214
2026-07-23T17:20:00+00:00,1.004653472291225,1.0050881987475813
2026-07-23T17:25:00+00:00,1.004653472291225,1.0053524348826446
2026-07-23T17:30:00+00:00,1.004653472291225,1.0052203515304958
2026-07-23T17:35:00+00:00,1.004653472291225,1.0052203526155652
2026-07-23T17:40:00+00:00,1.004653472291225,1.004857075663112
2026-07-23T17:45:00+00:00,1.004653472291225,1.0046588529364557
2026-07-23T17:50:00+00:00,1.004653472291225,1.0047579838586636
2026-07-23T17:55:00+00:00,1.004653472291225,1.0046588605426152
2026-07-23T18:00:00+00:00,1.004653472291225,1.0044936488581688
2026-07-23T18:05:00+00:00,1.004653472291225,1.0045266979352516
2026-07-23T18:10:00+00:00,1.004653472291225,1.0046919531077225
2026-07-23T18:15:00+00:00,1.004653472291225,1.004460648696089
2026-07-23T18:20:00+00:00,1.004653472291225,1.0046258951771205
2026-07-23T18:25:00+00:00,1.004653472291225,1.0045598057162184
2026-07-23T18:30:00+00:00,1.004653472291225,1.0048579127593522
2026-07-23T18:35:00+00:00,1.004653472291225,1.0048902891224325
2026-07-23T18:40:00+00:00,1.004653472291225,1.0048902902084298
2026-07-23T18:45:00+00:00,1.004653472291225,1.0050224311137894
2026-07-23T18:50:00+00:00,1.004653472291225,1.0051882436793242
2026-07-23T18:55:00+00:00,1.004653472291225,1.0050554780704704
2026-07-23T19:00:00+00:00,1.004653472291225,1.0050554780704704
2026-07-23T19:05:00+00:00,1.004653472291225,1.0049484324613824
2026-07-23T19:10:00+00:00,1.004653472291225,1.0047912131260444
2026-07-23T19:15:00+00:00,1.004653472291225,1.0046920930508545
2026-07-23T19:20:00+00:00,1.004653472291225,1.0048573123738058
2026-07-23T19:25:00+00:00,1.004653472291225,1.0052537361998444
2026-07-23T19:30:00+00:00,1.004653472291225,1.0052537361998444
2026-07-23T19:35:00+00:00,1.004653472291225,1.0051824075624964
2026-07-23T19:40:00+00:00,1.004653472291225,1.0051876957879358
2026-07-23T19:45:00+00:00,1.004653472291225,1.0049895457351694
2026-07-23T19:50:00+00:00,1.004653472291225,1.0049895457351694
2026-07-23T19:55:00+00:00,1.004653472291225,1.0055180399481356
2026-07-23T20:00:00+00:00,1.004653472291225,1.0055840697309906
2026-07-23T20:05:00+00:00,1.004653472291225,1.0054520166686487
2026-07-23T20:10:00+00:00,1.004653472291225,1.0053859814646118
2026-07-23T20:15:00+00:00,1.004653472291225,1.0053450369488137
2026-07-23T20:20:00+00:00,1.004653472291225,1.0053450369488137
2026-07-23T20:25:00+00:00,1.004653472291225,1.0053199409009197
2026-07-23T20:30:00+00:00,1.004653472291225,1.005584116420799
2026-07-23T20:35:00+00:00,1.004653472291225,1.005584116420799
2026-07-23T20:40:00+00:00,1.004653472291225,1.0054586660057498
2026-07-23T20:45:00+00:00,1.004653472291225,1.0054586660057498
2026-07-23T20:50:00+00:00,1.004653472291225,1.0054586660057498
2026-07-23T20:55:00+00:00,1.004653472291225,1.0054586660057498
2026-07-23T21:00:00+00:00,1.004653472291225,1.0057564828335654
2026-07-23T21:05:00+00:00,1.004653472291225,1.0057564828335654
2026-07-23T21:10:00+00:00,1.004653472291225,1.0058515447581902
2026-07-23T21:15:00+00:00,1.004653472291225,1.0058515447581902
2026-07-23T21:20:00+00:00,1.004653472291225,1.0052541634258676
2026-07-23T21:25:00+00:00,1.004653472291225,1.0058089686146177
2026-07-23T21:30:00+00:00,1.004653472291225,1.0058089686146177
2026-07-23T21:35:00+00:00,1.004653472291225,1.0058089686146177
2026-07-23T21:40:00+00:00,1.004653472291225,1.0058089686146177
2026-07-23T21:45:00+00:00,1.004653472291225,1.0058089686146177
2026-07-23T21:50:00+00:00,1.004653472291225,1.0055845284110783
2026-07-23T21:55:00+00:00,1.004653472291225,1.0055845284110783
2026-07-23T22:00:00+00:00,1.004653472291225,1.0057410113613299
2026-07-23T22:05:00+00:00,1.004653472291225,1.0057410113613299
2026-07-23T22:10:00+00:00,1.004653472291225,1.0057410113613299
2026-07-23T22:15:00+00:00,1.004653472291225,1.0055845527544272
2026-07-23T22:20:00+00:00,1.004653472291225,1.0055310712384893
2026-07-23T22:25:00+00:00,1.004653472291225,1.0055310712384893
2026-07-23T22:30:00+00:00,1.004653472291225,1.0055310712384893
2026-07-23T22:35:00+00:00,1.004653472291225,1.0055310712384893
2026-07-23T22:40:00+00:00,1.004653472291225,1.0054524954494182
2026-07-23T22:45:00+00:00,1.004653472291225,1.005254389742972
2026-07-23T22:50:00+00:00,1.004653472291225,1.005254389742972
2026-07-23T22:55:00+00:00,1.004653472291225,1.005254389742972
2026-07-23T23:00:00+00:00,1.004653472291225,1.005254389742972
2026-07-23T23:05:00+00:00,1.004653472291225,1.0056506792527262
2026-07-23T23:10:00+00:00,1.004653472291225,1.0056506792527262
2026-07-23T23:15:00+00:00,1.004653472291225,1.0056506792527262
2026-07-23T23:20:00+00:00,1.004653472291225,1.0056506792527262
2026-07-23T23:25:00+00:00,1.004653472291225,1.0056506792527262
2026-07-23T23:30:00+00:00,1.004653472291225,1.0056506792527262
2026-07-23T23:35:00+00:00,1.004653472291225,1.0055846570180063
2026-07-23T23:40:00+00:00,1.004653472291225,1.0055186304482742
2026-07-23T23:45:00+00:00,1.004653472291225,1.0055186304482742
2026-07-23T23:50:00+00:00,1.004653472291225,1.0055186304482742
2026-07-23T23:55:00+00:00,1.004653472291225,1.0055186304482742
2026-07-24T00:00:00+00:00,1.004653472291225,1.0055186304482742
2026-07-24T08:05:00+00:00,1.004653472291225,1.0055846613538724
2026-07-24T08:10:00+00:00,1.004653472291225,1.0055846613538724
2026-07-24T08:15:00+00:00,1.004653472291225,1.0055846613538724
2026-07-24T08:20:00+00:00,1.004653472291225,1.0055846613538724
2026-07-24T08:25:00+00:00,1.004653472291225,1.0055846613538724
2026-07-24T08:30:00+00:00,1.004653472291225,1.0055846613538724
2026-07-24T08:35:00+00:00,1.004653472291225,1.0055846613538724
2026-07-24T08:40:00+00:00,1.004653472291225,1.0059669551942687
2026-07-24T08:45:00+00:00,1.004653472291225,1.0059669551942687
2026-07-24T08:50:00+00:00,1.004653472291225,1.0059669551942687
2026-07-24T08:55:00+00:00,1.004653472291225,1.0059669551942687
2026-07-24T09:00:00+00:00,1.004653472291225,1.0063768244330062
2026-07-24T09:05:00+00:00,1.004653472291225,1.0064428509247367
2026-07-24T09:10:00+00:00,1.004653472291225,1.0064428509247367
2026-07-24T09:15:00+00:00,1.004653472291225,1.0064428509247367
2026-07-24T09:20:00+00:00,1.004653472291225,1.0064428509247367
2026-07-24T09:25:00+00:00,1.004653472291225,1.0064428509247367
2026-07-24T09:30:00+00:00,1.004653472291225,1.0064428509247367
2026-07-24T09:35:00+00:00,1.004653472291225,1.0059150885487929
2026-07-24T09:40:00+00:00,1.004653472291225,1.0060470984029333
2026-07-24T09:45:00+00:00,1.004653472291225,1.0060470984029333
2026-07-24T09:50:00+00:00,1.004653472291225,1.0060470984029333
2026-07-24T09:55:00+00:00,1.004653472291225,1.0060470984029333
2026-07-24T10:00:00+00:00,1.004653472291225,1.0060470984029333
2026-07-24T10:05:00+00:00,1.004653472291225,1.0060470984029333
2026-07-24T10:10:00+00:00,1.004653472291225,1.006773222178313
2026-07-24T10:15:00+00:00,1.004653472291225,1.0065753760059997
2026-07-24T10:20:00+00:00,1.004653472291225,1.0065753760059997
2026-07-24T10:25:00+00:00,1.004653472291225,1.0065753760059997
2026-07-24T10:30:00+00:00,1.004653472291225,1.0072349928972224
2026-07-24T10:35:00+00:00,1.004653472291225,1.0072349928972224
2026-07-24T10:40:00+00:00,1.004653472291225,1.0072349928972224
2026-07-24T10:45:00+00:00,1.004653472291225,1.0069034227392204
2026-07-24T10:50:00+00:00,1.004653472291225,1.0069034227392204
2026-07-24T10:55:00+00:00,1.004653472291225,1.0069034227392204
2026-07-24T11:00:00+00:00,1.004653472291225,1.0069034227392204
2026-07-24T11:05:00+00:00,1.004653472291225,1.0069034227392204
2026-07-24T11:10:00+00:00,1.004653472291225,1.0069034227392204
2026-07-24T11:15:00+00:00,1.004653472291225,1.0069054009462521
2026-07-24T11:20:00+00:00,1.004653472291225,1.0069054009462521
2026-07-24T11:25:00+00:00,1.004653472291225,1.0069054009462521
2026-07-24T11:30:00+00:00,1.004653472291225,1.0068295965808405
2026-07-24T11:35:00+00:00,1.004653472291225,1.006839488341845
2026-07-24T11:40:00+00:00,1.004653472291225,1.0065757106398954
2026-07-24T11:45:00+00:00,1.004653472291225,1.0065757106398954
2026-07-24T11:50:00+00:00,1.004653472291225,1.0061799403735887
2026-07-24T11:55:00+00:00,1.004653472291225,1.0059819773737775
2026-07-24T12:00:00+00:00,1.004653472291225,1.0065099826105568
2026-07-24T12:05:00+00:00,1.004653472291225,1.0065099826105568
2026-07-24T12:10:00+00:00,1.004653472291225,1.0065099826105568
2026-07-24T12:15:00+00:00,1.004653472291225,1.0063186810671323
2026-07-24T12:20:00+00:00,1.004653472291225,1.0063186810671323
2026-07-24T12:25:00+00:00,1.004653472291225,1.0063754226562616
2026-07-24T12:30:00+00:00,1.004653472291225,1.0063754226562616
2026-07-24T12:35:00+00:00,1.004653472291225,1.0064506340105777
2026-07-24T12:40:00+00:00,1.004653472291225,1.0064506340105777
2026-07-24T12:45:00+00:00,1.004653472291225,1.0064506340105777
2026-07-24T12:50:00+00:00,1.004653472291225,1.0060482173624303
2026-07-24T12:55:00+00:00,1.004653472291225,1.0060482173624303
2026-07-24T13:00:00+00:00,1.004653472291225,1.005982221021748
2026-07-24T13:05:00+00:00,1.004653472291225,1.005982221021748
2026-07-24T13:10:00+00:00,1.004653472291225,1.0051499525656997
2026-07-24T13:15:00+00:00,1.004653472291225,1.0055205231617061
2026-07-24T13:20:00+00:00,1.004653472291225,1.0055205231617061
2026-07-24T13:25:00+00:00,1.004653472291225,1.0050919817777213
2026-07-24T13:30:00+00:00,1.004653472291225,1.0053225283702596
2026-07-24T13:35:00+00:00,1.004653472291225,1.0055207039187557
2026-07-24T13:40:00+00:00,1.004653472291225,1.0063791074616337
2026-07-24T13:45:00+00:00,1.004653472291225,1.0058842967034087
2026-07-24T13:50:00+00:00,1.004653472291225,1.006577450681991
2026-07-24T13:55:00+00:00,1.004653472291225,1.0067753361572234
2026-07-24T14:00:00+00:00,1.004653472291225,1.0077975435272244
2026-07-24T14:05:00+00:00,1.004653472291225,1.0072375289710784
2026-07-24T14:10:00+00:00,1.004653472291225,1.0071056915981764
2026-07-24T14:15:00+00:00,1.004653472291225,1.0067760668816448
2026-07-24T14:20:00+00:00,1.004653472291225,1.0066076025470188
2026-07-24T14:25:00+00:00,1.004653472291225,1.0073697274757791
2026-07-24T14:30:00+00:00,1.004653472291225,1.0076333548773442
2026-07-24T14:35:00+00:00,1.004653472291225,1.0075015648818422
2026-07-24T14:40:00+00:00,1.004653472291225,1.0069414024471552
2026-07-24T14:45:00+00:00,1.004653472291225,1.0068754675409881
2026-07-24T14:50:00+00:00,1.004653472291225,1.0072711104432965
2026-07-24T14:55:00+00:00,1.004653472291225,1.0070404024473179
2026-07-24T15:00:00+00:00,1.004653472291225,1.0073370949843752
2026-07-24T15:05:00+00:00,1.004653472291225,1.007435982788202
2026-07-24T15:10:00+00:00,1.004653472291225,1.0072800371958586
2026-07-24T15:15:00+00:00,1.004653472291225,1.0087542862869399
2026-07-24T15:20:00+00:00,1.004653472291225,1.0088860763019312
2026-07-24T15:25:00+00:00,1.004653472291225,1.0086886597971467
2026-07-24T15:30:00+00:00,1.004653472291225,1.008623502475278
2026-07-24T15:35:00+00:00,1.004653472291225,1.0086557604998103
2026-07-24T15:40:00+00:00,1.004653472291225,1.0090836182938034
2026-07-24T15:45:00+00:00,1.004653472291225,1.0084585338927998
2026-07-24T15:50:00+00:00,1.004653472291225,1.0084585435661788
2026-07-24T15:55:00+00:00,1.004653472291225,1.0087153090163732
2026-07-24T16:00:00+00:00,1.004653472291225,1.0089614767481545
2026-07-24T16:05:00+00:00,1.004653472291225,1.0089522638583075
2026-07-24T16:10:00+00:00,1.004653472291225,1.0088772425538202
2026-07-24T16:15:00+00:00,1.004653472291225,1.0087219280889308
2026-07-24T16:20:00+00:00,1.004653472291225,1.0086982324748184
2026-07-24T16:25:00+00:00,1.004653472291225,1.0089233510945586
2026-07-24T16:30:00+00:00,1.004653472291225,1.0085903687091708
2026-07-24T16:35:00+00:00,1.004653472291225,1.0084257879535636
2026-07-24T16:40:00+00:00,1.004653472291225,1.007832523145038
2026-07-24T16:45:00+00:00,1.004653472291225,1.0077673007862968
2026-07-24T16:50:00+00:00,1.004653472291225,1.0074708071707101
2026-07-24T16:55:00+00:00,1.004653472291225,1.0075037612073177
2026-07-24T17:00:00+00:00,1.004653472291225,1.0077014563299038
2026-07-24T17:05:00+00:00,1.004653472291225,1.0078325748010752
2026-07-24T17:10:00+00:00,1.004653472291225,1.007536751685887
2026-07-24T17:15:00+00:00,1.004653472291225,1.0073397069519132
2026-07-24T17:20:00+00:00,1.004653472291225,1.007635653580935
2026-07-24T17:25:00+00:00,1.004653472291225,1.007899225554145
2026-07-24T17:30:00+00:00,1.004653472291225,1.0078333494002594
2026-07-24T17:35:00+00:00,1.004653472291225,1.007932167355954
2026-07-24T17:40:00+00:00,1.004653472291225,1.0078992305489691
2026-07-24T17:45:00+00:00,1.004653472291225,1.0076686524461598
2026-07-24T17:50:00+00:00,1.004653472291225,1.0075698140280338
2026-07-24T17:55:00+00:00,1.004653472291225,1.0072403533519048
2026-07-24T18:00:00+00:00,1.004653472291225,1.0073062721804937
2026-07-24T18:05:00+00:00,1.004653472291225,1.0071737839193313
2026-07-24T18:10:00+00:00,1.004653472291225,1.0072074047448714
2026-07-24T18:15:00+00:00,1.004653472291225,1.0070755756282874
2026-07-24T18:20:00+00:00,1.004653472291225,1.006877785392822
2026-07-24T18:25:00+00:00,1.004653472291225,1.0065151010114177
2026-07-24T18:30:00+00:00,1.004653472291225,1.006251257085913
2026-07-24T18:35:00+00:00,1.004653472291225,1.0060863043532133
2026-07-24T18:40:00+00:00,1.004653472291225,1.0063833186160591
2026-07-24T18:45:00+00:00,1.004653472291225,1.0058224745024646
2026-07-24T18:50:00+00:00,1.004653472291225,1.0060865142993314
2026-07-24T18:55:00+00:00,1.004653472291225,1.0061855103063402
2026-07-24T19:00:00+00:00,1.004653472291225,1.006185511388324
2026-07-24T19:05:00+00:00,1.004653472291225,1.0062515080767267
2026-07-24T19:10:00+00:00,1.004653472291225,1.0060205541611216
2026-07-24T19:15:00+00:00,1.004653472291225,1.005888553202602
2026-07-24T19:20:00+00:00,1.004653472291225,1.0056575152375513
2026-07-24T19:25:00+00:00,1.004653472291225,1.0055584920470435
2026-07-24T19:30:00+00:00,1.004653472291225,1.0058226185519759
2026-07-24T19:35:00+00:00,1.004653472291225,1.006152677821698
2026-07-24T19:40:00+00:00,1.004653472291225,1.0062668457049893
2026-07-24T19:45:00+00:00,1.004653472291225,1.0064496111795695
2026-07-24T19:50:00+00:00,1.004653472291225,1.0062510392518265
2026-07-24T19:55:00+00:00,1.004653472291225,1.0062516990894386
2026-07-24T20:00:00+00:00,1.004653472291225,1.0061197316534924
2026-07-24T20:05:00+00:00,1.004653472291225,1.0062517164011842
2026-07-24T20:10:00+00:00,1.004653472291225,1.0062517164011842
2026-07-24T20:15:00+00:00,1.004653472291225,1.0062517164011842
2026-07-24T20:20:00+00:00,1.004653472291225,1.0059217978056427
2026-07-24T20:25:00+00:00,1.004653472291225,1.0059257581276813
2026-07-24T20:30:00+00:00,1.004653472291225,1.0059257581276813
2026-07-24T20:35:00+00:00,1.004653472291225,1.0059878029286828
2026-07-24T20:40:00+00:00,1.004653472291225,1.0059878029286828
2026-07-24T20:45:00+00:00,1.004653472291225,1.0062518070758888
2026-07-24T20:50:00+00:00,1.004653472291225,1.0062518070758888
2026-07-24T20:55:00+00:00,1.004653472291225,1.0061198396257807
2026-07-24T21:00:00+00:00,1.004653472291225,1.0056050990545435
2026-07-24T21:05:00+00:00,1.004653472291225,1.005547656279818
2026-07-24T21:10:00+00:00,1.004653472291225,1.005547656279818
2026-07-24T21:15:00+00:00,1.004653472291225,1.005547656279818
2026-07-24T21:20:00+00:00,1.004653472291225,1.0065163156443073
2026-07-24T21:25:00+00:00,1.004653472291225,1.0065163156443073
2026-07-24T21:30:00+00:00,1.004653472291225,1.005592785141029
2026-07-24T21:35:00+00:00,1.004653472291225,1.005592785141029
2026-07-24T21:40:00+00:00,1.004653472291225,1.0065171645889592
2026-07-24T21:45:00+00:00,1.004653472291225,1.0065171645889592
2026-07-24T21:50:00+00:00,1.004653472291225,1.0065171645889592
2026-07-24T21:55:00+00:00,1.004653472291225,1.0065171645889592
2026-07-24T22:00:00+00:00,1.004653472291225,1.0065171645889592
2026-07-24T22:05:00+00:00,1.004653472291225,1.0065171645889592
2026-07-24T22:10:00+00:00,1.004653472291225,1.006121365468004
2026-07-24T22:15:00+00:00,1.004653472291225,1.006121365468004
2026-07-24T22:20:00+00:00,1.004653472291225,1.006121365468004
2026-07-24T22:25:00+00:00,1.004653472291225,1.006121365468004
2026-07-24T22:30:00+00:00,1.004653472291225,1.006121365468004
2026-07-24T22:35:00+00:00,1.004653472291225,1.006121365468004
2026-07-24T22:40:00+00:00,1.004653472291225,1.006121365468004
2026-07-24T22:45:00+00:00,1.004653472291225,1.006121365468004
2026-07-24T22:50:00+00:00,1.004653472291225,1.006121365468004
2026-07-24T22:55:00+00:00,1.004653472291225,1.006121365468004
2026-07-24T23:00:00+00:00,1.004653472291225,1.0064513278730505
2026-07-24T23:05:00+00:00,1.004653472291225,1.0064513278730505
2026-07-24T23:10:00+00:00,1.004653472291225,1.0064513278730505
2026-07-24T23:15:00+00:00,1.004653472291225,1.0064513278730505
2026-07-24T23:20:00+00:00,1.004653472291225,1.0064513278730505
2026-07-24T23:25:00+00:00,1.004653472291225,1.0064513278730505
2026-07-24T23:30:00+00:00,1.004653472291225,1.0064513278730505
2026-07-24T23:35:00+00:00,1.004653472291225,1.0064513278730505
2026-07-24T23:40:00+00:00,1.004653472291225,1.0064513278730505
2026-07-24T23:45:00+00:00,1.004653472291225,1.0064513278730505
2026-07-24T23:50:00+00:00,1.004653472291225,1.0064513278730505
2026-07-24T23:55:00+00:00,1.004653472291225,1.0064513278730505
2026-07-25T00:00:00+00:00,1.004653472291225,1.0062534153151312
2026-07-27T08:05:00+00:00,1.004653472291225,1.0111368766205047
2026-07-27T08:10:00+00:00,1.004653472291225,1.0110055430867184
2026-07-27T08:15:00+00:00,1.004653472291225,1.0110055430867184
2026-07-27T08:20:00+00:00,1.004653472291225,1.0110055430867184
2026-07-27T08:25:00+00:00,1.004653472291225,1.0110055430867184
2026-07-27T08:30:00+00:00,1.004653472291225,1.0110055430867184
2026-07-27T08:35:00+00:00,1.004653472291225,1.0110055430867184
2026-07-27T08:40:00+00:00,1.004653472291225,1.0102831148046634
2026-07-27T08:45:00+00:00,1.004653472291225,1.0102831148046634
2026-07-27T08:50:00+00:00,1.004653472291225,1.0102831148046634
2026-07-27T08:55:00+00:00,1.004653472291225,1.0102831148046634
2026-07-27T09:00:00+00:00,1.004653472291225,1.0112032269310793
2026-07-27T09:05:00+00:00,1.004653472291225,1.0112032269310793
2026-07-27T09:10:00+00:00,1.004653472291225,1.0112032269310793
2026-07-27T09:15:00+00:00,1.004653472291225,1.0112032269310793
2026-07-27T09:20:00+00:00,1.004653472291225,1.0112032269310793
2026-07-27T09:25:00+00:00,1.004653472291225,1.0112032269310793
2026-07-27T09:30:00+00:00,1.004653472291225,1.0112032269310793
2026-07-27T09:35:00+00:00,1.004653472291225,1.0106779265534527
2026-07-27T09:40:00+00:00,1.004653472291225,1.0106779265534527
2026-07-27T09:45:00+00:00,1.004653472291225,1.0106779265534527
2026-07-27T09:50:00+00:00,1.004653472291225,1.0106779265534527
2026-07-27T09:55:00+00:00,1.004653472291225,1.0106779265534527
2026-07-27T10:00:00+00:00,1.004653472291225,1.0117290736429518
2026-07-27T10:05:00+00:00,1.004653472291225,1.0117290736429518
2026-07-27T10:10:00+00:00,1.004653472291225,1.0117290736429518
2026-07-27T10:15:00+00:00,1.004653472291225,1.0117290736429518
2026-07-27T10:20:00+00:00,1.004653472291225,1.0117290736429518
2026-07-27T10:25:00+00:00,1.004653472291225,1.0117290736429518
2026-07-27T10:30:00+00:00,1.004653472291225,1.0117290736429518
2026-07-27T10:35:00+00:00,1.004653472291225,1.0117290736429518
2026-07-27T10:40:00+00:00,1.004653472291225,1.0117290736429518
2026-07-27T10:45:00+00:00,1.004653472291225,1.0117290736429518
2026-07-27T10:50:00+00:00,1.004653472291225,1.0117290736429518
2026-07-27T10:55:00+00:00,1.004653472291225,1.0117290736429518
2026-07-27T11:00:00+00:00,1.004653472291225,1.0117290736429518
2026-07-27T11:05:00+00:00,1.004653472291225,1.0112040455819022
2026-07-27T11:10:00+00:00,1.004653472291225,1.0112040455819022
2026-07-27T11:15:00+00:00,1.004653472291225,1.0112040455819022
2026-07-27T11:20:00+00:00,1.004653472291225,1.012479213280941
2026-07-27T11:25:00+00:00,1.004653472291225,1.012479213280941
2026-07-27T11:30:00+00:00,1.004653472291225,1.012479213280941
2026-07-27T11:35:00+00:00,1.004653472291225,1.012479213280941
2026-07-27T11:40:00+00:00,1.004653472291225,1.0116017528063395
2026-07-27T11:45:00+00:00,1.004653472291225,1.0112709426344388
2026-07-27T11:50:00+00:00,1.004653472291225,1.0112709426344388
2026-07-27T11:55:00+00:00,1.004653472291225,1.0112709426344388
2026-07-27T12:00:00+00:00,1.004653472291225,1.0112709426344388
2026-07-27T12:05:00+00:00,1.004653472291225,1.011467917886218
2026-07-27T12:10:00+00:00,1.004653472291225,1.011467917886218
2026-07-27T12:15:00+00:00,1.004653472291225,1.0100893595869185
2026-07-27T12:20:00+00:00,1.004653472291225,1.0100893595869185
2026-07-27T12:25:00+00:00,1.004653472291225,1.0100893595869185
2026-07-27T12:30:00+00:00,1.004653472291225,1.0100893595869185
2026-07-27T12:35:00+00:00,1.004653472291225,1.0100893595869185
2026-07-27T12:40:00+00:00,1.004653472291225,1.0100893595869185
2026-07-27T12:45:00+00:00,1.004653472291225,1.010023624238774
2026-07-27T12:50:00+00:00,1.004653472291225,1.0099578846120987
2026-07-27T12:55:00+00:00,1.004653472291225,1.0096955664269924
2026-07-27T13:00:00+00:00,1.004653472291225,1.0096955664269924
2026-07-27T13:05:00+00:00,1.004653472291225,1.0100894747612852
2026-07-27T13:10:00+00:00,1.004653472291225,1.0098265333387262
2026-07-27T13:15:00+00:00,1.004653472291225,1.010286800673885
2026-07-27T13:20:00+00:00,1.004653472291225,1.0095638527941417
2026-07-27T13:25:00+00:00,1.004653472291225,1.0098269313225574
2026-07-27T13:30:00+00:00,1.004653472291225,1.0088406437870814
2026-07-27T13:35:00+00:00,1.004653472291225,1.009301361722005
2026-07-27T13:40:00+00:00,1.004653472291225,1.0100828624722316
2026-07-27T13:45:00+00:00,1.004653472291225,1.0101564942688037
2026-07-27T13:50:00+00:00,1.004653472291225,1.0104522844968236
2026-07-27T13:55:00+00:00,1.004653472291225,1.009893662588244
2026-07-27T14:00:00+00:00,1.004653472291225,1.0085786155418985
2026-07-27T14:05:00+00:00,1.004653472291225,1.0087102837684707
2026-07-27T14:10:00+00:00,1.004653472291225,1.0090064835803803
2026-07-27T14:15:00+00:00,1.004653472291225,1.0089077721324822
2026-07-27T14:20:00+00:00,1.004653472291225,1.0088419594924214
2026-07-27T14:25:00+00:00,1.004653472291225,1.0085457940249032
2026-07-27T14:30:00+00:00,1.004653472291225,1.0079861685525178
2026-07-27T14:35:00+00:00,1.004653472291225,1.0078544185709104
2026-07-27T14:40:00+00:00,1.004653472291225,1.0077885370785007
2026-07-27T14:45:00+00:00,1.004653472291225,1.0079203053623351
2026-07-27T14:50:00+00:00,1.004653472291225,1.0082826296551124
2026-07-27T14:55:00+00:00,1.004653472291225,1.0085131168345123
2026-07-27T15:00:00+00:00,1.004653472291225,1.0089081775232587
2026-07-27T15:05:00+00:00,1.004653472291225,1.0087765478966246
2026-07-27T15:10:00+00:00,1.004653472291225,1.0084803329208205
2026-07-27T15:15:00+00:00,1.004653472291225,1.00884246906796
2026-07-27T15:20:00+00:00,1.004653472291225,1.0090399113820547
2026-07-27T15:25:00+00:00,1.004653472291225,1.0088096060382243
2026-07-27T15:30:00+00:00,1.004653472291225,1.0089412496404517
2026-07-27T15:35:00+00:00,1.004653472291225,1.0084805405027157
2026-07-27T15:40:00+00:00,1.004653472291225,1.0085141192110567
2026-07-27T15:45:00+00:00,1.004653472291225,1.0088426304791138
2026-07-27T15:50:00+00:00,1.004653472291225,1.0087768135016555
2026-07-27T15:55:00+00:00,1.004653472291225,1.0091388004418602
2026-07-27T16:00:00+00:00,1.004653472291225,1.0091717121476589
2026-07-27T16:05:00+00:00,1.004653472291225,1.0092375076693794
2026-07-27T16:10:00+00:00,1.004653472291225,1.0098624882502032
2026-07-27T16:15:00+00:00,1.004653472291225,1.009533725935626
2026-07-27T16:20:00+00:00,1.004653472291225,1.0093692896210742
2026-07-27T16:25:00+00:00,1.004653472291225,1.0095008549612228
2026-07-27T16:30:00+00:00,1.004653472291225,1.010026390003648
2026-07-27T16:35:00+00:00,1.004653472291225,1.0107508003627037
2026-07-27T16:40:00+00:00,1.004653472291225,1.010618106148976
2026-07-27T16:45:00+00:00,1.004653472291225,1.0102902679857886
2026-07-27T16:50:00+00:00,1.004653472291225,1.0098302424803731
2026-07-27T16:55:00+00:00,1.004653472291225,1.0095343552495382
2026-07-27T17:00:00+00:00,1.004653472291225,1.0096323555224758
2026-07-27T17:05:00+00:00,1.004653472291225,1.008843758804302
2026-07-27T17:10:00+00:00,1.004653472291225,1.0087121247021615
2026-07-27T17:15:00+00:00,1.004653472291225,1.0085804863049905
2026-07-27T17:20:00+00:00,1.004653472291225,1.0085811542536203
2026-07-27T17:25:00+00:00,1.004653472291225,1.0085805001654329
2026-07-27T17:30:00+00:00,1.004653472291225,1.0087121654152942
2026-07-27T17:35:00+00:00,1.004653472291225,1.008580514127717
2026-07-27T17:40:00+00:00,1.004653472291225,1.008448845739663
2026-07-27T17:45:00+00:00,1.004653472291225,1.0085805314076883
2026-07-27T17:50:00+00:00,1.004653472291225,1.0087121998843736
2026-07-27T17:55:00+00:00,1.004653472291225,1.008810936205915
2026-07-27T18:00:00+00:00,1.004653472291225,1.0089096628865883
2026-07-27T18:05:00+00:00,1.004653472291225,1.0090083820316846
2026-07-27T18:10:00+00:00,1.004653472291225,1.00913999468179
2026-07-27T18:15:00+00:00,1.004653472291225,1.0089755039261818
2026-07-27T18:20:00+00:00,1.004653472291225,1.0088438826879278
2026-07-27T18:25:00+00:00,1.004653472291225,1.008876806128703
2026-07-27T18:30:00+00:00,1.004653472291225,1.0089426199687106
2026-07-27T18:35:00+00:00,1.004653472291225,1.0087122827976265
2026-07-27T18:40:00+00:00,1.004653472291225,1.0085477143731327
2026-07-27T18:45:00+00:00,1.004653472291225,1.0088439781445722
2026-07-27T18:50:00+00:00,1.004653472291225,1.0087452568401327
2026-07-27T18:55:00+00:00,1.004653472291225,1.009074374379069
2026-07-27T19:00:00+00:00,1.004653472291225,1.0090750334507481
2026-07-27T19:05:00+00:00,1.004653472291225,1.0090743764819359
2026-07-27T19:10:00+00:00,1.004653472291225,1.0093705243155495
2026-07-27T19:15:00+00:00,1.004653472291225,1.0094034178345586
2026-07-27T19:20:00+00:00,1.004653472291225,1.0098638981615835
2026-07-27T19:25:00+00:00,1.004653472291225,1.0099953994179363
2026-07-27T19:30:00+00:00,1.004653472291225,1.0100933529820137
2026-07-27T19:35:00+00:00,1.004653472291225,1.0099954068627357
2026-07-27T19:40:00+00:00,1.004653472291225,1.0100940199663153
2026-07-27T19:45:00+00:00,1.004653472291225,1.0102248296780103
2026-07-27T19:50:00+00:00,1.004653472291225,1.010488395338989
2026-07-27T19:55:00+00:00,1.004653472291225,1.0102912653359966
2026-07-27T20:00:00+00:00,1.004653472291225,1.00976548273629
2026-07-27T20:05:00+00:00,1.004653472291225,1.009831239800808
2026-07-27T20:10:00+00:00,1.004653472291225,1.0096339814521036
2026-07-27T20:15:00+00:00,1.004653472291225,1.0095024501882355
2026-07-27T20:20:00+00:00,1.004653472291225,1.0095024501882355
2026-07-27T20:25:00+00:00,1.004653472291225,1.0093709017845103
2026-07-27T20:30:00+00:00,1.004653472291225,1.0093051190093678
2026-07-27T20:35:00+00:00,1.004653472291225,1.0095681986702592
2026-07-27T20:40:00+00:00,1.004653472291225,1.0096998414135987
2026-07-27T20:45:00+00:00,1.004653472291225,1.0097577868851288
2026-07-27T20:50:00+00:00,1.004653472291225,1.0096998314361887
2026-07-27T20:55:00+00:00,1.004653472291225,1.0098315256883648
2026-07-27T21:00:00+00:00,1.004653472291225,1.0098315256883648
2026-07-27T21:05:00+00:00,1.004653472291225,1.0098315256883648
2026-07-27T21:10:00+00:00,1.004653472291225,1.0098315256883648
2026-07-27T21:15:00+00:00,1.004653472291225,1.009304542504705
2026-07-27T21:20:00+00:00,1.004653472291225,1.009304542504705
2026-07-27T21:25:00+00:00,1.004653472291225,1.009178264339606
2026-07-27T21:30:00+00:00,1.004653472291225,1.009173004723796
2026-07-27T21:35:00+00:00,1.004653472291225,1.009173004723796
2026-07-27T21:40:00+00:00,1.004653472291225,1.009173004723796
2026-07-27T21:45:00+00:00,1.004653472291225,1.009173004723796
2026-07-27T21:50:00+00:00,1.004653472291225,1.009173004723796
2026-07-27T21:55:00+00:00,1.004653472291225,1.009173004723796
2026-07-27T22:00:00+00:00,1.004653472291225,1.009173004723796
2026-07-27T22:05:00+00:00,1.004653472291225,1.009173004723796
2026-07-27T22:10:00+00:00,1.004653472291225,1.0076608888209524
2026-07-27T22:15:00+00:00,1.004653472291225,1.0076608888209524
2026-07-27T22:20:00+00:00,1.004653472291225,1.0076608888209524
2026-07-27T22:25:00+00:00,1.004653472291225,1.0076608888209524
2026-07-27T22:30:00+00:00,1.004653472291225,1.010278869825943
2026-07-27T22:35:00+00:00,1.004653472291225,1.010278869825943
2026-07-27T22:40:00+00:00,1.004653472291225,1.0101614568990502
2026-07-27T22:45:00+00:00,1.004653472291225,1.0100150772773833
2026-07-27T22:50:00+00:00,1.004653472291225,1.0100150772773833
2026-07-27T22:55:00+00:00,1.004653472291225,1.0100150772773833
2026-07-27T23:00:00+00:00,1.004653472291225,1.0100150772773833
2026-07-27T23:05:00+00:00,1.004653472291225,1.0100150772773833
2026-07-27T23:10:00+00:00,1.004653472291225,1.0100150772773833
2026-07-27T23:15:00+00:00,1.004653472291225,1.0104724973136858
2026-07-27T23:20:00+00:00,1.004653472291225,1.0104724973136858
2026-07-27T23:25:00+00:00,1.004653472291225,1.0104724973136858
2026-07-27T23:30:00+00:00,1.004653472291225,1.0104724973136858
2026-07-27T23:35:00+00:00,1.004653472291225,1.0104724973136858
2026-07-27T23:40:00+00:00,1.004653472291225,1.0104724973136858
2026-07-27T23:45:00+00:00,1.004653472291225,1.0104724973136858
2026-07-27T23:50:00+00:00,1.004653472291225,1.0104724973136858
2026-07-27T23:55:00+00:00,1.004653472291225,1.0104724973136858
2026-07-28T00:00:00+00:00,1.004653472291225,1.0104724973136858
2026-07-28T08:05:00+00:00,1.004653472291225,1.0131635390739682
2026-07-28T08:10:00+00:00,1.004653472291225,1.0128308743973613
2026-07-28T08:15:00+00:00,1.004653472291225,1.0128308743973613
2026-07-28T08:20:00+00:00,1.004653472291225,1.0128308743973613
2026-07-28T08:25:00+00:00,1.004653472291225,1.0128308743973613
2026-07-28T08:30:00+00:00,1.004653472291225,1.0128308743973613
2026-07-28T08:35:00+00:00,1.004653472291225,1.0128308743973613
2026-07-28T08:40:00+00:00,1.004653472291225,1.0128308743973613
2026-07-28T08:45:00+00:00,1.004653472291225,1.0138943534622227
2026-07-28T08:50:00+00:00,1.004653472291225,1.0138943534622227
2026-07-28T08:55:00+00:00,1.004653472291225,1.0136276838873681
2026-07-28T09:00:00+00:00,1.004653472291225,1.0136276838873681
2026-07-28T09:05:00+00:00,1.004653472291225,1.0140833966097151
2026-07-28T09:10:00+00:00,1.004653472291225,1.0140833966097151
2026-07-28T09:15:00+00:00,1.004653472291225,1.0142275001638954
2026-07-28T09:20:00+00:00,1.004653472291225,1.0142275001638954
2026-07-28T09:25:00+00:00,1.004653472291225,1.013970525894361
2026-07-28T09:30:00+00:00,1.004653472291225,1.0141605991001463
2026-07-28T09:35:00+00:00,1.004653472291225,1.0141605991001463
2026-07-28T09:40:00+00:00,1.004653472291225,1.0152950069291176
2026-07-28T09:45:00+00:00,1.004653472291225,1.0152950069291176
2026-07-28T09:50:00+00:00,1.004653472291225,1.0152950069291176
2026-07-28T09:55:00+00:00,1.004653472291225,1.0155628241295735
2026-07-28T10:00:00+00:00,1.004653472291225,1.0166357908877037
2026-07-28T10:05:00+00:00,1.004653472291225,1.016434130786364
2026-07-28T10:10:00+00:00,1.004653472291225,1.016434130786364
2026-07-28T10:15:00+00:00,1.004653472291225,1.016434130786364
2026-07-28T10:20:00+00:00,1.004653472291225,1.016434130786364
2026-07-28T10:25:00+00:00,1.004653472291225,1.0169043911244675
2026-07-28T10:30:00+00:00,1.004653472291225,1.0170388978115157
2026-07-28T10:35:00+00:00,1.004653472291225,1.016836997553877
2026-07-28T10:40:00+00:00,1.004653472291225,1.016836997553877
2026-07-28T10:45:00+00:00,1.004653472291225,1.016836997553877
2026-07-28T10:50:00+00:00,1.004653472291225,1.0160975374683725
2026-07-28T10:55:00+00:00,1.004653472291225,1.0160975374683725
2026-07-28T11:00:00+00:00,1.004653472291225,1.015896197137302
2026-07-28T11:05:00+00:00,1.004653472291225,1.015896197137302
2026-07-28T11:10:00+00:00,1.004653472291225,1.0158291235735137
2026-07-28T11:15:00+00:00,1.004653472291225,1.0160303044139363
2026-07-28T11:20:00+00:00,1.004653472291225,1.0154259243830672
2026-07-28T11:25:00+00:00,1.004653472291225,1.0157038938808371
2026-07-28T11:30:00+00:00,1.004653472291225,1.0158815383246147
2026-07-28T11:35:00+00:00,1.004653472291225,1.0158815383246147
2026-07-28T11:40:00+00:00,1.004653472291225,1.0154925275417037
2026-07-28T11:45:00+00:00,1.004653472291225,1.0157812709639036
2026-07-28T11:50:00+00:00,1.004653472291225,1.0160957402135244
2026-07-28T11:55:00+00:00,1.004653472291225,1.0160957402135244
2026-07-28T12:00:00+00:00,1.004653472291225,1.0160957402135244
2026-07-28T12:05:00+00:00,1.004653472291225,1.016086344348027
2026-07-28T12:10:00+00:00,1.004653472291225,1.0159615170264393
2026-07-28T12:15:00+00:00,1.004653472291225,1.0159615170264393
2026-07-28T12:20:00+00:00,1.004653472291225,1.0160889818232135
2026-07-28T12:25:00+00:00,1.004653472291225,1.0160889818232135
2026-07-28T12:30:00+00:00,1.004653472291225,1.0151769298514446
2026-07-28T12:35:00+00:00,1.004653472291225,1.0158924285981041
2026-07-28T12:40:00+00:00,1.004653472291225,1.0158924285981041
2026-07-28T12:45:00+00:00,1.004653472291225,1.0149534021884665
2026-07-28T12:50:00+00:00,1.004653472291225,1.0149534021884665
2026-07-28T12:55:00+00:00,1.004653472291225,1.0149534021884665
2026-07-28T13:00:00+00:00,1.004653472291225,1.01575270976433
2026-07-28T13:05:00+00:00,1.004653472291225,1.01575270976433
2026-07-28T13:10:00+00:00,1.004653472291225,1.01575270976433
2026-07-28T13:15:00+00:00,1.004653472291225,1.0151526485929587
2026-07-28T13:20:00+00:00,1.004653472291225,1.0155542121406615
2026-07-28T13:25:00+00:00,1.004653472291225,1.0151521716766312
2026-07-28T13:30:00+00:00,1.004653472291225,1.0154198805826642
2026-07-28T13:35:00+00:00,1.004653472291225,1.0154196683961703
2026-07-28T13:40:00+00:00,1.004653472291225,1.0166253118019177
2026-07-28T13:45:00+00:00,1.004653472291225,1.0162885429039987
2026-07-28T13:50:00+00:00,1.004653472291225,1.016255631549675
2026-07-28T13:55:00+00:00,1.004653472291225,1.015953500892772
2026-07-28T14:00:00+00:00,1.004653472291225,1.016557276745125
2026-07-28T14:05:00+00:00,1.004653472291225,1.0160532320819236
2026-07-28T14:10:00+00:00,1.004653472291225,1.015609690775568
2026-07-28T14:15:00+00:00,1.004653472291225,1.0161531650111106
2026-07-28T14:20:00+00:00,1.004653472291225,1.0168244248638065
2026-07-28T14:25:00+00:00,1.004653472291225,1.017160720810646
2026-07-28T14:30:00+00:00,1.004653472291225,1.016621994068149
2026-07-28T14:35:00+00:00,1.004653472291225,1.0167564323112155
2026-07-28T14:40:00+00:00,1.004653472291225,1.0167228094133214
2026-07-28T14:45:00+00:00,1.004653472291225,1.0164201132649853
2026-07-28T14:50:00+00:00,1.004653472291225,1.0158146960226686
2026-07-28T14:55:00+00:00,1.004653472291225,1.0159830347696124
2026-07-28T15:00:00+00:00,1.004653472291225,1.01621765951054
2026-07-28T15:05:00+00:00,1.004653472291225,1.0162176561835272
2026-07-28T15:10:00+00:00,1.004653472291225,1.015881960604714
2026-07-28T15:15:00+00:00,1.004653472291225,1.0150772352367683
2026-07-28T15:20:00+00:00,1.004653472291225,1.01490983245311
2026-07-28T15:25:00+00:00,1.004653472291225,1.0148429553740015
2026-07-28T15:30:00+00:00,1.004653472291225,1.0149098225384856
2026-07-28T15:35:00+00:00,1.004653472291225,1.0150770036662913
2026-07-28T15:40:00+00:00,1.004653472291225,1.0146421059508994
2026-07-28T15:45:00+00:00,1.004653472291225,1.0142076809081695
2026-07-28T15:50:00+00:00,1.004653472291225,1.0138740248401976
2026-07-28T15:55:00+00:00,1.004653472291225,1.0135406748407672
2026-07-28T16:00:00+00:00,1.004653472291225,1.013540661967513
2026-07-28T16:05:00+00:00,1.004653472291225,1.0140069333025399
2026-07-28T16:10:00+00:00,1.004653472291225,1.0139068799937678
2026-07-28T16:15:00+00:00,1.004653472291225,1.0137734986168734
2026-07-28T16:20:00+00:00,1.004653472291225,1.013706842459426
2026-07-28T16:25:00+00:00,1.004653472291225,1.0139067879235706
2026-07-28T16:30:00+00:00,1.004653472291225,1.014073494070878
2026-07-28T16:35:00+00:00,1.004653472291225,1.013940063347974
2026-07-28T16:40:00+00:00,1.004653472291225,1.0141067990911092
2026-07-28T16:45:00+00:00,1.004653472291225,1.014273584193336
2026-07-28T16:50:00+00:00,1.004653472291225,1.0145739086515684
2026-07-28T16:55:00+00:00,1.004653472291225,1.0145738954497863
2026-07-28T17:00:00+00:00,1.004653472291225,1.0146407096674648
2026-07-28T17:05:00+00:00,1.004653472291225,1.0144068136993534
2026-07-28T17:10:00+00:00,1.004653472291225,1.0145403596647442
2026-07-28T17:15:00+00:00,1.004653472291225,1.0147407824935994
2026-07-28T17:20:00+00:00,1.004653472291225,1.0149400035884524
2026-07-28T17:25:00+00:00,1.004653472291225,1.0147406973763855
2026-07-28T17:30:00+00:00,1.004653472291225,1.014673800612408
2026-07-28T17:35:00+00:00,1.004653472291225,1.014941136615731
2026-07-28T17:40:00+00:00,1.004653472291225,1.0154428739948151
2026-07-28T17:45:00+00:00,1.004653472291225,1.0158113574197882
2026-07-28T17:50:00+00:00,1.004653472291225,1.015744289646259
2026-07-28T17:55:00+00:00,1.004653472291225,1.0160459958709063
2026-07-28T18:00:00+00:00,1.004653472291225,1.0159117846568688
2026-07-28T18:05:00+00:00,1.004653472291225,1.0156776192027774
2026-07-28T18:10:00+00:00,1.004653472291225,1.0156434128313758
2026-07-28T18:15:00+00:00,1.004653472291225,1.0158445068431188
2026-07-28T18:20:00+00:00,1.004653472291225,1.015810954054512
2026-07-28T18:25:00+00:00,1.004653472291225,1.0160188372046024
2026-07-28T18:30:00+00:00,1.004653472291225,1.0159785590942907
2026-07-28T18:35:00+00:00,1.004653472291225,1.016381179306393
2026-07-28T18:40:00+00:00,1.004653472291225,1.0163811759770853
2026-07-28T18:45:00+00:00,1.004653472291225,1.0164147620314101
2026-07-28T18:50:00+00:00,1.004653472291225,1.0164147587015524
2026-07-28T18:55:00+00:00,1.004653472291225,1.016549101552633
2026-07-28T19:00:00+00:00,1.004653472291225,1.0165490884870536
2026-07-28T19:05:00+00:00,1.004653472291225,1.0163138895312598
2026-07-28T19:10:00+00:00,1.004653472291225,1.0162803101388878
2026-07-28T19:15:00+00:00,1.004653472291225,1.0163474622672173
2026-07-28T19:20:00+00:00,1.004653472291225,1.0163810449880166
2026-07-28T19:25:00+00:00,1.004653472291225,1.0164482170880091
2026-07-28T19:30:00+00:00,1.004653472291225,1.0164482137571615
2026-07-28T19:35:00+00:00,1.004653472291225,1.01594432310985
2026-07-28T19:40:00+00:00,1.004653472291225,1.0162797145649407
2026-07-28T19:45:00+00:00,1.004653472291225,1.0161118384437038
2026-07-28T19:50:00+00:00,1.004653472291225,1.0160782790329617
2026-07-28T19:55:00+00:00,1.004653472291225,1.0159440546896286
2026-07-28T20:00:00+00:00,1.004653472291225,1.0160782258537446
2026-07-28T20:05:00+00:00,1.004653472291225,1.0160782258537446
2026-07-28T20:10:00+00:00,1.004653472291225,1.016279588961868
2026-07-28T20:15:00+00:00,1.004653472291225,1.0163467410425449
2026-07-28T20:20:00+00:00,1.004653472291225,1.0160780794668
2026-07-28T20:25:00+00:00,1.004653472291225,1.0160780794668
2026-07-28T20:30:00+00:00,1.004653472291225,1.0159438551498294
2026-07-28T20:35:00+00:00,1.004653472291225,1.0156755128743014
2026-07-28T20:40:00+00:00,1.004653472291225,1.0157425453131128
2026-07-28T20:45:00+00:00,1.004653472291225,1.0157425453131128
2026-07-28T20:50:00+00:00,1.004653472291225,1.015474362462865
2026-07-28T20:55:00+00:00,1.004653472291225,1.015474362462865
2026-07-28T21:00:00+00:00,1.004653472291225,1.0156257658181342
2026-07-28T21:05:00+00:00,1.004653472291225,1.0156753625488326
2026-07-28T21:10:00+00:00,1.004653472291225,1.0156753625488326
2026-07-28T21:15:00+00:00,1.004653472291225,1.0156753625488326
2026-07-28T21:20:00+00:00,1.004653472291225,1.0156753625488326
2026-07-28T21:25:00+00:00,1.004653472291225,1.0156753625488326
2026-07-28T21:30:00+00:00,1.004653472291225,1.0156753625488326
2026-07-28T21:35:00+00:00,1.004653472291225,1.0156753625488326
2026-07-28T21:40:00+00:00,1.004653472291225,1.0156753625488326
2026-07-28T21:45:00+00:00,1.004653472291225,1.0156753625488326
2026-07-28T21:50:00+00:00,1.004653472291225,1.0158764598355041
2026-07-28T21:55:00+00:00,1.004653472291225,1.0158764598355041
2026-07-28T22:00:00+00:00,1.004653472291225,1.0164843740683938
2026-07-28T22:05:00+00:00,1.004653472291225,1.0164843740683938
2026-07-28T22:10:00+00:00,1.004653472291225,1.0164843740683938
2026-07-28T22:15:00+00:00,1.004653472291225,1.016077185797013
2026-07-28T22:20:00+00:00,1.004653472291225,1.0165739004533836
2026-07-28T22:25:00+00:00,1.004653472291225,1.0167484881168112
2026-07-28T22:30:00+00:00,1.004653472291225,1.0167484881168112
2026-07-28T22:35:00+00:00,1.004653472291225,1.017420940820592
2026-07-28T22:40:00+00:00,1.004653472291225,1.017420940820592
2026-07-28T22:45:00+00:00,1.004653472291225,1.017420940820592
2026-07-28T22:50:00+00:00,1.004653472291225,1.017420940820592
2026-07-28T22:55:00+00:00,1.004653472291225,1.017420940820592
2026-07-28T23:00:00+00:00,1.004653472291225,1.0166123943775558
2026-07-28T23:05:00+00:00,1.004653472291225,1.0166123943775558
2026-07-28T23:10:00+00:00,1.004653472291225,1.0166123943775558
2026-07-28T23:15:00+00:00,1.004653472291225,1.0166123943775558
2026-07-28T23:20:00+00:00,1.004653472291225,1.0174190162191672
2026-07-28T23:25:00+00:00,1.004653472291225,1.0170821225051874
2026-07-28T23:30:00+00:00,1.004653472291225,1.0170821225051874
2026-07-28T23:35:00+00:00,1.004653472291225,1.0170821225051874
2026-07-28T23:40:00+00:00,1.004653472291225,1.0170821225051874
2026-07-28T23:45:00+00:00,1.004653472291225,1.016745563232353
2026-07-28T23:50:00+00:00,1.004653472291225,1.016745563232353
2026-07-28T23:55:00+00:00,1.004653472291225,1.016745563232353
2026-07-29T00:00:00+00:00,1.004653472291225,1.016745563232353
2026-07-29T08:05:00+00:00,1.004653472291225,1.0139926457201955
2026-07-29T08:10:00+00:00,1.004653472291225,1.0139926457201955
2026-07-29T08:15:00+00:00,1.004653472291225,1.0139926457201955
2026-07-29T08:20:00+00:00,1.004653472291225,1.0139926457201955
2026-07-29T08:25:00+00:00,1.004653472291225,1.014392853316191
2026-07-29T08:30:00+00:00,1.004653472291225,1.014392853316191
2026-07-29T08:35:00+00:00,1.004653472291225,1.014392853316191
2026-07-29T08:40:00+00:00,1.004653472291225,1.014392853316191
2026-07-29T08:45:00+00:00,1.004653472291225,1.014392853316191
2026-07-29T08:50:00+00:00,1.004653472291225,1.014392853316191
2026-07-29T08:55:00+00:00,1.004653472291225,1.014392853316191
2026-07-29T09:00:00+00:00,1.004653472291225,1.014392853316191
2026-07-29T09:05:00+00:00,1.004653472291225,1.014392853316191
2026-07-29T09:10:00+00:00,1.004653472291225,1.014392853316191
2026-07-29T09:15:00+00:00,1.004653472291225,1.014392853316191
2026-07-29T09:20:00+00:00,1.004653472291225,1.014659974541554
2026-07-29T09:25:00+00:00,1.004653472291225,1.014659974541554
2026-07-29T09:30:00+00:00,1.004653472291225,1.014659974541554
2026-07-29T09:35:00+00:00,1.004653472291225,1.014659974541554
2026-07-29T09:40:00+00:00,1.004653472291225,1.014659974541554
2026-07-29T09:45:00+00:00,1.004653472291225,1.014659974541554
2026-07-29T09:50:00+00:00,1.004653472291225,1.014994139992266
2026-07-29T09:55:00+00:00,1.004653472291225,1.014994139992266
2026-07-29T10:00:00+00:00,1.004653472291225,1.0150717430243246
2026-07-29T10:05:00+00:00,1.004653472291225,1.0150717430243246
2026-07-29T10:10:00+00:00,1.004653472291225,1.015133304375888
2026-07-29T10:15:00+00:00,1.004653472291225,1.015133304375888
2026-07-29T10:20:00+00:00,1.004653472291225,1.015133304375888
2026-07-29T10:25:00+00:00,1.004653472291225,1.015133304375888
2026-07-29T10:30:00+00:00,1.004653472291225,1.015133304375888
2026-07-29T10:35:00+00:00,1.004653472291225,1.0151172419706245
2026-07-29T10:40:00+00:00,1.004653472291225,1.0151172419706245
2026-07-29T10:45:00+00:00,1.004653472291225,1.0151172419706245
2026-07-29T10:50:00+00:00,1.004653472291225,1.0151172419706245
2026-07-29T10:55:00+00:00,1.004653472291225,1.0151172419706245
2026-07-29T11:00:00+00:00,1.004653472291225,1.0160648788972126
2026-07-29T11:05:00+00:00,1.004653472291225,1.0158635450374576
2026-07-29T11:10:00+00:00,1.004653472291225,1.0158635450374576
2026-07-29T11:15:00+00:00,1.004653472291225,1.015856837896661
2026-07-29T11:20:00+00:00,1.004653472291225,1.015856837896661
2026-07-29T11:25:00+00:00,1.004653472291225,1.015856837896661
2026-07-29T11:30:00+00:00,1.004653472291225,1.015856837896661
2026-07-29T11:35:00+00:00,1.004653472291225,1.015461124427699
2026-07-29T11:40:00+00:00,1.004653472291225,1.0153941326659608
2026-07-29T11:45:00+00:00,1.004653472291225,1.0153941326659608
2026-07-29T11:50:00+00:00,1.004653472291225,1.0153941326659608
2026-07-29T11:55:00+00:00,1.004653472291225,1.0152601756563742
2026-07-29T12:00:00+00:00,1.004653472291225,1.015270887976877
2026-07-29T12:05:00+00:00,1.004653472291225,1.01546773309697
2026-07-29T12:10:00+00:00,1.004653472291225,1.0155950199521129
2026-07-29T12:15:00+00:00,1.004653472291225,1.0155950199521129
2026-07-29T12:20:00+00:00,1.004653472291225,1.0168013489978527
2026-07-29T12:25:00+00:00,1.004653472291225,1.017406667964712
2026-07-29T12:30:00+00:00,1.004653472291225,1.0173392900396812
2026-07-29T12:35:00+00:00,1.004653472291225,1.0174066545801421
2026-07-29T12:40:00+00:00,1.004653472291225,1.0174066545801421
2026-07-29T12:45:00+00:00,1.004653472291225,1.0174066545801421
2026-07-29T12:50:00+00:00,1.004653472291225,1.0174066545801421
2026-07-29T12:55:00+00:00,1.004653472291225,1.0174066545801421
2026-07-29T13:00:00+00:00,1.004653472291225,1.0174066545801421
2026-07-29T13:05:00+00:00,1.004653472291225,1.0169350091111313
2026-07-29T13:10:00+00:00,1.004653472291225,1.0169350091111313
2026-07-29T13:15:00+00:00,1.004653472291225,1.0169955649870213
2026-07-29T13:20:00+00:00,1.004653472291225,1.017069590947602
2026-07-29T13:25:00+00:00,1.004653472291225,1.0168003468467555
2026-07-29T13:30:00+00:00,1.004653472291225,1.017271150023626
2026-07-29T13:35:00+00:00,1.004653472291225,1.0172372335470452
2026-07-29T13:40:00+00:00,1.004653472291225,1.0174055744973338
2026-07-29T13:45:00+00:00,1.004653472291225,1.017607738180405
2026-07-29T13:50:00+00:00,1.004653472291225,1.017574009063509
2026-07-29T13:55:00+00:00,1.004653472291225,1.0182479750000104
2026-07-29T14:00:00+00:00,1.004653472291225,1.018417467534398
2026-07-29T14:05:00+00:00,1.004653472291225,1.0186533185352542
2026-07-29T14:10:00+00:00,1.004653472291225,1.0193632386740552
2026-07-29T14:15:00+00:00,1.004653472291225,1.019566572488702
2026-07-29T14:20:00+00:00,1.004653472291225,1.0183464547424228
2026-07-29T14:25:00+00:00,1.004653472291225,1.018143758393947
2026-07-29T14:30:00+00:00,1.004653472291225,1.0186839593534343
2026-07-29T14:35:00+00:00,1.004653472291225,1.0183795380345462
2026-07-29T14:40:00+00:00,1.004653472291225,1.018819533689084
2026-07-29T14:45:00+00:00,1.004653472291225,1.0193263043903271
2026-07-29T14:50:00+00:00,1.004653472291225,1.0192924172149005
2026-07-29T14:55:00+00:00,1.004653472291225,1.0187504791205695
2026-07-29T15:00:00+00:00,1.004653472291225,1.018784295839258
2026-07-29T15:05:00+00:00,1.004653472291225,1.0183784157890508
2026-07-29T15:10:00+00:00,1.004653472291225,1.0181419337771604
2026-07-29T15:15:00+00:00,1.004653472291225,1.0184796125194584
2026-07-29T15:20:00+00:00,1.004653472291225,1.0186823891877326
2026-07-29T15:25:00+00:00,1.004653472291225,1.0181072958332171
2026-07-29T15:30:00+00:00,1.004653472291225,1.018039778818418
2026-07-29T15:35:00+00:00,1.004653472291225,1.0180067014699914
2026-07-29T15:40:00+00:00,1.004653472291225,1.0182422697641298
2026-07-29T15:45:00+00:00,1.004653472291225,1.0180396109618377
2026-07-29T15:50:00+00:00,1.004653472291225,1.0178033779929863
2026-07-29T15:55:00+00:00,1.004653472291225,1.0178707855107845
2026-07-29T16:00:00+00:00,1.004653472291225,1.0180752232994692
2026-07-29T16:05:00+00:00,1.004653472291225,1.0181744651707352
2026-07-29T16:10:00+00:00,1.004653472291225,1.0174992126410725
2026-07-29T16:15:00+00:00,1.004653472291225,1.0181057260254405
2026-07-29T16:20:00+00:00,1.004653472291225,1.0179030809765601
2026-07-29T16:25:00+00:00,1.004653472291225,1.017430737097425
2026-07-29T16:30:00+00:00,1.004653472291225,1.0172461199820888
2026-07-29T16:35:00+00:00,1.004653472291225,1.0171275939303792
2026-07-29T16:40:00+00:00,1.004653472291225,1.0171948913612352
2026-07-29T16:45:00+00:00,1.004653472291225,1.0172191327329345
2026-07-29T16:50:00+00:00,1.004653472291225,1.017127530549092
2026-07-29T16:55:00+00:00,1.004653472291225,1.0161178611200397
2026-07-29T17:00:00+00:00,1.004653472291225,1.015849336575247
2026-07-29T17:05:00+00:00,1.004653472291225,1.014910522676588
2026-07-29T17:10:00+00:00,1.004653472291225,1.0143755651205277
2026-07-29T17:15:00+00:00,1.004653472291225,1.0139747977776756
2026-07-29T17:20:00+00:00,1.004653472291225,1.0136412619065176
2026-07-29T17:25:00+00:00,1.004653472291225,1.0134080155057241
2026-07-29T17:30:00+00:00,1.004653472291225,1.0143494786212561
2026-07-29T17:35:00+00:00,1.004653472291225,1.0144736901350881
2026-07-29T17:40:00+00:00,1.004653472291225,1.014239914054192
2026-07-29T17:45:00+00:00,1.004653472291225,1.0135391890213807
2026-07-29T17:50:00+00:00,1.004653472291225,1.013306012098957
2026-07-29T17:55:00+00:00,1.004653472291225,1.0137054593003079
2026-07-29T18:00:00+00:00,1.004653472291225,1.013772109630886
2026-07-29T18:05:00+00:00,1.004653472291225,1.0108390498713018
2026-07-29T18:10:00+00:00,1.004653472291225,1.0097153683261475
2026-07-29T18:15:00+00:00,1.004653472291225,1.0093194273808068
2026-07-29T18:20:00+00:00,1.004653472291225,1.010305620887876
2026-07-29T18:25:00+00:00,1.004653472291225,1.0109655502202055
2026-07-29T18:30:00+00:00,1.004653472291225,1.0110977741794038
2026-07-29T18:35:00+00:00,1.004653472291225,1.01179092563393
2026-07-29T18:40:00+00:00,1.004653472291225,1.010399894166119
2026-07-29T18:45:00+00:00,1.004653472291225,1.0086178837707644
2026-07-29T18:50:00+00:00,1.004653472291225,1.0068112691492925
2026-07-29T18:55:00+00:00,1.004653472291225,1.0062234328081734
2026-07-29T19:00:00+00:00,1.004653472291225,1.0059626856112809
2026-07-29T19:05:00+00:00,1.004653472291225,1.0064512067290021
2026-07-29T19:10:00+00:00,1.004653472291225,1.0072012887040502
2026-07-29T19:15:00+00:00,1.004653472291225,1.0068743262617499
2026-07-29T19:20:00+00:00,1.004653472291225,1.0070702924632315
2026-07-29T19:25:00+00:00,1.004653472291225,1.0083770600961979
2026-07-29T19:30:00+00:00,1.004653472291225,1.008836307943997
2026-07-29T19:35:00+00:00,1.004653472291225,1.0101496744764182
2026-07-29T19:40:00+00:00,1.004653472291225,1.0106114291804058
2026-07-29T19:45:00+00:00,1.004653472291225,1.0106774476785867
2026-07-29T19:50:00+00:00,1.004653472291225,1.0103472386150438
2026-07-29T19:55:00+00:00,1.004653472291225,1.0115353259017301
2026-07-29T20:00:00+00:00,1.004653472291225,1.0137209939966452
2026-07-29T20:05:00+00:00,1.004653472291225,1.0134544182272305
2026-07-29T20:10:00+00:00,1.004653472291225,1.0128546005528198
2026-07-29T20:15:00+00:00,1.004653472291225,1.0126551411986346
2026-07-29T20:20:00+00:00,1.004653472291225,1.0133196130760616
2026-07-29T20:25:00+00:00,1.004653472291225,1.0131864567537125
2026-07-29T20:30:00+00:00,1.004653472291225,1.0121881779274315
2026-07-29T20:35:00+00:00,1.004653472291225,1.0120554667463737
2026-07-29T20:40:00+00:00,1.004653472291225,1.0119228077521745
2026-07-29T20:45:00+00:00,1.004653472291225,1.0107956495991284
2026-07-29T20:50:00+00:00,1.004653472291225,1.0107408012473262
2026-07-29T20:55:00+00:00,1.004653472291225,1.0111940523913938
2026-07-29T21:00:00+00:00,1.004653472291225,1.0110597598256177
2026-07-29T21:05:00+00:00,1.004653472291225,1.0133394059481444
2026-07-29T21:10:00+00:00,1.004653472291225,1.0133394059481444
2026-07-29T21:15:00+00:00,1.004653472291225,1.0123093580601659
2026-07-29T21:20:00+00:00,1.004653472291225,1.0123093580601659
2026-07-29T21:25:00+00:00,1.004653472291225,1.0123093580601659
2026-07-29T21:30:00+00:00,1.004653472291225,1.0123093580601659
2026-07-29T21:35:00+00:00,1.004653472291225,1.0123093580601659
2026-07-29T21:40:00+00:00,1.004653472291225,1.0113136439374837
2026-07-29T21:45:00+00:00,1.004653472291225,1.0113136439374837
2026-07-29T21:50:00+00:00,1.004653472291225,1.0119754984165006
2026-07-29T21:55:00+00:00,1.004653472291225,1.0119754984165006
2026-07-29T22:00:00+00:00,1.004653472291225,1.011643920599195
2026-07-29T22:05:00+00:00,1.004653472291225,1.010650164292123
2026-07-29T22:10:00+00:00,1.004653472291225,1.0122764523342715
2026-07-29T22:15:00+00:00,1.004653472291225,1.0113100254056473
2026-07-29T22:20:00+00:00,1.004653472291225,1.0113100254056473
2026-07-29T22:25:00+00:00,1.004653472291225,1.0089895536813456
2026-07-29T22:30:00+00:00,1.004653472291225,1.0089895536813456
2026-07-29T22:35:00+00:00,1.004653472291225,1.0099098047400779
2026-07-29T22:40:00+00:00,1.004653472291225,1.0096461551369607
2026-07-29T22:45:00+00:00,1.004653472291225,1.0096459488115015
2026-07-29T22:50:00+00:00,1.004653472291225,1.0088885496979116
2026-07-29T22:55:00+00:00,1.004653472291225,1.0087650096423244
2026-07-29T23:00:00+00:00,1.004653472291225,1.0087242826721836
2026-07-29T23:05:00+00:00,1.004653472291225,1.008133156318228
2026-07-29T23:10:00+00:00,1.004653472291225,1.0072808064852325
2026-07-29T23:15:00+00:00,1.004653472291225,1.0077386019433159
2026-07-29T23:20:00+00:00,1.004653472291225,1.0077386019433159
2026-07-29T23:25:00+00:00,1.004653472291225,1.0079350677482177
2026-07-29T23:30:00+00:00,1.004653472291225,1.0074567212396648
2026-07-29T23:35:00+00:00,1.004653472291225,1.0075417850678874
2026-07-29T23:40:00+00:00,1.004653472291225,1.0075417850678874
2026-07-29T23:45:00+00:00,1.004653472291225,1.0079999371073491
2026-07-29T23:50:00+00:00,1.004653472291225,1.0079999371073491
2026-07-29T23:55:00+00:00,1.004653472291225,1.0079999371073491
2026-07-30T00:00:00+00:00,1.004653472291225,1.0079999371073491
2026-07-30T08:05:00+00:00,1.004653472291225,1.014436165943821
2026-07-30T08:10:00+00:00,1.004653472291225,1.0128995463563137
2026-07-30T08:15:00+00:00,1.004653472291225,1.0129660532208153
2026-07-30T08:20:00+00:00,1.004653472291225,1.0123011286460284
2026-07-30T08:25:00+00:00,1.004653472291225,1.0123011286460284
2026-07-30T08:30:00+00:00,1.004653472291225,1.0123011286460284
2026-07-30T08:35:00+00:00,1.004653472291225,1.010309455386625
2026-07-30T08:40:00+00:00,1.004653472291225,1.0111016998713644
2026-07-30T08:45:00+00:00,1.004653472291225,1.0111016998713644
2026-07-30T08:50:00+00:00,1.004653472291225,1.0105063115372344
2026-07-30T08:55:00+00:00,1.004653472291225,1.0105063115372344
2026-07-30T09:00:00+00:00,1.004653472291225,1.0105063115372344
2026-07-30T09:05:00+00:00,1.004653472291225,1.011100753006554
2026-07-30T09:10:00+00:00,1.004653472291225,1.0108361362169684
2026-07-30T09:15:00+00:00,1.004653472291225,1.0109022385015758
2026-07-30T09:20:00+00:00,1.004653472291225,1.0109022385015758
2026-07-30T09:25:00+00:00,1.004653472291225,1.0106377774843092
2026-07-30T09:30:00+00:00,1.004653472291225,1.0107697100158708
2026-07-30T09:35:00+00:00,1.004653472291225,1.010835799312982
2026-07-30T09:40:00+00:00,1.004653472291225,1.010835682555093
2026-07-30T09:45:00+00:00,1.004653472291225,1.010967887064975
2026-07-30T09:50:00+00:00,1.004653472291225,1.010967887064975
2026-07-30T09:55:00+00:00,1.004653472291225,1.0102404768898234
2026-07-30T10:00:00+00:00,1.004653472291225,1.0102404768898234
2026-07-30T10:05:00+00:00,1.004653472291225,1.0102404768898234
2026-07-30T10:10:00+00:00,1.004653472291225,1.0102404768898234
2026-07-30T10:15:00+00:00,1.004653472291225,1.0111642761502062
2026-07-30T10:20:00+00:00,1.004653472291225,1.009840935911821
2026-07-30T10:25:00+00:00,1.004653472291225,1.009840935911821
2026-07-30T10:30:00+00:00,1.004653472291225,1.009840935911821
2026-07-30T10:35:00+00:00,1.004653472291225,1.0096432121937857
2026-07-30T10:40:00+00:00,1.004653472291225,1.0093138661564052
2026-07-30T10:45:00+00:00,1.004653472291225,1.0093138661564052
2026-07-30T10:50:00+00:00,1.004653472291225,1.0093138661564052
2026-07-30T10:55:00+00:00,1.004653472291225,1.0093138661564052
2026-07-30T11:00:00+00:00,1.004653472291225,1.009511280525845
2026-07-30T11:05:00+00:00,1.004653472291225,1.009511280525845
2026-07-30T11:10:00+00:00,1.004653472291225,1.0091360606071278
2026-07-30T11:15:00+00:00,1.004653472291225,1.0089847895108
2026-07-30T11:20:00+00:00,1.004653472291225,1.0089847895108
2026-07-30T11:25:00+00:00,1.004653472291225,1.0094449728263184
2026-07-30T11:30:00+00:00,1.004653472291225,1.0095766338375125
2026-07-30T11:35:00+00:00,1.004653472291225,1.0095766338375125
2026-07-30T11:40:00+00:00,1.004653472291225,1.0095766338375125
2026-07-30T11:45:00+00:00,1.004653472291225,1.0095766338375125
2026-07-30T11:50:00+00:00,1.004653472291225,1.0097083463794354
2026-07-30T11:55:00+00:00,1.004653472291225,1.0097083463794354
2026-07-30T12:00:00+00:00,1.004653472291225,1.0093787557326395
2026-07-30T12:05:00+00:00,1.004653472291225,1.0099052965546182
2026-07-30T12:10:00+00:00,1.004653472291225,1.0090483273081945
2026-07-30T12:15:00+00:00,1.004653472291225,1.0096401059440456
2026-07-30T12:20:00+00:00,1.004653472291225,1.0099691416836778
2026-07-30T12:25:00+00:00,1.004653472291225,1.009903208197473
2026-07-30T12:30:00+00:00,1.004653472291225,1.009903208197473
2026-07-30T12:35:00+00:00,1.004653472291225,1.010031339382754
2026-07-30T12:40:00+00:00,1.004653472291225,1.0095901595929608
2026-07-30T12:45:00+00:00,1.004653472291225,1.009503883232856
2026-07-30T12:50:00+00:00,1.004653472291225,1.009503883232856
2026-07-30T12:55:00+00:00,1.004653472291225,1.0105578728474565
2026-07-30T13:00:00+00:00,1.004653472291225,1.0102936747107643
2026-07-30T13:05:00+00:00,1.004653472291225,1.01108611379139
2026-07-30T13:10:00+00:00,1.004653472291225,1.0097630489997238
2026-07-30T13:15:00+00:00,1.004653472291225,1.0104219912138974
2026-07-30T13:20:00+00:00,1.004653472291225,1.0104219912138974
2026-07-30T13:25:00+00:00,1.004653472291225,1.0104219912138974
2026-07-30T13:30:00+00:00,1.004653472291225,1.0104219912138974
2026-07-30T13:35:00+00:00,1.004653472291225,1.0104219912138974
2026-07-30T13:40:00+00:00,1.004653472291225,1.0104219912138974
2026-07-30T13:45:00+00:00,1.004653472291225,1.0104219912138974
2026-07-30T13:50:00+00:00,1.004653472291225,1.0104219912138974
2026-07-30T13:55:00+00:00,1.004653472291225,1.0104219912138974
2026-07-30T14:00:00+00:00,1.004653472291225,1.0104219912138974
2026-07-30T14:05:00+00:00,1.004653472291225,1.0104219912138974
2026-07-30T14:10:00+00:00,1.004653472291225,1.0104219912138974
2026-07-30T14:15:00+00:00,1.004653472291225,1.0104219912138974
2026-07-30T14:20:00+00:00,1.004653472291225,1.0104219912138974
2026-07-30T14:25:00+00:00,1.004653472291225,1.0104219912138974
2026-07-30T14:30:00+00:00,1.004653472291225,1.0104219912138974
2026-07-30T14:35:00+00:00,1.004653472291225,1.0104219912138974
2026-07-30T14:40:00+00:00,1.004653472291225,1.0104219912138974
2026-07-30T14:45:00+00:00,1.004653472291225,1.0104219912138974
2026-07-30T14:50:00+00:00,1.004653472291225,1.0104219912138974
2026-07-30T14:55:00+00:00,1.004653472291225,1.0104219912138974
2026-07-30T15:00:00+00:00,1.004653472291225,1.0104219912138974
2026-07-30T15:05:00+00:00,1.004653472291225,1.0104219912138974
2026-07-30T15:10:00+00:00,1.004653472291225,1.0104219912138974
2026-07-30T15:15:00+00:00,1.004653472291225,1.0104219912138974
2026-07-30T15:20:00+00:00,1.004653472291225,1.0104219912138974
2026-07-30T15:25:00+00:00,1.004653472291225,1.0104219912138974
2026-07-30T15:30:00+00:00,1.004653472291225,1.0104219912138974
2026-07-30T15:35:00+00:00,1.004653472291225,1.0104219912138974
2026-07-30T15:40:00+00:00,1.004653472291225,1.0104219912138974
2026-07-30T15:45:00+00:00,1.004653472291225,1.0104219912138974
2026-07-30T15:50:00+00:00,1.004653472291225,1.0104219912138974
2026-07-30T15:55:00+00:00,1.004653472291225,1.0104219912138974
2026-07-30T16:00:00+00:00,1.004653472291225,1.0104219912138974
2026-07-30T16:05:00+00:00,1.004653472291225,1.0104219912138974
2026-07-30T16:10:00+00:00,1.004653472291225,1.0104219912138974
2026-07-30T16:15:00+00:00,1.004653472291225,1.0104219912138974
2026-07-30T16:20:00+00:00,1.004653472291225,1.0104219912138974
2026-07-30T16:25:00+00:00,1.004653472291225,1.0104219912138974
2026-07-30T16:30:00+00:00,1.004653472291225,1.0104219912138974
2026-07-30T16:35:00+00:00,1.004653472291225,1.0104219912138974
2026-07-30T16:40:00+00:00,1.004653472291225,1.0104219912138974
2026-07-30T16:45:00+00:00,1.004653472291225,1.0104219912138974
2026-07-30T16:50:00+00:00,1.004653472291225,1.0104219912138974
2026-07-30T16:55:00+00:00,1.004653472291225,1.0104219912138974
2026-07-30T17:00:00+00:00,1.004653472291225,1.0104219912138974
2026-07-30T17:05:00+00:00,1.004653472291225,1.0104219912138974
2026-07-30T17:10:00+00:00,1.004653472291225,1.0104219912138974
2026-07-30T17:15:00+00:00,1.004653472291225,1.0104219912138974
2026-07-30T17:20:00+00:00,1.004653472291225,1.0104219912138974
2026-07-30T17:25:00+00:00,1.004653472291225,1.0104219912138974
2026-07-30T17:30:00+00:00,1.004653472291225,1.0104219912138974
2026-07-30T17:35:00+00:00,1.004653472291225,1.0104219912138974
2026-07-30T17:40:00+00:00,1.004653472291225,1.0104219912138974
2026-07-30T17:45:00+00:00,1.004653472291225,1.0104219912138974
2026-07-30T17:50:00+00:00,1.004653472291225,1.0104219912138974
2026-07-30T17:55:00+00:00,1.004653472291225,1.0104219912138974
2026-07-30T18:00:00+00:00,1.004653472291225,1.0104219912138974
2026-07-30T18:05:00+00:00,1.004653472291225,1.0104219912138974
2026-07-30T18:10:00+00:00,1.004653472291225,1.0104219912138974
2026-07-30T18:15:00+00:00,1.004653472291225,1.0104219912138974
2026-07-30T18:20:00+00:00,1.004653472291225,1.0104219912138974
2026-07-30T18:25:00+00:00,1.004653472291225,1.0104219912138974
2026-07-30T18:30:00+00:00,1.004653472291225,1.0104219912138974
2026-07-30T18:35:00+00:00,1.004653472291225,1.0104219912138974
2026-07-30T18:40:00+00:00,1.004653472291225,1.0104219912138974
2026-07-30T18:45:00+00:00,1.004653472291225,1.0104219912138974
2026-07-30T18:50:00+00:00,1.004653472291225,1.0104219912138974
2026-07-30T18:55:00+00:00,1.004653472291225,1.0104219912138974
2026-07-30T19:00:00+00:00,1.004653472291225,1.0104219912138974
2026-07-30T19:05:00+00:00,1.004653472291225,1.0104219912138974
2026-07-30T19:10:00+00:00,1.004653472291225,1.0104219912138974
2026-07-30T19:15:00+00:00,1.004653472291225,1.0104219912138974
2026-07-30T19:20:00+00:00,1.004653472291225,1.0104219912138974
2026-07-30T19:25:00+00:00,1.004653472291225,1.0104219912138974
2026-07-30T19:30:00+00:00,1.004653472291225,1.0104219912138974
2026-07-30T19:35:00+00:00,1.004653472291225,1.0104219912138974
2026-07-30T19:40:00+00:00,1.004653472291225,1.0104219912138974
2026-07-30T19:45:00+00:00,1.004653472291225,1.0104219912138974
2026-07-30T19:50:00+00:00,1.004653472291225,1.0104219912138974
2026-07-30T19:55:00+00:00,1.004653472291225,1.0104219912138974
2026-07-30T20:00:00+00:00,1.004653472291225,1.0104219912138974
2026-07-30T20:05:00+00:00,1.004653472291225,1.0104219912138974
2026-07-30T20:10:00+00:00,1.004653472291225,1.0104219912138974
2026-07-30T20:15:00+00:00,1.004653472291225,1.0104219912138974
2026-07-30T20:20:00+00:00,1.004653472291225,1.0104219912138974
2026-07-30T20:25:00+00:00,1.004653472291225,1.0104219912138974
2026-07-30T20:30:00+00:00,1.004653472291225,1.0104219912138974
2026-07-30T20:35:00+00:00,1.004653472291225,1.0104219912138974
2026-07-30T20:40:00+00:00,1.004653472291225,1.0104219912138974
2026-07-30T20:45:00+00:00,1.004653472291225,1.0104219912138974
2026-07-30T20:50:00+00:00,1.004653472291225,1.0104219912138974
2026-07-30T20:55:00+00:00,1.004653472291225,1.0104219912138974
2026-07-30T21:00:00+00:00,1.004653472291225,1.0104219912138974
2026-07-30T21:05:00+00:00,1.004653472291225,1.0104219912138974
2026-07-30T21:10:00+00:00,1.004653472291225,1.0104219912138974
2026-07-30T21:15:00+00:00,1.004653472291225,1.0104219912138974
2026-07-30T21:20:00+00:00,1.004653472291225,1.0104219912138974
2026-07-30T21:25:00+00:00,1.004653472291225,1.0104219912138974
2026-07-30T21:30:00+00:00,1.004653472291225,1.0104219912138974
2026-07-30T21:35:00+00:00,1.004653472291225,1.0104219912138974
2026-07-30T21:40:00+00:00,1.004653472291225,1.0104219912138974
2026-07-30T21:45:00+00:00,1.004653472291225,1.0104219912138974
2026-07-30T21:50:00+00:00,1.004653472291225,1.0104219912138974
2026-07-30T21:55:00+00:00,1.004653472291225,1.0104219912138974
2026-07-30T22:00:00+00:00,1.004653472291225,1.0104219912138974
2026-07-30T22:05:00+00:00,1.004653472291225,1.0104219912138974
2026-07-30T22:10:00+00:00,1.004653472291225,1.0104219912138974
2026-07-30T22:15:00+00:00,1.004653472291225,1.0104219912138974
2026-07-30T22:20:00+00:00,1.004653472291225,1.0104219912138974
2026-07-30T22:25:00+00:00,1.004653472291225,1.0104219912138974
2026-07-30T22:30:00+00:00,1.004653472291225,1.0104219912138974
2026-07-30T22:35:00+00:00,1.004653472291225,1.0104219912138974
2026-07-30T22:40:00+00:00,1.004653472291225,1.0104219912138974
2026-07-30T22:45:00+00:00,1.004653472291225,1.0104219912138974
2026-07-30T22:50:00+00:00,1.004653472291225,1.0104219912138974
2026-07-30T22:55:00+00:00,1.004653472291225,1.0104219912138974
2026-07-30T23:00:00+00:00,1.004653472291225,1.0104219912138974
2026-07-30T23:05:00+00:00,1.004653472291225,1.0104219912138974
2026-07-30T23:10:00+00:00,1.004653472291225,1.0104219912138974
2026-07-30T23:15:00+00:00,1.004653472291225,1.0104219912138974
2026-07-30T23:20:00+00:00,1.004653472291225,1.0104219912138974
2026-07-30T23:25:00+00:00,1.004653472291225,1.0104219912138974
2026-07-30T23:30:00+00:00,1.004653472291225,1.0104219912138974
2026-07-30T23:35:00+00:00,1.004653472291225,1.0104219912138974
2026-07-30T23:40:00+00:00,1.004653472291225,1.0104219912138974
2026-07-30T23:45:00+00:00,1.004653472291225,1.0104219912138974
2026-07-30T23:50:00+00:00,1.004653472291225,1.0104219912138974
2026-07-30T23:55:00+00:00,1.004653472291225,1.0104219912138974
2026-07-31T00:00:00+00:00,1.004653472291225,1.0104219912138974
2026-07-31T08:05:00+00:00,1.004653472291225,1.0104219912138974
2026-07-31T08:10:00+00:00,1.004653472291225,1.0104219912138974
2026-07-31T08:15:00+00:00,1.004653472291225,1.0104219912138974
2026-07-31T08:20:00+00:00,1.004653472291225,1.0104219912138974
2026-07-31T08:25:00+00:00,1.004653472291225,1.0104219912138974
2026-07-31T08:30:00+00:00,1.004653472291225,1.0104219912138974
2026-07-31T08:35:00+00:00,1.004653472291225,1.0104219912138974
2026-07-31T08:40:00+00:00,1.004653472291225,1.0104219912138974
2026-07-31T08:45:00+00:00,1.004653472291225,1.0104219912138974
2026-07-31T08:50:00+00:00,1.004653472291225,1.0104219912138974
2026-07-31T08:55:00+00:00,1.004653472291225,1.0104219912138974
2026-07-31T09:00:00+00:00,1.004653472291225,1.0104219912138974
2026-07-31T09:05:00+00:00,1.004653472291225,1.0104219912138974
2026-07-31T09:10:00+00:00,1.004653472291225,1.0104219912138974
2026-07-31T09:15:00+00:00,1.004653472291225,1.0104219912138974
2026-07-31T09:20:00+00:00,1.004653472291225,1.0104219912138974
2026-07-31T09:25:00+00:00,1.004653472291225,1.0104219912138974
2026-07-31T09:30:00+00:00,1.004653472291225,1.0104219912138974
2026-07-31T09:35:00+00:00,1.004653472291225,1.0104219912138974
2026-07-31T09:40:00+00:00,1.004653472291225,1.0104219912138974
2026-07-31T09:45:00+00:00,1.004653472291225,1.0104219912138974
2026-07-31T09:50:00+00:00,1.004653472291225,1.0104219912138974
2026-07-31T09:55:00+00:00,1.004653472291225,1.0104219912138974
2026-07-31T10:00:00+00:00,1.004653472291225,1.0104219912138974
2026-07-31T10:05:00+00:00,1.004653472291225,1.0104219912138974
2026-07-31T10:10:00+00:00,1.004653472291225,1.0104219912138974
2026-07-31T10:15:00+00:00,1.004653472291225,1.0104219912138974
2026-07-31T10:20:00+00:00,1.004653472291225,1.0104219912138974
2026-07-31T10:25:00+00:00,1.004653472291225,1.0104219912138974
2026-07-31T10:30:00+00:00,1.004653472291225,1.0104219912138974
2026-07-31T10:35:00+00:00,1.004653472291225,1.0104219912138974
2026-07-31T10:40:00+00:00,1.004653472291225,1.0104219912138974
2026-07-31T10:45:00+00:00,1.004653472291225,1.0104219912138974
2026-07-31T10:50:00+00:00,1.004653472291225,1.0104219912138974
2026-07-31T10:55:00+00:00,1.004653472291225,1.0104219912138974
2026-07-31T11:00:00+00:00,1.004653472291225,1.0104219912138974
2026-07-31T11:05:00+00:00,1.004653472291225,1.0104219912138974
2026-07-31T11:10:00+00:00,1.004653472291225,1.0104219912138974
2026-07-31T11:15:00+00:00,1.004653472291225,1.0104219912138974
2026-07-31T11:20:00+00:00,1.004653472291225,1.0104219912138974
2026-07-31T11:25:00+00:00,1.004653472291225,1.0104219912138974
2026-07-31T11:30:00+00:00,1.004653472291225,1.0104219912138974
2026-07-31T11:35:00+00:00,1.004653472291225,1.0104219912138974
2026-07-31T11:40:00+00:00,1.004653472291225,1.0104219912138974
2026-07-31T11:45:00+00:00,1.004653472291225,1.0104219912138974
2026-07-31T11:50:00+00:00,1.004653472291225,1.0104219912138974
2026-07-31T11:55:00+00:00,1.004653472291225,1.0104219912138974
2026-07-31T12:00:00+00:00,1.004653472291225,1.0104219912138974
2026-07-31T12:05:00+00:00,1.004653472291225,1.0104219912138974
2026-07-31T12:10:00+00:00,1.004653472291225,1.0104219912138974
2026-07-31T12:15:00+00:00,1.004653472291225,1.0104219912138974
2026-07-31T12:20:00+00:00,1.004653472291225,1.0104219912138974
2026-07-31T12:25:00+00:00,1.004653472291225,1.0104219912138974
2026-07-31T12:30:00+00:00,1.004653472291225,1.0104219912138974
2026-07-31T12:35:00+00:00,1.004653472291225,1.0104219912138974
2026-07-31T12:40:00+00:00,1.004653472291225,1.0104219912138974
2026-07-31T12:45:00+00:00,1.004653472291225,1.0104219912138974
2026-07-31T12:50:00+00:00,1.004653472291225,1.0104219912138974
2026-07-31T12:55:00+00:00,1.004653472291225,1.0104219912138974
2026-07-31T13:00:00+00:00,1.004653472291225,1.0104219912138974
2026-07-31T13:05:00+00:00,1.004653472291225,1.0104219912138974
2026-07-31T13:10:00+00:00,1.004653472291225,1.0104219912138974
2026-07-31T13:15:00+00:00,1.004653472291225,1.0104219912138974
2026-07-31T13:20:00+00:00,1.004653472291225,1.0104219912138974
2026-07-31T13:25:00+00:00,1.004653472291225,1.0104219912138974
2026-07-31T13:30:00+00:00,1.004653472291225,1.0104219912138974
2026-07-31T13:35:00+00:00,1.004653472291225,1.0104219912138974
2026-07-31T13:40:00+00:00,1.004653472291225,1.0104219912138974
2026-07-31T13:45:00+00:00,1.004653472291225,1.0104219912138974
2026-07-31T13:50:00+00:00,1.004653472291225,1.0104219912138974
2026-07-31T13:55:00+00:00,1.004653472291225,1.0104219912138974
2026-07-31T14:00:00+00:00,1.004653472291225,1.0104219912138974
2026-07-31T14:05:00+00:00,1.004653472291225,1.0104219912138974
2026-07-31T14:10:00+00:00,1.004653472291225,1.0104219912138974
2026-07-31T14:15:00+00:00,1.004653472291225,1.0104219912138974
2026-07-31T14:20:00+00:00,1.004653472291225,1.0104219912138974
2026-07-31T14:25:00+00:00,1.004653472291225,1.0104219912138974
2026-07-31T14:30:00+00:00,1.004653472291225,1.0104219912138974
2026-07-31T14:35:00+00:00,1.004653472291225,1.0104219912138974
2026-07-31T14:40:00+00:00,1.004653472291225,1.0104219912138974
2026-07-31T14:45:00+00:00,1.004653472291225,1.0104219912138974
2026-07-31T14:50:00+00:00,1.004653472291225,1.0104219912138974
2026-07-31T14:55:00+00:00,1.004653472291225,1.0104219912138974
2026-07-31T15:00:00+00:00,1.004653472291225,1.0104219912138974
2026-07-31T15:05:00+00:00,1.004653472291225,1.0104219912138974
2026-07-31T15:10:00+00:00,1.004653472291225,1.0104219912138974
2026-07-31T15:15:00+00:00,1.004653472291225,1.0104219912138974
2026-07-31T15:20:00+00:00,1.004653472291225,1.0104219912138974
2026-07-31T15:25:00+00:00,1.004653472291225,1.0104219912138974
2026-07-31T15:30:00+00:00,1.004653472291225,1.0104219912138974
2026-07-31T15:35:00+00:00,1.004653472291225,1.0104219912138974
2026-07-31T15:40:00+00:00,1.004653472291225,1.0104219912138974
2026-07-31T15:45:00+00:00,1.004653472291225,1.0104219912138974
2026-07-31T15:50:00+00:00,1.004653472291225,1.0104219912138974
2026-07-31T15:55:00+00:00,1.004653472291225,1.0104219912138974
2026-07-31T16:00:00+00:00,1.004653472291225,1.0104219912138974
2026-07-31T16:05:00+00:00,1.004653472291225,1.0104219912138974
2026-07-31T16:10:00+00:00,1.004653472291225,1.0104219912138974
2026-07-31T16:15:00+00:00,1.004653472291225,1.0104219912138974
2026-07-31T16:20:00+00:00,1.004653472291225,1.0104219912138974
2026-07-31T16:25:00+00:00,1.004653472291225,1.0104219912138974
2026-07-31T16:30:00+00:00,1.004653472291225,1.0104219912138974
2026-07-31T16:35:00+00:00,1.004653472291225,1.0104219912138974
2026-07-31T16:40:00+00:00,1.004653472291225,1.0104219912138974
2026-07-31T16:45:00+00:00,1.004653472291225,1.0104219912138974
2026-07-31T16:50:00+00:00,1.004653472291225,1.0104219912138974
2026-07-31T16:55:00+00:00,1.004653472291225,1.0104219912138974
2026-07-31T17:00:00+00:00,1.004653472291225,1.0104219912138974
2026-07-31T17:05:00+00:00,1.004653472291225,1.0104219912138974
2026-07-31T17:10:00+00:00,1.004653472291225,1.0104219912138974
2026-07-31T17:15:00+00:00,1.004653472291225,1.0104219912138974
2026-07-31T17:20:00+00:00,1.004653472291225,1.0104219912138974
2026-07-31T17:25:00+00:00,1.004653472291225,1.0104219912138974
2026-07-31T17:30:00+00:00,1.004653472291225,1.0104219912138974
2026-07-31T17:35:00+00:00,1.004653472291225,1.0104219912138974
2026-07-31T17:40:00+00:00,1.004653472291225,1.0104219912138974
2026-07-31T17:45:00+00:00,1.004653472291225,1.0104219912138974
2026-07-31T17:50:00+00:00,1.004653472291225,1.0104219912138974
2026-07-31T17:55:00+00:00,1.004653472291225,1.0104219912138974
2026-07-31T18:00:00+00:00,1.004653472291225,1.0104219912138974
2026-07-31T18:05:00+00:00,1.004653472291225,1.0104219912138974
2026-07-31T18:10:00+00:00,1.004653472291225,1.0104219912138974
2026-07-31T18:15:00+00:00,1.004653472291225,1.0104219912138974
2026-07-31T18:20:00+00:00,1.004653472291225,1.0104219912138974
2026-07-31T18:25:00+00:00,1.004653472291225,1.0104219912138974
2026-07-31T18:30:00+00:00,1.004653472291225,1.0104219912138974
2026-07-31T18:35:00+00:00,1.004653472291225,1.0104219912138974
2026-07-31T18:40:00+00:00,1.004653472291225,1.0104219912138974
2026-07-31T18:45:00+00:00,1.004653472291225,1.0104219912138974
2026-07-31T18:50:00+00:00,1.004653472291225,1.0104219912138974
2026-07-31T18:55:00+00:00,1.004653472291225,1.0104219912138974
2026-07-31T19:00:00+00:00,1.004653472291225,1.0104219912138974
2026-07-31T19:05:00+00:00,1.004653472291225,1.0104219912138974
2026-07-31T19:10:00+00:00,1.004653472291225,1.0104219912138974
2026-07-31T19:15:00+00:00,1.004653472291225,1.0104219912138974
2026-07-31T19:20:00+00:00,1.004653472291225,1.0104219912138974
2026-07-31T19:25:00+00:00,1.004653472291225,1.0104219912138974
2026-07-31T19:30:00+00:00,1.004653472291225,1.0104219912138974
2026-07-31T19:35:00+00:00,1.004653472291225,1.0104219912138974
2026-07-31T19:40:00+00:00,1.004653472291225,1.0104219912138974
2026-07-31T19:45:00+00:00,1.004653472291225,1.0104219912138974
2026-07-31T19:50:00+00:00,1.004653472291225,1.0104219912138974
2026-07-31T19:55:00+00:00,1.004653472291225,1.0104219912138974
2026-07-31T20:00:00+00:00,1.004653472291225,1.0104219912138974
2026-07-31T20:05:00+00:00,1.004653472291225,1.0104219912138974
2026-07-31T20:10:00+00:00,1.004653472291225,1.0104219912138974
2026-07-31T20:15:00+00:00,1.004653472291225,1.0104219912138974
2026-07-31T20:20:00+00:00,1.004653472291225,1.0104219912138974
2026-07-31T20:25:00+00:00,1.004653472291225,1.0104219912138974
2026-07-31T20:30:00+00:00,1.004653472291225,1.0104219912138974
2026-07-31T20:35:00+00:00,1.004653472291225,1.0104219912138974
2026-07-31T20:40:00+00:00,1.004653472291225,1.0104219912138974
2026-07-31T20:45:00+00:00,1.004653472291225,1.0104219912138974
2026-07-31T20:50:00+00:00,1.004653472291225,1.0104219912138974
2026-07-31T20:55:00+00:00,1.004653472291225,1.0104219912138974
2026-07-31T21:00:00+00:00,1.004653472291225,1.0104219912138974
2026-07-31T21:05:00+00:00,1.004653472291225,1.0104219912138974
2026-07-31T21:10:00+00:00,1.004653472291225,1.0104219912138974
2026-07-31T21:15:00+00:00,1.004653472291225,1.0104219912138974
2026-07-31T21:20:00+00:00,1.004653472291225,1.0104219912138974
2026-07-31T21:25:00+00:00,1.004653472291225,1.0104219912138974
2026-07-31T21:30:00+00:00,1.004653472291225,1.0104219912138974
2026-07-31T21:35:00+00:00,1.004653472291225,1.0104219912138974
2026-07-31T21:40:00+00:00,1.004653472291225,1.0104219912138974
2026-07-31T21:45:00+00:00,1.004653472291225,1.0104219912138974
2026-07-31T21:50:00+00:00,1.004653472291225,1.0104219912138974
2026-07-31T21:55:00+00:00,1.004653472291225,1.0104219912138974
2026-07-31T22:00:00+00:00,1.004653472291225,1.0104219912138974
2026-07-31T22:05:00+00:00,1.004653472291225,1.0104219912138974
2026-07-31T22:10:00+00:00,1.004653472291225,1.0104219912138974
2026-07-31T22:15:00+00:00,1.004653472291225,1.0104219912138974
2026-07-31T22:20:00+00:00,1.004653472291225,1.0104219912138974
2026-07-31T22:25:00+00:00,1.004653472291225,1.0104219912138974
2026-07-31T22:30:00+00:00,1.004653472291225,1.0104219912138974
2026-07-31T22:35:00+00:00,1.004653472291225,1.0104219912138974
2026-07-31T22:40:00+00:00,1.004653472291225,1.0104219912138974
2026-07-31T22:45:00+00:00,1.004653472291225,1.0104219912138974
2026-07-31T22:50:00+00:00,1.004653472291225,1.0104219912138974
2026-07-31T22:55:00+00:00,1.004653472291225,1.0104219912138974
2026-07-31T23:00:00+00:00,1.004653472291225,1.0104219912138974
2026-07-31T23:05:00+00:00,1.004653472291225,1.0104219912138974
2026-07-31T23:10:00+00:00,1.004653472291225,1.0104219912138974
2026-07-31T23:15:00+00:00,1.004653472291225,1.0104219912138974
2026-07-31T23:20:00+00:00,1.004653472291225,1.0104219912138974
2026-07-31T23:25:00+00:00,1.004653472291225,1.0104219912138974
2026-07-31T23:30:00+00:00,1.004653472291225,1.0104219912138974
2026-07-31T23:35:00+00:00,1.004653472291225,1.0104219912138974
2026-07-31T23:40:00+00:00,1.004653472291225,1.0104219912138974
2026-07-31T23:45:00+00:00,1.004653472291225,1.0104219912138974
2026-07-31T23:50:00+00:00,1.004653472291225,1.0104219912138974
2026-07-31T23:55:00+00:00,1.004653472291225,1.0104219912138974
2026-08-01T00:00:00+00:00,1.004653472291225,1.0104219912138974
2026-08-03T08:05:00+00:00,1.004653472291225,1.0102895983953422
2026-08-03T08:10:00+00:00,1.004653472291225,1.0102895983953422
2026-08-03T08:15:00+00:00,1.004653472291225,1.0102895983953422
2026-08-03T08:20:00+00:00,1.004653472291225,1.0108192390760211
2026-08-03T08:25:00+00:00,1.004653472291225,1.0108192390760211
2026-08-03T08:30:00+00:00,1.004653472291225,1.0108192390760211
2026-08-03T08:35:00+00:00,1.004653472291225,1.0108192390760211
2026-08-03T08:40:00+00:00,1.004653472291225,1.0108192390760211
2026-08-03T08:45:00+00:00,1.004653472291225,1.0108192390760211
2026-08-03T08:50:00+00:00,1.004653472291225,1.0104222165940588
2026-08-03T08:55:00+00:00,1.004653472291225,1.0105546094421451
2026-08-03T09:00:00+00:00,1.004653472291225,1.0105546094421451
2026-08-03T09:05:00+00:00,1.004653472291225,1.0102898584310258
2026-08-03T09:10:00+00:00,1.004653472291225,1.010356063533151
2026-08-03T09:15:00+00:00,1.004653472291225,1.010356063533151
2026-08-03T09:20:00+00:00,1.004653472291225,1.010356063533151
2026-08-03T09:25:00+00:00,1.004653472291225,1.010356063533151
2026-08-03T09:30:00+00:00,1.004653472291225,1.010356063533151
2026-08-03T09:35:00+00:00,1.004653472291225,1.0089658474845207
2026-08-03T09:40:00+00:00,1.004653472291225,1.0094961843294534
2026-08-03T09:45:00+00:00,1.004653472291225,1.0094961843294534
2026-08-03T09:50:00+00:00,1.004653472291225,1.0100262427092537
2026-08-03T09:55:00+00:00,1.004653472291225,1.0100262427092537
2026-08-03T10:00:00+00:00,1.004653472291225,1.0100262427092537
2026-08-03T10:05:00+00:00,1.004653472291225,1.0100262427092537
2026-08-03T10:10:00+00:00,1.004653472291225,1.0100262427092537
2026-08-03T10:15:00+00:00,1.004653472291225,1.0100262427092537
2026-08-03T10:20:00+00:00,1.004653472291225,1.0100262427092537
2026-08-03T10:25:00+00:00,1.004653472291225,1.0100262427092537
2026-08-03T10:30:00+00:00,1.004653472291225,1.0100262427092537
2026-08-03T10:35:00+00:00,1.004653472291225,1.009430239812297
2026-08-03T10:40:00+00:00,1.004653472291225,1.009430239812297
2026-08-03T10:45:00+00:00,1.004653472291225,1.009430239812297
2026-08-03T10:50:00+00:00,1.004653472291225,1.009430239812297
2026-08-03T10:55:00+00:00,1.004653472291225,1.009430239812297
2026-08-03T11:00:00+00:00,1.004653472291225,1.009430239812297
2026-08-03T11:05:00+00:00,1.004653472291225,1.009430239812297
2026-08-03T11:10:00+00:00,1.004653472291225,1.009430239812297
2026-08-03T11:15:00+00:00,1.004653472291225,1.009430239812297
2026-08-03T11:20:00+00:00,1.004653472291225,1.0089332773074662
2026-08-03T11:25:00+00:00,1.004653472291225,1.0089332773074662
2026-08-03T11:30:00+00:00,1.004653472291225,1.0089332773074662
2026-08-03T11:35:00+00:00,1.004653472291225,1.0089332773074662
2026-08-03T11:40:00+00:00,1.004653472291225,1.0089332773074662
2026-08-03T11:45:00+00:00,1.004653472291225,1.009830239475938
2026-08-03T11:50:00+00:00,1.004653472291225,1.0104906073013022
2026-08-03T11:55:00+00:00,1.004653472291225,1.0107249278010957
2026-08-03T12:00:00+00:00,1.004653472291225,1.0107249278010957
2026-08-03T12:05:00+00:00,1.004653472291225,1.0106892522210789
2026-08-03T12:10:00+00:00,1.004653472291225,1.0104907145209305
2026-08-03T12:15:00+00:00,1.004653472291225,1.0102259455665166
2026-08-03T12:20:00+00:00,1.004653472291225,1.0096962688353242
2026-08-03T12:25:00+00:00,1.004653472291225,1.009525358431598
2026-08-03T12:30:00+00:00,1.004653472291225,1.009525358431598
2026-08-03T12:35:00+00:00,1.004653472291225,1.0094670535392831
2026-08-03T12:40:00+00:00,1.004653472291225,1.0088349389924107
2026-08-03T12:45:00+00:00,1.004653472291225,1.0083708324878795
2026-08-03T12:50:00+00:00,1.004653472291225,1.0084378272609889
2026-08-03T12:55:00+00:00,1.004653472291225,1.0084378272609889
2026-08-03T13:00:00+00:00,1.004653472291225,1.0089996173926057
2026-08-03T13:05:00+00:00,1.004653472291225,1.008238606549159
2026-08-03T13:10:00+00:00,1.004653472291225,1.008690333548841
2026-08-03T13:15:00+00:00,1.004653472291225,1.0079072063842647
2026-08-03T13:20:00+00:00,1.004653472291225,1.0075753960055498
2026-08-03T13:25:00+00:00,1.004653472291225,1.007177092383463
2026-08-03T13:30:00+00:00,1.004653472291225,1.0072435025834092
2026-08-03T13:35:00+00:00,1.004653472291225,1.006844434281254
2026-08-03T13:40:00+00:00,1.004653472291225,1.006313660351367
2026-08-03T13:45:00+00:00,1.004653472291225,1.0070449139093722
2026-08-03T13:50:00+00:00,1.004653472291225,1.00677924775565
2026-08-03T13:55:00+00:00,1.004653472291225,1.006779252140321
2026-08-03T14:00:00+00:00,1.004653472291225,1.0070117734372899
2026-08-03T14:05:00+00:00,1.004653472291225,1.006712869286401
2026-08-03T14:10:00+00:00,1.004653472291225,1.0064803128974922
2026-08-03T14:15:00+00:00,1.004653472291225,1.0071781828040889
2026-08-03T14:20:00+00:00,1.004653472291225,1.0069125636082799
2026-08-03T14:25:00+00:00,1.004653472291225,1.0072440284830548
2026-08-03T14:30:00+00:00,1.004653472291225,1.0071118807423163
2026-08-03T14:35:00+00:00,1.004653472291225,1.0074107467053433
2026-08-03T14:40:00+00:00,1.004653472291225,1.0071783577768205
2026-08-03T14:45:00+00:00,1.004653472291225,1.0076764524189132
2026-08-03T14:50:00+00:00,1.004653472291225,1.0075105021493578
2026-08-03T14:55:00+00:00,1.004653472291225,1.0074773079446218
2026-08-03T15:00:00+00:00,1.004653472291225,1.0075105054302822
2026-08-03T15:05:00+00:00,1.004653472291225,1.0070956287140056
2026-08-03T15:10:00+00:00,1.004653472291225,1.0073446922564364
2026-08-03T15:15:00+00:00,1.004653472291225,1.0071787004208181
2026-08-03T15:20:00+00:00,1.004653472291225,1.0076435462927456
2026-08-03T15:25:00+00:00,1.004653472291225,1.0077431201862563
2026-08-03T15:30:00+00:00,1.004653472291225,1.0071125755217123
2026-08-03T15:35:00+00:00,1.004653472291225,1.007278605713607
2026-08-03T15:40:00+00:00,1.004653472291225,1.007544230596009
2026-08-03T15:45:00+00:00,1.004653472291225,1.0076770031110773
2026-08-03T15:50:00+00:00,1.004653472291225,1.0078097636000818
2026-08-03T15:55:00+00:00,1.004653472291225,1.007863537450707
2026-08-03T16:00:00+00:00,1.004653472291225,1.007610670775753
2026-08-03T16:05:00+00:00,1.004653472291225,1.0075774798319894
2026-08-03T16:10:00+00:00,1.004653472291225,1.0074779077698903
2026-08-03T16:15:00+00:00,1.004653472291225,1.0075774931121426
2026-08-03T16:20:00+00:00,1.004653472291225,1.0075443010745517
2026-08-03T16:25:00+00:00,1.004653472291225,1.0077434543937758
2026-08-03T16:30:00+00:00,1.004653472291225,1.007677084527622
2026-08-03T16:35:00+00:00,1.004653472291225,1.0077434653240744
2026-08-03T16:40:00+00:00,1.004653472291225,1.0075775280889545
2026-08-03T16:45:00+00:00,1.004653472291225,1.0078430512795173
2026-08-03T16:50:00+00:00,1.004653472291225,1.0076771404210372
2026-08-03T16:55:00+00:00,1.004653472291225,1.007577574140118
2026-08-03T17:00:00+00:00,1.004653472291225,1.0076107727417989
2026-08-03T17:05:00+00:00,1.004653472291225,1.0072788752962807
2026-08-03T17:10:00+00:00,1.004653472291225,1.007345279072093
2026-08-03T17:15:00+00:00,1.004653472291225,1.0073120793726968
2026-08-03T17:20:00+00:00,1.004653472291225,1.0075444936831606
2026-08-03T17:25:00+00:00,1.004653472291225,1.007345329390523
2026-08-03T17:30:00+00:00,1.004653472291225,1.0074117276985208
2026-08-03T17:35:00+00:00,1.004653472291225,1.007377872411741
2026-08-03T17:40:00+00:00,1.004653472291225,1.0075445359632371
2026-08-03T17:45:00+00:00,1.004653472291225,1.0075113428244098
2026-08-03T17:50:00+00:00,1.004653472291225,1.007245788964941
2026-08-03T17:55:00+00:00,1.004653472291225,1.006780947158325
2026-08-03T18:00:00+00:00,1.004653472291225,1.0068141654817762
2026-08-03T18:05:00+00:00,1.004653472291225,1.0069470343917701
2026-08-03T18:10:00+00:00,1.004653472291225,1.0075116352300244
2026-08-03T18:15:00+00:00,1.004653472291225,1.0073801990659401
2026-08-03T18:20:00+00:00,1.004653472291225,1.0077108570858615
2026-08-03T18:25:00+00:00,1.004653472291225,1.0076776694011993
2026-08-03T18:30:00+00:00,1.004653472291225,1.0077108603652773
2026-08-03T18:35:00+00:00,1.004653472291225,1.0075781063469966
2026-08-03T18:40:00+00:00,1.004653472291225,1.0077108702050361
2026-08-03T18:45:00+00:00,1.004653472291225,1.0081754835883645
2026-08-03T18:50:00+00:00,1.004653472291225,1.0083081862751082
2026-08-03T18:55:00+00:00,1.004653472291225,1.0085065256760288
2026-08-03T19:00:00+00:00,1.004653472291225,1.0084740274177142
2026-08-03T19:05:00+00:00,1.004653472291225,1.0090709189478213
2026-08-03T19:10:00+00:00,1.004653472291225,1.008838918298167
2026-08-03T19:15:00+00:00,1.004653472291225,1.008805767702797
2026-08-03T19:20:00+00:00,1.004653472291225,1.0090378186032456
2026-08-03T19:25:00+00:00,1.004653472291225,1.009667536183049
2026-08-03T19:30:00+00:00,1.004653472291225,1.0096999971168938
2026-08-03T19:35:00+00:00,1.004653472291225,1.0096344148469825
2026-08-03T19:40:00+00:00,1.004653472291225,1.009766912801687
2026-08-03T19:45:00+00:00,1.004653472291225,1.009733792658916
2026-08-03T19:50:00+00:00,1.004653472291225,1.0098331563464442
2026-08-03T19:55:00+00:00,1.004653472291225,1.0098000448918139
2026-08-03T20:00:00+00:00,1.004653472291225,1.0095682006298177
2026-08-03T20:05:00+00:00,1.004653472291225,1.0094356939753184
2026-08-03T20:10:00+00:00,1.004653472291225,1.0094356939753184
2026-08-03T20:15:00+00:00,1.004653472291225,1.0094356939753184
2026-08-03T20:20:00+00:00,1.004653472291225,1.0094356939753184
2026-08-03T20:25:00+00:00,1.004653472291225,1.0094356939753184
2026-08-03T20:30:00+00:00,1.004653472291225,1.0097073888723047
2026-08-03T20:35:00+00:00,1.004653472291225,1.0102969622777818
2026-08-03T20:40:00+00:00,1.004653472291225,1.0102969622777818
2026-08-03T20:45:00+00:00,1.004653472291225,1.0102969622777818
2026-08-03T20:50:00+00:00,1.004653472291225,1.0102307827513974
2026-08-03T20:55:00+00:00,1.004653472291225,1.010098362934547
2026-08-03T21:00:00+00:00,1.004653472291225,1.0105618930604512
2026-08-03T21:05:00+00:00,1.004653472291225,1.0105618930604512
2026-08-03T21:10:00+00:00,1.004653472291225,1.0105618930604512
2026-08-03T21:15:00+00:00,1.004653472291225,1.0105618930604512
2026-08-03T21:20:00+00:00,1.004653472291225,1.0105618930604512
2026-08-03T21:25:00+00:00,1.004653472291225,1.0105618930604512
2026-08-03T21:30:00+00:00,1.004653472291225,1.0105618930604512
2026-08-03T21:35:00+00:00,1.004653472291225,1.0105618930604512
2026-08-03T21:40:00+00:00,1.004653472291225,1.0105618930604512
2026-08-03T21:45:00+00:00,1.004653472291225,1.0105618930604512
2026-08-03T21:50:00+00:00,1.004653472291225,1.0105618930604512
2026-08-03T21:55:00+00:00,1.004653472291225,1.0105618930604512
2026-08-03T22:00:00+00:00,1.004653472291225,1.0105618930604512
2026-08-03T22:05:00+00:00,1.004653472291225,1.0105618930604512
2026-08-03T22:10:00+00:00,1.004653472291225,1.0105618930604512
2026-08-03T22:15:00+00:00,1.004653472291225,1.0105618930604512
2026-08-03T22:20:00+00:00,1.004653472291225,1.0105618930604512
2026-08-03T22:25:00+00:00,1.004653472291225,1.0105618930604512
2026-08-03T22:30:00+00:00,1.004653472291225,1.0105618930604512
2026-08-03T22:35:00+00:00,1.004653472291225,1.0095690696129855
2026-08-03T22:40:00+00:00,1.004653472291225,1.0096353229972626
2026-08-03T22:45:00+00:00,1.004653472291225,1.010099066255857
2026-08-03T22:50:00+00:00,1.004653472291225,1.009305767002301
2026-08-03T22:55:00+00:00,1.004653472291225,1.0095032537577966
2026-08-03T23:00:00+00:00,1.004653472291225,1.0097020270422066
2026-08-03T23:05:00+00:00,1.004653472291225,1.0097020270422066
2026-08-03T23:10:00+00:00,1.004653472291225,1.0097020270422066
2026-08-03T23:15:00+00:00,1.004653472291225,1.0097020270422066
2026-08-03T23:20:00+00:00,1.004653472291225,1.0097020270422066
2026-08-03T23:25:00+00:00,1.004653472291225,1.0097020270422066
2026-08-03T23:30:00+00:00,1.004653472291225,1.0097020270422066
2026-08-03T23:35:00+00:00,1.004653472291225,1.0097020270422066
2026-08-03T23:40:00+00:00,1.004653472291225,1.0097020270422066
2026-08-03T23:45:00+00:00,1.004653472291225,1.0096357823218916
2026-08-03T23:50:00+00:00,1.004653472291225,1.0096357823218916
2026-08-03T23:55:00+00:00,1.004653472291225,1.0096357823218916
2026-08-04T00:00:00+00:00,1.004653472291225,1.0096357823218916
2026-08-04T08:05:00+00:00,1.004653472291225,1.012153416428254
2026-08-04T08:10:00+00:00,1.004653472291225,1.0118229928788847
2026-08-04T08:15:00+00:00,1.004653472291225,1.0118229928788847
2026-08-04T08:20:00+00:00,1.004653472291225,1.0118229928788847
2026-08-04T08:25:00+00:00,1.004653472291225,1.0118229928788847
2026-08-04T08:30:00+00:00,1.004653472291225,1.0118229928788847
2026-08-04T08:35:00+00:00,1.004653472291225,1.0118229928788847
2026-08-04T08:40:00+00:00,1.004653472291225,1.0118229928788847
2026-08-04T08:45:00+00:00,1.004653472291225,1.0104347606267967
2026-08-04T08:50:00+00:00,1.004653472291225,1.0104347606267967
2026-08-04T08:55:00+00:00,1.004653472291225,1.0101037743975556
2026-08-04T09:00:00+00:00,1.004653472291225,1.0101037743975556
2026-08-04T09:05:00+00:00,1.004653472291225,1.0099051175650402
2026-08-04T09:10:00+00:00,1.004653472291225,1.0095077257296918
2026-08-04T09:15:00+00:00,1.004653472291225,1.0095077257296918
2026-08-04T09:20:00+00:00,1.004653472291225,1.009446768319107
2026-08-04T09:25:00+00:00,1.004653472291225,1.0093752052982523
2026-08-04T09:30:00+00:00,1.004653472291225,1.009441472052802
2026-08-04T09:35:00+00:00,1.004653472291225,1.0092426761373645
2026-08-04T09:40:00+00:00,1.004653472291225,1.0089775743049143
2026-08-04T09:45:00+00:00,1.004653472291225,1.0089775743049143
2026-08-04T09:50:00+00:00,1.004653472291225,1.0089775743049143
2026-08-04T09:55:00+00:00,1.004653472291225,1.0089775743049143
2026-08-04T10:00:00+00:00,1.004653472291225,1.0089775743049143
2026-08-04T10:05:00+00:00,1.004653472291225,1.0089775743049143
2026-08-04T10:10:00+00:00,1.004653472291225,1.0089775743049143
2026-08-04T10:15:00+00:00,1.004653472291225,1.0089775743049143
2026-08-04T10:20:00+00:00,1.004653472291225,1.0089775743049143
2026-08-04T10:25:00+00:00,1.004653472291225,1.0089775743049143
2026-08-04T10:30:00+00:00,1.004653472291225,1.009242745809331
2026-08-04T10:35:00+00:00,1.004653472291225,1.0093090212720188
2026-08-04T10:40:00+00:00,1.004653472291225,1.0093090212720188
2026-08-04T10:45:00+00:00,1.004653472291225,1.0093090212720188
2026-08-04T10:50:00+00:00,1.004653472291225,1.0101043310757911
2026-08-04T10:55:00+00:00,1.004653472291225,1.0101043310757911
2026-08-04T11:00:00+00:00,1.004653472291225,1.0101043310757911
2026-08-04T11:05:00+00:00,1.004653472291225,1.0098189272691218
2026-08-04T11:10:00+00:00,1.004653472291225,1.0098189272691218
2026-08-04T11:15:00+00:00,1.004653472291225,1.010435600268606
2026-08-04T11:20:00+00:00,1.004653472291225,1.010104613764325
2026-08-04T11:25:00+00:00,1.004653472291225,1.0104357087603144
2026-08-04T11:30:00+00:00,1.004653472291225,1.0105681134057958
2026-08-04T11:35:00+00:00,1.004653472291225,1.010700490680279
2026-08-04T11:40:00+00:00,1.004653472291225,1.010899030588087
2026-08-04T11:45:00+00:00,1.004653472291225,1.010899030588087
2026-08-04T11:50:00+00:00,1.004653472291225,1.012354704018702
2026-08-04T11:55:00+00:00,1.004653472291225,1.0134118555174814
2026-08-04T12:00:00+00:00,1.004653472291225,1.0121577962980708
2026-08-04T12:05:00+00:00,1.004653472291225,1.011532595729707
2026-08-04T12:10:00+00:00,1.004653472291225,1.0109678808712157
2026-08-04T12:15:00+00:00,1.004653472291225,1.0109678808712157
2026-08-04T12:20:00+00:00,1.004653472291225,1.0111769553806105
2026-08-04T12:25:00+00:00,1.004653472291225,1.0111769553806105
2026-08-04T12:30:00+00:00,1.004653472291225,1.0111769553806105
2026-08-04T12:35:00+00:00,1.004653472291225,1.0121585488686764
2026-08-04T12:40:00+00:00,1.004653472291225,1.0131643632532275
2026-08-04T12:45:00+00:00,1.004653472291225,1.0132818779710766
2026-08-04T12:50:00+00:00,1.004653472291225,1.0128198294694495
2026-08-04T12:55:00+00:00,1.004653472291225,1.0123105934328742
2026-08-04T13:00:00+00:00,1.004653472291225,1.0119570910410023
2026-08-04T13:05:00+00:00,1.004653472291225,1.011035019710592
2026-08-04T13:10:00+00:00,1.004653472291225,1.0111018399374152
2026-08-04T13:15:00+00:00,1.004653472291225,1.0110356856689031
2026-08-04T13:20:00+00:00,1.004653472291225,1.0111680028637298
2026-08-04T13:25:00+00:00,1.004653472291225,1.0138801504574375
2026-08-04T13:30:00+00:00,1.004653472291225,1.0128245750795535
2026-08-04T13:35:00+00:00,1.004653472291225,1.0132869055720415
2026-08-04T13:40:00+00:00,1.004653472291225,1.013946937060098
2026-08-04T13:45:00+00:00,1.004653472291225,1.0134522258293075
2026-08-04T13:50:00+00:00,1.004653472291225,1.0146072898477851
2026-08-04T13:55:00+00:00,1.004653472291225,1.0139150626519826
2026-08-04T14:00:00+00:00,1.004653472291225,1.0136095921753001
2026-08-04T14:05:00+00:00,1.004653472291225,1.01404711102877
2026-08-04T14:10:00+00:00,1.004653472291225,1.0142780132408722
2026-08-04T14:15:00+00:00,1.004653472291225,1.0142120814704976
2026-08-04T14:20:00+00:00,1.004653472291225,1.0134207114801699
2026-08-04T14:25:00+00:00,1.004653472291225,1.0132378746270387
2026-08-04T14:30:00+00:00,1.004653472291225,1.0134867574155086
2026-08-04T14:35:00+00:00,1.004653472291225,1.0128267247477494
2026-08-04T14:40:00+00:00,1.004653472291225,1.0128927704089257
2026-08-04T14:45:00+00:00,1.004653472291225,1.0129918319031261
2026-08-04T14:50:00+00:00,1.004653472291225,1.0130908837109502
2026-08-04T14:55:00+00:00,1.004653472291225,1.013553076346291
2026-08-04T15:00:00+00:00,1.004653472291225,1.0134870896927124
2026-08-04T15:05:00+00:00,1.004653472291225,1.0132230844917955
2026-08-04T15:10:00+00:00,1.004653472291225,1.0136521796189941
2026-08-04T15:15:00+00:00,1.004653472291225,1.0135532008881147
2026-08-04T15:20:00+00:00,1.004653472291225,1.0126965526907197
2026-08-04T15:25:00+00:00,1.004653472291225,1.012497068850652
2026-08-04T15:30:00+00:00,1.004653472291225,1.0127613386233376
2026-08-04T15:35:00+00:00,1.004653472291225,1.0126292579814473
2026-08-04T15:40:00+00:00,1.004653472291225,1.013355865005107
2026-08-04T15:45:00+00:00,1.004653472291225,1.0134878768426878
2026-08-04T15:50:00+00:00,1.004653472291225,1.0133888819338515
2026-08-04T15:55:00+00:00,1.004653472291225,1.0138839263300283
2026-08-04T16:00:00+00:00,1.004653472291225,1.01388392740333
2026-08-04T16:05:00+00:00,1.004653472291225,1.0137519799895607
2026-08-04T16:10:00+00:00,1.004653472291225,1.0138832847565602
2026-08-04T16:15:00+00:00,1.004653472291225,1.013587047737963
2026-08-04T16:20:00+00:00,1.004653472291225,1.0134220714413866
2026-08-04T16:25:00+00:00,1.004653472291225,1.0138840723424432
2026-08-04T16:30:00+00:00,1.004653472291225,1.01398303298174
2026-08-04T16:35:00+00:00,1.004653472291225,1.0139507154112597
2026-08-04T16:40:00+00:00,1.004653472291225,1.013736974476066
2026-08-04T16:45:00+00:00,1.004653472291225,1.0141480676795178
2026-08-04T16:50:00+00:00,1.004653472291225,1.0146097636000273
2026-08-04T16:55:00+00:00,1.004653472291225,1.0144119839190135
2026-08-04T17:00:00+00:00,1.004653472291225,1.014609819315771
2026-08-04T17:05:00+00:00,1.004653472291225,1.015730535564605
2026-08-04T17:10:00+00:00,1.004653472291225,1.015532973868113
2026-08-04T17:15:00+00:00,1.004653472291225,1.0154341780724845
2026-08-04T17:20:00+00:00,1.004653472291225,1.015203630691002
2026-08-04T17:25:00+00:00,1.004653472291225,1.015467183035418
2026-08-04T17:30:00+00:00,1.004653472291225,1.01487434412472
2026-08-04T17:35:00+00:00,1.004653472291225,1.014709566115438
2026-08-04T17:40:00+00:00,1.004653472291225,1.0148084506911315
2026-08-04T17:45:00+00:00,1.004653472291225,1.0149073192103113
2026-08-04T17:50:00+00:00,1.004653472291225,1.014741891755852
2026-08-04T17:55:00+00:00,1.004653472291225,1.0142152450668067
2026-08-04T18:00:00+00:00,1.004653472291225,1.0138195309641664
2026-08-04T18:05:00+00:00,1.004653472291225,1.0137938066545162
2026-08-04T18:10:00+00:00,1.004653472291225,1.0140168081475176
2026-08-04T18:15:00+00:00,1.004653472291225,1.0140827733748399
2026-08-04T18:20:00+00:00,1.004653472291225,1.0138195890682538
2026-08-04T18:25:00+00:00,1.004653472291225,1.0138525779499044
2026-08-04T18:30:00+00:00,1.004653472291225,1.0135557097400902
2026-08-04T18:35:00+00:00,1.004653472291225,1.0133247262146252
2026-08-04T18:40:00+00:00,1.004653472291225,1.0128289885627542
2026-08-04T18:45:00+00:00,1.004653472291225,1.0124664145691218
2026-08-04T18:50:00+00:00,1.004653472291225,1.0129618969111918
2026-08-04T18:55:00+00:00,1.004653472291225,1.0129288799002103
2026-08-04T19:00:00+00:00,1.004653472291225,1.012961237647215
2026-08-04T19:05:00+00:00,1.004653472291225,1.0130279320529458
2026-08-04T19:10:00+00:00,1.004653472291225,1.0135231398747062
2026-08-04T19:15:00+00:00,1.004653472291225,1.0132261512617324
2026-08-04T19:20:00+00:00,1.004653472291225,1.0135232269511172
2026-08-04T19:25:00+00:00,1.004653472291225,1.0129952471493586
2026-08-04T19:30:00+00:00,1.004653472291225,1.0129952471493586
2026-08-04T19:35:00+00:00,1.004653472291225,1.0130612790408355
2026-08-04T19:40:00+00:00,1.004653472291225,1.0131273098563838
2026-08-04T19:45:00+00:00,1.004653472291225,1.0131933331414835
2026-08-04T19:50:00+00:00,1.004653472291225,1.01299527081474
2026-08-04T19:55:00+00:00,1.004653472291225,1.0126321083151173
2026-08-04T20:00:00+00:00,1.004653472291225,1.0128963306525771
2026-08-04T20:05:00+00:00,1.004653472291225,1.0128963306525771
2026-08-04T20:10:00+00:00,1.004653472291225,1.0128963306525771
2026-08-04T20:15:00+00:00,1.004653472291225,1.013021803532238
2026-08-04T20:20:00+00:00,1.004653472291225,1.012698255654068
2026-08-04T20:25:00+00:00,1.004653472291225,1.0125661530900643
2026-08-04T20:30:00+00:00,1.004653472291225,1.0125661530900643
2026-08-04T20:35:00+00:00,1.004653472291225,1.0124386574823225
2026-08-04T20:40:00+00:00,1.004653472291225,1.0124386574823225
2026-08-04T20:45:00+00:00,1.004653472291225,1.0128304420287226
2026-08-04T20:50:00+00:00,1.004653472291225,1.0128304420287226
2026-08-04T20:55:00+00:00,1.004653472291225,1.0128304420287226
2026-08-04T21:00:00+00:00,1.004653472291225,1.0128304420287226
2026-08-04T21:05:00+00:00,1.004653472291225,1.0128304420287226
2026-08-04T21:10:00+00:00,1.004653472291225,1.0121739778533336
2026-08-04T21:15:00+00:00,1.004653472291225,1.0121739778533336
2026-08-04T21:20:00+00:00,1.004653472291225,1.0121739778533336
2026-08-04T21:25:00+00:00,1.004653472291225,1.0121739778533336
2026-08-04T21:30:00+00:00,1.004653472291225,1.0130952102053439
2026-08-04T21:35:00+00:00,1.004653472291225,1.0130952102053439
2026-08-04T21:40:00+00:00,1.004653472291225,1.0130952102053439
2026-08-04T21:45:00+00:00,1.004653472291225,1.0130952102053439
2026-08-04T21:50:00+00:00,1.004653472291225,1.0130952102053439
2026-08-04T21:55:00+00:00,1.004653472291225,1.0130952102053439
2026-08-04T22:00:00+00:00,1.004653472291225,1.0130952102053439
2026-08-04T22:05:00+00:00,1.004653472291225,1.0128971509272513
2026-08-04T22:10:00+00:00,1.004653472291225,1.0125537511890312
2026-08-04T22:15:00+00:00,1.004653472291225,1.0135578755801995
2026-08-04T22:20:00+00:00,1.004653472291225,1.0126339395040098
2026-08-04T22:25:00+00:00,1.004653472291225,1.0126339395040098
2026-08-04T22:30:00+00:00,1.004653472291225,1.0126339395040098
2026-08-04T22:35:00+00:00,1.004653472291225,1.0126339395040098
2026-08-04T22:40:00+00:00,1.004653472291225,1.0132284408383565
2026-08-04T22:45:00+00:00,1.004653472291225,1.0132284408383565
2026-08-04T22:50:00+00:00,1.004653472291225,1.0132284408383565
2026-08-04T22:55:00+00:00,1.004653472291225,1.0132284408383565
2026-08-04T23:00:00+00:00,1.004653472291225,1.0128983559931524
2026-08-04T23:05:00+00:00,1.004653472291225,1.011973713776364
2026-08-04T23:10:00+00:00,1.004653472291225,1.0123042081309612
2026-08-04T23:15:00+00:00,1.004653472291225,1.0123042081309612
2026-08-04T23:20:00+00:00,1.004653472291225,1.0123042081309612
2026-08-04T23:25:00+00:00,1.004653472291225,1.011907744341876
2026-08-04T23:30:00+00:00,1.004653472291225,1.011907744341876
2026-08-04T23:35:00+00:00,1.004653472291225,1.011907744341876
2026-08-04T23:40:00+00:00,1.004653472291225,1.011907744341876
2026-08-04T23:45:00+00:00,1.004653472291225,1.0116433315526567
2026-08-04T23:50:00+00:00,1.004653472291225,1.0116433315526567
2026-08-04T23:55:00+00:00,1.004653472291225,1.0122053556257418
2026-08-05T00:00:00+00:00,1.004653472291225,1.0122053556257418
2026-08-05T08:05:00+00:00,1.004653472291225,1.0240673952767714
2026-08-05T08:10:00+00:00,1.004653472291225,1.0240673952767714
2026-08-05T08:15:00+00:00,1.004653472291225,1.0241274965289502
2026-08-05T08:20:00+00:00,1.004653472291225,1.0238061061280455
2026-08-05T08:25:00+00:00,1.004653472291225,1.023675418598542
2026-08-05T08:30:00+00:00,1.004653472291225,1.0233486580588975
2026-08-05T08:35:00+00:00,1.004653472291225,1.0236755229682044
2026-08-05T08:40:00+00:00,1.004653472291225,1.0236755229682044
2026-08-05T08:45:00+00:00,1.004653472291225,1.0233487623952446
2026-08-05T08:50:00+00:00,1.004653472291225,1.0230872704411382
2026-08-05T08:55:00+00:00,1.004653472291225,1.023021880739589
2026-08-05T09:00:00+00:00,1.004653472291225,1.023021880739589
2026-08-05T09:05:00+00:00,1.004653472291225,1.023544964943028
2026-08-05T09:10:00+00:00,1.004653472291225,1.0236103254133309
2026-08-05T09:15:00+00:00,1.004653472291225,1.0236103254133309
2026-08-05T09:20:00+00:00,1.004653472291225,1.0230221187392967
2026-08-05T09:25:00+00:00,1.004653472291225,1.0227605431528128
2026-08-05T09:30:00+00:00,1.004653472291225,1.0226951325271314
2026-08-05T09:35:00+00:00,1.004653472291225,1.0226951325271314
2026-08-05T09:40:00+00:00,1.004653472291225,1.0223680338250258
2026-08-05T09:45:00+00:00,1.004653472291225,1.0223680338250258
2026-08-05T09:50:00+00:00,1.004653472291225,1.0223680338250258
2026-08-05T09:55:00+00:00,1.004653472291225,1.022629776793235
2026-08-05T10:00:00+00:00,1.004653472291225,1.0228260337872461
2026-08-05T10:05:00+00:00,1.004653472291225,1.0222373757552672
2026-08-05T10:10:00+00:00,1.004653472291225,1.0222373757552672
2026-08-05T10:15:00+00:00,1.004653472291225,1.021910155084411
2026-08-05T10:20:00+00:00,1.004653472291225,1.0221720154700826
2026-08-05T10:25:00+00:00,1.004653472291225,1.0221720154700826
2026-08-05T10:30:00+00:00,1.004653472291225,1.0221720154700826
2026-08-05T10:35:00+00:00,1.004653472291225,1.0226301286548565
2026-08-05T10:40:00+00:00,1.004653472291225,1.0224338715933183
2026-08-05T10:45:00+00:00,1.004653472291225,1.0224338715933183
2026-08-05T10:50:00+00:00,1.004653472291225,1.0224338715933183
2026-08-05T10:55:00+00:00,1.004653472291225,1.0223684400131574
2026-08-05T11:00:00+00:00,1.004653472291225,1.0229573284546263
2026-08-05T11:05:00+00:00,1.004653472291225,1.0231083981022884
2026-08-05T11:10:00+00:00,1.004653472291225,1.0238074007479532
2026-08-05T11:15:00+00:00,1.004653472291225,1.0242648076796124
2026-08-05T11:20:00+00:00,1.004653472291225,1.0242648076796124
2026-08-05T11:25:00+00:00,1.004653472291225,1.0244607517188318
2026-08-05T11:30:00+00:00,1.004653472291225,1.025505586753731
2026-08-05T11:35:00+00:00,1.004653472291225,1.025379681805739
2026-08-05T11:40:00+00:00,1.004653472291225,1.0260275520996112
2026-08-05T11:45:00+00:00,1.004653472291225,1.0260379921484961
2026-08-05T11:50:00+00:00,1.004653472291225,1.0261970865127048
2026-08-05T11:55:00+00:00,1.004653472291225,1.0264389480728757
2026-08-05T12:00:00+00:00,1.004653472291225,1.0269968583783822
2026-08-05T12:05:00+00:00,1.004653472291225,1.0273251692706222
2026-08-05T12:10:00+00:00,1.004653472291225,1.027591511048249
2026-08-05T12:15:00+00:00,1.004653472291225,1.0277868211428476
2026-08-05T12:20:00+00:00,1.004653472291225,1.0288282770730746
2026-08-05T12:25:00+00:00,1.004653472291225,1.0294135036243106
2026-08-05T12:30:00+00:00,1.004653472291225,1.0289585450023546
2026-08-05T12:35:00+00:00,1.004653472291225,1.0277232225990283
2026-08-05T12:40:00+00:00,1.004653472291225,1.0279836034509662
2026-08-05T12:45:00+00:00,1.004653472291225,1.0271961508299383
2026-08-05T12:50:00+00:00,1.004653472291225,1.0270176983100436
2026-08-05T12:55:00+00:00,1.004653472291225,1.0263506649610636
2026-08-05T13:00:00+00:00,1.004653472291225,1.0258996055002918
2026-08-05T13:05:00+00:00,1.004653472291225,1.0267473486271357
2026-08-05T13:10:00+00:00,1.004653472291225,1.0272034491119932
2026-08-05T13:15:00+00:00,1.004653472291225,1.0264219046729244
2026-08-05T13:20:00+00:00,1.004653472291225,1.0265522605155295
2026-08-05T13:25:00+00:00,1.004653472291225,1.0272691266192415
2026-08-05T13:30:00+00:00,1.004653472291225,1.0274644992184463
2026-08-05T13:35:00+00:00,1.004653472291225,1.028050431343015
2026-08-05T13:40:00+00:00,1.004653472291225,1.0280504323727433
2026-08-05T13:45:00+00:00,1.004653472291225,1.027594884611991
2026-08-05T13:50:00+00:00,1.004653472291225,1.0270740735118762
2026-08-05T13:55:00+00:00,1.004653472291225,1.0279859860581195
2026-08-05T14:00:00+00:00,1.004653472291225,1.0287012523522037
2026-08-05T14:05:00+00:00,1.004653472291225,1.0291896897969335
2026-08-05T14:10:00+00:00,1.004653472291225,1.0312372787079804
2026-08-05T14:15:00+00:00,1.004653472291225,1.0315292117574386
2026-08-05T14:20:00+00:00,1.004653472291225,1.0323399339665076
2026-08-05T14:25:00+00:00,1.004653472291225,1.0318214958326888
2026-08-05T14:30:00+00:00,1.004653472291225,1.0323077759142991
2026-08-05T14:35:00+00:00,1.004653472291225,1.0316273775626095
2026-08-05T14:40:00+00:00,1.004653472291225,1.0317895015533
2026-08-05T14:45:00+00:00,1.004653472291225,1.033248343418208
2026-08-05T14:50:00+00:00,1.004653472291225,1.0336368313277524
2026-08-05T14:55:00+00:00,1.004653472291225,1.0326013216761043
2026-08-05T15:00:00+00:00,1.004653472291225,1.0332815637681336
2026-08-05T15:05:00+00:00,1.004653472291225,1.0348031436759817
2026-08-05T15:10:00+00:00,1.004653472291225,1.0347061652277116
2026-08-05T15:15:00+00:00,1.004653472291225,1.0349971076430247
2026-08-05T15:20:00+00:00,1.004653472291225,1.0349324687629569
2026-08-05T15:25:00+00:00,1.004653472291225,1.035320314925091
2026-08-05T15:30:00+00:00,1.004653472291225,1.0349325918192374
2026-08-05T15:35:00+00:00,1.004653472291225,1.0346740202784956
2026-08-05T15:40:00+00:00,1.004653472291225,1.0349003451174557
2026-08-05T15:45:00+00:00,1.004653472291225,1.0347387469767928
2026-08-05T15:50:00+00:00,1.004653472291225,1.0340275206785707
2026-08-05T15:55:00+00:00,1.004653472291225,1.0331864270877298
2026-08-05T16:00:00+00:00,1.004653472291225,1.031923758791903
2026-08-05T16:05:00+00:00,1.004653472291225,1.0310809761520316
2026-08-05T16:10:00+00:00,1.004653472291225,1.0321840876405575
2026-08-05T16:15:00+00:00,1.004653472291225,1.0320220554269177
2026-08-05T16:20:00+00:00,1.004653472291225,1.0319572299209236
2026-08-05T16:25:00+00:00,1.004653472291225,1.0325730925901957
2026-08-05T16:30:00+00:00,1.004653472291225,1.0328646517868232
2026-08-05T16:35:00+00:00,1.004653472291225,1.0328970381110358
2026-08-05T16:40:00+00:00,1.004653472291225,1.0332209023689478
2026-08-05T16:45:00+00:00,1.004653472291225,1.0333827741186292
2026-08-05T16:50:00+00:00,1.004653472291225,1.0330590586372421
2026-08-05T16:55:00+00:00,1.004653472291225,1.0333504624986098
2026-08-05T17:00:00+00:00,1.004653472291225,1.0329296381137816
2026-08-05T17:05:00+00:00,1.004653472291225,1.0331239357933266
2026-08-05T17:10:00+00:00,1.004653472291225,1.0329944280252976
2026-08-05T17:15:00+00:00,1.004653472291225,1.0329944320862796
2026-08-05T17:20:00+00:00,1.004653472291225,1.0325734402331006
2026-08-05T17:25:00+00:00,1.004653472291225,1.0327354237176403
2026-08-05T17:30:00+00:00,1.004653472291225,1.0333184508668976
2026-08-05T17:35:00+00:00,1.004653472291225,1.0337069164499302
2026-08-05T17:40:00+00:00,1.004653472291225,1.0340305161608148
2026-08-05T17:45:00+00:00,1.004653472291225,1.0338687668239719
2026-08-05T17:50:00+00:00,1.004653472291225,1.0339237776633003
2026-08-05T17:55:00+00:00,1.004653472291225,1.0339334843632995
2026-08-05T18:00:00+00:00,1.004653472291225,1.0340628928646096
2026-08-05T18:05:00+00:00,1.004653472291225,1.034321692661289
2026-08-05T18:10:00+00:00,1.004653472291225,1.0345804186178047
2026-08-05T18:15:00+00:00,1.004653472291225,1.0344187694680942
2026-08-05T18:20:00+00:00,1.004653472291225,1.0348702362172086
2026-08-05T18:25:00+00:00,1.004653472291225,1.0357119985369623
2026-08-05T18:30:00+00:00,1.004653472291225,1.0356151064328207
2026-08-05T18:35:00+00:00,1.004653472291225,1.034613826576561
2026-08-05T18:40:00+00:00,1.004653472291225,1.0348724679103396
2026-08-05T18:45:00+00:00,1.004653472291225,1.0351310496660928
2026-08-05T18:50:00+00:00,1.004653472291225,1.0351388088685032
2026-08-05T18:55:00+00:00,1.004653472291225,1.0355511427402397
2026-08-05T19:00:00+00:00,1.004653472291225,1.035357323151412
2026-08-05T19:05:00+00:00,1.004653472291225,1.0354219431220097
2026-08-05T19:10:00+00:00,1.004653472291225,1.0349696396207975
2026-08-05T19:15:00+00:00,1.004653472291225,1.0350342807824753
2026-08-05T19:20:00+00:00,1.004653472291225,1.0341616533573763
2026-08-05T19:25:00+00:00,1.004653472291225,1.034614471039836
2026-08-05T19:30:00+00:00,1.004653472291225,1.034355826514799
2026-08-05T19:35:00+00:00,1.004653472291225,1.033967749041119
2026-08-05T19:40:00+00:00,1.004653472291225,1.034000102997845
2026-08-05T19:45:00+00:00,1.004653472291225,1.0343559529960933
2026-08-05T19:50:00+00:00,1.004653472291225,1.0338061947069161
2026-08-05T19:55:00+00:00,1.004653472291225,1.0338709076970394
2026-08-05T20:00:00+00:00,1.004653472291225,1.0336444167883616
2026-08-05T20:05:00+00:00,1.004653472291225,1.033773865055962
2026-08-05T20:10:00+00:00,1.004653472291225,1.033773865055962
2026-08-05T20:15:00+00:00,1.004653472291225,1.033968013146307
2026-08-05T20:20:00+00:00,1.004653472291225,1.0336444937429443
2026-08-05T20:25:00+00:00,1.004653472291225,1.0336444937429443
2026-08-05T20:30:00+00:00,1.004653472291225,1.0335797696043254
2026-08-05T20:35:00+00:00,1.004653472291225,1.0335797696043254
2026-08-05T20:40:00+00:00,1.004653472291225,1.0337688507795495
2026-08-05T20:45:00+00:00,1.004653472291225,1.0335151514478422
2026-08-05T20:50:00+00:00,1.004653472291225,1.0335151514478422
2026-08-05T20:55:00+00:00,1.004653472291225,1.0333856869418359
2026-08-05T21:00:00+00:00,1.004653472291225,1.033320946578038
2026-08-05T21:05:00+00:00,1.004653472291225,1.0330619688971916
2026-08-05T21:10:00+00:00,1.004653472291225,1.0336448147923816
2026-08-05T21:15:00+00:00,1.004653472291225,1.0336448147923816
2026-08-05T21:20:00+00:00,1.004653472291225,1.0344674588497398
2026-08-05T21:25:00+00:00,1.004653472291225,1.0342922166143986
2026-08-05T21:30:00+00:00,1.004653472291225,1.0342922166143986
2026-08-05T21:35:00+00:00,1.004653472291225,1.0342922166143986
2026-08-05T21:40:00+00:00,1.004653472291225,1.0347450024503149
2026-08-05T21:45:00+00:00,1.004653472291225,1.0345898294931866
2026-08-05T21:50:00+00:00,1.004653472291225,1.0347451130689747
2026-08-05T21:55:00+00:00,1.004653472291225,1.0347451130689747
2026-08-05T22:00:00+00:00,1.004653472291225,1.0339692482003902
2026-08-05T22:05:00+00:00,1.004653472291225,1.0339045685459078
2026-08-05T22:10:00+00:00,1.004653472291225,1.0337104445187681
2026-08-05T22:15:00+00:00,1.004653472291225,1.0336457243557005
2026-08-05T22:20:00+00:00,1.004653472291225,1.0336457243557005
2026-08-05T22:25:00+00:00,1.004653472291225,1.0336457243557005
2026-08-05T22:30:00+00:00,1.004653472291225,1.0335162759243472
2026-08-05T22:35:00+00:00,1.004653472291225,1.0337752052180778
2026-08-05T22:40:00+00:00,1.004653472291225,1.0338994601569795
2026-08-05T22:45:00+00:00,1.004653472291225,1.033904636823964
2026-08-05T22:50:00+00:00,1.004653472291225,1.033904636823964
2026-08-05T22:55:00+00:00,1.004653472291225,1.03378039743839
2026-08-05T23:00:00+00:00,1.004653472291225,1.03378039743839
2026-08-05T23:05:00+00:00,1.004653472291225,1.0343576622927015
2026-08-05T23:10:00+00:00,1.004653472291225,1.0343576622927015
2026-08-05T23:15:00+00:00,1.004653472291225,1.0347457404551426
2026-08-05T23:20:00+00:00,1.004653472291225,1.0347457404551426
2026-08-05T23:25:00+00:00,1.004653472291225,1.0356509166839836
2026-08-05T23:30:00+00:00,1.004653472291225,1.0355863176996598
2026-08-05T23:35:00+00:00,1.004653472291225,1.035392508657046
2026-08-05T23:40:00+00:00,1.004653472291225,1.0371371166034848
2026-08-05T23:45:00+00:00,1.004653472291225,1.0371371166034848
2026-08-05T23:50:00+00:00,1.004653472291225,1.036948757331157
2026-08-05T23:55:00+00:00,1.004653472291225,1.036948757331157
2026-08-06T00:00:00+00:00,1.004653472291225,1.037524260742982
2026-08-06T08:05:00+00:00,1.004653472291225,1.036244300256724
2026-08-06T08:10:00+00:00,1.004653472291225,1.0380565950978977
2026-08-06T08:15:00+00:00,1.004653472291225,1.0383154943609225
2026-08-06T08:20:00+00:00,1.004653472291225,1.0387038432554596
2026-08-06T08:25:00+00:00,1.004653472291225,1.0383154943609225
2026-08-06T08:30:00+00:00,1.004653472291225,1.0383154943609225
2026-08-06T08:35:00+00:00,1.004653472291225,1.0383154943609225
2026-08-06T08:40:00+00:00,1.004653472291225,1.0401277892020961
2026-08-06T08:45:00+00:00,1.004653472291225,1.0401277892020961
2026-08-06T08:50:00+00:00,1.004653472291225,1.039589278735005
2026-08-06T08:55:00+00:00,1.004653472291225,1.0398481779980295
2026-08-06T09:00:00+00:00,1.004653472291225,1.0398481779980295
2026-08-06T09:05:00+00:00,1.004653472291225,1.0419400840432698
2026-08-06T09:10:00+00:00,1.004653472291225,1.040645587728146
2026-08-06T09:15:00+00:00,1.004653472291225,1.040645587728146
2026-08-06T09:20:00+00:00,1.004653472291225,1.0418106344117575
2026-08-06T09:25:00+00:00,1.004653472291225,1.041681184780245
2026-08-06T09:30:00+00:00,1.004653472291225,1.041681184780245
2026-08-06T09:35:00+00:00,1.004653472291225,1.0414222855172202
2026-08-06T09:40:00+00:00,1.004653472291225,1.0407750373596583
2026-08-06T09:45:00+00:00,1.004653472291225,1.0397394403075588
2026-08-06T09:50:00+00:00,1.004653472291225,1.0397394403075588
2026-08-06T09:55:00+00:00,1.004653472291225,1.0396099906760465
2026-08-06T10:00:00+00:00,1.004653472291225,1.0396099906760465
2026-08-06T10:05:00+00:00,1.004653472291225,1.039739440307559
2026-08-06T10:10:00+00:00,1.004653472291225,1.0393510914130222
2026-08-06T10:15:00+00:00,1.004653472291225,1.0389627425184849
2026-08-06T10:20:00+00:00,1.004653472291225,1.03870384325546
2026-08-06T10:25:00+00:00,1.004653472291225,1.03870384325546
2026-08-06T10:30:00+00:00,1.004653472291225,1.03870384325546
2026-08-06T10:35:00+00:00,1.004653472291225,1.03870384325546
2026-08-06T10:40:00+00:00,1.004653472291225,1.03870384325546
2026-08-06T10:45:00+00:00,1.004653472291225,1.0377976958348734
2026-08-06T10:50:00+00:00,1.004653472291225,1.0390921921499972
2026-08-06T10:55:00+00:00,1.004653472291225,1.0390921921499972
2026-08-06T11:00:00+00:00,1.004653472291225,1.0390921921499972
2026-08-06T11:05:00+00:00,1.004653472291225,1.0398688899390718
2026-08-06T11:10:00+00:00,1.004653472291225,1.0388332928869726
2026-08-06T11:15:00+00:00,1.004653472291225,1.0385743936239478
2026-08-06T11:20:00+00:00,1.004653472291225,1.0377976958348734
2026-08-06T11:25:00+00:00,1.004653472291225,1.0367620987827741
2026-08-06T11:30:00+00:00,1.004653472291225,1.0375387965718486
2026-08-06T11:35:00+00:00,1.004653472291225,1.0379271454663859
2026-08-06T11:40:00+00:00,1.004653472291225,1.0374093469403363
2026-08-06T11:45:00+00:00,1.004653472291225,1.0368915484142867
2026-08-06T11:50:00+00:00,1.004653472291225,1.0359854009936997
2026-08-06T11:55:00+00:00,1.004653472291225,1.0357265017306752
2026-08-06T12:00:00+00:00,1.004653472291225,1.0372151724930674
2026-08-06T12:05:00+00:00,1.004653472291225,1.0379167894958645
2026-08-06T12:10:00+00:00,1.004653472291225,1.036198992885695
2026-08-06T12:15:00+00:00,1.004653472291225,1.036198992885695
2026-08-06T12:20:00+00:00,1.004653472291225,1.0355970520991624
2026-08-06T12:25:00+00:00,1.004653472291225,1.0370209980457987
2026-08-06T12:30:00+00:00,1.004653472291225,1.0365031995197491
2026-08-06T12:35:00+00:00,1.004653472291225,1.0383750411914185
2026-08-06T12:40:00+00:00,1.004653472291225,1.0390921921499972
2026-08-06T12:45:00+00:00,1.004653472291225,1.0384164650735026
2026-08-06T12:50:00+00:00,1.004653472291225,1.0355970520991626
2026-08-06T12:55:00+00:00,1.004653472291225,1.0348203543100882
2026-08-06T13:00:00+00:00,1.004653472291225,1.03405530698785
2026-08-06T13:05:00+00:00,1.004653472291225,1.0352087032046255
2026-08-06T13:10:00+00:00,1.004653472291225,1.0302896172071547
2026-08-06T13:15:00+00:00,1.004653472291225,1.0308074157332043
2026-08-06T13:20:00+00:00,1.004653472291225,1.0315841135222787
2026-08-06T13:25:00+00:00,1.004653472291225,1.0333964083634524
2026-08-06T13:30:00+00:00,1.004653472291225,1.0330080594689153
2026-08-06T13:35:00+00:00,1.004653472291225,1.034496730231308
2026-08-06T13:40:00+00:00,1.004653472291225,1.0363737498882377
2026-08-06T13:45:00+00:00,1.004653472291225,1.039480541044535
2026-08-06T13:50:00+00:00,1.004653472291225,1.0372798973088242
2026-08-06T13:55:00+00:00,1.004653472291225,1.0379918702821427
2026-08-06T14:00:00+00:00,1.004653472291225,1.0384449439924361
2026-08-06T14:05:00+00:00,1.004653472291225,1.0385096688081923
2026-08-06T14:10:00+00:00,1.004653472291225,1.0377976958348742
2026-08-06T14:15:00+00:00,1.004653472291225,1.0386391184397048
2026-08-06T14:20:00+00:00,1.004653472291225,1.0379271454663868
2026-08-06T14:25:00+00:00,1.004653472291225,1.0371504476773121
2026-08-06T14:30:00+00:00,1.004653472291225,1.038121319913655
2026-08-06T14:35:00+00:00,1.004653472291225,1.0395452658602915
2026-08-06T14:40:00+00:00,1.004653472291225,1.039220347285195
2026-08-06T14:45:00+00:00,1.004653472291225,1.0399983395705847
2026-08-06T14:50:00+00:00,1.004653472291225,1.0380565950978988
2026-08-06T14:55:00+00:00,1.004653472291225,1.0392216417815106
2026-08-06T15:00:00+00:00,1.004653472291225,1.03973944030756
2026-08-06T15:05:00+00:00,1.004653472291225,1.0391569169657544
2026-08-06T15:10:00+00:00,1.004653472291225,1.0379918702821425
2026-08-06T15:15:00+00:00,1.004653472291225,1.0376682462033613
2026-08-06T15:20:00+00:00,1.004653472291225,1.0357912265464315
2026-08-06T15:25:00+00:00,1.004653472291225,1.0352087032046258
2026-08-06T15:30:00+00:00,1.004653472291225,1.0354028776518942
2026-08-06T15:35:00+00:00,1.004653472291225,1.0341083813367704
2026-08-06T15:40:00+00:00,1.004653472291225,1.0348850791258448
2026-08-06T15:45:00+00:00,1.004653472291225,1.0344967302313077
2026-08-06T15:50:00+00:00,1.004653472291225,1.0337847572579895
2026-08-06T15:55:00+00:00,1.004653472291225,1.0304837916544234
2026-08-06T16:00:00+00:00,1.004653472291225,1.0301601675756422
2026-08-06T16:05:00+00:00,1.004653472291225,1.0311310398119853
2026-08-06T16:10:00+00:00,1.004653472291225,1.0322313616798406
2026-08-06T16:15:00+00:00,1.004653472291225,1.0299012683126176
2026-08-06T16:20:00+00:00,1.004653472291225,1.0282184231029565
2026-08-06T16:25:00+00:00,1.004653472291225,1.0278300742084194
2026-08-06T16:30:00+00:00,1.004653472291225,1.0292540201550557
2026-08-06T16:35:00+00:00,1.004653472291225,1.0297070938653492
2026-08-06T16:40:00+00:00,1.004653472291225,1.0305485164701795
2026-08-06T16:45:00+00:00,1.004653472291225,1.0300954427598863
2026-08-06T16:50:00+00:00,1.004653472291225,1.0307426909174482
2026-08-06T16:55:00+00:00,1.004653472291225,1.031066314996229
2026-08-06T17:00:00+00:00,1.004653472291225,1.032037187232572
2026-08-06T17:05:00+00:00,1.004653472291225,1.0321666368640845
2026-08-06T17:10:00+00:00,1.004653472291225,1.0322960864955968
2026-08-06T17:15:00+00:00,1.004653472291225,1.0318430127853035
2026-08-06T17:20:00+00:00,1.004653472291225,1.031972462416816
2026-08-06T17:25:00+00:00,1.004653472291225,1.0314546638907665
2026-08-06T17:30:00+00:00,1.004653472291225,1.032037187232572
2026-08-06T17:35:00+00:00,1.004653472291225,1.0315841135222785
2026-08-06T17:40:00+00:00,1.004653472291225,1.0320371872325718
2026-08-06T17:45:00+00:00,1.004653472291225,1.0319724624168158
2026-08-06T17:50:00+00:00,1.004653472291225,1.0321019120483281
2026-08-06T17:55:00+00:00,1.004653472291225,1.0332022339161835
2026-08-06T18:00:00+00:00,1.004653472291225,1.0333834634003005
2026-08-06T18:05:00+00:00,1.004653472291225,1.0328786098374025
2026-08-06T18:10:00+00:00,1.004653472291225,1.0336553076264767
2026-08-06T18:15:00+00:00,1.004653472291225,1.0333964083634521
2026-08-06T18:20:00+00:00,1.004653472291225,1.0335245634986494
2026-08-06T18:25:00+00:00,1.004653472291225,1.0335905828107208
2026-08-06T18:30:00+00:00,1.004653472291225,1.0332669587319396
2026-08-06T18:35:00+00:00,1.004653472291225,1.0324902609428654
2026-08-06T18:40:00+00:00,1.004653472291225,1.0323905847266006
2026-08-06T18:45:00+00:00,1.004653472291225,1.0321019120483281
2026-08-06T18:50:00+00:00,1.004653472291225,1.0328138850216462
2026-08-06T18:55:00+00:00,1.004653472291225,1.0319724624168158
2026-08-06T19:00:00+00:00,1.004653472291225,1.032360811311353
2026-08-06T19:05:00+00:00,1.004653472291225,1.0336553076264767
2026-08-06T19:10:00+00:00,1.004653472291225,1.0338494820737454
2026-08-06T19:15:00+00:00,1.004653472291225,1.0335258579949642
2026-08-06T19:20:00+00:00,1.004653472291225,1.0331362146041119
2026-08-06T19:25:00+00:00,1.004653472291225,1.0317135631537908
2026-08-06T19:30:00+00:00,1.004653472291225,1.0311970591240565
2026-08-06T19:35:00+00:00,1.004653472291225,1.0313252142592537
2026-08-06T19:40:00+00:00,1.004653472291225,1.0310015901804725
2026-08-06T19:45:00+00:00,1.004653472291225,1.0304190668386668
2026-08-06T19:50:00+00:00,1.004653472291225,1.031131039811985
2026-08-06T19:55:00+00:00,1.004653472291225,1.0335905828107206
2026-08-06T20:00:00+00:00,1.004653472291225,1.0339142068895018
2026-08-06T20:05:00+00:00,1.004653472291225,1.0333964083634521
2026-08-06T20:10:00+00:00,1.004653472291225,1.0333964083634521
2026-08-06T20:15:00+00:00,1.004653472291225,1.0333964083634521
2026-08-06T20:20:00+00:00,1.004653472291225,1.0329951145057639
2026-08-06T20:25:00+00:00,1.004653472291225,1.0325096783875922
2026-08-06T20:30:00+00:00,1.004653472291225,1.0325096783875922
2026-08-06T20:35:00+00:00,1.004653472291225,1.0325096783875922
2026-08-06T20:40:00+00:00,1.004653472291225,1.0325096783875922
2026-08-06T20:45:00+00:00,1.004653472291225,1.031325214259254
2026-08-06T20:50:00+00:00,1.004653472291225,1.0310663149962291
2026-08-06T20:55:00+00:00,1.004653472291225,1.0310663149962291
2026-08-06T21:00:00+00:00,1.004653472291225,1.0322313616798406
2026-08-06T21:05:00+00:00,1.004653472291225,1.0322313616798406
2026-08-06T21:10:00+00:00,1.004653472291225,1.0322313616798406
2026-08-06T21:15:00+00:00,1.004653472291225,1.0355970520991629
2026-08-06T21:20:00+00:00,1.004653472291225,1.0355970520991629
2026-08-06T21:25:00+00:00,1.004653472291225,1.0355970520991629
2026-08-06T21:30:00+00:00,1.004653472291225,1.0355970520991629
2026-08-06T21:35:00+00:00,1.004653472291225,1.0355970520991629
2026-08-06T21:40:00+00:00,1.004653472291225,1.0355970520991629
2026-08-06T21:45:00+00:00,1.004653472291225,1.0355970520991629
2026-08-06T21:50:00+00:00,1.004653472291225,1.0355970520991629
2026-08-06T21:55:00+00:00,1.004653472291225,1.0355970520991629
2026-08-06T22:00:00+00:00,1.004653472291225,1.033678608560149
2026-08-06T22:05:00+00:00,1.004653472291225,1.031066314996229
2026-08-06T22:10:00+00:00,1.004653472291225,1.031066314996229
2026-08-06T22:15:00+00:00,1.004653472291225,1.031066314996229
2026-08-06T22:20:00+00:00,1.004653472291225,1.0324902609428654
2026-08-06T22:25:00+00:00,1.004653472291225,1.0324902609428654
2026-08-06T22:30:00+00:00,1.004653472291225,1.0324902609428654
2026-08-06T22:35:00+00:00,1.004653472291225,1.0324902609428654
2026-08-06T22:40:00+00:00,1.004653472291225,1.0324902609428654
2026-08-06T22:45:00+00:00,1.004653472291225,1.0324902609428654
2026-08-06T22:50:00+00:00,1.004653472291225,1.032101912048328
2026-08-06T22:55:00+00:00,1.004653472291225,1.032101912048328
2026-08-06T23:00:00+00:00,1.004653472291225,1.032101912048328
2026-08-06T23:05:00+00:00,1.004653472291225,1.032490407121872
2026-08-06T23:10:00+00:00,1.004653472291225,1.0325551319467916
2026-08-06T23:15:00+00:00,1.004653472291225,1.0325551319467916
2026-08-06T23:20:00+00:00,1.004653472291225,1.0325551319467916
2026-08-06T23:25:00+00:00,1.004653472291225,1.0325551319467916
2026-08-06T23:30:00+00:00,1.004653472291225,1.0316555132722236
2026-08-06T23:35:00+00:00,1.004653472291225,1.0330741351494235
2026-08-06T23:40:00+00:00,1.004653472291225,1.0330741543943425
2026-08-06T23:45:00+00:00,1.004653472291225,1.032944777543448
2026-08-06T23:50:00+00:00,1.004653472291225,1.033288316110951
2026-08-06T23:55:00+00:00,1.004653472291225,1.0335269560716682
2026-08-07T00:00:00+00:00,1.004653472291225,1.0335269560716682
2026-08-07T08:05:00+00:00,1.004653472291225,1.0382463008584875
2026-08-07T08:10:00+00:00,1.004653472291225,1.0386968248500756
2026-08-07T08:15:00+00:00,1.004653472291225,1.0392758803148707
2026-08-07T08:20:00+00:00,1.004653472291225,1.0394044876506354
2026-08-07T08:25:00+00:00,1.004653472291225,1.039018713375867
2026-08-07T08:30:00+00:00,1.004653472291225,1.0386971154083742
2026-08-07T08:35:00+00:00,1.004653472291225,1.0406268865596973
2026-08-07T08:40:00+00:00,1.004653472291225,1.040177343964911
2026-08-07T08:45:00+00:00,1.004653472291225,1.040177343964911
2026-08-07T08:50:00+00:00,1.004653472291225,1.0404985846517438
2026-08-07T08:55:00+00:00,1.004653472291225,1.0404985846517438
2026-08-07T09:00:00+00:00,1.004653472291225,1.0404344356872335
2026-08-07T09:05:00+00:00,1.004653472291225,1.0404344356872335
2026-08-07T09:10:00+00:00,1.004653472291225,1.0402417547234728
2026-08-07T09:15:00+00:00,1.004653472291225,1.040305998902989
2026-08-07T09:20:00+00:00,1.004653472291225,1.0403702391153458
2026-08-07T09:25:00+00:00,1.004653472291225,1.0406271840990737
2026-08-07T09:30:00+00:00,1.004653472291225,1.0406914044881195
2026-08-07T09:35:00+00:00,1.004653472291225,1.0400492402251997
2026-08-07T09:40:00+00:00,1.004653472291225,1.0403062646265897
2026-08-07T09:45:00+00:00,1.004653472291225,1.0410771473717744
2026-08-07T09:50:00+00:00,1.004653472291225,1.0419116524226952
2026-08-07T09:55:00+00:00,1.004653472291225,1.0415909458071997
2026-08-07T10:00:00+00:00,1.004653472291225,1.0415267926324145
2026-08-07T10:05:00+00:00,1.004653472291225,1.0415267926324145
2026-08-07T10:10:00+00:00,1.004653472291225,1.041141802442925
2026-08-07T10:15:00+00:00,1.004653472291225,1.040885047374505
2026-08-07T10:20:00+00:00,1.004653472291225,1.0406924335611494
2026-08-07T10:25:00+00:00,1.004653472291225,1.0410135160101068
2026-08-07T10:30:00+00:00,1.004653472291225,1.0412061060784363
2026-08-07T10:35:00+00:00,1.004653472291225,1.0414628453475963
2026-08-07T10:40:00+00:00,1.004653472291225,1.0417195411125948
2026-08-07T10:45:00+00:00,1.004653472291225,1.0417195411125948
2026-08-07T10:50:00+00:00,1.004653472291225,1.0418991700518185
2026-08-07T10:55:00+00:00,1.004653472291225,1.0418991700518185
2026-08-07T11:00:00+00:00,1.004653472291225,1.0418991700518185
2026-08-07T11:05:00+00:00,1.004653472291225,1.042360993417598
2026-08-07T11:10:00+00:00,1.004653472291225,1.042553334602261
2026-08-07T11:15:00+00:00,1.004653472291225,1.0422328250921153
2026-08-07T11:20:00+00:00,1.004653472291225,1.041783973746253
2026-08-07T11:25:00+00:00,1.004653472291225,1.0424254663409245
2026-08-07T11:30:00+00:00,1.004653472291225,1.0424254663409245
2026-08-07T11:35:00+00:00,1.004653472291225,1.0424254663409245
2026-08-07T11:40:00+00:00,1.004653472291225,1.0422972467263683
2026-08-07T11:45:00+00:00,1.004653472291225,1.0421241289503989
2026-08-07T11:50:00+00:00,1.004653472291225,1.0423614038373026
2026-08-07T11:55:00+00:00,1.004653472291225,1.0423614038373026
2026-08-07T12:00:00+00:00,1.004653472291225,1.042233213519003
2026-08-07T12:05:00+00:00,1.004653472291225,1.0424255784532073
2026-08-07T12:10:00+00:00,1.004653472291225,1.0416562606831312
2026-08-07T12:15:00+00:00,1.004653472291225,1.0413996318926202
2026-08-07T12:20:00+00:00,1.004653472291225,1.0413996318926202
2026-08-07T12:25:00+00:00,1.004653472291225,1.0408862477999938
2026-08-07T12:30:00+00:00,1.004653472291225,1.0411334358122089
2026-08-07T12:35:00+00:00,1.004653472291225,1.0467917034525176
2026-08-07T12:40:00+00:00,1.004653472291225,1.0471546851884022
2026-08-07T12:45:00+00:00,1.004653472291225,1.0474942133522007
2026-08-07T12:50:00+00:00,1.004653472291225,1.047706672587824
2026-08-07T12:55:00+00:00,1.004653472291225,1.0474304677901412
2026-08-07T13:00:00+00:00,1.004653472291225,1.0463789537727692
2026-08-07T13:05:00+00:00,1.004653472291225,1.0457715092045317
2026-08-07T13:10:00+00:00,1.004653472291225,1.0453880681720686
2026-08-07T13:15:00+00:00,1.004653472291225,1.0451962773082895
2026-08-07T13:20:00+00:00,1.004653472291225,1.0444929620115804
2026-08-07T13:25:00+00:00,1.004653472291225,1.045580708909044
2026-08-07T13:30:00+00:00,1.004653472291225,1.046159172377416
2026-08-07T13:35:00+00:00,1.004653472291225,1.0459005682586398
2026-08-07T13:40:00+00:00,1.004653472291225,1.0473029638676383
2026-08-07T13:45:00+00:00,1.004653472291225,1.0465403503160144
2026-08-07T13:50:00+00:00,1.004653472291225,1.0459976207430641
2026-08-07T13:55:00+00:00,1.004653472291225,1.046125407392718
2026-08-07T14:00:00+00:00,1.004653472291225,1.0453217039718252
2026-08-07T14:05:00+00:00,1.004653472291225,1.043568735534607
2026-08-07T14:10:00+00:00,1.004653472291225,1.0439849984782072
2026-08-07T14:15:00+00:00,1.004653472291225,1.043664329631766
2026-08-07T14:20:00+00:00,1.004653472291225,1.045041671733092
2026-08-07T14:25:00+00:00,1.004653472291225,1.0457131690437338
2026-08-07T14:30:00+00:00,1.004653472291225,1.0455214357894171
2026-08-07T14:35:00+00:00,1.0044691772920278,1.0452657328342305
2026-08-07T14:40:00+00:00,1.003946912305058,1.0447222560340659
2026-08-07T14:45:00+00:00,1.004069862144297,1.04485019948591
2026-08-07T14:50:00+00:00,1.0038240113852375,1.0445943634885042
2026-08-07T14:55:00+00:00,1.0042850883708474,1.0450741671342028
2026-08-07T15:00:00+00:00,1.0037319579533706,1.044498571302845
2026-08-07T15:05:00+00:00,1.0042238628580278,1.0450104549447476
2026-08-07T15:10:00+00:00,1.0045311754717048,1.0453302490724385
2026-08-07T15:15:00+00:00,1.0053913244904573,1.0462253330777602
2026-08-07T15:20:00+00:00,1.0052378521249354,1.0460656274260154
2026-08-07T15:25:00+00:00,1.0055448324743292,1.0463850757944957
2026-08-07T15:30:00+00:00,1.0048696621509525,1.0456824834016112
2026-08-07T15:35:00+00:00,1.0046546970621726,1.04545878749721
2026-08-07T15:40:00+00:00,1.0049004240273338,1.0457144946728238
2026-08-07T15:45:00+00:00,1.004685482385565,1.0454908231677351
2026-08-07T15:50:00+00:00,1.0045933413401684,1.045394939810119
2026-08-07T15:55:00+00:00,1.0038561913734763,1.0446278504682434
2026-08-07T16:00:00+00:00,1.0037024897273203,1.0444679062236224
2026-08-07T16:05:00+00:00,1.0037947286067195,1.044563891388773
2026-08-07T16:10:00+00:00,1.0043480206711806,1.0451396554324135
2026-08-07T16:15:00+00:00,1.0044094712353429,1.045203601813681
2026-08-07T16:20:00+00:00,1.0038288382081424,1.0445993863530127
2026-08-07T16:25:00+00:00,1.0033031623259068,1.0440523601239353
2026-08-07T16:30:00+00:00,1.003241655265931,1.0439883549522753
2026-08-07T16:35:00+00:00,1.0034569639194464,1.044212408375307
2026-08-07T16:40:00+00:00,1.003518471924082,1.0442764145299943
2026-08-07T16:45:00+00:00,1.0033647240578474,1.044116422188064
2026-08-07T16:50:00+00:00,1.003364725000629,1.0441164231691369
2026-08-07T16:55:00+00:00,1.0028418829112158,1.0435723458274904
2026-08-07T17:00:00+00:00,1.0024110824705668,1.043124048409829
2026-08-07T17:05:00+00:00,1.002996078584271,1.0437328041639327
2026-08-07T17:10:00+00:00,1.0029653118333945,1.043700787820247
2026-08-07T17:15:00+00:00,1.0030268500538302,1.0437648254179503
2026-08-07T17:20:00+00:00,1.0030268509975666,1.0437648264000168
2026-08-07T17:25:00+00:00,1.003396040685683,1.0441490107419837
2026-08-07T17:30:00+00:00,1.0035805629219698,1.044341027356228
2026-08-07T17:35:00+00:00,1.003180807303509,1.0439250356474412
2026-08-07T17:40:00+00:00,1.0030577676422436,1.0437969987254456
2026-08-07T17:45:00+00:00,1.0031808318338873,1.043925061174122
2026-08-07T17:50:00+00:00,1.0032429720946658,1.0439897252640609
2026-08-07T17:55:00+00:00,1.0037037601530372,1.0444692282477295
2026-08-07T18:00:00+00:00,1.0036115286910605,1.0443732508012604
2026-08-07T18:05:00+00:00,1.0035500328866065,1.0443092573422652
2026-08-07T18:10:00+00:00,1.0037960311787713,1.0445652468648394
2026-08-07T18:15:00+00:00,1.0029967090724978,1.0437334602594637
2026-08-07T18:20:00+00:00,1.002996710016322,1.0437334612416214
2026-08-07T18:25:00+00:00,1.0027505758543547,1.043477330330887
2026-08-07T18:30:00+00:00,1.0028736693732974,1.043605423297992
2026-08-07T18:35:00+00:00,1.0031505967442809,1.04389359808515
2026-08-07T18:40:00+00:00,1.0031813587987655,1.0439256095416998
2026-08-07T18:45:00+00:00,1.0028737409028934,1.0436054977327656
2026-08-07T18:50:00+00:00,1.003119913794375,1.0438616689460147
2026-08-07T18:55:00+00:00,1.0029661044530387,1.0437016126321697
2026-08-07T19:00:00+00:00,1.0029353367340237,1.0436695952810242
2026-08-07T19:05:00+00:00,1.0036122095654338,1.0443739593293735
2026-08-07T19:10:00+00:00,1.0041041923503533,1.0448859240146484
2026-08-07T19:15:00+00:00,1.0040740760042113,1.0448545844919113
2026-08-07T19:20:00+00:00,1.0043808361462299,1.0451738037092848
2026-08-07T19:25:00+00:00,1.0045651825829651,1.045365637383872
2026-08-07T19:30:00+00:00,1.004534464340087,1.045333671518339
2026-08-07T19:35:00+00:00,1.0042579963584122,1.0450459747786045
2026-08-07T19:40:00+00:00,1.0042887245267114,1.04507795097268
2026-08-07T19:45:00+00:00,1.0045339212455586,1.0453331063660047
2026-08-07T19:50:00+00:00,1.0044423746106517,1.0452378415608843
2026-08-07T19:55:00+00:00,1.0039508301149425,1.044726332965953
2026-08-07T20:00:00+00:00,1.0041045180137416,1.0448862629048679
2026-08-07T20:05:00+00:00,1.0041045180137416,1.0448862629048679
2026-08-07T20:10:00+00:00,1.0039760545929133,1.0447525819370989
2026-08-07T20:15:00+00:00,1.0037264717061531,1.0444928622314773
2026-08-07T20:20:00+00:00,1.0037356950422078,1.0445024601736925
2026-08-07T20:25:00+00:00,1.003428253332136,1.0441825317063518
2026-08-07T20:30:00+00:00,1.003428253332136,1.0441825317063518
2026-08-07T20:35:00+00:00,1.003296012879478,1.0440449203024553
2026-08-07T20:40:00+00:00,1.0035494558963982,1.0443086569175766
2026-08-07T20:45:00+00:00,1.0038526497319908,1.0446241649828476
2026-08-07T20:50:00+00:00,1.0038526497319908,1.0446241649828476
2026-08-07T20:55:00+00:00,1.0038526497319908,1.0446241649828476
2026-08-07T21:00:00+00:00,1.0038526497319908,1.0446241649828476
2026-08-07T21:05:00+00:00,1.0038526497319908,1.0446241649828476
2026-08-07T21:10:00+00:00,1.0038526497319908,1.0446241649828476
2026-08-07T21:15:00+00:00,1.0038526497319908,1.0446241649828476
2026-08-07T21:20:00+00:00,1.0038526497319908,1.0446241649828476
2026-08-07T21:25:00+00:00,1.004780400959006,1.0455895968628064
2026-08-07T21:30:00+00:00,1.0046581662455567,1.045462397581614
2026-08-07T21:35:00+00:00,1.0047755012765907,1.0455844981795952
2026-08-07T21:40:00+00:00,1.004351056044046,1.045142814087068
2026-08-07T21:45:00+00:00,1.004351056044046,1.045142814087068
2026-08-07T21:50:00+00:00,1.0045354082936873,1.0453346538106525
2026-08-07T21:55:00+00:00,1.0045354082936873,1.0453346538106525
2026-08-07T22:00:00+00:00,1.0041053319720936,1.0448871099221708
2026-08-07T22:05:00+00:00,1.0043511801310594,1.0451429432138803
2026-08-07T22:10:00+00:00,1.0043511801310594,1.0451429432138803
2026-08-07T22:15:00+00:00,1.0041053771011692,1.0448871568841658
2026-08-07T22:20:00+00:00,1.0045971035346173,1.0453988548062443
2026-08-07T22:25:00+00:00,1.0048410819833542,1.0456527424493693
2026-08-07T22:30:00+00:00,1.0048410819833542,1.0456527424493693
2026-08-07T22:35:00+00:00,1.0048410819833542,1.0456527424493693
2026-08-07T22:40:00+00:00,1.0048410819833542,1.0456527424493693
2026-08-07T22:45:00+00:00,1.0048410819833542,1.0456527424493693
2026-08-07T22:50:00+00:00,1.0048410819833542,1.0456527424493693
2026-08-07T22:55:00+00:00,1.0048410819833542,1.0456527424493693
2026-08-07T23:00:00+00:00,1.004535820461768,1.045335082718956
2026-08-07T23:05:00+00:00,1.004535820461768,1.045335082718956
2026-08-07T23:10:00+00:00,1.0047471723408132,1.0455550186629654
2026-08-07T23:15:00+00:00,1.0047471723408132,1.0455550186629654
2026-08-07T23:20:00+00:00,1.0047471723408132,1.0455550186629654
2026-08-07T23:25:00+00:00,1.0045358649109821,1.045335128973477
2026-08-07T23:30:00+00:00,1.0045358649109821,1.045335128973477
2026-08-07T23:35:00+00:00,1.0047122132597914,1.0455186397174792
2026-08-07T23:40:00+00:00,1.004535912826301,1.0453351788348784
2026-08-07T23:45:00+00:00,1.004535912826301,1.0453351788348784
2026-08-07T23:50:00+00:00,1.0045973523316727,1.0453991137082017
2026-08-07T23:55:00+00:00,1.0047601570640403,1.0455685307612426
2026-08-08T00:00:00+00:00,1.0038750307564457,1.0446474550135
2026-08-10T08:05:00+00:00,1.0050896492434853,1.045911405278646
2026-08-10T08:10:00+00:00,1.0052124607842041,1.0460392048149703
2026-08-10T08:15:00+00:00,1.0051510625151605,1.04597531285279
2026-08-10T08:20:00+00:00,1.0052124645348621,1.0460392087179613
2026-08-10T08:25:00+00:00,1.0052124645348621,1.0460392087179613
2026-08-10T08:30:00+00:00,1.0052124645348621,1.0460392087179613
2026-08-10T08:35:00+00:00,1.0054580576119534,1.0462947765676358
2026-08-10T08:40:00+00:00,1.0054580576119534,1.0462947765676358
2026-08-10T08:45:00+00:00,1.0042917753717442,1.0450811257279056
2026-08-10T08:50:00+00:00,1.0042917753717442,1.0450811257279056
2026-08-10T08:55:00+00:00,1.0042917753717442,1.0450811257279056
2026-08-10T09:00:00+00:00,1.0041688660858095,1.0449532244764395
2026-08-10T09:05:00+00:00,1.0041688660858095,1.0449532244764395
2026-08-10T09:10:00+00:00,1.0041688660858095,1.0449532244764395
2026-08-10T09:15:00+00:00,1.0041688660858095,1.0449532244764395
2026-08-10T09:20:00+00:00,1.0041688660858095,1.0449532244764395
2026-08-10T09:25:00+00:00,1.0041688660858095,1.0449532244764395
2026-08-10T09:30:00+00:00,1.004353320248208,1.0451451702519718
2026-08-10T09:35:00+00:00,1.004046088362438,1.0448254601309555
2026-08-10T09:40:00+00:00,1.0036158004587685,1.0443776960669835
2026-08-10T09:45:00+00:00,1.0036158004587685,1.0443776960669835
2026-08-10T09:50:00+00:00,1.0036158004587685,1.0443776960669835
2026-08-10T09:55:00+00:00,1.0036158004587685,1.0443776960669835
2026-08-10T10:00:00+00:00,1.0039232807897918,1.044697664723867
2026-08-10T10:05:00+00:00,1.0039232807897918,1.044697664723867
2026-08-10T10:10:00+00:00,1.0037388490786852,1.0445057423114865
2026-08-10T10:15:00+00:00,1.0037388490786852,1.0445057423114865
2026-08-10T10:20:00+00:00,1.003677360543456,1.0444417564169561
2026-08-10T10:25:00+00:00,1.003677360543456,1.0444417564169561
2026-08-10T10:30:00+00:00,1.003677360543456,1.0444417564169561
2026-08-10T10:35:00+00:00,1.003677360543456,1.0444417564169561
2026-08-10T10:40:00+00:00,1.003677360543456,1.0444417564169561
2026-08-10T10:45:00+00:00,1.0034928836361143,1.0442497869726939
2026-08-10T10:50:00+00:00,1.0034928836361143,1.0442497869726939
2026-08-10T10:55:00+00:00,1.003554387245065,1.0443137885531655
2026-08-10T11:00:00+00:00,1.003554387245065,1.0443137885531655
2026-08-10T11:05:00+00:00,1.003123888365869,1.043865804944888
2026-08-10T11:10:00+00:00,1.003123888365869,1.043865804944888
2026-08-10T11:15:00+00:00,1.0024495607274682,1.0431640894626628
2026-08-10T11:20:00+00:00,1.0023855303613751,1.043097458500707
2026-08-10T11:25:00+00:00,1.00234058309865,1.0430506857031205
2026-08-10T11:30:00+00:00,1.0030012759161049,1.0437382125856047
2026-08-10T11:35:00+00:00,1.003370478839755,1.044122410700667
2026-08-10T11:40:00+00:00,1.0031859452793994,1.0439303823024264
2026-08-10T11:45:00+00:00,1.0032480830081334,1.0439950437574814
2026-08-10T11:50:00+00:00,1.0032480830081334,1.0439950437574814
2026-08-10T11:55:00+00:00,1.0032480830081334,1.0439950437574814
2026-08-10T12:00:00+00:00,1.0032480830081334,1.0439950437574814
2026-08-10T12:05:00+00:00,1.0030013930474353,1.043738334474229
2026-08-10T12:10:00+00:00,1.0030013930474353,1.043738334474229
2026-08-10T12:15:00+00:00,1.002693723908464,1.0434181693409548
2026-08-10T12:20:00+00:00,1.0024475130493087,1.0431619586179737
2026-08-10T12:25:00+00:00,1.0023243815451133,1.0430338261228433
2026-08-10T12:30:00+00:00,1.0019549291376142,1.0426493683911358
2026-08-10T12:35:00+00:00,1.0023861159385465,1.0430980678611186
2026-08-10T12:40:00+00:00,1.002687816919388,1.043412022439283
2026-08-10T12:45:00+00:00,1.002687816919388,1.043412022439283
2026-08-10T12:50:00+00:00,1.002609028941288,1.0433300344843222
2026-08-10T12:55:00+00:00,1.0025093050699085,1.0432262603239448
2026-08-10T13:00:00+00:00,1.0029402535552614,1.0436747117991516
2026-08-10T13:05:00+00:00,1.0023248772799176,1.0430343419919366
2026-08-10T13:10:00+00:00,1.0023248772799176,1.0430343419919366
2026-08-10T13:15:00+00:00,1.0033100841871838,1.0440595631168825
2026-08-10T13:20:00+00:00,1.0033100841871838,1.0440595631168825
2026-08-10T13:25:00+00:00,1.0023873587878702,1.0430993611888166
2026-08-10T13:30:00+00:00,1.0026952173132966,1.043419723400484
2026-08-10T13:35:00+00:00,1.0032798840091828,1.044028136357452
2026-08-10T13:40:00+00:00,1.003464434849334,1.044220182737308
2026-08-10T13:45:00+00:00,1.0025417739703324,1.0432600479500496
2026-08-10T13:50:00+00:00,1.0021724427946674,1.0428757163740119
2026-08-10T13:55:00+00:00,1.0016489874607797,1.0423310008809419
2026-08-10T14:00:00+00:00,1.0010328572830647,1.041689846551581
2026-08-10T14:05:00+00:00,1.0016493745129802,1.0423314036532831
2026-08-10T14:10:00+00:00,1.001772608934057,1.042459643245268
2026-08-10T14:15:00+00:00,1.002450276995418,1.0431648348218643
2026-08-10T14:20:00+00:00,1.0029304817337512,1.043664543094723
2026-08-10T14:25:00+00:00,1.003435091706445,1.0441896478215051
2026-08-10T14:30:00+00:00,1.0042654198885645,1.0450536998157296
2026-08-10T14:35:00+00:00,1.0044805092555822,1.0452775250459336
2026-08-10T14:40:00+00:00,1.004419073138808,1.0452135936988358
2026-08-10T14:45:00+00:00,1.0046648815058161,1.0454693855824355
2026-08-10T14:50:00+00:00,1.004480599437508,1.0452776188906017
2026-08-10T14:55:00+00:00,1.0039920963881401,1.0447692752704765
2026-08-10T15:00:00+00:00,1.0042349176466139,1.0450219587240102
2026-08-10T15:05:00+00:00,1.0045114817304208,1.0453097554690687
2026-08-10T15:10:00+00:00,1.0041735426048881,1.0449580909325265
2026-08-10T15:15:00+00:00,1.0044193847395575,1.0452139179552624
2026-08-10T15:20:00+00:00,1.0047266067610992,1.0455336178114147
2026-08-10T15:25:00+00:00,1.0046958980809997,1.045501661897053
2026-08-10T15:30:00+00:00,1.0046958980809997,1.045501661897053
2026-08-10T15:35:00+00:00,1.0045730416548733,1.0453738156522985
2026-08-10T15:40:00+00:00,1.0047880634495985,1.045597570565759
2026-08-10T15:45:00+00:00,1.0048187815173413,1.0456295362490433
2026-08-10T15:50:00+00:00,1.0049723390058058,1.0457893304810026
2026-08-10T15:55:00+00:00,1.0055250314894406,1.0463644705918183
2026-08-10T16:00:00+00:00,1.0058300810701306,1.0466819097733473
2026-08-10T16:05:00+00:00,1.005739878259443,1.0465880433719201
2026-08-10T16:10:00+00:00,1.0062615122400458,1.047130863537369
2026-08-10T16:15:00+00:00,1.0062002099729015,1.0470670714762091
2026-08-10T16:20:00+00:00,1.0062008383954726,1.047067725422188
2026-08-10T16:25:00+00:00,1.0062922504713834,1.0471628502031936
2026-08-10T16:30:00+00:00,1.006260976231971,1.047130305759305
2026-08-10T16:35:00+00:00,1.005464190421655,1.0463011584616477
2026-08-10T16:40:00+00:00,1.005372152409662,1.0462053823221409
2026-08-10T16:45:00+00:00,1.0049117478422216,1.0457262784049026
2026-08-10T16:50:00+00:00,1.0051310291349662,1.045954465816064
2026-08-10T16:55:00+00:00,1.0051574021607113,1.045981909983297
2026-08-10T17:00:00+00:00,1.005464450773662,1.0463014293878616
2026-08-10T17:05:00+00:00,1.0052803372409682,1.0461098380767229
2026-08-10T17:10:00+00:00,1.0054031383208342,1.0462376267273263
2026-08-10T17:15:00+00:00,1.0056179875380775,1.046461202054064
2026-08-10T17:20:00+00:00,1.0056793693355224,1.0465250768756507
2026-08-10T17:25:00+00:00,1.0058941606788097,1.046748591977879
2026-08-10T17:30:00+00:00,1.0060641208364942,1.04692545507412
2026-08-10T17:35:00+00:00,1.006231601433064,1.0470997379017732
2026-08-10T17:40:00+00:00,1.006384949385986,1.0472593140878956
2026-08-10T17:45:00+00:00,1.0060169654511049,1.0468763844708797
2026-08-10T17:50:00+00:00,1.0060169804199912,1.0468764000477278
2026-08-10T17:55:00+00:00,1.0058323319794713,1.0466842521034607
2026-08-10T18:00:00+00:00,1.0059568952350646,1.0468138745006286
2026-08-10T18:05:00+00:00,1.0063851217100184,1.0472594934108757
2026-08-10T18:10:00+00:00,1.0063378994952885,1.0472103532640185
2026-08-10T18:15:00+00:00,1.0062624829100608,1.0471318736311857
2026-08-10T18:20:00+00:00,1.0062931504244739,1.0471637867079149
2026-08-10T18:25:00+00:00,1.0064464889312947,1.0473233530642823
2026-08-10T18:30:00+00:00,1.0065997928703523,1.0474828834489152
2026-08-10T18:35:00+00:00,1.0082245779998764,1.0491736592910257
2026-08-10T18:40:00+00:00,1.0084082255758688,1.0493647657206135
2026-08-10T18:45:00+00:00,1.0082246264081254,1.0491737096653777
2026-08-10T18:50:00+00:00,1.0079185389232432,1.0488551904251364
2026-08-10T18:55:00+00:00,1.0077348310153182,1.0486640212132328
2026-08-10T19:00:00+00:00,1.00807165381805,1.049014524087479
2026-08-10T19:05:00+00:00,1.0082993999384426,1.0492515201255996
2026-08-10T19:10:00+00:00,1.0085001630696457,1.0494604372593526
2026-08-10T19:15:00+00:00,1.00849478366772,1.0494548393728038
2026-08-10T19:20:00+00:00,1.0085919617660166,1.0495559643634238
2026-08-10T19:25:00+00:00,1.0089897197900113,1.0499698773453652
2026-08-10T19:30:00+00:00,1.009509064554772,1.0505103153183797
2026-08-10T19:35:00+00:00,1.009142848290677,1.0501292251661691
2026-08-10T19:40:00+00:00,1.0091734302304398,1.0501610491926303
2026-08-10T19:45:00+00:00,1.0092040093901946,1.0501928703261734
2026-08-10T19:50:00+00:00,1.009907269846073,1.0509246937334071
2026-08-10T19:55:00+00:00,1.0097239283563137,1.0507339058217573
2026-08-10T20:00:00+00:00,1.0092043510268238,1.050193225838388
2026-08-10T20:05:00+00:00,1.0092655075139783,1.050256866198698
2026-08-10T20:10:00+00:00,1.0090208852702414,1.050002308612813
2026-08-10T20:15:00+00:00,1.0091621947230973,1.050149357354711
2026-08-10T20:20:00+00:00,1.0094465842918203,1.0504452974170662
2026-08-10T20:25:00+00:00,1.0092044626780394,1.0501933420243221
2026-08-10T20:30:00+00:00,1.0092044626780394,1.0501933420243221
2026-08-10T20:35:00+00:00,1.0095102451476425,1.0505115438610766
2026-08-10T20:40:00+00:00,1.0094491071725245,1.0504479227646704
2026-08-10T20:45:00+00:00,1.009387965494319,1.0503842978147753
2026-08-10T20:50:00+00:00,1.009326820112353,1.0503206690106917
2026-08-10T20:55:00+00:00,1.0095102673715517,1.050511566987611
2026-08-10T21:00:00+00:00,1.0094491293950878,1.0504479458898044
2026-08-10T21:05:00+00:00,1.0112222381020812,1.0522930694773758
2026-08-10T21:10:00+00:00,1.0112222381020812,1.0522930694773758
2026-08-10T21:15:00+00:00,1.0112222381020812,1.0522930694773758
2026-08-10T21:20:00+00:00,1.0091470596800947,1.050133607601336
2026-08-10T21:25:00+00:00,1.0091470596800947,1.050133607601336
2026-08-10T21:30:00+00:00,1.0091470596800947,1.050133607601336
2026-08-10T21:35:00+00:00,1.0100644660979858,1.051088274517337
2026-08-10T21:40:00+00:00,1.0094536945638741,1.0504526964731022
2026-08-10T21:45:00+00:00,1.0106465741266204,1.0516940248866813
2026-08-10T21:50:00+00:00,1.0095162767448422,1.0505178204318366
2026-08-10T21:55:00+00:00,1.0095162767448422,1.0505178204318366
2026-08-10T22:00:00+00:00,1.0095162767448422,1.0505178204318366
2026-08-10T22:05:00+00:00,1.0099332402263952,1.050951718901758
2026-08-10T22:10:00+00:00,1.0099332402263952,1.050951718901758
2026-08-10T22:15:00+00:00,1.0099332402263952,1.050951718901758
2026-08-10T22:20:00+00:00,1.0093942226041548,1.050390809057376
2026-08-10T22:25:00+00:00,1.0093942226041548,1.050390809057376
2026-08-10T22:30:00+00:00,1.0093942226041548,1.050390809057376
2026-08-10T22:35:00+00:00,1.0093942226041548,1.050390809057376
2026-08-10T22:40:00+00:00,1.0093942226041548,1.050390809057376
2026-08-10T22:45:00+00:00,1.0093942226041548,1.050390809057376
2026-08-10T22:50:00+00:00,1.0097629315429908,1.050774493124411
2026-08-10T22:55:00+00:00,1.0103723322611167,1.0514086446769142
2026-08-10T23:00:00+00:00,1.0106148460554987,1.05166100817869
2026-08-10T23:05:00+00:00,1.0102502136615354,1.0512815662255595
2026-08-10T23:10:00+00:00,1.0106864247479859,1.0517354940426162
2026-08-10T23:15:00+00:00,1.0103114694814916,1.0513453099530767
2026-08-10T23:20:00+00:00,1.0100744390968266,1.0510986525699217
2026-08-10T23:25:00+00:00,1.0101221007195553,1.0511482499713511
2026-08-10T23:30:00+00:00,1.0100060073727106,1.051027441488612
2026-08-10T23:35:00+00:00,1.0101282249437868,1.051154622931193
2026-08-10T23:40:00+00:00,1.010189326336537,1.051218205959437
2026-08-10T23:45:00+00:00,1.0108003033090398,1.0518539977859518
2026-08-10T23:50:00+00:00,1.0104339385742416,1.0514727531328945
2026-08-10T23:55:00+00:00,1.009945275080795,1.0509642425522474
2026-08-11T00:00:00+00:00,1.009945275080795,1.0509642425522474
2026-08-11T08:05:00+00:00,1.0063375485400963,1.0472099880547672
2026-08-11T08:10:00+00:00,1.0063375485400963,1.0472099880547672
2026-08-11T08:15:00+00:00,1.006582877050223,1.0474652805920794
2026-08-11T08:20:00+00:00,1.006582877050223,1.0474652805920794
2026-08-11T08:25:00+00:00,1.0060310224027174,1.0468910123461408
2026-08-11T08:30:00+00:00,1.0060310224027174,1.0468910123461408
2026-08-11T08:35:00+00:00,1.0071353374657281,1.048040179209309
2026-08-11T08:40:00+00:00,1.0073191883853094,1.0482314972412932
2026-08-11T08:45:00+00:00,1.0076255506688816,1.0485503024411842
2026-08-11T08:50:00+00:00,1.0075030430031469,1.0484228191217384
2026-08-11T08:55:00+00:00,1.0075030430031469,1.0484228191217384
2026-08-11T09:00:00+00:00,1.0071354753114274,1.0480403226536166
2026-08-11T09:05:00+00:00,1.0068903295271183,1.047785220263538
2026-08-11T09:10:00+00:00,1.0072581209539515,1.0481679495537841
2026-08-11T09:15:00+00:00,1.0073776389935936,1.0482923218233549
2026-08-11T09:20:00+00:00,1.0072581645778607,1.0481679949494802
2026-08-11T09:25:00+00:00,1.0072581645778607,1.0481679949494802
2026-08-11T09:30:00+00:00,1.0072581645778607,1.0481679949494802
2026-08-11T09:35:00+00:00,1.0072581645778607,1.0481679949494802
2026-08-11T09:40:00+00:00,1.0072581645778607,1.0481679949494802
2026-08-11T09:45:00+00:00,1.0072581645778607,1.0481679949494802
2026-08-11T09:50:00+00:00,1.0072581645778607,1.0481679949494802
2026-08-11T09:55:00+00:00,1.0072581645778607,1.0481679949494802
2026-08-11T10:00:00+00:00,1.0072581645778607,1.0481679949494802
2026-08-11T10:05:00+00:00,1.0072581645778607,1.0481679949494802
2026-08-11T10:10:00+00:00,1.0072581645778607,1.0481679949494802
2026-08-11T10:15:00+00:00,1.0072581645778607,1.0481679949494802
2026-08-11T10:20:00+00:00,1.0072581645778607,1.0481679949494802
2026-08-11T10:25:00+00:00,1.0072581645778607,1.0481679949494802
2026-08-11T10:30:00+00:00,1.0072581645778607,1.0481679949494802
2026-08-11T10:35:00+00:00,1.0072581645778607,1.0481679949494802
2026-08-11T10:40:00+00:00,1.0072581645778607,1.0481679949494802
2026-08-11T10:45:00+00:00,1.0072581645778607,1.0481679949494802
2026-08-11T10:50:00+00:00,1.0072581645778607,1.0481679949494802
2026-08-11T10:55:00+00:00,1.0072581645778607,1.0481679949494802
2026-08-11T11:00:00+00:00,1.0072581645778607,1.0481679949494802
2026-08-11T11:05:00+00:00,1.0096479363517101,1.0506548273988676
2026-08-11T11:10:00+00:00,1.009462707891602,1.0504620758774932
2026-08-11T11:15:00+00:00,1.0095868273995148,1.0505912365041512
2026-08-11T11:20:00+00:00,1.0092200161506113,1.0502095272018004
2026-08-11T11:25:00+00:00,1.0092200161506113,1.0502095272018004
2026-08-11T11:30:00+00:00,1.00915885871417,1.0501458858536483
2026-08-11T11:35:00+00:00,1.00915885871417,1.0501458858536483
2026-08-11T11:40:00+00:00,1.0089142141423606,1.0498913050328353
2026-08-11T11:45:00+00:00,1.0085471582798302,1.0495093411818657
2026-08-11T11:50:00+00:00,1.009138863644857,1.0501250786838006
2026-08-11T11:55:00+00:00,1.0094036967399735,1.0504006679855968
2026-08-11T12:00:00+00:00,1.0094036967399735,1.0504006679855968
2026-08-11T12:05:00+00:00,1.0086699407210205,1.0496371104367828
2026-08-11T12:10:00+00:00,1.009832566835659,1.0508469566572571
2026-08-11T12:15:00+00:00,1.010260410194081,1.051292176890679
2026-08-11T12:20:00+00:00,1.0099750983825424,1.0509952771285795
2026-08-11T12:25:00+00:00,1.0095882602450867,1.0505927275448024
2026-08-11T12:30:00+00:00,1.0095882602450867,1.0505927275448024
2026-08-11T12:35:00+00:00,1.0094048543603387,1.0504018726227584
2026-08-11T12:40:00+00:00,1.0094660229815824,1.050465525609984
2026-08-11T12:45:00+00:00,1.010016307306648,1.0510381597547744
2026-08-11T12:50:00+00:00,1.0101385261240858,1.0511653424943384
2026-08-11T12:55:00+00:00,1.0101385261240858,1.0511653424943384
2026-08-11T13:00:00+00:00,1.0097108120130969,1.0507202567577392
2026-08-11T13:05:00+00:00,1.0102609632001727,1.051292752357135
2026-08-11T13:10:00+00:00,1.0101387739206371,1.0511656003551566
2026-08-11T13:15:00+00:00,1.010380737962781,1.051417391776485
2026-08-11T13:20:00+00:00,1.0099555696465967,1.0509749552322474
2026-08-11T13:25:00+00:00,1.0103222484205214,1.051356526679143
2026-08-11T13:30:00+00:00,1.0102611574634275,1.0512929545103995
2026-08-11T13:35:00+00:00,1.0095280216452391,1.0505300423518287
2026-08-11T13:40:00+00:00,1.0104450555891356,1.051484321665789
2026-08-11T13:45:00+00:00,1.010567219114402,1.0516114468674878
2026-08-11T13:50:00+00:00,1.0099260004593054,1.0509441850912393
2026-08-11T13:55:00+00:00,1.0090184156100614,1.0499997386472861
2026-08-11T14:00:00+00:00,1.0092539078099576,1.050244795372237
2026-08-11T14:05:00+00:00,1.0087952542499832,1.0497675135797022
2026-08-11T14:10:00+00:00,1.0087034788447566,1.0496720107127464
2026-08-11T14:15:00+00:00,1.0089782015767261,1.0499578913193892
2026-08-11T14:20:00+00:00,1.008856479512608,1.0498312255088011
2026-08-11T14:25:00+00:00,1.0087647356336598,1.0497357554485647
2026-08-11T14:30:00+00:00,1.0087035501702262,1.0496720849351027
2026-08-11T14:35:00+00:00,1.0093460179499936,1.05034064656927
2026-08-11T14:40:00+00:00,1.0095906189479216,1.0505951820464463
2026-08-11T14:45:00+00:00,1.00980458697388,1.0508178403922799
2026-08-11T14:50:00+00:00,1.0098045878987452,1.0508178413547085
2026-08-11T14:55:00+00:00,1.0100185238327266,1.0510404663051478
2026-08-11T15:00:00+00:00,1.0098657629147654,1.0508815009964347
2026-08-11T15:05:00+00:00,1.0102018903715255,1.0512312802832053
2026-08-11T15:10:00+00:00,1.0094992581144024,1.0505001105890444
2026-08-11T15:15:00+00:00,1.0097071447784314,1.050716440578192
2026-08-11T15:20:00+00:00,1.009010213887363,1.0499912038112946
2026-08-11T15:25:00+00:00,1.0086737529436123,1.0496410774929463
2026-08-11T15:30:00+00:00,1.0089797083406469,1.0499594592805868
2026-08-11T15:35:00+00:00,1.0080315953144003,1.048972838606112
2026-08-11T15:40:00+00:00,1.0072968337798216,1.048208234702615
2026-08-11T15:45:00+00:00,1.0077870323728164,1.048718342730939
2026-08-11T15:50:00+00:00,1.0078482913666253,1.0487820897612155
2026-08-11T15:55:00+00:00,1.0082463487392392,1.0491963142498326
2026-08-11T16:00:00+00:00,1.0086136190856265,1.0495785012959298
2026-08-11T16:05:00+00:00,1.0083688999762042,1.0493238429101555
2026-08-11T16:10:00+00:00,1.008246477752699,1.0491964485031788
2026-08-11T16:15:00+00:00,1.0081546780380286,1.04910092033945
2026-08-11T16:20:00+00:00,1.0081546789674483,1.0491009213066178
2026-08-11T16:25:00+00:00,1.0083689752516611,1.049323921242928
2026-08-11T16:30:00+00:00,1.0085525970277425,1.04951500082474
2026-08-11T16:35:00+00:00,1.0084301970822727,1.049387629600622
2026-08-11T16:40:00+00:00,1.0086444088823001,1.049610541621418
2026-08-11T16:45:00+00:00,1.0087863765832674,1.0497582753462007
2026-08-11T16:50:00+00:00,1.0085526480152165,1.0495150538830726
2026-08-11T16:55:00+00:00,1.0084302508491951,1.0493876855512907
2026-08-11T17:00:00+00:00,1.0086444663186371,1.0496106013905344
2026-08-11T17:05:00+00:00,1.0086138698111347,1.0495787622046644
2026-08-11T17:10:00+00:00,1.00867506746729,1.0496424454060556
2026-08-11T17:15:00+00:00,1.008369111671528,1.0493240632034937
2026-08-11T17:20:00+00:00,1.0085221490054634,1.0494833161548267
2026-08-11T17:25:00+00:00,1.0083079548718357,1.049260422517952
2026-08-11T17:30:00+00:00,1.0083385615970322,1.0492922723365086
2026-08-11T17:35:00+00:00,1.0078182797820543,1.048750859254945
2026-08-11T17:40:00+00:00,1.007818283504141,1.0487508631282043
2026-08-11T17:45:00+00:00,1.007787663759245,1.048718999761153
2026-08-11T17:50:00+00:00,1.0078182974633227,1.0487508776543386
2026-08-11T17:55:00+00:00,1.0074202054194292,1.0483366170862667
2026-08-11T18:00:00+00:00,1.006930052076964,1.047826556146324
2026-08-11T18:05:00+00:00,1.0065316329614127,1.0474119552225658
2026-08-11T18:10:00+00:00,1.0060410345474535,1.0469014311345328
2026-08-11T18:15:00+00:00,1.006225095437515,1.0470929676649565
2026-08-11T18:20:00+00:00,1.0066544396471786,1.0475397497067533
2026-08-11T18:25:00+00:00,1.0063950741558023,1.0472698500756403
2026-08-11T18:30:00+00:00,1.005979864327281,1.0468377764834378
2026-08-11T18:35:00+00:00,1.0067768235172352,1.0476671042025543
2026-08-11T18:40:00+00:00,1.0071446893434333,1.0480499109138985
2026-08-11T18:45:00+00:00,1.007267262460603,1.0481774623430917
2026-08-11T18:50:00+00:00,1.0072372479452563,1.0481462287870118
2026-08-11T18:55:00+00:00,1.0073285531408174,1.0482412423467184
2026-08-11T19:00:00+00:00,1.0072066159797972,1.048114352703059
2026-08-11T19:05:00+00:00,1.0067776663251435,1.0476679812411396
2026-08-11T19:10:00+00:00,1.00644107609932,1.0473177203899218
2026-08-11T19:15:00+00:00,1.0063178056699897,1.047189443327207
2026-08-11T19:20:00+00:00,1.0060417996892794,1.0469022273526247
2026-08-11T19:25:00+00:00,1.006747246500205,1.0476363259138024
2026-08-11T19:30:00+00:00,1.0071451108701774,1.048050349560968
2026-08-11T19:35:00+00:00,1.0071763714062563,1.0480828797449617
2026-08-11T19:40:00+00:00,1.0070538065907522,1.0479553369546062
2026-08-11T19:45:00+00:00,1.0067779947280018,1.0476683229820924
2026-08-11T19:50:00+00:00,1.0070538840382115,1.047955417547597
2026-08-11T19:55:00+00:00,1.0069619473652847,1.0478597468630466
2026-08-11T20:00:00+00:00,1.0072071180449438,1.0481148751596003
2026-08-11T20:05:00+00:00,1.0070845569451572,1.0479873362358767
2026-08-11T20:10:00+00:00,1.0070269462170944,1.047927385645805
2026-08-11T20:15:00+00:00,1.0070269462170944,1.047927385645805
2026-08-11T20:20:00+00:00,1.0070269462170944,1.047927385645805
2026-08-11T20:25:00+00:00,1.0069724057621088,1.0478706300280731
2026-08-11T20:30:00+00:00,1.0069724057621088,1.0478706300280731
2026-08-11T20:35:00+00:00,1.0069724057621088,1.0478706300280731
2026-08-11T20:40:00+00:00,1.0069724057621088,1.0478706300280731
2026-08-11T20:45:00+00:00,1.0070232804759742,1.0479235710204633
2026-08-11T20:50:00+00:00,1.0069619887364443,1.0478597899144972
2026-08-11T20:55:00+00:00,1.0069619887364443,1.0478597899144972
2026-08-11T21:00:00+00:00,1.0069619887364443,1.0478597899144972
2026-08-11T21:05:00+00:00,1.0069619887364443,1.0478597899144972
2026-08-11T21:10:00+00:00,1.0059616466585177,1.046818818903333
2026-08-11T21:15:00+00:00,1.005981280733459,1.046839250417008
2026-08-11T21:20:00+00:00,1.005981280733459,1.046839250417008
2026-08-11T21:25:00+00:00,1.005981280733459,1.046839250417008
2026-08-11T21:30:00+00:00,1.0076378734743594,1.0485631257378947
2026-08-11T21:35:00+00:00,1.007945265530064,1.048883002534154
2026-08-11T21:40:00+00:00,1.0064756005013447,1.047353647001905
2026-08-11T21:45:00+00:00,1.0065369335638474,1.047417471109178
2026-08-11T21:50:00+00:00,1.0071501521172554,1.0480555955584954
2026-08-11T21:55:00+00:00,1.0071501521172554,1.0480555955584954
2026-08-11T22:00:00+00:00,1.0078242820718184,1.0487571053279454
2026-08-11T22:05:00+00:00,1.0074874424053506,1.0484065849050417
2026-08-11T22:10:00+00:00,1.0074874424053506,1.0484065849050417
2026-08-11T22:15:00+00:00,1.0074874424053506,1.0484065849050417
2026-08-11T22:20:00+00:00,1.0077331036610357,1.0486622237023864
2026-08-11T22:25:00+00:00,1.0077331036610357,1.0486622237023864
2026-08-11T22:30:00+00:00,1.0077018666065092,1.048629717953649
2026-08-11T22:35:00+00:00,1.0077018666065092,1.048629717953649
2026-08-11T22:40:00+00:00,1.0077018666065092,1.048629717953649
2026-08-11T22:45:00+00:00,1.0077018666065092,1.048629717953649
2026-08-11T22:50:00+00:00,1.0077631176317101,1.048693456691672
2026-08-11T22:55:00+00:00,1.0074568811185123,1.0483747823703238
2026-08-11T23:00:00+00:00,1.0074568811185123,1.0483747823703238
2026-08-11T23:05:00+00:00,1.00690548778781,1.0478009941775888
2026-08-11T23:10:00+00:00,1.00666028981197,1.0475458374762185
2026-08-11T23:15:00+00:00,1.00666028981197,1.0475458374762185
2026-08-11T23:20:00+00:00,1.00666028981197,1.0475458374762185
2026-08-11T23:25:00+00:00,1.0073346589844836,1.0482475961794657
2026-08-11T23:30:00+00:00,1.0072121121889865,1.048120072141001
2026-08-11T23:35:00+00:00,1.0069057079202506,1.047801223250717
2026-08-11T23:40:00+00:00,1.0069057079202506,1.047801223250717
2026-08-11T23:45:00+00:00,1.0069057079202506,1.047801223250717
2026-08-11T23:50:00+00:00,1.0069057079202506,1.047801223250717
2026-08-11T23:55:00+00:00,1.0070283069349737,1.0479288016292938
2026-08-12T00:00:00+00:00,1.0070283069349737,1.0479288016292938
2026-08-12T08:05:00+00:00,1.0115018431355467,1.0525840306803818
2026-08-12T08:10:00+00:00,1.0115018431355467,1.0525840306803818
2026-08-12T08:15:00+00:00,1.0115018431355467,1.0525840306803818
2026-08-12T08:20:00+00:00,1.0113187769235892,1.0523935292269526
2026-08-12T08:25:00+00:00,1.0116239425171087,1.0527110891331768
2026-08-12T08:30:00+00:00,1.0116239425171087,1.0527110891331768
2026-08-12T08:35:00+00:00,1.011196839525696,1.0522666393367996
2026-08-12T08:40:00+00:00,1.011135799030735,1.0522031196797106
2026-08-12T08:45:00+00:00,1.011135799030735,1.0522031196797106
2026-08-12T08:50:00+00:00,1.011135799030735,1.0522031196797106
2026-08-12T08:55:00+00:00,1.011074754850644,1.0521395961878195
2026-08-12T09:00:00+00:00,1.011074754850644,1.0521395961878195
2026-08-12T09:05:00+00:00,1.011074754850644,1.0521395961878195
2026-08-12T09:10:00+00:00,1.0115631377777545,1.0526478148069174
2026-08-12T09:15:00+00:00,1.011929307120063,1.0530288561316112
2026-08-12T09:20:00+00:00,1.0125392705360488,1.0536635932359704
2026-08-12T09:25:00+00:00,1.0129659878686044,1.0541076417099409
2026-08-12T09:30:00+00:00,1.0129659878686044,1.0541076417099409
2026-08-12T09:35:00+00:00,1.0129659878686044,1.0541076417099409
2026-08-12T09:40:00+00:00,1.0124657201375888,1.0535870555851552
2026-08-12T09:45:00+00:00,1.0124657201375888,1.0535870555851552
2026-08-12T09:50:00+00:00,1.012051738894527,1.0531562604774594
2026-08-12T09:55:00+00:00,1.0121737169274179,1.053283192653002
2026-08-12T10:00:00+00:00,1.0122956802623893,1.0534101095336688
2026-08-12T10:05:00+00:00,1.0122956802623893,1.0534101095336688
2026-08-12T10:10:00+00:00,1.012478603225935,1.0536004619206465
2026-08-12T10:15:00+00:00,1.012478603225935,1.0536004619206465
2026-08-12T10:20:00+00:00,1.0126005298400036,1.0537273405889895
2026-08-12T10:25:00+00:00,1.012844353709457,1.0539810673745875
2026-08-12T10:30:00+00:00,1.0127590358938616,1.0538922843725222
2026-08-12T10:35:00+00:00,1.0127590358938616,1.0538922843725222
2026-08-12T10:40:00+00:00,1.0122348965858743,1.0533468571257176
2026-08-12T10:45:00+00:00,1.0122348965858743,1.0533468571257176
2026-08-12T10:50:00+00:00,1.01162511652769,1.0527123108262444
2026-08-12T10:55:00+00:00,1.0118081535210222,1.0529027818743326
2026-08-12T11:00:00+00:00,1.0118081535210222,1.0529027818743326
2026-08-12T11:05:00+00:00,1.012042394378966,1.0531465364340278
2026-08-12T11:10:00+00:00,1.0118252712981313,1.0529205948906386
2026-08-12T11:15:00+00:00,1.011564179657601,1.0526488990027554
2026-08-12T11:20:00+00:00,1.011564179657601,1.0526488990027554
2026-08-12T11:25:00+00:00,1.0116862165956704,1.0527758924759127
2026-08-12T11:30:00+00:00,1.0123475770219095,1.0534641140821388
2026-08-12T11:35:00+00:00,1.0123475770219095,1.0534641140821388
2026-08-12T11:40:00+00:00,1.012010405858593,1.053113248698629
2026-08-12T11:45:00+00:00,1.0120713974564153,1.05317671747262
2026-08-12T11:50:00+00:00,1.0120713974564153,1.05317671747262
2026-08-12T11:55:00+00:00,1.0120713974564153,1.05317671747262
2026-08-12T12:00:00+00:00,1.0119915032780207,1.0530935783889959
2026-08-12T12:05:00+00:00,1.0119305105403593,1.0530301084288711
2026-08-12T12:10:00+00:00,1.011503535641397,1.0525857919274244
2026-08-12T12:15:00+00:00,1.0114425134686387,1.0525222913366954
2026-08-12T12:20:00+00:00,1.0114516673468228,1.0525318170000055
2026-08-12T12:25:00+00:00,1.0114181034305765,1.0524968898839675
2026-08-12T12:30:00+00:00,1.0128461428930988,1.0539829292259948
2026-08-12T12:35:00+00:00,1.0137834216944044,1.0549582756430524
2026-08-12T12:40:00+00:00,1.0139112804339188,1.055091327370352
2026-08-12T12:45:00+00:00,1.0148658386482408,1.0560846550044722
2026-08-12T12:50:00+00:00,1.013031500478193,1.0541758151167715
2026-08-12T12:55:00+00:00,1.0136847190441263,1.054855564180712
2026-08-12T13:00:00+00:00,1.0146760298538386,1.0558871371183445
2026-08-12T13:05:00+00:00,1.0147976899998283,1.056013738495997
2026-08-12T13:10:00+00:00,1.0147976899998283,1.056013738495997
2026-08-12T13:15:00+00:00,1.0130337764892796,1.0541781835681387
2026-08-12T13:20:00+00:00,1.0130337764892796,1.0541781835681387
2026-08-12T13:25:00+00:00,1.0127400905273718,1.0538725695392204
2026-08-12T13:30:00+00:00,1.0126681714484145,1.053797729464014
2026-08-12T13:35:00+00:00,1.0121805241574635,1.0532902763589673
2026-08-12T13:40:00+00:00,1.0119365958470266,1.0530364408905113
2026-08-12T13:45:00+00:00,1.0123941029599863,1.05351252967304
2026-08-12T13:50:00+00:00,1.0137048313229533,1.054876493320543
2026-08-12T13:55:00+00:00,1.0143137032814271,1.0555100946378
2026-08-12T14:00:00+00:00,1.013766002179054,1.0549401486333945
2026-08-12T14:05:00+00:00,1.0136746719085874,1.0548451089803643
2026-08-12T14:10:00+00:00,1.0139791335749264,1.0551619363693778
2026-08-12T14:15:00+00:00,1.014222629794792,1.055415322197887
2026-08-12T14:20:00+00:00,1.0146791249327385,1.0558903579039975
2026-08-12T14:25:00+00:00,1.0147095427969388,1.0559220111909606
2026-08-12T14:30:00+00:00,1.0141316735730603,1.0553206717855965
2026-08-12T14:35:00+00:00,1.0128536330423308,1.0539907235879362
2026-08-12T14:40:00+00:00,1.0126708001414777,1.0538004649215513
2026-08-12T14:45:00+00:00,1.013280311306324,1.0544347314065732
2026-08-12T14:50:00+00:00,1.013188962613528,1.0543396725829899
2026-08-12T14:55:00+00:00,1.0130975782165221,1.0542445766050688
2026-08-12T15:00:00+00:00,1.013158508170598,1.05430798123165
2026-08-12T15:05:00+00:00,1.0124883299710965,1.0536105837179504
2026-08-12T15:10:00+00:00,1.0130065579354202,1.0541498595316336
2026-08-12T15:15:00+00:00,1.0136158384663838,1.0547838860155687
2026-08-12T15:20:00+00:00,1.0132808921228738,1.05443533581301
2026-08-12T15:25:00+00:00,1.0135550079212012,1.054720584835377
2026-08-12T15:30:00+00:00,1.012976443561367,1.0541185220610823
2026-08-12T15:35:00+00:00,1.012732705244822,1.0538648843031273
2026-08-12T15:40:00+00:00,1.012915552988908,1.0540551584156037
2026-08-12T15:45:00+00:00,1.0125803924253807,1.053706385292473
2026-08-12T15:50:00+00:00,1.0123054791222577,1.0534203063746215
2026-08-12T15:55:00+00:00,1.0124280351327932,1.0535478400023943
2026-08-12T16:00:00+00:00,1.012976743570478,1.0541188342550754
2026-08-12T16:05:00+00:00,1.0129158080572427,1.0540554238435489
2026-08-12T16:10:00+00:00,1.0127329932681575,1.053865184024542
2026-08-12T16:15:00+00:00,1.013220561717401,1.0543725550857224
2026-08-12T16:20:00+00:00,1.0134027123595086,1.0545621037833957
2026-08-12T16:25:00+00:00,1.013494684893556,1.0546578117855676
2026-08-12T16:30:00+00:00,1.0131597267740033,1.0543092493286816
2026-08-12T16:35:00+00:00,1.0120631016939112,1.0531680847773939
2026-08-12T16:40:00+00:00,1.0121240987468099,1.0532315592280195
2026-08-12T16:45:00+00:00,1.0117581825867423,1.052850781368573
2026-08-12T16:50:00+00:00,1.0108735928548072,1.0519302639895316
2026-08-12T16:55:00+00:00,1.0110873082021337,1.0521526593941806
2026-08-12T17:00:00+00:00,1.0106904921471094,1.0517397266393163
2026-08-12T17:05:00+00:00,1.0108425592546009,1.05189796995842
2026-08-12T17:10:00+00:00,1.011270591446329,1.0523433866946206
2026-08-12T17:15:00+00:00,1.0109043659786394,1.0519622869650112
2026-08-12T17:20:00+00:00,1.0109043669006013,1.0519622879244188
2026-08-12T17:25:00+00:00,1.011392844487893,1.0524706050483252
2026-08-12T17:30:00+00:00,1.011270784043229,1.0523435871138516
2026-08-12T17:35:00+00:00,1.0117285659650255,1.052819961866589
2026-08-12T17:40:00+00:00,1.011118448647619,1.0521850646100968
2026-08-12T17:45:00+00:00,1.010782071446414,1.051835025435501
2026-08-12T17:50:00+00:00,1.0108742864428812,1.051930985747713
2026-08-12T17:55:00+00:00,1.0105384588740627,1.051581518528845
2026-08-12T18:00:00+00:00,1.0104468360689183,1.0514861744598294
2026-08-12T18:05:00+00:00,1.0104468360689183,1.0514861744598294
2026-08-12T18:10:00+00:00,1.0109355214945044,1.0519947078633907
2026-08-12T18:15:00+00:00,1.0112102746375808,1.0522806201162889
2026-08-12T18:20:00+00:00,1.0113933985554797,1.0524711816193886
2026-08-12T18:25:00+00:00,1.0117900676024592,1.0528839613954701
2026-08-12T18:30:00+00:00,1.0115460358244712,1.052630018257124
2026-08-12T18:35:00+00:00,1.01200368085722,1.0531062505610596
2026-08-12T18:40:00+00:00,1.0118511971782094,1.0529475737513683
2026-08-12T18:45:00+00:00,1.0121861128221779,1.0532960920075223
2026-08-12T18:50:00+00:00,1.0125532391193965,1.0536781291538881
2026-08-12T18:55:00+00:00,1.0121862573720402,1.0532962424282835
2026-08-12T19:00:00+00:00,1.012064902277473,1.0531699584917293
2026-08-12T19:05:00+00:00,1.0124918088955992,1.053614203939111
2026-08-12T19:10:00+00:00,1.012400362742339,1.053519043696703
2026-08-12T19:15:00+00:00,1.0124918171563175,1.053614212535339
2026-08-12T19:20:00+00:00,1.0125527840122295,1.0536776555625258
2026-08-12T19:25:00+00:00,1.0124924359181067,1.0536148564281624
2026-08-12T19:30:00+00:00,1.0124918262774416,1.0536142220269176
2026-08-12T19:35:00+00:00,1.0121565347213706,1.0532653125909759
2026-08-12T19:40:00+00:00,1.0119125974954328,1.0530114678449154
2026-08-12T19:45:00+00:00,1.0120955899330915,1.0532018925276994
2026-08-12T19:50:00+00:00,1.011638167191585,1.0527258915433735
2026-08-12T19:55:00+00:00,1.0118828285556214,1.05298048983843
2026-08-12T20:00:00+00:00,1.012126212802496,1.053233759146161
2026-08-12T20:05:00+00:00,1.0120042404943732,1.0531068329278979
2026-08-12T20:10:00+00:00,1.0118822534837062,1.0529798914099462
2026-08-12T20:15:00+00:00,1.0118822534837062,1.0529798914099462
2026-08-12T20:20:00+00:00,1.0115162483281177,1.0525990209404223
2026-08-12T20:25:00+00:00,1.0115162483281177,1.0525990209404223
2026-08-12T20:30:00+00:00,1.0115772712678093,1.0526625223292339
2026-08-12T20:35:00+00:00,1.0115772712678093,1.0526625223292339
2026-08-12T20:40:00+00:00,1.0115772712678093,1.0526625223292339
2026-08-12T20:45:00+00:00,1.0115772712678093,1.0526625223292339
2026-08-12T20:50:00+00:00,1.0115162520090768,1.0525990247708839
2026-08-12T20:55:00+00:00,1.0113942061292494,1.0524720219927983
2026-08-12T21:00:00+00:00,1.0113942061292494,1.0524720219927983
2026-08-12T21:05:00+00:00,1.0113942061292494,1.0524720219927983
2026-08-12T21:10:00+00:00,1.0113942061292494,1.0524720219927983
2026-08-12T21:15:00+00:00,1.0129809940461791,1.0541232573640154
2026-08-12T21:20:00+00:00,1.0129809940461791,1.0541232573640154
2026-08-12T21:25:00+00:00,1.0129809940461791,1.0541232573640154
2026-08-12T21:30:00+00:00,1.0129809940461791,1.0541232573640154
2026-08-12T21:35:00+00:00,1.0129809940461791,1.0541232573640154
2026-08-12T21:40:00+00:00,1.0129809940461791,1.0541232573640154
2026-08-12T21:45:00+00:00,1.0129809940461791,1.0541232573640154
2026-08-12T21:50:00+00:00,1.0113357206547402,1.0524111611284184
2026-08-12T21:55:00+00:00,1.011640891361033,1.0527287263550713
2026-08-12T22:00:00+00:00,1.011335812684507,1.0524112568959776
2026-08-12T22:05:00+00:00,1.011335812684507,1.0524112568959776
2026-08-12T22:10:00+00:00,1.0110306419504438,1.0520936916404267
2026-08-12T22:15:00+00:00,1.010969589375447,1.0520301594126706
2026-08-12T22:20:00+00:00,1.010969589375447,1.0520301594126706
2026-08-12T22:25:00+00:00,1.010969589375447,1.0520301594126706
2026-08-12T22:30:00+00:00,1.0104200830157188,1.0514583348303108
2026-08-12T22:35:00+00:00,1.0104200830157188,1.0514583348303108
2026-08-12T22:40:00+00:00,1.0104200830157188,1.0514583348303108
2026-08-12T22:45:00+00:00,1.010361437110054,1.0513973070188574
2026-08-12T22:50:00+00:00,1.010361437110054,1.0513973070188574
2026-08-12T22:55:00+00:00,1.010361437110054,1.0513973070188574
2026-08-12T23:00:00+00:00,1.0106644585447107,1.0517126356811213
2026-08-12T23:05:00+00:00,1.010603383825195,1.051649080409446
2026-08-12T23:10:00+00:00,1.010603383825195,1.051649080409446
2026-08-12T23:15:00+00:00,1.0109820699716785,1.0520431469088136
2026-08-12T23:20:00+00:00,1.0109820699716785,1.0520431469088136
2026-08-12T23:25:00+00:00,1.0109820699716785,1.0520431469088136
2026-08-12T23:30:00+00:00,1.0109820699716785,1.0520431469088136
2026-08-12T23:35:00+00:00,1.0115193587324134,1.0526022576739116
2026-08-12T23:40:00+00:00,1.0115193587324134,1.0526022576739116
2026-08-12T23:45:00+00:00,1.0115193587324134,1.0526022576739116
2026-08-12T23:50:00+00:00,1.0115193587324134,1.0526022576739116
2026-08-12T23:55:00+00:00,1.0115193587324134,1.0526022576739116
2026-08-13T00:00:00+00:00,1.0116414049870865,1.0527292608420673
2026-08-13T08:05:00+00:00,1.0067017456106429,1.0475889770038018
2026-08-13T08:10:00+00:00,1.0067630625643282,1.0476527843479972
2026-08-13T08:15:00+00:00,1.0065178096867242,1.0473975705150258
2026-08-13T08:20:00+00:00,1.006640466012545,1.047525208532393
2026-08-13T08:25:00+00:00,1.0067017867037007,1.0475890197658562
2026-08-13T08:30:00+00:00,1.0067017867037007,1.0475890197658562
2026-08-13T08:35:00+00:00,1.0067017867037007,1.0475890197658562
2026-08-13T08:40:00+00:00,1.0067017867037007,1.0475890197658562
2026-08-13T08:45:00+00:00,1.0067017867037007,1.0475890197658562
2026-08-13T08:50:00+00:00,1.0067017867037007,1.0475890197658562
2026-08-13T08:55:00+00:00,1.0067017867037007,1.0475890197658562
2026-08-13T09:00:00+00:00,1.0067017867037007,1.0475890197658562
2026-08-13T09:05:00+00:00,1.0073762732217748,1.0482909005806584
2026-08-13T09:10:00+00:00,1.0073762732217748,1.0482909005806584
2026-08-13T09:15:00+00:00,1.0073762732217748,1.0482909005806584
2026-08-13T09:20:00+00:00,1.0079890325120557,1.0489285471138583
2026-08-13T09:25:00+00:00,1.0079890325120557,1.0489285471138583
2026-08-13T09:30:00+00:00,1.0079890325120557,1.0489285471138583
2026-08-13T09:35:00+00:00,1.0082339873194706,1.0491834507705082
2026-08-13T09:40:00+00:00,1.0082952111467305,1.0492471612059444
2026-08-13T09:45:00+00:00,1.0082952111467305,1.0492471612059444
2026-08-13T09:50:00+00:00,1.0080503307068651,1.048992334937285
2026-08-13T09:55:00+00:00,1.0081317732375321,1.0490770852595708
2026-08-13T10:00:00+00:00,1.0081317732375321,1.0490770852595708
2026-08-13T10:05:00+00:00,1.008846327792177,1.0498206614758412
2026-08-13T10:10:00+00:00,1.008846327792177,1.0498206614758412
2026-08-13T10:15:00+00:00,1.008846327792177,1.0498206614758412
2026-08-13T10:20:00+00:00,1.008846327792177,1.0498206614758412
2026-08-13T10:25:00+00:00,1.008846327792177,1.0498206614758412
2026-08-13T10:30:00+00:00,1.008846327792177,1.0498206614758412
2026-08-13T10:35:00+00:00,1.0091522390398906,1.050138997321034
2026-08-13T10:40:00+00:00,1.0092134071959726,1.0502026498242054
2026-08-13T10:45:00+00:00,1.0092134071959726,1.0502026498242054
2026-08-13T10:50:00+00:00,1.0092134071959726,1.0502026498242054
2026-08-13T10:55:00+00:00,1.0092134071959726,1.0502026498242054
2026-08-13T11:00:00+00:00,1.0092134071959726,1.0502026498242054
2026-08-13T11:05:00+00:00,1.0092134071959726,1.0502026498242054
2026-08-13T11:10:00+00:00,1.0092134071959726,1.0502026498242054
2026-08-13T11:15:00+00:00,1.0095803938894983,1.0505845416968687
2026-08-13T11:20:00+00:00,1.0095803938894983,1.0505845416968687
2026-08-13T11:25:00+00:00,1.0095803938894983,1.0505845416968687
2026-08-13T11:30:00+00:00,1.0091523983252284,1.050139163075752
2026-08-13T11:35:00+00:00,1.0091523983252284,1.050139163075752
2026-08-13T11:40:00+00:00,1.0091523983252284,1.050139163075752
2026-08-13T11:45:00+00:00,1.0091523983252284,1.050139163075752
2026-08-13T11:50:00+00:00,1.0085407166678606,1.049502637943569
2026-08-13T11:55:00+00:00,1.0085407166678606,1.049502637943569
2026-08-13T12:00:00+00:00,1.0085407166678606,1.049502637943569
2026-08-13T12:05:00+00:00,1.0089079483889436,1.0498847847955937
2026-08-13T12:10:00+00:00,1.0088467653720614,1.04982111682805
2026-08-13T12:15:00+00:00,1.009091512282632,1.050075804144117
2026-08-13T12:20:00+00:00,1.0086730965488777,1.049640394438713
2026-08-13T12:25:00+00:00,1.0087856995378772,1.0497575708025846
2026-08-13T12:30:00+00:00,1.0094588389937407,1.0504580498441909
2026-08-13T12:35:00+00:00,1.0090307912670047,1.0500126169420276
2026-08-13T12:40:00+00:00,1.0093366694018617,1.0503309183294842
2026-08-13T12:45:00+00:00,1.00964245486884,1.0506491232853523
2026-08-13T12:50:00+00:00,1.0098870091754573,1.0509036101748486
2026-08-13T12:55:00+00:00,1.009825938157388,1.050840058754954
2026-08-13T13:00:00+00:00,1.010437212938355,1.0514761604854352
2026-08-13T13:05:00+00:00,1.0097041266895483,1.0507132999095088
2026-08-13T13:10:00+00:00,1.0100098012253589,1.0510313894287353
2026-08-13T13:15:00+00:00,1.0095819863513074,1.0505861988365777
2026-08-13T13:20:00+00:00,1.0095819863513074,1.0505861988365777
2026-08-13T13:25:00+00:00,1.0092151324318483,1.050204445130605
2026-08-13T13:30:00+00:00,1.0087258160040025,1.049695255096602
2026-08-13T13:35:00+00:00,1.00805264226021,1.048994740374461
2026-08-13T13:40:00+00:00,1.008450670578439,1.0494089346286484
2026-08-13T13:45:00+00:00,1.0082364266228065,1.0491859891462458
2026-08-13T13:50:00+00:00,1.0080833611066993,1.0490267068681207
2026-08-13T13:55:00+00:00,1.007685311343711,1.0486124902981944
2026-08-13T14:00:00+00:00,1.0073790463554675,1.048293786345286
2026-08-13T14:05:00+00:00,1.0073790472873383,1.0482937873150044
2026-08-13T14:10:00+00:00,1.0069887460111027,1.047887633936928
2026-08-13T14:15:00+00:00,1.007134051015252,1.048038840509594
2026-08-13T14:20:00+00:00,1.0076550601297363,1.048581010429962
2026-08-13T14:25:00+00:00,1.0075019173388748,1.0484216477385653
2026-08-13T14:30:00+00:00,1.006766768801784,1.047656641114434
2026-08-13T14:35:00+00:00,1.0075332111386714,1.0484542125372838
2026-08-13T14:40:00+00:00,1.0078089044754848,1.0487411031699245
2026-08-13T14:45:00+00:00,1.0082762577596636,1.0492274380263078
2026-08-13T14:50:00+00:00,1.0087274521340668,1.0496969576781527
2026-08-13T14:55:00+00:00,1.008635664340596,1.0496014419198034
2026-08-13T15:00:00+00:00,1.00860445426325,1.049568964243926
2026-08-13T15:05:00+00:00,1.0079624477620868,1.0489008826232118
2026-08-13T15:10:00+00:00,1.0070744560558742,1.0479768250985726
2026-08-13T15:15:00+00:00,1.0069512496303101,1.0478486146391397
2026-08-13T15:20:00+00:00,1.0067066533849762,1.0475940841075837
2026-08-13T15:25:00+00:00,1.0071358591664545,1.0480407220989287
2026-08-13T15:30:00+00:00,1.00646537872754,1.0473430100703502
2026-08-13T15:35:00+00:00,1.00590966712689,1.0467647282209618
2026-08-13T15:40:00+00:00,1.0070142531449648,1.0479141770440448
2026-08-13T15:45:00+00:00,1.0069223033013497,1.0478184926538783
2026-08-13T15:50:00+00:00,1.0068916566830641,1.0477866013219734
2026-08-13T15:55:00+00:00,1.0066157864747753,1.0474995266342146
2026-08-13T16:00:00+00:00,1.006462475430435,1.0473399888557176
2026-08-13T16:05:00+00:00,1.0062478125014889,1.047116607383384
2026-08-13T16:10:00+00:00,1.0057263620471433,1.0465739781981185
2026-08-13T16:15:00+00:00,1.0052966843676654,1.0461268491426177
2026-08-13T16:20:00+00:00,1.004952188092273,1.0457683611373139
2026-08-13T16:25:00+00:00,1.0055732494755676,1.046414646953365
2026-08-13T16:30:00+00:00,1.0060950202520331,1.0469576094706463
2026-08-13T16:35:00+00:00,1.0065244613492002,1.047404492335036
2026-08-13T16:40:00+00:00,1.006301566913617,1.0471725450330964
2026-08-13T16:45:00+00:00,1.0064938732260782,1.0473726618740786
2026-08-13T16:50:00+00:00,1.0065552036674421,1.0474364832537553
2026-08-13T16:55:00+00:00,1.0064632173466883,1.0473407609049297
2026-08-13T17:00:00+00:00,1.0066165481232494,1.0475003192170722
2026-08-13T17:05:00+00:00,1.0064632463022647,1.0473407910365382
2026-08-13T17:10:00+00:00,1.0071991453124354,1.0481065786142434
2026-08-13T17:15:00+00:00,1.0071072140286352,1.0480109135376996
2026-08-13T17:20:00+00:00,1.0066781761938717,1.0475644503142318
2026-08-13T17:25:00+00:00,1.0067695455974717,1.0476595306897891
2026-08-13T17:30:00+00:00,1.0061570044620514,1.0470221111718183
2026-08-13T17:35:00+00:00,1.0059729578976844,1.0468305895489278
2026-08-13T17:40:00+00:00,1.005972961641112,1.0468305934443949
2026-08-13T17:45:00+00:00,1.0054820635263668,1.0463197574832166
2026-08-13T17:50:00+00:00,1.005696926987137,1.046543347631982
2026-08-13T17:55:00+00:00,1.0056048620487723,1.0464475434724883
2026-08-13T18:00:00+00:00,1.0053286138963036,1.0461600754903317
2026-08-13T18:05:00+00:00,1.0055742137869361,1.0464156504302797
2026-08-13T18:10:00+00:00,1.0057661955164927,1.0466154295054095
2026-08-13T18:15:00+00:00,1.0060345910421014,1.0468947259259538
2026-08-13T18:20:00+00:00,1.0061266288492836,1.0469905018523313
2026-08-13T18:25:00+00:00,1.005359674248069,1.0461923973595177
2026-08-13T18:30:00+00:00,1.0054824709563557,1.0463201814609902
2026-08-13T18:35:00+00:00,1.005605251732833,1.046447948983582
2026-08-13T18:40:00+00:00,1.0056973382520773,1.0465437756004639
2026-08-13T18:45:00+00:00,1.005570902002075,1.0464122041371446
2026-08-13T18:50:00+00:00,1.00545180900662,1.0462882741749477
2026-08-13T18:55:00+00:00,1.0054211138115712,1.0462563322933325
2026-08-13T19:00:00+00:00,1.0054518136925656,1.0462882790512131
2026-08-13T19:05:00+00:00,1.005605299039957,1.046447998212087
2026-08-13T19:10:00+00:00,1.0050835281784376,1.045905035606297
2026-08-13T19:15:00+00:00,1.0043772160252882,1.0451700365569867
2026-08-13T19:20:00+00:00,1.004346491731978,1.0451380643952828
2026-08-13T19:25:00+00:00,1.0045308722883395,1.0453299335752664
2026-08-13T19:30:00+00:00,1.004838116495003,1.04564965651759
2026-08-13T19:35:00+00:00,1.004806788230755,1.0456170558546447
2026-08-13T19:40:00+00:00,1.0050224200471618,1.0458414455658418
2026-08-13T19:45:00+00:00,1.0048381587711035,1.045649700510736
2026-08-13T19:50:00+00:00,1.0046231478549392,1.0454259569176696
2026-08-13T19:55:00+00:00,1.0047466519850425,1.0455544771729237
2026-08-13T20:00:00+00:00,1.0048074749386549,1.0456177704532132
2026-08-13T20:05:00+00:00,1.0045003070874263,1.0452981269675037
2026-08-13T20:10:00+00:00,1.004377402363691,1.045170230463531
2026-08-13T20:15:00+00:00,1.0047461616596267,1.0455539669329217
2026-08-13T20:20:00+00:00,1.0047461616596267,1.0455539669329217
2026-08-13T20:25:00+00:00,1.0047461616596267,1.0455539669329217
2026-08-13T20:30:00+00:00,1.004930473661888,1.0457457647744772
2026-08-13T20:35:00+00:00,1.0046233433215268,1.0454261603231405
2026-08-13T20:40:00+00:00,1.0046847881743295,1.0454901007610808
2026-08-13T20:45:00+00:00,1.0045619059839952,1.045362227705704
2026-08-13T20:50:00+00:00,1.0047462518194463,1.045554060754586
2026-08-13T20:55:00+00:00,1.0047462518194463,1.045554060754586
2026-08-13T21:00:00+00:00,1.0047462518194463,1.045554060754586
2026-08-13T21:05:00+00:00,1.0073369126248468,1.0482499413515223
2026-08-13T21:10:00+00:00,1.0073369126248468,1.0482499413515223
2026-08-13T21:15:00+00:00,1.0073369126248468,1.0482499413515223
2026-08-13T21:20:00+00:00,1.0073369126248468,1.0482499413515223
2026-08-13T21:25:00+00:00,1.0073369126248468,1.0482499413515223
2026-08-13T21:30:00+00:00,1.0061634030845195,1.047028769674592
2026-08-13T21:35:00+00:00,1.0061634030845195,1.047028769674592
2026-08-13T21:40:00+00:00,1.0061634030845195,1.047028769674592
2026-08-13T21:45:00+00:00,1.0061634030845195,1.047028769674592
2026-08-13T21:50:00+00:00,1.0061634030845195,1.047028769674592
2026-08-13T21:55:00+00:00,1.0061634030845195,1.047028769674592
2026-08-13T22:00:00+00:00,1.0061634030845195,1.047028769674592
2026-08-13T22:05:00+00:00,1.0061634030845195,1.047028769674592
2026-08-13T22:10:00+00:00,1.0061634030845195,1.047028769674592
2026-08-13T22:15:00+00:00,1.0061634030845195,1.047028769674592
2026-08-13T22:20:00+00:00,1.005120368853155,1.0459433725664817
2026-08-13T22:25:00+00:00,1.0055502373965086,1.046390700237802
2026-08-13T22:30:00+00:00,1.0055502373965086,1.046390700237802
2026-08-13T22:35:00+00:00,1.0057957930100363,1.0466462291023289
2026-08-13T22:40:00+00:00,1.0058571669295513,1.0467100957260231
2026-08-13T22:45:00+00:00,1.0058571669295513,1.0467100957260231
2026-08-13T22:50:00+00:00,1.0058571669295513,1.0467100957260231
2026-08-13T22:55:00+00:00,1.0058571669295513,1.0467100957260231
2026-08-13T23:00:00+00:00,1.0052434651803568,1.0460714684559034
2026-08-13T23:05:00+00:00,1.004813611530005,1.0456241562824649
2026-08-13T23:10:00+00:00,1.004813611530005,1.0456241562824649
2026-08-13T23:15:00+00:00,1.0055514332146758,1.0463919446241714
2026-08-13T23:20:00+00:00,1.0057435719759797,1.046591887108899
2026-08-13T23:25:00+00:00,1.005734979171507,1.0465829453073312
2026-08-13T23:30:00+00:00,1.005919127244771,1.0467745725619069
2026-08-13T23:35:00+00:00,1.005919127244771,1.0467745725619069
2026-08-13T23:40:00+00:00,1.005919127244771,1.0467745725619069
2026-08-13T23:45:00+00:00,1.005919127244771,1.0467745725619069
2026-08-13T23:50:00+00:00,1.006164593112815,1.0470300080359338
2026-08-13T23:55:00+00:00,1.006164593112815,1.0470300080359338
2026-08-14T00:00:00+00:00,1.006164593112815,1.0470300080359338
2026-08-14T08:05:00+00:00,1.0043233879478684,1.045114022250064
2026-08-14T08:10:00+00:00,1.0043233879478684,1.045114022250064
2026-08-14T08:15:00+00:00,1.0043233879478684,1.045114022250064
2026-08-14T08:20:00+00:00,1.0043233879478684,1.045114022250064
2026-08-14T08:25:00+00:00,1.004384859568802,1.045177990543324
2026-08-14T08:30:00+00:00,1.0042619388908471,1.0450500774371505
2026-08-14T08:35:00+00:00,1.0042004710282637,1.044986113054886
2026-08-14T08:40:00+00:00,1.0046307724054182,1.0454338911395693
2026-08-14T08:45:00+00:00,1.004200655255153,1.0449863047641579
2026-08-14T08:50:00+00:00,1.0042006703106603,1.0449863204311451
2026-08-14T08:55:00+00:00,1.0044563923226884,1.0452524286028517
2026-08-14T09:00:00+00:00,1.0044563923226884,1.0452524286028517
2026-08-14T09:05:00+00:00,1.0044563923226884,1.0452524286028517
2026-08-14T09:10:00+00:00,1.004569471347198,1.045370100336434
2026-08-14T09:15:00+00:00,1.0048766941727716,1.045689801029274
2026-08-14T09:20:00+00:00,1.0048766941727716,1.045689801029274
2026-08-14T09:25:00+00:00,1.0050609850446701,1.0458815768822562
2026-08-14T09:30:00+00:00,1.0050609850446701,1.0458815768822562
2026-08-14T09:35:00+00:00,1.0051838231019967,1.0460094040121612
2026-08-14T09:40:00+00:00,1.0052452346258909,1.0460733097675383
2026-08-14T09:45:00+00:00,1.0051224153293405,1.0459455021603792
2026-08-14T09:50:00+00:00,1.0051224153293405,1.0459455021603792
2026-08-14T09:55:00+00:00,1.0051224153293405,1.0459455021603792
2026-08-14T10:00:00+00:00,1.0054909069883884,1.0463289601227992
2026-08-14T10:05:00+00:00,1.0054909069883884,1.0463289601227992
2026-08-14T10:10:00+00:00,1.0054909069883884,1.0463289601227992
2026-08-14T10:15:00+00:00,1.0054909069883884,1.0463289601227992
2026-08-14T10:20:00+00:00,1.0053067286564208,1.0461373013805615
2026-08-14T10:25:00+00:00,1.0052453246295057,1.0460734034266537
2026-08-14T10:30:00+00:00,1.0052453246295057,1.0460734034266537
2026-08-14T10:35:00+00:00,1.0052453246295057,1.0460734034266537
2026-08-14T10:40:00+00:00,1.0052453246295057,1.0460734034266537
2026-08-14T10:45:00+00:00,1.0052453246295057,1.0460734034266537
2026-08-14T10:50:00+00:00,1.0052453246295057,1.0460734034266537
2026-08-14T10:55:00+00:00,1.0052453246295057,1.0460734034266537
2026-08-14T11:00:00+00:00,1.0052453246295057,1.0460734034266537
2026-08-14T11:05:00+00:00,1.0046926546281822,1.0454982867112694
2026-08-14T11:10:00+00:00,1.0049998625093675,1.0458179718527543
2026-08-14T11:15:00+00:00,1.0049998625093675,1.0458179718527543
2026-08-14T11:20:00+00:00,1.0054912449137237,1.0463293117729853
2026-08-14T11:25:00+00:00,1.005552637711679,1.0463931980418688
2026-08-14T11:30:00+00:00,1.0056140267616005,1.0464570804104918
2026-08-14T11:35:00+00:00,1.0061664944847633,1.0470319866321796
2026-08-14T11:40:00+00:00,1.0061664944847633,1.0470319866321796
2026-08-14T11:45:00+00:00,1.0061664944847633,1.0470319866321796
2026-08-14T11:50:00+00:00,1.0063505493313154,1.0472235168736368
2026-08-14T11:55:00+00:00,1.0065959109183766,1.0474788438313045
2026-08-14T12:00:00+00:00,1.0065959109183766,1.0474788438313045
2026-08-14T12:05:00+00:00,1.0076997689905423,1.0486275351429264
2026-08-14T12:10:00+00:00,1.0078835440244007,1.0488187742070862
2026-08-14T12:15:00+00:00,1.0072710722548186,1.0481814268722496
2026-08-14T12:20:00+00:00,1.0072710722548186,1.0481814268722496
2026-08-14T12:25:00+00:00,1.0081290544288006,1.0490742560263144
2026-08-14T12:30:00+00:00,1.0081290544288006,1.0490742560263144
2026-08-14T12:35:00+00:00,1.0084964149387847,1.0494565368980064
2026-08-14T12:40:00+00:00,1.0084964149387847,1.0494565368980064
2026-08-14T12:45:00+00:00,1.007455844469377,1.048373703617643
2026-08-14T12:50:00+00:00,1.007884757674053,1.0488200371491674
2026-08-14T12:55:00+00:00,1.007701015921925,1.0486288327184767
2026-08-14T13:00:00+00:00,1.007701015921925,1.0486288327184767
2026-08-14T13:05:00+00:00,1.007394723819821,1.0483101005504771
2026-08-14T13:10:00+00:00,1.008068771384421,1.0490115245836924
2026-08-14T13:15:00+00:00,1.008193080678912,1.0491408827051176
2026-08-14T13:20:00+00:00,1.00776264392858,1.04869296374907
2026-08-14T13:25:00+00:00,1.00776264392858,1.04869296374907
2026-08-14T13:30:00+00:00,1.0088041153157765,1.049776734538034
2026-08-14T13:35:00+00:00,1.0096302552491798,1.0506364281776541
2026-08-14T13:40:00+00:00,1.0100276752612378,1.0510499894192913
2026-08-14T13:45:00+00:00,1.0098748870779233,1.050890995737841
2026-08-14T13:50:00+00:00,1.0090522041564873,1.050034899516867
2026-08-14T13:55:00+00:00,1.0088356788652704,1.0498095800423453
2026-08-14T14:00:00+00:00,1.0089880376910272,1.0499681269278631
2026-08-14T14:05:00+00:00,1.0096923252493095,1.050701019153306
2026-08-14T14:10:00+00:00,1.0093866126332753,1.0503828900072258
2026-08-14T14:15:00+00:00,1.0094673390997204,1.0504668951823128
2026-08-14T14:20:00+00:00,1.009080930094885,1.0500647921603945
2026-08-14T14:25:00+00:00,1.0096621107392763,1.0506695774797474
2026-08-14T14:30:00+00:00,1.0095392309503592,1.0505417069233216
2026-08-14T14:35:00+00:00,1.008928411454831,1.049906078969715
2026-08-14T14:40:00+00:00,1.009050791102978,1.0500334290721336
2026-08-14T14:45:00+00:00,1.0087448973962063,1.0497151114803087
2026-08-14T14:50:00+00:00,1.0083776953174413,1.049332995474526
2026-08-14T14:55:00+00:00,1.0085307618309982,1.0494922787906127
2026-08-14T15:00:00+00:00,1.0084083563283688,1.0493649017836308
2026-08-14T15:05:00+00:00,1.0092347458707531,1.0502248551701108
2026-08-14T15:10:00+00:00,1.0089900693880474,1.0499702411423393
2026-08-14T15:15:00+00:00,1.0096936070717608,1.0507023530370276
2026-08-14T15:20:00+00:00,1.0090210893800995,1.050002521012601
2026-08-14T15:25:00+00:00,1.008684596992557,1.04965236197337
2026-08-14T15:30:00+00:00,1.0087764219389854,1.0497479163936456
2026-08-14T15:35:00+00:00,1.0091741524742686,1.050161800770421
2026-08-14T15:40:00+00:00,1.0092047372164334,1.050193627713104
2026-08-14T15:45:00+00:00,1.0093882465964863,1.0503845903339182
2026-08-14T15:50:00+00:00,1.009846295929291,1.0508612433585727
2026-08-14T15:55:00+00:00,1.0096023782547168,1.0506074189579548
2026-08-14T16:00:00+00:00,1.0096017704855593,1.050606786504229
2026-08-14T16:05:00+00:00,1.009694095439907,1.0507028612402654
2026-08-14T16:10:00+00:00,1.0094801013259211,1.0504801757468383
2026-08-14T16:15:00+00:00,1.0094495276966822,1.050448360368433
2026-08-14T16:20:00+00:00,1.0096024060313362,1.0506074478627225
2026-08-14T16:25:00+00:00,1.0094189818414532,1.05041657389208
2026-08-14T16:30:00+00:00,1.0092049404967032,1.0501938392496095
2026-08-14T16:35:00+00:00,1.0088067280000341,1.0497794533365679
2026-08-14T16:40:00+00:00,1.0092975193177978,1.0502901781632008
2026-08-14T16:45:00+00:00,1.009082831131387,1.0500667704075697
2026-08-14T16:50:00+00:00,1.0091134297960838,1.0500986118382487
2026-08-14T16:55:00+00:00,1.0090516448443323,1.050034317488227
2026-08-14T17:00:00+00:00,1.0089910797234443,1.049971292512548
2026-08-14T17:05:00+00:00,1.0087463571719713,1.0497166305449244
2026-08-14T17:10:00+00:00,1.0085939767228957,1.0495580611578559
2026-08-14T17:15:00+00:00,1.0085627623103803,1.0495255789707363
2026-08-14T17:20:00+00:00,1.008501563113638,1.049461894166187
2026-08-14T17:25:00+00:00,1.0085321738570356,1.0494937481661435
2026-08-14T17:30:00+00:00,1.0082873334239,1.049238963529089
2026-08-14T17:35:00+00:00,1.0085009918362122,1.0494612996863057
2026-08-14T17:40:00+00:00,1.0082812467068103,1.049232629599743
2026-08-14T17:45:00+00:00,1.0080730873502841,1.0490160158426813
2026-08-14T17:50:00+00:00,1.008011850052424,1.048952291389536
2026-08-14T17:55:00+00:00,1.0081337373083115,1.0490791291011639
2026-08-14T18:00:00+00:00,1.0080424987818801,1.048984184918357
2026-08-14T18:05:00+00:00,1.0084405138011323,1.049398365333429
2026-08-14T18:10:00+00:00,1.0082880907782257,1.0492397516433911
2026-08-14T18:15:00+00:00,1.0080425851140784,1.0489842747569407
2026-08-14T18:20:00+00:00,1.0081650615839297,1.0491117256134812
2026-08-14T18:25:00+00:00,1.008256905957785,1.0492073002502296
2026-08-14T18:30:00+00:00,1.0081650718469375,1.0491117362933216
2026-08-14T18:35:00+00:00,1.0081650803247229,1.0491117451154324
2026-08-14T18:40:00+00:00,1.0086243113057394,1.0495896277809873
2026-08-14T18:45:00+00:00,1.0079510419169067,1.048889013529179
2026-08-14T18:50:00+00:00,1.0076754539603907,1.0486022325568605
2026-08-14T18:55:00+00:00,1.00755293277929,1.048474735173122
2026-08-14T19:00:00+00:00,1.00755293277929,1.048474735173122
2026-08-14T19:05:00+00:00,1.0074916647383794,1.0484109787282956
2026-08-14T19:10:00+00:00,1.00795120299086,1.0488891811451575
2026-08-14T19:15:00+00:00,1.007889958215378,1.0488254489106859
2026-08-14T19:20:00+00:00,1.0078035974527126,1.048735580602214
2026-08-14T19:25:00+00:00,1.0079212035317724,1.048857963256847
2026-08-14T19:30:00+00:00,1.0080118471776927,1.0489522883980478
2026-08-14T19:35:00+00:00,1.0080124633366094,1.0489529295822837
2026-08-14T19:40:00+00:00,1.007920606868894,1.0488573423604828
2026-08-14T19:45:00+00:00,1.007859363952483,1.0487936120605883
2026-08-14T19:50:00+00:00,1.0078287392376863,1.0487617435217838
2026-08-14T19:55:00+00:00,1.008134980803312,1.0490804231007638
2026-08-14T20:00:00+00:00,1.0078900468249614,1.0488255411191518
2026-08-14T20:05:00+00:00,1.0075844214400769,1.048507502747118
2026-08-14T20:10:00+00:00,1.0077002144742897,1.0486279987200158
2026-08-14T20:15:00+00:00,1.0074613039199698,1.0483793848040406
2026-08-14T20:20:00+00:00,1.0075225775669665,1.0484431470826443
2026-08-14T20:25:00+00:00,1.0075838474877625,1.0485069054837077
2026-08-14T20:30:00+00:00,1.0075838474877625,1.0485069054837077
2026-08-14T20:35:00+00:00,1.0075838474877625,1.0485069054837077
2026-08-14T20:40:00+00:00,1.0075838474877625,1.0485069054837077
2026-08-14T20:45:00+00:00,1.0075838474877625,1.0485069054837077
2026-08-14T20:50:00+00:00,1.0075838474877625,1.0485069054837077
2026-08-14T20:55:00+00:00,1.0079514512049697,1.0488894394404942
2026-08-14T21:00:00+00:00,1.0079514512049697,1.0488894394404942
2026-08-14T21:05:00+00:00,1.0079514512049697,1.0488894394404942
2026-08-14T21:10:00+00:00,1.0079514512049697,1.0488894394404942
2026-08-14T21:15:00+00:00,1.0079514512049697,1.0488894394404942
2026-08-14T21:20:00+00:00,1.0079514512049697,1.0488894394404942
2026-08-14T21:25:00+00:00,1.0079514512049697,1.0488894394404942
2026-08-14T21:30:00+00:00,1.0079514512049697,1.0488894394404942
2026-08-14T21:35:00+00:00,1.0079514512049697,1.0488894394404942
2026-08-14T21:40:00+00:00,1.0079514512049697,1.0488894394404942
2026-08-14T21:45:00+00:00,1.0079514512049697,1.0488894394404942
2026-08-14T21:50:00+00:00,1.0079514512049697,1.0488894394404942
2026-08-14T21:55:00+00:00,1.0079514512049697,1.0488894394404942
2026-08-14T22:00:00+00:00,1.0079514512049697,1.0488894394404942
2026-08-14T22:05:00+00:00,1.0095817627635477,1.0505859661677943
2026-08-14T22:10:00+00:00,1.0095817627635477,1.0505859661677943
2026-08-14T22:15:00+00:00,1.007954079650422,1.048892174640363
2026-08-14T22:20:00+00:00,1.007954079650422,1.048892174640363
2026-08-14T22:25:00+00:00,1.007954079650422,1.048892174640363
2026-08-14T22:30:00+00:00,1.007954079650422,1.048892174640363
2026-08-14T22:35:00+00:00,1.007954079650422,1.048892174640363
2026-08-14T22:40:00+00:00,1.0097914002476702,1.0508041180866634
2026-08-14T22:45:00+00:00,1.0097914002476702,1.0508041180866634
2026-08-14T22:50:00+00:00,1.0089355412088357,1.0499134982989644
2026-08-14T22:55:00+00:00,1.0089355412088357,1.0499134982989644
2026-08-14T23:00:00+00:00,1.0089355412088357,1.0499134982989644
2026-08-14T23:05:00+00:00,1.0091190952794014,1.0501045074253983
2026-08-14T23:10:00+00:00,1.0091190952794014,1.0501045074253983
2026-08-14T23:15:00+00:00,1.0077463605256387,1.0486760189950743
2026-08-14T23:20:00+00:00,1.0077463605256387,1.0486760189950743
2026-08-14T23:25:00+00:00,1.0077463605256387,1.0486760189950743
2026-08-14T23:30:00+00:00,1.0077463605256387,1.0486760189950743
2026-08-14T23:35:00+00:00,1.0077463605256387,1.0486760189950743
2026-08-14T23:40:00+00:00,1.0077463605256387,1.0486760189950743
2026-08-14T23:45:00+00:00,1.0077463605256387,1.0486760189950743
2026-08-14T23:50:00+00:00,1.0077463605256387,1.0486760189950743
2026-08-14T23:55:00+00:00,1.0077463605256387,1.0486760189950743
2026-08-15T00:00:00+00:00,1.0077463605256387,1.0486760189950743
2026-08-17T08:05:00+00:00,1.0103457445572346,1.051380977112384
2026-08-17T08:10:00+00:00,1.010651243391462,1.051698883793901
2026-08-17T08:15:00+00:00,1.010651243391462,1.051698883793901
2026-08-17T08:20:00+00:00,1.010834487301179,1.0518895701622912
2026-08-17T08:25:00+00:00,1.0108955575336163,1.051953120764645
2026-08-17T08:30:00+00:00,1.0108955575336163,1.051953120764645
2026-08-17T08:35:00+00:00,1.0107123579037625,1.0517624804745465
2026-08-17T08:40:00+00:00,1.0105902026755895,1.051635363906928
2026-08-17T08:45:00+00:00,1.0102847776868698,1.0513175340701575
2026-08-17T08:50:00+00:00,1.0102847776868698,1.0513175340701575
2026-08-17T08:55:00+00:00,1.009857053394877,1.0508724377390521
2026-08-17T09:00:00+00:00,1.009857053394877,1.0508724377390521
2026-08-17T09:05:00+00:00,1.0101015708412195,1.0511268862711927
2026-08-17T09:10:00+00:00,1.0101015708412195,1.0511268862711927
2026-08-17T09:15:00+00:00,1.0101015708412195,1.0511268862711927
2026-08-17T09:20:00+00:00,1.0104682582459297,1.0515084666994132
2026-08-17T09:25:00+00:00,1.0103460734504948,1.0513813193636576
2026-08-17T09:30:00+00:00,1.0103460734504948,1.0513813193636576
2026-08-17T09:35:00+00:00,1.0101016927895121,1.05112701317242
2026-08-17T09:40:00+00:00,1.009979463639852,1.0509998196809907
2026-08-17T09:45:00+00:00,1.0100405847939713,1.0510634232732126
2026-08-17T09:50:00+00:00,1.0100405847939713,1.0510634232732126
2026-08-17T09:55:00+00:00,1.0101628213406,1.051190624462039
2026-08-17T10:00:00+00:00,1.0100405995836321,1.0510634386635562
2026-08-17T10:05:00+00:00,1.0100405995836321,1.0510634386635562
2026-08-17T10:10:00+00:00,1.0101017178578413,1.0511270392589007
2026-08-17T10:15:00+00:00,1.0101017178578413,1.0511270392589007
2026-08-17T10:20:00+00:00,1.0101017178578413,1.0511270392589007
2026-08-17T10:25:00+00:00,1.0102239470105345,1.0512542327534866
2026-08-17T10:30:00+00:00,1.0110794475705482,1.0521444795027335
2026-08-17T10:35:00+00:00,1.0107131144373707,1.0517632677347977
2026-08-17T10:40:00+00:00,1.0107131144373707,1.0517632677347977
2026-08-17T10:45:00+00:00,1.0104688037981546,1.0515090344092635
2026-08-17T10:50:00+00:00,1.0104688037981546,1.0515090344092635
2026-08-17T10:55:00+00:00,1.0104688037981546,1.0515090344092635
2026-08-17T11:00:00+00:00,1.0104688037981546,1.0515090344092635
2026-08-17T11:05:00+00:00,1.0108683482949405,1.0519248064216602
2026-08-17T11:10:00+00:00,1.0108683482949405,1.0519248064216602
2026-08-17T11:15:00+00:00,1.0108683482949405,1.0519248064216602
2026-08-17T11:20:00+00:00,1.0103468250681793,1.0513821015083245
2026-08-17T11:25:00+00:00,1.010957823390064,1.0520179155513265
2026-08-17T11:30:00+00:00,1.0110188863173042,1.0520814585517828
2026-08-17T11:35:00+00:00,1.0110188863173042,1.0520814585517828
2026-08-17T11:40:00+00:00,1.010938898713664,1.051998222248443
2026-08-17T11:45:00+00:00,1.0108357004337798,1.0518908325663214
2026-08-17T11:50:00+00:00,1.0108357004337798,1.0518908325663214
2026-08-17T11:55:00+00:00,1.0108357004337798,1.0518908325663214
2026-08-17T12:00:00+00:00,1.0108357004337798,1.0518908325663214
2026-08-17T12:05:00+00:00,1.0099807161535677,1.0510011230656007
2026-08-17T12:10:00+00:00,1.0097362279627777,1.0507467049772283
2026-08-17T12:15:00+00:00,1.0097362279627777,1.0507467049772283
2026-08-17T12:20:00+00:00,1.0097362279627777,1.0507467049772283
2026-08-17T12:25:00+00:00,1.009858501664396,1.0508739448300959
2026-08-17T12:30:00+00:00,1.0089482841650146,1.0499267588108148
2026-08-17T12:35:00+00:00,1.0090639231472158,1.0500470944748723
2026-08-17T12:40:00+00:00,1.008696857333048,1.049665120268079
2026-08-17T12:45:00+00:00,1.0083296578946301,1.0492830070098813
2026-08-17T12:50:00+00:00,1.0083296578946301,1.0492830070098813
2026-08-17T12:55:00+00:00,1.0087582133047857,1.0497289682150464
2026-08-17T13:00:00+00:00,1.0087582133047857,1.0497289682150464
2026-08-17T13:05:00+00:00,1.0087582133047857,1.0497289682150464
2026-08-17T13:10:00+00:00,1.008880605711156,1.0498563315938638
2026-08-17T13:15:00+00:00,1.0091253608314157,1.050111027453057
2026-08-17T13:20:00+00:00,1.008697143231645,1.0496654177784588
2026-08-17T13:25:00+00:00,1.008697143231645,1.0496654177784588
2026-08-17T13:30:00+00:00,1.0091867382535789,1.0501748977216596
2026-08-17T13:35:00+00:00,1.009339676850224,1.0503340479254837
2026-08-17T13:40:00+00:00,1.0093090982124133,1.0503022273350837
2026-08-17T13:45:00+00:00,1.0090338580430378,1.0500158082752935
2026-08-17T13:50:00+00:00,1.010135123755138,1.0511618019380429
2026-08-17T13:55:00+00:00,1.0107908577678435,1.0518441686137263
2026-08-17T14:00:00+00:00,1.011692895124576,1.0527828422535395
2026-08-17T14:05:00+00:00,1.011570857380894,1.0526558479420491
2026-08-17T14:10:00+00:00,1.0112962393271887,1.0523700762651826
2026-08-17T14:15:00+00:00,1.0120592984081214,1.0531641270210028
2026-08-17T14:20:00+00:00,1.012791260292216,1.0539258175661
2026-08-17T14:25:00+00:00,1.013461740784706,1.0546235296504298
2026-08-17T14:30:00+00:00,1.0127307508215382,1.0538628505008667
2026-08-17T14:35:00+00:00,1.0131878839785995,1.0543385501392635
2026-08-17T14:40:00+00:00,1.0126699730552506,1.053799604243187
2026-08-17T14:45:00+00:00,1.0126394948161292,1.0537678881291725
2026-08-17T14:50:00+00:00,1.012610842739308,1.053738072347113
2026-08-17T14:55:00+00:00,1.0124566042835512,1.053577569490348
2026-08-17T15:00:00+00:00,1.012578550276238,1.0537044683243724
2026-08-17T15:05:00+00:00,1.012761447238778,1.0538947936543122
2026-08-17T15:10:00+00:00,1.0126060128908718,1.0537330463341907
2026-08-17T15:15:00+00:00,1.0130358735499023,1.0541803658009656
2026-08-17T15:20:00+00:00,1.013188828316662,1.0543395328316538
2026-08-17T15:25:00+00:00,1.0133387136389844,1.0544955057522971
2026-08-17T15:30:00+00:00,1.01355377703381,1.0547193039554477
2026-08-17T15:35:00+00:00,1.0132796789551082,1.0544340733723896
2026-08-17T15:40:00+00:00,1.0131882918709423,1.0543389745981697
2026-08-17T15:45:00+00:00,1.0128836826034708,1.054021993613198
2026-08-17T15:50:00+00:00,1.0133103276690263,1.054465966885041
2026-08-17T15:55:00+00:00,1.0137062911332022,1.0548780124210455
2026-08-17T16:00:00+00:00,1.0136758421877758,1.0548463267904908
2026-08-17T16:05:00+00:00,1.0135540619523622,1.0547196004459778
2026-08-17T16:10:00+00:00,1.0138159700505678,1.0549921459519973
2026-08-17T16:15:00+00:00,1.0136150598046338,1.0547830757284433
2026-08-17T16:20:00+00:00,1.013584609941025,1.054751389142414
2026-08-17T16:25:00+00:00,1.0135230983629315,1.054687379269133
2026-08-17T16:30:00+00:00,1.0134932530137393,1.0546563217498972
2026-08-17T16:35:00+00:00,1.0133714315998303,1.0545295525544227
2026-08-17T16:40:00+00:00,1.0136766410204243,1.0548471580677596
2026-08-17T16:45:00+00:00,1.0135237826945434,1.0546880913949002
2026-08-17T16:50:00+00:00,1.013462874216068,1.0546247091161516
2026-08-17T16:55:00+00:00,1.0132801365899924,1.054434549594133
2026-08-17T17:00:00+00:00,1.01340139394773,1.0545607318242725
2026-08-17T17:05:00+00:00,1.0134617001315935,1.0546234873461895
2026-08-17T17:10:00+00:00,1.0131888045737507,1.054339508124423
2026-08-17T17:15:00+00:00,1.013280196302349,1.0544346117317092
2026-08-17T17:20:00+00:00,1.012792794303347,1.0539274138811539
2026-08-17T17:25:00+00:00,1.0125191250942605,1.053642629586268
2026-08-17T17:30:00+00:00,1.0125490019455905,1.0536737198871013
2026-08-17T17:35:00+00:00,1.012609976834302,1.0537371712733405
2026-08-17T17:40:00+00:00,1.012000320641395,1.0531027538699373
2026-08-17T17:45:00+00:00,1.0125493437068678,1.0536740755290264
2026-08-17T17:50:00+00:00,1.0127627191785267,1.053896117253944
2026-08-17T17:55:00+00:00,1.0125493849856277,1.053674118484325
2026-08-17T18:00:00+00:00,1.0121531233165106,1.0532617626317733
2026-08-17T18:05:00+00:00,1.0118792808724493,1.0529767980659672
2026-08-17T18:10:00+00:00,1.0119091747739173,1.0530079061094308
2026-08-17T18:15:00+00:00,1.0120617030481227,1.0531666293255526
2026-08-17T18:20:00+00:00,1.0123056771389443,1.0534205124337657
2026-08-17T18:25:00+00:00,1.0116348721721653,1.0527224626966107
2026-08-17T18:30:00+00:00,1.0112076909509216,1.0522779314930946
2026-08-17T18:35:00+00:00,1.010658360197284,1.0517062896490739
2026-08-17T18:40:00+00:00,1.010780528168433,1.0518334194772248
2026-08-17T18:45:00+00:00,1.0107805290909504,1.0518334204372104
2026-08-17T18:50:00+00:00,1.0112691239086378,1.0523418595528293
2026-08-17T18:55:00+00:00,1.0113606893539546,1.0524371439323454
2026-08-17T19:00:00+00:00,1.011330169688032,1.0524053847089785
2026-08-17T19:05:00+00:00,1.010963922644446,1.0520242625271667
2026-08-17T19:10:00+00:00,1.010994459825367,1.0520560399769041
2026-08-17T19:15:00+00:00,1.0115745436188284,1.0526596838966833
2026-08-17T19:20:00+00:00,1.012367843379803,1.0534852035589666
2026-08-17T19:25:00+00:00,1.0123922348469367,1.0535105856865068
2026-08-17T19:30:00+00:00,1.012215406091621,1.0533265750242689
2026-08-17T19:35:00+00:00,1.0124288525572973,1.0535486906266285
2026-08-17T19:40:00+00:00,1.012489830308173,1.0536121449912785
2026-08-17T19:45:00+00:00,1.012855648164418,1.0539928205542881
2026-08-17T19:50:00+00:00,1.0129166048115148,1.0540562529580288
2026-08-17T19:55:00+00:00,1.0127033023907637,1.0538342872509845
2026-08-17T20:00:00+00:00,1.012977615570849,1.0541197416717771
2026-08-17T20:05:00+00:00,1.0128551221881454,1.0539922732154687
2026-08-17T20:10:00+00:00,1.0128551221881454,1.0539922732154687
2026-08-17T20:15:00+00:00,1.0127338329765112,1.053866057837685
2026-08-17T20:20:00+00:00,1.0127338329765112,1.053866057837685
2026-08-17T20:25:00+00:00,1.012611919670507,1.053739193017914
2026-08-17T20:30:00+00:00,1.0124899916849959,1.0536123129224273
2026-08-17T20:35:00+00:00,1.0124290203498347,1.0535488652340665
2026-08-17T20:40:00+00:00,1.0123271920877301,1.0534429012130508
2026-08-17T20:45:00+00:00,1.0123271920877301,1.0534429012130508
2026-08-17T20:50:00+00:00,1.0123271920877301,1.0534429012130508
2026-08-17T20:55:00+00:00,1.0123271920877301,1.0534429012130508
2026-08-17T21:00:00+00:00,1.0123271920877301,1.0534429012130508
2026-08-17T21:05:00+00:00,1.0123271920877301,1.0534429012130508
2026-08-17T21:10:00+00:00,1.0123271920877301,1.0534429012130508
2026-08-17T21:15:00+00:00,1.0123271920877301,1.0534429012130508
2026-08-17T21:20:00+00:00,1.0123271920877301,1.0534429012130508
2026-08-17T21:25:00+00:00,1.0123271920877301,1.0534429012130508
2026-08-17T21:30:00+00:00,1.013707195313924,1.0548789533251028
2026-08-17T21:35:00+00:00,1.0134660382920566,1.0546280017012113
2026-08-17T21:40:00+00:00,1.0134660382920566,1.0546280017012113
2026-08-17T21:45:00+00:00,1.0134660382920566,1.0546280017012113
2026-08-17T21:50:00+00:00,1.0134660382920566,1.0546280017012113
2026-08-17T21:55:00+00:00,1.0134660382920566,1.0546280017012113
2026-08-17T22:00:00+00:00,1.0134660382920566,1.0546280017012113
2026-08-17T22:05:00+00:00,1.0126132600413,1.0537405878279202
2026-08-17T22:10:00+00:00,1.0124303678209432,1.0535502674327677
2026-08-17T22:15:00+00:00,1.0124303678209432,1.0535502674327677
2026-08-17T22:20:00+00:00,1.0124303678209432,1.0535502674327677
2026-08-17T22:25:00+00:00,1.0124303678209432,1.0535502674327677
2026-08-17T22:30:00+00:00,1.0122474425557384,1.0533599126506492
2026-08-17T22:35:00+00:00,1.0122474425557384,1.0533599126506492
2026-08-17T22:40:00+00:00,1.0124913869930336,1.053613764900957
2026-08-17T22:45:00+00:00,1.0121048281953982,1.0532115060023977
2026-08-17T22:50:00+00:00,1.0121322758172537,1.0532400684105054
2026-08-17T22:55:00+00:00,1.0122475527028976,1.0533600272714396
2026-08-17T23:00:00+00:00,1.0122475527028976,1.0533600272714396
2026-08-17T23:05:00+00:00,1.0120036266216588,1.0531061941227202
2026-08-17T23:10:00+00:00,1.0120036266216588,1.0531061941227202
2026-08-17T23:15:00+00:00,1.012308630728537,1.0534235859835166
2026-08-17T23:20:00+00:00,1.012308630728537,1.0534235859835166
2026-08-17T23:25:00+00:00,1.012308630728537,1.0534235859835166
2026-08-17T23:30:00+00:00,1.0128574727572452,1.053994719253026
2026-08-17T23:35:00+00:00,1.0131012704399405,1.0542484187882897
2026-08-17T23:40:00+00:00,1.0131012704399405,1.0542484187882897
2026-08-17T23:45:00+00:00,1.0131012704399405,1.0542484187882897
2026-08-17T23:50:00+00:00,1.0130403356829072,1.0541850091636786
2026-08-17T23:55:00+00:00,1.0132231509504148,1.0543752494805392
2026-08-18T00:00:00+00:00,1.0132231509504148,1.0543752494805392
2026-08-18T08:05:00+00:00,1.0103589313078285,1.0513946994433767
2026-08-18T08:10:00+00:00,1.0103589313078285,1.0513946994433767
2026-08-18T08:15:00+00:00,1.0103589313078285,1.0513946994433767
2026-08-18T08:20:00+00:00,1.0097479256648023,1.0507588777818844
2026-08-18T08:25:00+00:00,1.009258825192211,1.0502499124741673
2026-08-18T08:30:00+00:00,1.009564661199845,1.0505681700234017
2026-08-18T08:35:00+00:00,1.0097481739230394,1.0507591361231396
2026-08-18T08:40:00+00:00,1.0097481739230394,1.0507591361231396
2026-08-18T08:45:00+00:00,1.0097481739230394,1.0507591361231396
2026-08-18T08:50:00+00:00,1.0097481739230394,1.0507591361231396
2026-08-18T08:55:00+00:00,1.0097481739230394,1.0507591361231396
2026-08-18T09:00:00+00:00,1.0098704490712502,1.0508863774813526
2026-08-18T09:05:00+00:00,1.0098704490712502,1.0508863774813526
2026-08-18T09:10:00+00:00,1.0096259283814024,1.0506319255739722
2026-08-18T09:15:00+00:00,1.009748218343658,1.0507591823479032
2026-08-18T09:20:00+00:00,1.009687080766863,1.0506955616659979
2026-08-18T09:25:00+00:00,1.009687080766863,1.0506955616659979
2026-08-18T09:30:00+00:00,1.009687080766863,1.0506955616659979
2026-08-18T09:35:00+00:00,1.0097482664906599,1.0507592324503978
2026-08-18T09:40:00+00:00,1.0097482664906599,1.0507592324503978
2026-08-18T09:45:00+00:00,1.0097482664906599,1.0507592324503978
2026-08-18T09:50:00+00:00,1.0093814410123998,1.0503775083407647
2026-08-18T09:55:00+00:00,1.0100541322493113,1.0510775209589884
2026-08-18T10:00:00+00:00,1.0100541322493113,1.0510775209589884
2026-08-18T10:05:00+00:00,1.0100541322493113,1.0510775209589884
2026-08-18T10:10:00+00:00,1.0100541322493113,1.0510775209589884
2026-08-18T10:15:00+00:00,1.0100541322493113,1.0510775209589884
2026-08-18T10:20:00+00:00,1.0100541322493113,1.0510775209589884
2026-08-18T10:25:00+00:00,1.0100541322493113,1.0510775209589884
2026-08-18T10:30:00+00:00,1.0100541322493113,1.0510775209589884
2026-08-18T10:35:00+00:00,1.0100541322493113,1.0510775209589884
2026-08-18T10:40:00+00:00,1.0101152513423919,1.0511411224064626
2026-08-18T10:45:00+00:00,1.0101152513423919,1.0511411224064626
2026-08-18T10:50:00+00:00,1.0101152513423919,1.0511411224064626
2026-08-18T10:55:00+00:00,1.0101152513423919,1.0511411224064626
2026-08-18T11:00:00+00:00,1.0101152513423919,1.0511411224064626
2026-08-18T11:05:00+00:00,1.0100541359472235,1.0510775248070914
2026-08-18T11:10:00+00:00,1.010176374133832,1.0512047277025054
2026-08-18T11:15:00+00:00,1.0099930394884307,1.0510139469131974
2026-08-18T11:20:00+00:00,1.0099319166949492,1.0509503416150303
2026-08-18T11:25:00+00:00,1.0098096637090281,1.050823123319229
2026-08-18T11:30:00+00:00,1.0095039942382358,1.0505050390707367
2026-08-18T11:35:00+00:00,1.0095039942382358,1.0505050390707367
2026-08-18T11:40:00+00:00,1.0095039942382358,1.0505050390707367
2026-08-18T11:45:00+00:00,1.0096874514700453,1.0506959474253046
2026-08-18T11:50:00+00:00,1.0096874514700453,1.0506959474253046
2026-08-18T11:55:00+00:00,1.0096874514700453,1.0506959474253046
2026-08-18T12:00:00+00:00,1.0096874514700453,1.0506959474253046
2026-08-18T12:05:00+00:00,1.0096874514700453,1.0506959474253046
2026-08-18T12:10:00+00:00,1.0101154405799093,1.0511413193298693
2026-08-18T12:15:00+00:00,1.0096265173269663,1.0506325384395838
2026-08-18T12:20:00+00:00,1.0096265173269663,1.0506325384395838
2026-08-18T12:25:00+00:00,1.0103629316258327,1.0513988622344554
2026-08-18T12:30:00+00:00,1.0098185260762231,1.0508323456318198
2026-08-18T12:35:00+00:00,1.0102995924334903,1.0513329505182996
2026-08-18T12:40:00+00:00,1.0102995924334903,1.0513329505182996
2026-08-18T12:45:00+00:00,1.0096274444041706,1.0506335031700655
2026-08-18T12:50:00+00:00,1.0099337812196059,1.05095228186743
2026-08-18T12:55:00+00:00,1.00988549125947,1.0509020306086447
2026-08-18T13:00:00+00:00,1.0098720427794006,1.050888035918023
2026-08-18T13:05:00+00:00,1.0101165638551342,1.0511424882269622
2026-08-18T13:10:00+00:00,1.009548189941542,1.0505510297842884
2026-08-18T13:15:00+00:00,1.0098722844214558,1.0508882873743801
2026-08-18T13:20:00+00:00,1.0096791127254041,1.0506872700022187
2026-08-18T13:25:00+00:00,1.0093831855362136,1.0503793237184824
2026-08-18T13:30:00+00:00,1.0095055053599578,1.0505066115667274
2026-08-18T13:35:00+00:00,1.0103703922905825,1.0514066259144004
2026-08-18T13:40:00+00:00,1.010942380827647,1.0520018457886222
2026-08-18T13:45:00+00:00,1.010667575672046,1.0517158794107087
2026-08-18T13:50:00+00:00,1.0100263038929829,1.051048562352862
2026-08-18T13:55:00+00:00,1.0095373507503411,1.0505397503589062
2026-08-18T14:00:00+00:00,1.0098736797484102,1.050889739372594
2026-08-18T14:05:00+00:00,1.0111266580931875,1.052193607482624
2026-08-18T14:10:00+00:00,1.0105093768299815,1.051551255316389
2026-08-18T14:15:00+00:00,1.0097828968182196,1.0507952692900873
2026-08-18T14:20:00+00:00,1.0110667143533276,1.0521312291253881
2026-08-18T14:25:00+00:00,1.0103339134747904,1.051368665510056
2026-08-18T14:30:00+00:00,1.0099367585554733,1.0509553801279121
2026-08-18T14:35:00+00:00,1.0095699793385344,1.0505737041585055
2026-08-18T14:40:00+00:00,1.0086526109645577,1.0496190768315736
2026-08-18T14:45:00+00:00,1.0082547807478544,1.0492050887248137
2026-08-18T14:50:00+00:00,1.0092037993859437,1.0501926517925924
2026-08-18T14:55:00+00:00,1.0081332129592848,1.0490785834556815
2026-08-18T15:00:00+00:00,1.0066943495557832,1.0475812805578824
2026-08-18T15:05:00+00:00,1.0077975678396838,1.048729306096213
2026-08-18T15:10:00+00:00,1.0066342996996496,1.047518791774456
2026-08-18T15:15:00+00:00,1.005959656672398,1.04681674809385
2026-08-18T15:20:00+00:00,1.0054687388466106,1.0463058916210646
2026-08-18T15:25:00+00:00,1.005345938191402,1.0461781034123658
2026-08-18T15:30:00+00:00,1.0054073436756144,1.0462420028827593
2026-08-18T15:35:00+00:00,1.0061441541727625,1.0470087389675218
2026-08-18T15:40:00+00:00,1.0061441878611241,1.0470087740241374
2026-08-18T15:45:00+00:00,1.0058373991710823,1.0466895250992612
2026-08-18T15:50:00+00:00,1.006543157300343,1.047423947622981
2026-08-18T15:55:00+00:00,1.0064818229214754,1.0473601221458788
2026-08-18T16:00:00+00:00,1.0064818565513651,1.0473601571416478
2026-08-18T16:05:00+00:00,1.0069724979756411,1.0478707259868636
2026-08-18T16:10:00+00:00,1.0072790566418308,1.0481897355454597
2026-08-18T16:15:00+00:00,1.0068807247676068,1.0477752254063388
2026-08-18T16:20:00+00:00,1.0067581101327767,1.0476476307732436
2026-08-18T16:25:00+00:00,1.007003385146517,1.0479028676414117
2026-08-18T16:30:00+00:00,1.0064822738588943,1.047360591398139
2026-08-18T16:35:00+00:00,1.0066662770789616,1.0475520679162997
2026-08-18T16:40:00+00:00,1.0066049538815578,1.047488254074797
2026-08-18T16:45:00+00:00,1.0068502662860561,1.0477435298523499
2026-08-18T16:50:00+00:00,1.0064517089091332,1.047328785051729
2026-08-18T16:55:00+00:00,1.0069731266515805,1.0478713801965012
2026-08-18T17:00:00+00:00,1.0065126954140475,1.0473922485259635
2026-08-18T17:05:00+00:00,1.006513312468811,1.0473928906424308
2026-08-18T17:10:00+00:00,1.0066365965491317,1.0475211819105714
2026-08-18T17:15:00+00:00,1.0067892973539638,1.0476800846646583
2026-08-18T17:20:00+00:00,1.0064520845268565,1.0473291759251808
2026-08-18T17:25:00+00:00,1.0067587716561868,1.0476483191644532
2026-08-18T17:30:00+00:00,1.0066668414189996,1.0475526551770302
2026-08-18T17:35:00+00:00,1.006544189351815,1.0474250215912642
2026-08-18T17:40:00+00:00,1.0063295295502677,1.0472016433733489
2026-08-18T17:45:00+00:00,1.0058389362172244,1.046691124572593
2026-08-18T17:50:00+00:00,1.005808247941162,1.0466591898909792
2026-08-18T17:55:00+00:00,1.0058389371535847,1.0466911255469835
2026-08-18T18:00:00+00:00,1.005777560601403,1.0466272561836967
2026-08-18T18:05:00+00:00,1.0052251379207358,1.046052396833907
2026-08-18T18:10:00+00:00,1.0054099866645032,1.0462447532167467
2026-08-18T18:15:00+00:00,1.0058084513534788,1.0466594015648956
2026-08-18T18:20:00+00:00,1.0059312054189995,1.046787141291664
2026-08-18T18:25:00+00:00,1.0056857403464368,1.0465317066454272
2026-08-18T18:30:00+00:00,1.0060847376708397,1.0469469092620125
2026-08-18T18:35:00+00:00,1.0058699720827788,1.0467234209610599
2026-08-18T18:40:00+00:00,1.0060234050909231,1.0468830856569258
2026-08-18T18:45:00+00:00,1.0053790690073894,1.0462125798377604
2026-08-18T18:50:00+00:00,1.0053176671251258,1.0461486841156094
2026-08-18T18:55:00+00:00,1.005440480447872,1.0462764855063382
2026-08-18T19:00:00+00:00,1.0054097799751864,1.046244538132735
2026-08-18T19:05:00+00:00,1.005471190296465,1.046308442636652
2026-08-18T19:10:00+00:00,1.0055018917065124,1.046340390985688
2026-08-18T19:15:00+00:00,1.0057167892253385,1.046564016575779
2026-08-18T19:20:00+00:00,1.0053945138994398,1.0462286520247153
2026-08-18T19:25:00+00:00,1.0052870591891836,1.046116833037133
2026-08-18T19:30:00+00:00,1.0054927910077776,1.0463309206617126
2026-08-18T19:35:00+00:00,1.0053177997821126,1.046148822160465
2026-08-18T19:40:00+00:00,1.0054406138769163,1.0462766243546084
2026-08-18T19:45:00+00:00,1.0048573235657217,1.0456696436842512
2026-08-18T19:50:00+00:00,1.0043965489309243,1.0451901546693554
2026-08-18T19:55:00+00:00,1.004304349826972,1.0450942108951333
2026-08-18T20:00:00+00:00,1.0044272879221874,1.04522214212597
2026-08-18T20:05:00+00:00,1.0044272879221874,1.04522214212597
2026-08-18T20:10:00+00:00,1.004119950674145,1.044902322363388
2026-08-18T20:15:00+00:00,1.0040578541060465,1.0448377037407093
2026-08-18T20:20:00+00:00,1.0040578541060465,1.0448377037407093
2026-08-18T20:25:00+00:00,1.0031361856635224,1.0438786016977752
2026-08-18T20:30:00+00:00,1.0034438961499221,1.0441988098578052
2026-08-18T20:35:00+00:00,1.0033208459155214,1.0440707619332457
2026-08-18T20:40:00+00:00,1.0035669690225781,1.0443268813400735
2026-08-18T20:45:00+00:00,1.0028287396352709,1.0435586687368719
2026-08-18T20:50:00+00:00,1.0025825409607554,1.0433024706934098
2026-08-18T20:55:00+00:00,1.003136650535867,1.0438790854509283
2026-08-18T21:00:00+00:00,1.0030135662842674,1.0437510021275602
2026-08-18T21:05:00+00:00,1.003690612751445,1.0444555468639007
2026-08-18T21:10:00+00:00,1.003690612751445,1.0444555468639007
2026-08-18T21:15:00+00:00,1.003690612751445,1.0444555468639007
2026-08-18T21:20:00+00:00,1.003690612751445,1.0444555468639007
2026-08-18T21:25:00+00:00,1.003690612751445,1.0444555468639007
2026-08-18T21:30:00+00:00,1.003690612751445,1.0444555468639007
2026-08-18T21:35:00+00:00,1.003690612751445,1.0444555468639007
2026-08-18T21:40:00+00:00,1.003690612751445,1.0444555468639007
2026-08-18T21:45:00+00:00,1.003690612751445,1.0444555468639007
2026-08-18T21:50:00+00:00,1.00498228470069,1.045799680120681
2026-08-18T21:55:00+00:00,1.00498228470069,1.045799680120681
2026-08-18T22:00:00+00:00,1.00498228470069,1.045799680120681
2026-08-18T22:05:00+00:00,1.00498228470069,1.045799680120681
2026-08-18T22:10:00+00:00,1.0039379877055854,1.0447129689616315
2026-08-18T22:15:00+00:00,1.0039379914726279,1.0447129728816726
2026-08-18T22:20:00+00:00,1.0037540911439777,1.044521603433868
2026-08-18T22:25:00+00:00,1.0030775412050938,1.0438175753923378
2026-08-18T22:30:00+00:00,1.0030775412050938,1.0438175753923378
2026-08-18T22:35:00+00:00,1.0032621793584633,1.0440097126316417
2026-08-18T22:40:00+00:00,1.003139109905647,1.04388164470811
2026-08-18T22:45:00+00:00,1.003139109905647,1.04388164470811
2026-08-18T22:50:00+00:00,1.0032621944590097,1.0440097283454974
2026-08-18T22:55:00+00:00,1.0032621944590097,1.0440097283454974
2026-08-18T23:00:00+00:00,1.0032621944590097,1.0440097283454974
2026-08-18T23:05:00+00:00,1.0032621944590097,1.0440097283454974
2026-08-18T23:10:00+00:00,1.0035698680956815,1.0443298981591462
2026-08-18T23:15:00+00:00,1.0031392570207356,1.0438817977982835
2026-08-18T23:20:00+00:00,1.0031392570207356,1.0438817977982835
2026-08-18T23:25:00+00:00,1.002708461020788,1.0434335050016832
2026-08-18T23:30:00+00:00,1.0025853235455306,1.043305366292976
2026-08-18T23:35:00+00:00,1.0022774420433977,1.0429849801714024
2026-08-18T23:40:00+00:00,1.0022774420433977,1.0429849801714024
2026-08-18T23:45:00+00:00,1.0022774420433977,1.0429849801714024
2026-08-18T23:50:00+00:00,1.0022774420433977,1.0429849801714024
2026-08-18T23:55:00+00:00,1.0028317990356785,1.0435618523949486
2026-08-19T00:00:00+00:00,1.0028317990356785,1.0435618523949486
2026-08-19T08:05:00+00:00,1.0052928754623667,1.0461228855384823
2026-08-19T08:10:00+00:00,1.0057227502411228,1.046570219698456
2026-08-19T08:15:00+00:00,1.006275210247969,1.0471451178904292
2026-08-19T08:20:00+00:00,1.0061525386387713,1.0470174639689505
2026-08-19T08:25:00+00:00,1.005723030907922,1.0465705117645485
2026-08-19T08:30:00+00:00,1.005723030907922,1.0465705117645485
2026-08-19T08:35:00+00:00,1.005723030907922,1.0465705117645485
2026-08-19T08:40:00+00:00,1.0060299532196004,1.0468898997381095
2026-08-19T08:45:00+00:00,1.0063367819231566,1.0472091903016505
2026-08-19T08:50:00+00:00,1.006336796878553,1.047209205864461
2026-08-19T08:55:00+00:00,1.0059073676187293,1.046762335318189
2026-08-19T09:00:00+00:00,1.0059073676187293,1.046762335318189
2026-08-19T09:05:00+00:00,1.00578462114312,1.0466346034895961
2026-08-19T09:10:00+00:00,1.0056618596856388,1.0465068560706423
2026-08-19T09:15:00+00:00,1.005723255400824,1.0465707453752386
2026-08-19T09:20:00+00:00,1.0054163330206356,1.0462513573303855
2026-08-19T09:25:00+00:00,1.0056619646552811,1.046506965303631
2026-08-19T09:30:00+00:00,1.0056619646552811,1.046506965303631
2026-08-19T09:35:00+00:00,1.0056619646552811,1.046506965303631
2026-08-19T09:40:00+00:00,1.005539199438146,1.0463792139723247
2026-08-19T09:45:00+00:00,1.005539199438146,1.0463792139723247
2026-08-19T09:50:00+00:00,1.0059075737937835,1.0467625498670512
2026-08-19T09:55:00+00:00,1.0058462005433992,1.0466986839396646
2026-08-19T10:00:00+00:00,1.0058462005433992,1.0466986839396646
2026-08-19T10:05:00+00:00,1.0062144625157732,1.047081902886677
2026-08-19T10:10:00+00:00,1.0062758170561703,1.04714574934417
2026-08-19T10:15:00+00:00,1.0063985186556164,1.0472734344739523
2026-08-19T10:20:00+00:00,1.0063985186556164,1.0472734344739523
2026-08-19T10:25:00+00:00,1.0068892652208514,1.047784112730431
2026-08-19T10:30:00+00:00,1.0068892652208514,1.047784112730431
2026-08-19T10:35:00+00:00,1.0069505786580222,1.0478479164152885
2026-08-19T10:40:00+00:00,1.0068279592500022,1.0477203168151403
2026-08-19T10:45:00+00:00,1.0068279592500022,1.0477203168151403
2026-08-19T10:50:00+00:00,1.0070732279367867,1.0479755470993828
2026-08-19T10:55:00+00:00,1.0068893212114511,1.0477841709950915
2026-08-19T11:00:00+00:00,1.0067666943302904,1.0476565636182804
2026-08-19T11:05:00+00:00,1.0067666943302904,1.0476565636182804
2026-08-19T11:10:00+00:00,1.0076251870651316,1.048549924069654
2026-08-19T11:15:00+00:00,1.0076251870651316,1.048549924069654
2026-08-19T11:20:00+00:00,1.0071963359025762,1.0481036551000937
2026-08-19T11:25:00+00:00,1.0073520247227559,1.0482656672278905
2026-08-19T11:30:00+00:00,1.007502781214792,1.0484225467008401
2026-08-19T11:35:00+00:00,1.007012571857675,1.0479124274712082
2026-08-19T11:40:00+00:00,1.0070738778708164,1.0479762234305088
2026-08-19T11:45:00+00:00,1.006583459620088,1.0474658868230433
2026-08-19T11:50:00+00:00,1.0065834633575752,1.0474658907123289
2026-08-19T11:55:00+00:00,1.0064607990310634,1.0473382443693222
2026-08-19T12:00:00+00:00,1.0065215252738133,1.0474014370108342
2026-08-19T12:05:00+00:00,1.0063381308174784,1.0472105939813692
2026-08-19T12:10:00+00:00,1.0066448664096563,1.0475297876518097
2026-08-19T12:15:00+00:00,1.0070128369956475,1.0479127033777698
2026-08-19T12:20:00+00:00,1.0070128369956475,1.0479127033777698
2026-08-19T12:25:00+00:00,1.0073806545123374,1.048295459817513
2026-08-19T12:30:00+00:00,1.0073806545123374,1.048295459817513
2026-08-19T12:35:00+00:00,1.0088516560474265,1.049826206138391
2026-08-19T12:40:00+00:00,1.0125845173248067,1.0537106777248548
2026-08-19T12:45:00+00:00,1.0125302543057544,1.0536542108111278
2026-08-19T12:50:00+00:00,1.0127064661369203,1.0538375794928172
2026-08-19T12:55:00+00:00,1.0135599389593326,1.0547257161478196
2026-08-19T13:00:00+00:00,1.0151436263639566,1.0563737250793004
2026-08-19T13:05:00+00:00,1.0141097513550787,1.0552978591958624
2026-08-19T13:10:00+00:00,1.0142315078386128,1.0554245608238124
2026-08-19T13:15:00+00:00,1.0172750545552094,1.0585917213112204
2026-08-19T13:20:00+00:00,1.0175178301011605,1.0588443571956154
2026-08-19T13:25:00+00:00,1.0173358054446129,1.0586549396004103
2026-08-19T13:30:00+00:00,1.0172751197010288,1.0585917891029397
2026-08-19T13:35:00+00:00,1.0177302899311778,1.0590654460900695
2026-08-19T13:40:00+00:00,1.0170933184003004,1.0584026039351595
2026-08-19T13:45:00+00:00,1.0176699888493421,1.0590026958773995
2026-08-19T13:50:00+00:00,1.0164868777557816,1.0577715326797703
2026-08-19T13:55:00+00:00,1.0167298321162273,1.0580243546412178
2026-08-19T14:00:00+00:00,1.0175191560860055,1.0588457370353876
2026-08-19T14:05:00+00:00,1.0175798382849965,1.0589088838443013
2026-08-19T14:10:00+00:00,1.0188841312080086,1.0602661506761997
2026-08-19T14:15:00+00:00,1.0191568121526327,1.060549906568223
2026-08-19T14:20:00+00:00,1.0188841951403584,1.0602662172051645
2026-08-19T14:25:00+00:00,1.019641665883886,1.0610544526530339
2026-08-19T14:30:00+00:00,1.020489348979039,1.0619365644307739
2026-08-19T14:35:00+00:00,1.020610346056224,1.0620624758090558
2026-08-19T14:40:00+00:00,1.0209127948253545,1.0623772085469607
2026-08-19T14:45:00+00:00,1.0209430333418767,1.0624086752020327
2026-08-19T14:50:00+00:00,1.0197638717906488,1.0611816219575547
2026-08-19T14:55:00+00:00,1.020550891024222,1.0620006060085672
2026-08-19T15:00:00+00:00,1.0208533580277435,1.0623153577214532
2026-08-19T15:05:00+00:00,1.0204904775437702,1.0619377388322067
2026-08-19T15:10:00+00:00,1.0201275095885765,1.0615600289190923
2026-08-19T15:15:00+00:00,1.0204301318424853,1.0618749421878664
2026-08-19T15:20:00+00:00,1.0206116332819823,1.0620638153155397
2026-08-19T15:25:00+00:00,1.0200066865761768,1.0614342986752439
2026-08-19T15:30:00+00:00,1.0203093331399633,1.0617492372412423
2026-08-19T15:35:00+00:00,1.0204823899951867,1.0619293228075162
2026-08-19T15:40:00+00:00,1.0207268121631083,1.0621836721914983
2026-08-19T15:45:00+00:00,1.0211260882744846,1.0625991649180009
2026-08-19T15:50:00+00:00,1.0210958595569735,1.062567708459927
2026-08-19T15:55:00+00:00,1.0211563250478157,1.0626306297590822
2026-08-19T16:00:00+00:00,1.0214586211771963,1.0629452036577676
2026-08-19T16:05:00+00:00,1.0213981789445095,1.0628823065613986
2026-08-19T16:10:00+00:00,1.021700424985884,1.0631968283377518
2026-08-19T16:15:00+00:00,1.0219119267808143,1.0634169202864858
2026-08-19T16:20:00+00:00,1.0215796378867812,1.06307113546582
2026-08-19T16:25:00+00:00,1.0215192063726473,1.0630082495233386
2026-08-19T16:30:00+00:00,1.0210961419752616,1.0625680023486452
2026-08-19T16:35:00+00:00,1.0215193817309358,1.0630084320038111
2026-08-19T16:40:00+00:00,1.021519385307136,1.063008435725259
2026-08-19T16:45:00+00:00,1.0215193888824898,1.0630084394458257
2026-08-19T16:50:00+00:00,1.0214589511006364,1.0629455469810614
2026-08-19T16:55:00+00:00,1.0214589511006364,1.0629455469810614
2026-08-19T17:00:00+00:00,1.021398509742583,1.0628826507948492
2026-08-19T17:05:00+00:00,1.0216711361107897,1.0631663498938315
2026-08-19T17:10:00+00:00,1.0213381838631697,1.0628198747774464
2026-08-19T17:15:00+00:00,1.0212777344496502,1.062756970208595
2026-08-19T17:20:00+00:00,1.0209150218649043,1.0623795260378095
2026-08-19T17:25:00+00:00,1.020915022760385,1.06237952696966
2026-08-19T17:30:00+00:00,1.020703365221014,1.0621592729509186
2026-08-19T17:35:00+00:00,1.0207033688049523,1.0621592766804184
2026-08-19T17:40:00+00:00,1.0208243410560698,1.0622851622243212
2026-08-19T17:45:00+00:00,1.0208243419518952,1.0622851631565307
2026-08-19T17:50:00+00:00,1.020794102472603,1.0622536954995856
2026-08-19T17:55:00+00:00,1.0205219319293042,1.0619704707388575
2026-08-19T18:00:00+00:00,1.0205521857512287,1.062001953320962
2026-08-19T18:05:00+00:00,1.0216410364358097,1.063135027719356
2026-08-19T18:10:00+00:00,1.0208554376262946,1.0623175217829814
2026-08-19T18:15:00+00:00,1.020794973841439,1.062254602259102
2026-08-19T18:20:00+00:00,1.0204320791752992,1.0618769686116796
2026-08-19T18:25:00+00:00,1.0200079219802294,1.0614355842552807
2026-08-19T18:30:00+00:00,1.0192821978978808,1.0606803848604953
2026-08-19T18:35:00+00:00,1.0198878715910282,1.0613106580147524
2026-08-19T18:40:00+00:00,1.0203720949573718,1.0618145481323578
2026-08-19T18:45:00+00:00,1.0210377033066291,1.062507190191164
2026-08-19T18:50:00+00:00,1.0211888696135265,1.0626644961236216
2026-08-19T18:55:00+00:00,1.0214911494268344,1.0629790530435563
2026-08-19T19:00:00+00:00,1.0215818071693399,1.0630733928538754
2026-08-19T19:05:00+00:00,1.0217026722419358,1.0631991668661969
2026-08-19T19:10:00+00:00,1.0227299342142633,1.0642681511243426
2026-08-19T19:15:00+00:00,1.0225186459764575,1.064048281406364
2026-08-19T19:20:00+00:00,1.0226997892659435,1.0642367818377494
2026-08-19T19:25:00+00:00,1.0226696104496924,1.0642053773076776
2026-08-19T19:30:00+00:00,1.0229714609840637,1.0645194875134945
2026-08-19T19:35:00+00:00,1.023212878190236,1.0647707098890866
2026-08-19T19:40:00+00:00,1.0228508498101712,1.0643939777119822
2026-08-19T19:45:00+00:00,1.022911209237163,1.0644567886394996
2026-08-19T19:50:00+00:00,1.023394021445586,1.0649592102849494
2026-08-19T19:55:00+00:00,1.023454348881966,1.065021987922555
2026-08-19T20:00:00+00:00,1.0235146798386323,1.065084769223423
2026-08-19T20:05:00+00:00,1.023213078388892,1.0647709182188192
2026-08-19T20:10:00+00:00,1.0233241004471676,1.0648864494424026
2026-08-19T20:15:00+00:00,1.022790769724742,1.064331457471497
2026-08-19T20:20:00+00:00,1.023394399782417,1.0649596039879463
2026-08-19T20:25:00+00:00,1.024118328855595,1.0657129354691923
2026-08-19T20:30:00+00:00,1.0242991761857891,1.065901127920887
2026-08-19T20:35:00+00:00,1.0246005470155486,1.06621473893887
2026-08-19T20:40:00+00:00,1.0244197705992768,1.0660266202812692
2026-08-19T20:45:00+00:00,1.0245403331237677,1.0661520794574821
2026-08-19T20:50:00+00:00,1.0244800731347592,1.0660893720066258
2026-08-19T20:55:00+00:00,1.0247813908033283,1.0664029277042746
2026-08-19T21:00:00+00:00,1.024660899164198,1.066277542292434
2026-08-19T21:05:00+00:00,1.0247820075028617,1.0664035694510843
2026-08-19T21:10:00+00:00,1.0244849957828879,1.0660944945883037
2026-08-19T21:15:00+00:00,1.025244915442281,1.0668852784148535
2026-08-19T21:20:00+00:00,1.0251937296139393,1.0668320136720606
2026-08-19T21:25:00+00:00,1.0252635867027917,1.066904708009352
2026-08-19T21:30:00+00:00,1.025444239278858,1.0670926977969724
2026-08-19T21:35:00+00:00,1.025444239278858,1.0670926977969724
2026-08-19T21:40:00+00:00,1.0255646531162557,1.06721800224716
2026-08-19T21:45:00+00:00,1.0256850528172554,1.0673432919867991
2026-08-19T21:50:00+00:00,1.0259860167412043,1.0676564795724761
2026-08-19T21:55:00+00:00,1.0259860167412043,1.0676564795724761
2026-08-19T22:00:00+00:00,1.0259860167412043,1.0676564795724761
2026-08-19T22:05:00+00:00,1.0241807627528035,1.0657779051216154
2026-08-19T22:10:00+00:00,1.0243013255265236,1.06590336455718
2026-08-19T22:15:00+00:00,1.0244821484038082,1.0660915315628097
2026-08-19T22:20:00+00:00,1.0244104509534113,1.0660169221176166
2026-08-19T22:25:00+00:00,1.0241265892584217,1.0657215313686073
2026-08-19T22:30:00+00:00,1.0241265892584217,1.0657215313686073
2026-08-19T22:35:00+00:00,1.0243532592985443,1.0659574076214147
2026-08-19T22:40:00+00:00,1.0243532592985443,1.0659574076214147
2026-08-19T22:45:00+00:00,1.0239843992592574,1.0655735663169779
2026-08-19T22:50:00+00:00,1.0241206613646872,1.0657153627132332
2026-08-19T22:55:00+00:00,1.0241206613646872,1.0657153627132332
2026-08-19T23:00:00+00:00,1.0241206613646872,1.0657153627132332
2026-08-19T23:05:00+00:00,1.0243015162024607,1.0659035629774278
2026-08-19T23:10:00+00:00,1.0243015162024607,1.0659035629774278
2026-08-19T23:15:00+00:00,1.0241152686041868,1.0657097509255506
2026-08-19T23:20:00+00:00,1.0241152686041868,1.0657097509255506
2026-08-19T23:25:00+00:00,1.0238795532092602,1.0654644619404945
2026-08-19T23:30:00+00:00,1.0243010445104614,1.0659030721276395
2026-08-19T23:35:00+00:00,1.0238797268261328,1.0654646426088232
2026-08-19T23:40:00+00:00,1.024000325144958,1.0655901390331588
2026-08-19T23:45:00+00:00,1.0237591569101148,1.0653391757408759
2026-08-19T23:50:00+00:00,1.0238194631752486,1.065401931347364
2026-08-19T23:55:00+00:00,1.02357825232281,1.0651509237065706
2026-08-20T00:00:00+00:00,1.0233671430780766,1.0649312402514748
2026-08-20T08:05:00+00:00,1.0213484875152936,1.0628305969128107
2026-08-20T08:10:00+00:00,1.021106690998363,1.0625789798207386
2026-08-20T08:15:00+00:00,1.021106690998363,1.0625789798207386
2026-08-20T08:20:00+00:00,1.021106690998363,1.0625789798207386
2026-08-20T08:25:00+00:00,1.021106690998363,1.0625789798207386
2026-08-20T08:30:00+00:00,1.0209858499901707,1.0624532308501975
2026-08-20T08:35:00+00:00,1.020683496919219,1.0621385976972568
2026-08-20T08:40:00+00:00,1.021348870776402,1.062830995740084
2026-08-20T08:45:00+00:00,1.021348870776402,1.062830995740084
2026-08-20T08:50:00+00:00,1.021348870776402,1.062830995740084
2026-08-20T08:55:00+00:00,1.021348870776402,1.062830995740084
2026-08-20T09:00:00+00:00,1.0208652775610723,1.062327761367101
2026-08-20T09:05:00+00:00,1.020986233162679,1.0624536295852725
2026-08-20T09:10:00+00:00,1.020986233162679,1.0624536295852725
2026-08-20T09:15:00+00:00,1.020986233162679,1.0624536295852725
2026-08-20T09:20:00+00:00,1.0209868521201808,1.062454273681758
2026-08-20T09:25:00+00:00,1.0210467850965452,1.0625166408383389
2026-08-20T09:30:00+00:00,1.0210467850965452,1.0625166408383389
2026-08-20T09:35:00+00:00,1.020623515672426,1.062076180309743
2026-08-20T09:40:00+00:00,1.0203210549340214,1.0617614351164317
2026-08-20T09:45:00+00:00,1.0206841154446136,1.0621392413440858
2026-08-20T09:50:00+00:00,1.0206236268754867,1.0620762960293206
2026-08-20T09:55:00+00:00,1.0199581127408581,1.061383752011674
2026-08-20T10:00:00+00:00,1.0200791760183348,1.0615097322789748
2026-08-20T10:05:00+00:00,1.0200791760183348,1.0615097322789748
2026-08-20T10:10:00+00:00,1.0200791760183348,1.0615097322789748
2026-08-20T10:15:00+00:00,1.0200791760183348,1.0615097322789748
2026-08-20T10:20:00+00:00,1.0200791760183348,1.0615097322789748
2026-08-20T10:25:00+00:00,1.0200791760183348,1.0615097322789748
2026-08-20T10:30:00+00:00,1.0211686162205615,1.0626434201382975
2026-08-20T10:35:00+00:00,1.0214104560349417,1.0628950822863468
2026-08-20T10:40:00+00:00,1.021108227825676,1.0625805790663543
2026-08-20T10:45:00+00:00,1.021108227825676,1.0625805790663543
2026-08-20T10:50:00+00:00,1.020987300749903,1.0624547405325946
2026-08-20T10:55:00+00:00,1.0208663593496723,1.0623288870925884
2026-08-20T11:00:00+00:00,1.0208663593496723,1.0623288870925884
2026-08-20T11:05:00+00:00,1.0208663593496723,1.0623288870925884
2026-08-20T11:10:00+00:00,1.0206153762103771,1.0620677102631197
2026-08-20T11:15:00+00:00,1.0202614936762617,1.061699454775822
2026-08-20T11:20:00+00:00,1.0199589250245191,1.061384597286268
2026-08-20T11:25:00+00:00,1.020079988398409,1.0615105776538984
2026-08-20T11:30:00+00:00,1.0208666993433582,1.0623292408951317
2026-08-20T11:35:00+00:00,1.0208666993433582,1.0623292408951317
2026-08-20T11:40:00+00:00,1.0198990531828431,1.0613222937473636
2026-08-20T11:45:00+00:00,1.0195963765882374,1.061007323930843
2026-08-20T11:50:00+00:00,1.0182127338037594,1.059567484439703
2026-08-20T11:55:00+00:00,1.0185674773176707,1.0599366358755253
2026-08-20T12:00:00+00:00,1.0182904686666745,1.0596483765071636
2026-08-20T12:05:00+00:00,1.0171730378969315,1.058485561242313
2026-08-20T12:10:00+00:00,1.0169970143971163,1.0583023885410596
2026-08-20T12:15:00+00:00,1.0180229840932347,1.0593700280371463
2026-08-20T12:20:00+00:00,1.0180897183589577,1.0594394727177228
2026-08-20T12:25:00+00:00,1.0179714641714448,1.059316415631686
2026-08-20T12:30:00+00:00,1.0174165146711875,1.0587389268354284
2026-08-20T12:35:00+00:00,1.0166883148515495,1.0579811511511847
2026-08-20T12:40:00+00:00,1.0174000331080337,1.0587217758729321
2026-08-20T12:45:00+00:00,1.018145237075634,1.0594972463292824
2026-08-20T12:50:00+00:00,1.018410840180958,1.0597736369152813
2026-08-20T12:55:00+00:00,1.0190546688399018,1.0604436147007867
2026-08-20T13:00:00+00:00,1.0190546688399018,1.0604436147007867
2026-08-20T13:05:00+00:00,1.019599941849388,1.0610110339952163
2026-08-20T13:10:00+00:00,1.0190549962493467,1.0604439554079792
2026-08-20T13:15:00+00:00,1.0189944103399384,1.0603809087994533
2026-08-20T13:20:00+00:00,1.019054999851791,1.060443959156737
2026-08-20T13:25:00+00:00,1.019054999851791,1.060443959156737
2026-08-20T13:30:00+00:00,1.0188126562133006,1.0601917727217414
2026-08-20T13:35:00+00:00,1.0192368224477995,1.0606331664847064
2026-08-20T13:40:00+00:00,1.0201454491170445,1.0615786970622216
2026-08-20T13:45:00+00:00,1.0204480551472763,1.0618935934483933
2026-08-20T13:50:00+00:00,1.0199943703209822,1.0614214821948549
2026-08-20T13:55:00+00:00,1.0203272774315542,1.0617679103409488
2026-08-20T14:00:00+00:00,1.0198734795248483,1.061295681414233
2026-08-20T14:05:00+00:00,1.0201458852233185,1.061579150880969
2026-08-20T14:10:00+00:00,1.0202972008713078,1.061736612220013
2026-08-20T14:15:00+00:00,1.020327458795414,1.0617680990709089
2026-08-20T14:20:00+00:00,1.0200249064710172,1.0614532585718368
2026-08-20T14:25:00+00:00,1.0209933611650321,1.0624610470917244
2026-08-20T14:30:00+00:00,1.0210840678077033,1.0625554377882915
2026-08-20T14:35:00+00:00,1.021446852087685,1.0629329565662176
2026-08-20T14:40:00+00:00,1.0216281910035914,1.063121660569398
2026-08-20T14:45:00+00:00,1.0219907919586948,1.0634989885766986
2026-08-20T14:50:00+00:00,1.0229875909223005,1.064536272569813
2026-08-20T14:55:00+00:00,1.0232229685980878,1.064781210119254
2026-08-20T15:00:00+00:00,1.0238897147404045,1.06547503618263
2026-08-20T15:05:00+00:00,1.0260636582855491,1.067737274531229
2026-08-20T15:10:00+00:00,1.0249203783472762,1.0665475602328418
2026-08-20T15:15:00+00:00,1.0260650058379743,1.0677386768145494
2026-08-20T15:20:00+00:00,1.0265464192595433,1.0682396428613616
2026-08-20T15:25:00+00:00,1.025103134323949,1.0667377388507677
2026-08-20T15:30:00+00:00,1.0256458359812153,1.067302482357405
2026-08-20T15:35:00+00:00,1.0248027229432457,1.0664251262499025
2026-08-20T15:40:00+00:00,1.0242002522066536,1.0657981861404082
2026-08-20T15:45:00+00:00,1.0233279639400594,1.0648904698512114
2026-08-20T15:50:00+00:00,1.024321637559505,1.0659245015641883
2026-08-20T15:55:00+00:00,1.0242613620718293,1.065861777985186
2026-08-20T16:00:00+00:00,1.0245627572466385,1.0661754143369941
2026-08-20T16:05:00+00:00,1.0243217120149608,1.0659245790436553
2026-08-20T16:10:00+00:00,1.024381987507018,1.0659873026272169
2026-08-20T16:15:00+00:00,1.0234175592329318,1.064983704060463
2026-08-20T16:20:00+00:00,1.0234175627896342,1.0649837077616213
2026-08-20T16:25:00+00:00,1.0233874001735779,1.0649523200897157
2026-08-20T16:30:00+00:00,1.0231159126241598,1.0646698060626918
2026-08-20T16:35:00+00:00,1.0230857393342982,1.064638407283464
2026-08-20T16:40:00+00:00,1.0229348737747435,1.064481414313214
2026-08-20T16:45:00+00:00,1.0230857615883242,1.0646384304413379
2026-08-20T16:50:00+00:00,1.0234176686741931,1.0649838179466855
2026-08-20T16:55:00+00:00,1.023237321062197,1.0647961455092634
2026-08-20T17:00:00+00:00,1.0231763853879112,1.0647327349301454
2026-08-20T17:05:00+00:00,1.0233272393997064,1.0648897158836228
2026-08-20T17:10:00+00:00,1.02317640940132,1.0647327599188594
2026-08-20T17:15:00+00:00,1.0230557232713584,1.0646071721169346
2026-08-20T17:20:00+00:00,1.022965196267846,1.064512968355578
2026-08-20T17:25:00+00:00,1.0232669657049518,1.0648269941703605
2026-08-20T17:30:00+00:00,1.0234781423001968,1.0650467477114112
2026-08-20T17:35:00+00:00,1.0240210544134534,1.065611710221717
2026-08-20T17:40:00+00:00,1.0239004730550494,1.0654862314466513
2026-08-20T17:45:00+00:00,1.0240210782568178,1.065611735033481
2026-08-20T17:50:00+00:00,1.024141664818082,1.065737219222722
2026-08-20T17:55:00+00:00,1.0240813857324542,1.0656744918996364
2026-08-20T18:00:00+00:00,1.02420196253434,1.0657999659331212
2026-08-20T18:05:00+00:00,1.0244430824297797,1.0660508789226937
2026-08-20T18:10:00+00:00,1.0238403811051373,1.0654236988598065
2026-08-20T18:15:00+00:00,1.0231999532074263,1.0647572599575865
2026-08-20T18:20:00+00:00,1.02378043643425,1.0653613195337295
2026-08-20T18:25:00+00:00,1.02384074395289,1.0654240764446352
2026-08-20T18:30:00+00:00,1.0241416465755686,1.0657372002392884
2026-08-20T18:35:00+00:00,1.024202542506812,1.0658005694611983
2026-08-20T18:40:00+00:00,1.0244135478159773,1.0660201447593785
2026-08-20T18:45:00+00:00,1.02435327755959,1.0659574266241334
2026-08-20T18:50:00+00:00,1.0244738251650694,1.0660828702753986
2026-08-20T18:55:00+00:00,1.0247751587215037,1.0663964425061991
2026-08-20T19:00:00+00:00,1.0245944259030828,1.0662083692171778
2026-08-20T19:05:00+00:00,1.0244437715387138,1.0660515960198147
2026-08-20T19:10:00+00:00,1.024986148056127,1.0666160011810308
2026-08-20T19:15:00+00:00,1.0252040058018765,1.0668427072277793
2026-08-20T19:20:00+00:00,1.0249855975407278,1.0666154283064269
2026-08-20T19:25:00+00:00,1.025136791438694,1.0667727629505657
2026-08-20T19:30:00+00:00,1.0246850831997074,1.0663027085635066
2026-08-20T19:35:00+00:00,1.0248357190169484,1.0664594624604493
2026-08-20T19:40:00+00:00,1.0254080881888075,1.0670550784289634
2026-08-20T19:45:00+00:00,1.0250166916076335,1.0666477852600953
2026-08-20T19:50:00+00:00,1.0253781005834564,1.06702387287583
2026-08-20T19:55:00+00:00,1.0256189551493344,1.0672745097594698
2026-08-20T20:00:00+00:00,1.0252878490413977,1.0669299557638048
2026-08-20T20:05:00+00:00,1.0251348929074515,1.0667707873104015
2026-08-20T20:10:00+00:00,1.0251354951868188,1.0667714140513693
2026-08-20T20:15:00+00:00,1.0251354951868188,1.0667714140513693
2026-08-20T20:20:00+00:00,1.024625364862393,1.06624056476355
2026-08-20T20:25:00+00:00,1.0243843332545686,1.0659897436473977
2026-08-20T20:30:00+00:00,1.0243843332545686,1.0659897436473977
2026-08-20T20:35:00+00:00,1.0243843332545686,1.0659897436473977
2026-08-20T20:40:00+00:00,1.0243843332545686,1.0659897436473977
2026-08-20T20:45:00+00:00,1.0240829834523395,1.065676154510979
2026-08-20T20:50:00+00:00,1.0242638529301658,1.0658643700098327
2026-08-20T20:55:00+00:00,1.0242638529301658,1.0658643700098327
2026-08-20T21:00:00+00:00,1.0245049696563735,1.0661152797014548
2026-08-20T21:05:00+00:00,1.0249268246438792,1.0665542683460376
2026-08-20T21:10:00+00:00,1.0249268246438792,1.0665542683460376
2026-08-20T21:15:00+00:00,1.0249268246438792,1.0665542683460376
2026-08-20T21:20:00+00:00,1.0249268246438792,1.0665542683460376
2026-08-20T21:25:00+00:00,1.023455156469079,1.0650228283098504
2026-08-20T21:30:00+00:00,1.0245066552116333,1.0661170337156083
2026-08-20T21:35:00+00:00,1.0245066552116333,1.0661170337156083
2026-08-20T21:40:00+00:00,1.0245066552116333,1.0661170337156083
2026-08-20T21:45:00+00:00,1.0245066552116333,1.0661170337156083
2026-08-20T21:50:00+00:00,1.0245066552116333,1.0661170337156083
2026-08-20T21:55:00+00:00,1.0245066552116333,1.0661170337156083
2026-08-20T22:00:00+00:00,1.0245066552116333,1.0661170337156083
2026-08-20T22:05:00+00:00,1.0245066552116333,1.0661170337156083
2026-08-20T22:10:00+00:00,1.0245066552116333,1.0661170337156083
2026-08-20T22:15:00+00:00,1.0245066552116333,1.0661170337156083
2026-08-20T22:20:00+00:00,1.0245066552116333,1.0661170337156083
2026-08-20T22:25:00+00:00,1.0245066552116333,1.0661170337156083
2026-08-20T22:30:00+00:00,1.0245066552116333,1.0661170337156083
2026-08-20T22:35:00+00:00,1.0245066552116333,1.0661170337156083
2026-08-20T22:40:00+00:00,1.0245066552116333,1.0661170337156083
2026-08-20T22:45:00+00:00,1.0245066552116333,1.0661170337156083
2026-08-20T22:50:00+00:00,1.0249887759905567,1.0666187358491215
2026-08-20T22:55:00+00:00,1.0249887759905567,1.0666187358491215
2026-08-20T23:00:00+00:00,1.0249887759905567,1.0666187358491215
2026-08-20T23:05:00+00:00,1.0252299958515148,1.0668697528643156
2026-08-20T23:10:00+00:00,1.0252299958515148,1.0668697528643156
2026-08-20T23:15:00+00:00,1.0254708863580588,1.0671204271483532
2026-08-20T23:20:00+00:00,1.0258923457406626,1.0675590041205256
2026-08-20T23:25:00+00:00,1.0258923457406626,1.0675590041205256
2026-08-20T23:30:00+00:00,1.0251701406398244,1.0668074666308245
2026-08-20T23:35:00+00:00,1.0246281049644774,1.0662434161549887
2026-08-20T23:40:00+00:00,1.024507588838276,1.0661180052615338
2026-08-20T23:45:00+00:00,1.0249897100565528,1.0666197078522452
2026-08-20T23:50:00+00:00,1.0249897100565528,1.0666197078522452
2026-08-20T23:55:00+00:00,1.0249897100565528,1.0666197078522452
2026-08-21T00:00:00+00:00,1.025834230257246,1.0674985282744416
2026-08-21T08:05:00+00:00,1.029531974014029,1.071346456040814
2026-08-21T08:10:00+00:00,1.0291469529342514,1.0709457973145846
2026-08-21T08:15:00+00:00,1.0296269095404933,1.0714452473774572
2026-08-21T08:20:00+00:00,1.0303465090113428,1.0721940734094042
2026-08-21T08:25:00+00:00,1.0310056814900634,1.0728800182045364
2026-08-21T08:30:00+00:00,1.0311254544549207,1.0730046557531194
2026-08-21T08:35:00+00:00,1.031305093035836,1.0731915903621358
2026-08-21T08:40:00+00:00,1.0311853548385719,1.0730669889932327
2026-08-21T08:45:00+00:00,1.0311853548385719,1.0730669889932327
2026-08-21T08:50:00+00:00,1.031245230889834,1.073129296912696
2026-08-21T08:55:00+00:00,1.0314248486146755,1.0733162098185678
2026-08-21T09:00:00+00:00,1.0314248486146755,1.0733162098185678
2026-08-21T09:05:00+00:00,1.0316044350653921,1.0735030901801148
2026-08-21T09:10:00+00:00,1.0329810248777909,1.0749355902424347
2026-08-21T09:15:00+00:00,1.0334592014892376,1.0754331880159527
2026-08-21T09:20:00+00:00,1.0328617571595524,1.0748114784610816
2026-08-21T09:25:00+00:00,1.0318455139675329,1.073753960511444
2026-08-21T09:30:00+00:00,1.0320250278008607,1.0739407653062443
2026-08-21T09:35:00+00:00,1.0314865799602688,1.0733804483852147
2026-08-21T09:40:00+00:00,1.0314865799602688,1.0733804483852147
2026-08-21T09:45:00+00:00,1.0314865799602688,1.0733804483852147
2026-08-21T09:50:00+00:00,1.0313668623906358,1.0732558684817346
2026-08-21T09:55:00+00:00,1.03154645959212,1.0734427600306922
2026-08-21T10:00:00+00:00,1.03160631490485,1.073505046369327
2026-08-21T10:05:00+00:00,1.0319594407610775,1.0738725144462344
2026-08-21T10:10:00+00:00,1.031426941600444,1.0733183878110362
2026-08-21T10:15:00+00:00,1.031007905698459,1.0728823327492443
2026-08-21T10:20:00+00:00,1.0311875655333274,1.0730692894754434
2026-08-21T10:25:00+00:00,1.0317863273295955,1.0736923700058554
2026-08-21T10:30:00+00:00,1.0320256931403669,1.0739414576685409
2026-08-21T10:35:00+00:00,1.0319060379875389,1.0738169427169273
2026-08-21T10:40:00+00:00,1.0319060379875389,1.0738169427169273
2026-08-21T10:45:00+00:00,1.032683886676733,1.074626383761536
2026-08-21T10:50:00+00:00,1.032624097197421,1.0745641659301464
2026-08-21T10:55:00+00:00,1.0323849254320019,1.0743152801939726
2026-08-21T11:00:00+00:00,1.0322653083734574,1.074190804883843
2026-08-21T11:05:00+00:00,1.0328634456479815,1.0748132355275353
2026-08-21T11:10:00+00:00,1.0326243292119015,1.074564407367904
2026-08-21T11:15:00+00:00,1.0323253644379549,1.0742533001277859
2026-08-21T11:20:00+00:00,1.0329832774743866,1.0749379343283305
2026-08-21T11:25:00+00:00,1.0334614551285815,1.075435533186948
2026-08-21T11:30:00+00:00,1.0334017105653297,1.0753733620958863
2026-08-21T11:35:00+00:00,1.0326847343554093,1.0746272658687153
2026-08-21T11:40:00+00:00,1.0337609458664327,1.0757471877530158
2026-08-21T11:45:00+00:00,1.0337609458664327,1.0757471877530158
2026-08-21T11:50:00+00:00,1.0332233997309581,1.0751878091598925
2026-08-21T11:55:00+00:00,1.0332789753205682,1.0752456419542826
2026-08-21T12:00:00+00:00,1.033044137288511,1.0750012659662236
2026-08-21T12:05:00+00:00,1.032924660421225,1.0748769365412258
2026-08-21T12:10:00+00:00,1.0326257817579085,1.074565918909125
2026-08-21T12:15:00+00:00,1.032386609602319,1.0743170327669342
2026-08-21T12:20:00+00:00,1.0319083702525942,1.0738193697070202
2026-08-21T12:25:00+00:00,1.0315493623538632,1.0734457806882192
2026-08-21T12:30:00+00:00,1.0318486397596756,1.0737572132577584
2026-08-21T12:35:00+00:00,1.030831391622589,1.0726986495471704
2026-08-21T12:40:00+00:00,1.0296933441826805,1.0715143802652762
2026-08-21T12:45:00+00:00,1.0305927967894088,1.0724503641753615
2026-08-21T12:50:00+00:00,1.0311319977643598,1.0730114648193319
2026-08-21T12:55:00+00:00,1.030832598229585,1.0726999051605575
2026-08-21T13:00:00+00:00,1.0308924955333751,1.0727622351957207
2026-08-21T13:05:00+00:00,1.0311919646524588,1.0730738672649733
2026-08-21T13:10:00+00:00,1.031491346827773,1.073385408859232
2026-08-21T13:15:00+00:00,1.0318505011964456,1.0737591502968573
2026-08-21T13:20:00+00:00,1.0313717953271826,1.0732610017696955
2026-08-21T13:25:00+00:00,1.0315513933876646,1.0734478942125392
2026-08-21T13:30:00+00:00,1.0314915377886515,1.0733856075759944
2026-08-21T13:35:00+00:00,1.030533953240974,1.0723891306938695
2026-08-21T13:40:00+00:00,1.0320916927128012,1.0740101378162321
2026-08-21T13:45:00+00:00,1.0320916961808864,1.0740101414251737
2026-08-21T13:50:00+00:00,1.0323908046442978,1.0743213981907098
2026-08-21T13:55:00+00:00,1.031314217266083,1.0732010851733569
2026-08-21T14:00:00+00:00,1.0314339608673782,1.0733256921657761
2026-08-21T14:05:00+00:00,1.0320627206025683,1.0739799890025914
2026-08-21T14:10:00+00:00,1.032062724070154,1.0739799926110132
2026-08-21T14:15:00+00:00,1.0323247630668169,1.0742526743319358
2026-08-21T14:20:00+00:00,1.032331940395561,1.0742601431681722
2026-08-21T14:25:00+00:00,1.033199193418274,1.0751626197068578
2026-08-21T14:30:00+00:00,1.0337071317022808,1.075691187924449
2026-08-21T14:35:00+00:00,1.0325425642225452,1.0744793214902568
2026-08-21T14:40:00+00:00,1.0314355099770067,1.073327304192554
2026-08-21T14:45:00+00:00,1.0315259028110157,1.0734213683351077
2026-08-21T14:50:00+00:00,1.032572783183253,1.074510767795255
2026-08-21T14:55:00+00:00,1.0323640832063148,1.074293591460462
2026-08-21T15:00:00+00:00,1.0324538123826275,1.0743869649908357
2026-08-21T15:05:00+00:00,1.0326930148284124,1.0746358826534594
2026-08-21T15:10:00+00:00,1.0328663992746339,1.0748163091158525
2026-08-21T15:15:00+00:00,1.0328855326650552,1.074836219609686
2026-08-21T15:20:00+00:00,1.0330816044362636,1.0750402548436717
2026-08-21T15:25:00+00:00,1.0337091046407068,1.075693240993848
2026-08-21T15:30:00+00:00,1.033888291505321,1.0758797055400875
2026-08-21T15:35:00+00:00,1.0341570804299371,1.0761594113375557
2026-08-21T15:40:00+00:00,1.0342167927158905,1.0762215488403755
2026-08-21T15:45:00+00:00,1.0344854514682555,1.0765011191786416
2026-08-21T15:50:00+00:00,1.0343583380898123,1.076368843085283
2026-08-21T15:55:00+00:00,1.0350525716269683,1.0770912729451316
2026-08-21T16:00:00+00:00,1.0351122245383275,1.0771533486618556
2026-08-21T16:05:00+00:00,1.0353806596299457,1.0774326862553845
2026-08-21T16:10:00+00:00,1.0345463926446645,1.0765645354833515
2026-08-21T16:15:00+00:00,1.0350829043844074,1.0771228376687192
2026-08-21T16:20:00+00:00,1.0351425556057205,1.0771849116267558
2026-08-21T16:25:00+00:00,1.0349636027999345,1.0769986906456535
2026-08-21T16:30:00+00:00,1.035022665202707,1.0770601518702607
2026-08-21T16:35:00+00:00,1.035172412558021,1.07721598122036
2026-08-21T16:40:00+00:00,1.0356495637103191,1.0777125118856654
2026-08-21T16:45:00+00:00,1.035888035526956,1.0779606692446093
2026-08-21T16:50:00+00:00,1.0361562613259014,1.078239789045035
2026-08-21T16:55:00+00:00,1.0364542128618244,1.0785498418944268
2026-08-21T17:00:00+00:00,1.0366931013198988,1.0787984328167166
2026-08-21T17:05:00+00:00,1.0365114448717483,1.0786093983847076
2026-08-21T17:10:00+00:00,1.0368712184844386,1.078983784216971
2026-08-21T17:15:00+00:00,1.0360971415107172,1.0781782680762082
2026-08-21T17:20:00+00:00,1.036037547586167,1.0781162537420448
2026-08-21T17:25:00+00:00,1.0355607460670104,1.0776200869102448
2026-08-21T17:30:00+00:00,1.0360377577775037,1.078116472470311
2026-08-21T17:35:00+00:00,1.0357993586838954,1.0778683907880442
2026-08-21T17:40:00+00:00,1.0360079970268825,1.0780855029856207
2026-08-21T17:45:00+00:00,1.035621200047034,1.0776829962310688
2026-08-21T17:50:00+00:00,1.0355609826487786,1.0776203331007908
2026-08-21T17:55:00+00:00,1.035680228523232,1.0777444221511725
2026-08-21T18:00:00+00:00,1.035769653490842,1.0778374791173948
2026-08-21T18:05:00+00:00,1.0363359720874161,1.0784267987662677
2026-08-21T18:10:00+00:00,1.0363359729436978,1.0784267996573274
2026-08-21T18:15:00+00:00,1.0361578242291658,1.078241415425677
2026-08-21T18:20:00+00:00,1.0363658014674,1.0784578396677047
2026-08-21T18:25:00+00:00,1.0363658023236082,1.0784578405586875
2026-08-21T18:30:00+00:00,1.0362472456247975,1.0783344686748448
2026-08-21T18:35:00+00:00,1.0359189310348205,1.0779928195747523
2026-08-21T18:40:00+00:00,1.0356572775029649,1.0777205389743052
2026-08-21T18:45:00+00:00,1.0357401467755498,1.0778067739856882
2026-08-21T18:50:00+00:00,1.036246843229518,1.0783340499362648
2026-08-21T18:55:00+00:00,1.036246843229518,1.0783340499362648
2026-08-21T19:00:00+00:00,1.0361872571366888,1.078272043751908
2026-08-21T19:05:00+00:00,1.035889313822773,1.0779619994584606
2026-08-21T19:10:00+00:00,1.0358583205523906,1.0779297473951703
2026-08-21T19:15:00+00:00,1.036038341238038,1.0781170796281172
2026-08-21T19:20:00+00:00,1.035979339145236,1.0780556811629722
2026-08-21T19:25:00+00:00,1.0359781479894654,1.0780544416283628
2026-08-21T19:30:00+00:00,1.035531726996554,1.0775898892290883
2026-08-21T19:35:00+00:00,1.035352847789956,1.0774037448364076
2026-08-21T19:40:00+00:00,1.035442301131068,1.077496831328523
2026-08-21T19:45:00+00:00,1.0354423045648786,1.0774968349017977
2026-08-21T19:50:00+00:00,1.036038589201107,1.0781173376622162
2026-08-21T19:55:00+00:00,1.035978395944599,1.0780546996542038
2026-08-21T20:00:00+00:00,1.0352637640766342,1.0773110429845298
2026-08-21T20:05:00+00:00,1.03532340595727,1.077373107222517
2026-08-21T20:10:00+00:00,1.0352041393721787,1.0772489966203338
2026-08-21T20:15:00+00:00,1.0354176696106525,1.0774711993979267
2026-08-21T20:20:00+00:00,1.0354176696106525,1.0774711993979267
2026-08-21T20:25:00+00:00,1.0348976696752143,1.0769300796444514
2026-08-21T20:30:00+00:00,1.034727033498955,1.0767525130731137
2026-08-21T20:35:00+00:00,1.034727033498955,1.0767525130731137
2026-08-21T20:40:00+00:00,1.0343092892024974,1.0763178020754591
2026-08-21T20:45:00+00:00,1.0344286830948217,1.0764420451554633
2026-08-21T20:50:00+00:00,1.0339511936362966,1.07594516244361
2026-08-21T20:55:00+00:00,1.0341303396553112,1.076131584485304
2026-08-21T21:00:00+00:00,1.0335929740053749,1.0755723937081467
2026-08-21T21:05:00+00:00,1.0335929740053749,1.0755723937081467
2026-08-21T21:10:00+00:00,1.0351461711689478,1.077188674036225
2026-08-21T21:15:00+00:00,1.0351461711689478,1.077188674036225
2026-08-21T21:20:00+00:00,1.03502687346569,1.0770645310520097
2026-08-21T21:25:00+00:00,1.03502687346569,1.0770645310520097
2026-08-21T21:30:00+00:00,1.034795567847348,1.076823830946789
2026-08-21T21:35:00+00:00,1.0344256195292152,1.0764388571630175
2026-08-21T21:40:00+00:00,1.0344256195292152,1.0764388571630175
2026-08-21T21:45:00+00:00,1.0344256195292152,1.0764388571630175
2026-08-21T21:50:00+00:00,1.0349676086430974,1.0770028591862928
2026-08-21T21:55:00+00:00,1.0349676086430974,1.0770028591862928
2026-08-21T22:00:00+00:00,1.034609653509834,1.0766303656910705
2026-08-21T22:05:00+00:00,1.0345499736728756,1.076568261955163
2026-08-21T22:10:00+00:00,1.0345499736728756,1.076568261955163
2026-08-21T22:15:00+00:00,1.0345499736728756,1.076568261955163
2026-08-21T22:20:00+00:00,1.036209765686712,1.0782954664875835
2026-08-21T22:25:00+00:00,1.0364594387053419,1.078555279985784
2026-08-21T22:30:00+00:00,1.0352083955847067,1.0772534256991015
2026-08-21T22:35:00+00:00,1.0362718759772669,1.0783600993900566
2026-08-21T22:40:00+00:00,1.036183691044003,1.078268332822225
2026-08-21T22:45:00+00:00,1.0356861188379027,1.0777505517012058
2026-08-21T22:50:00+00:00,1.0356861188379027,1.0777505517012058
2026-08-21T22:55:00+00:00,1.0353284100701714,1.0773783145776616
2026-08-21T23:00:00+00:00,1.0356266037366664,1.077688619391768
2026-08-21T23:05:00+00:00,1.0353284959059998,1.0773784038997154
2026-08-21T23:10:00+00:00,1.0362230769796512,1.078309318419214
2026-08-21T23:15:00+00:00,1.0358059659078367,1.0778752663646463
2026-08-21T23:20:00+00:00,1.0347925737910988,1.076820715286826
2026-08-21T23:25:00+00:00,1.0353296014213675,1.077379554315634
2026-08-21T23:30:00+00:00,1.0353296014213675,1.077379554315634
2026-08-21T23:35:00+00:00,1.0356277954309934,1.0776898594868076
2026-08-21T23:40:00+00:00,1.0356277954309934,1.0776898594868076
2026-08-21T23:45:00+00:00,1.0353296872572944,1.0773796436377905
2026-08-21T23:50:00+00:00,1.0353296872572944,1.0773796436377905
2026-08-21T23:55:00+00:00,1.035508603677903,1.0775658267559305
2026-08-22T00:00:00+00:00,1.0352056697205791,1.0772505891238942
2026-08-24T08:05:00+00:00,1.0378392355892914,1.079991117374993
2026-08-24T08:10:00+00:00,1.0380177220434745,1.0801768530636038
2026-08-24T08:15:00+00:00,1.0377202957620866,1.0798673468019813
2026-08-24T08:20:00+00:00,1.0371252726567182,1.0792481568095489
2026-08-24T08:25:00+00:00,1.0371252726567182,1.0792481568095489
2026-08-24T08:30:00+00:00,1.0374824914647516,1.0796198840736622
2026-08-24T08:35:00+00:00,1.0371254502865541,1.0792483416538272
2026-08-24T08:40:00+00:00,1.0371254502865541,1.0792483416538272
2026-08-24T08:45:00+00:00,1.0371254502865541,1.0792483416538272
2026-08-24T08:50:00+00:00,1.038435331207271,1.0806114234401791
2026-08-24T08:55:00+00:00,1.038435331207271,1.0806114234401791
2026-08-24T09:00:00+00:00,1.0376623319341554,1.0798070287708754
2026-08-24T09:05:00+00:00,1.0380788384946495,1.0802404517618716
2026-08-24T09:10:00+00:00,1.0380788384946495,1.0802404517618716
2026-08-24T09:15:00+00:00,1.0381383204358878,1.0803023495645165
2026-08-24T09:20:00+00:00,1.0381383204358878,1.0803023495645165
2026-08-24T09:25:00+00:00,1.0376625604021896,1.0798072665181482
2026-08-24T09:30:00+00:00,1.0376625604021896,1.0798072665181482
2026-08-24T09:35:00+00:00,1.0376030614021665,1.0797453509638753
2026-08-24T09:40:00+00:00,1.037365024453003,1.079497646134565
2026-08-24T09:45:00+00:00,1.0376626389309849,1.079807348236394
2026-08-24T09:50:00+00:00,1.03837670887405,1.080550420158566
2026-08-24T09:55:00+00:00,1.0385551036814389,1.0807360604781444
2026-08-24T10:00:00+00:00,1.0385551036814389,1.0807360604781444
2026-08-24T10:05:00+00:00,1.0385551036814389,1.0807360604781444
2026-08-24T10:10:00+00:00,1.0387334678508369,1.0809216689153687
2026-08-24T10:15:00+00:00,1.0389635181267087,1.0811610626923347
2026-08-24T10:20:00+00:00,1.0388523814904873,1.081045412237218
2026-08-24T10:25:00+00:00,1.0385552405640441,1.0807362029202423
2026-08-24T10:30:00+00:00,1.0385552405640441,1.0807362029202423
2026-08-24T10:35:00+00:00,1.0384363583436784,1.0806124922937734
2026-08-24T10:40:00+00:00,1.0389120098262508,1.081107462380208
2026-08-24T10:45:00+00:00,1.0389120098262508,1.081107462380208
2026-08-24T10:50:00+00:00,1.0382582322456966,1.0804271315972456
2026-08-24T10:55:00+00:00,1.038555591116199,1.0807365677100869
2026-08-24T11:00:00+00:00,1.0382583173610136,1.0804272201695242
2026-08-24T11:05:00+00:00,1.0384557636672134,1.0806326857652946
2026-08-24T11:10:00+00:00,1.0381394339482666,1.0803035083022452
2026-08-24T11:15:00+00:00,1.0383773483367045,1.0805510855930216
2026-08-24T11:20:00+00:00,1.0383773483367045,1.0805510855930216
2026-08-24T11:25:00+00:00,1.0379610935297892,1.080117924580586
2026-08-24T11:30:00+00:00,1.0382585172263374,1.0804274281523856
2026-08-24T11:35:00+00:00,1.038912706921004,1.0811081877874915
2026-08-24T11:40:00+00:00,1.0406957378825388,1.0829636366223667
2026-08-24T11:45:00+00:00,1.039865079938961,1.0820992414734094
2026-08-24T11:50:00+00:00,1.0392118983560847,1.0814195308945944
2026-08-24T11:55:00+00:00,1.0390336458863838,1.081234038693755
2026-08-24T12:00:00+00:00,1.039925061162539,1.082161658836766
2026-08-24T12:05:00+00:00,1.0395094236480855,1.0817291401881501
2026-08-24T12:10:00+00:00,1.0396876252635678,1.0819145794693252
2026-08-24T12:15:00+00:00,1.0401033577768115,1.0823471969751108
2026-08-24T12:20:00+00:00,1.0401033577768115,1.0823471969751108
2026-08-24T12:25:00+00:00,1.039866288301227,1.082100498913357
2026-08-24T12:30:00+00:00,1.0403413300044253,1.0825948344542036
2026-08-24T12:35:00+00:00,1.0386200897847693,1.0808036859946433
2026-08-24T12:40:00+00:00,1.0402252839704698,1.0824740752059687
2026-08-24T12:45:00+00:00,1.0398127317150718,1.0820447671243274
2026-08-24T12:50:00+00:00,1.0400472969254517,1.082288859210046
2026-08-24T12:55:00+00:00,1.0407596208930947,1.0830301142439345
2026-08-24T13:00:00+00:00,1.0404036433691317,1.082659678678693
2026-08-24T13:05:00+00:00,1.0410505572146949,1.0833328669557951
2026-08-24T13:10:00+00:00,1.0415903058484903,1.0838945375017959
2026-08-24T13:15:00+00:00,1.0421238466995226,1.08444974813569
2026-08-24T13:20:00+00:00,1.0416498308493067,1.0839564801128854
2026-08-24T13:25:00+00:00,1.0414719939785722,1.0837714203905806
2026-08-24T13:30:00+00:00,1.0416498949809507,1.0839565468492387
2026-08-24T13:35:00+00:00,1.042420521468246,1.0847584723619317
2026-08-24T13:40:00+00:00,1.041028535363413,1.0833099506861488
2026-08-24T13:45:00+00:00,1.0401388180806113,1.0823840975005585
2026-08-24T13:50:00+00:00,1.0417418251228976,1.0840522107375528
2026-08-24T13:55:00+00:00,1.0409120386909316,1.083188722496686
2026-08-24T14:00:00+00:00,1.0407637555525397,1.083034416832737
2026-08-24T14:05:00+00:00,1.0405857593183685,1.0828491912744433
2026-08-24T14:10:00+00:00,1.0413275800496715,1.0836211410842198
2026-08-24T14:15:00+00:00,1.0408828925906635,1.0831583926263972
2026-08-24T14:20:00+00:00,1.040793907959472,1.0830657938808745
2026-08-24T14:25:00+00:00,1.0409718983575837,1.0832510133660769
2026-08-24T14:30:00+00:00,1.0415354364304876,1.0838374395602006
2026-08-24T14:35:00+00:00,1.042039341634023,1.084361810893597
2026-08-24T14:40:00+00:00,1.0419208312777037,1.0842384872344477
2026-08-24T14:45:00+00:00,1.041506010063855,1.0838068180405183
2026-08-24T14:50:00+00:00,1.0408663586112719,1.083141187118776
2026-08-24T14:55:00+00:00,1.0410028184175903,1.0832831892455492
2026-08-24T15:00:00+00:00,1.0413877511546585,1.0836837560410264
2026-08-24T15:05:00+00:00,1.0419807129963106,1.0843008010514348
2026-08-24T15:10:00+00:00,1.0417732953581778,1.0840849591376889
2026-08-24T15:15:00+00:00,1.0416541542455413,1.0839609791040292
2026-08-24T15:20:00+00:00,1.041713433482564,1.0840226659696188
2026-08-24T15:25:00+00:00,1.0413577783015282,1.0836525658392757
2026-08-24T15:30:00+00:00,1.0419513324128065,1.084270227174365
2026-08-24T15:35:00+00:00,1.0415365083253552,1.0838385549901213
2026-08-24T15:40:00+00:00,1.0412994047983057,1.0835918214939009
2026-08-24T15:45:00+00:00,1.0402614809248971,1.0825117423011381
2026-08-24T15:50:00+00:00,1.0388071128009784,1.080998304958086
2026-08-24T15:55:00+00:00,1.0394610148166326,1.0816787652300845
2026-08-24T16:00:00+00:00,1.0389857545584318,1.0811842022576155
2026-08-24T16:05:00+00:00,1.0401449031246108,1.0823904296888618
2026-08-24T16:10:00+00:00,1.0395512164981193,1.081772630456449
2026-08-24T16:15:00+00:00,1.0399372947934817,1.0821743893371158
2026-08-24T16:20:00+00:00,1.040026361022909,1.08226707299499
2026-08-24T16:25:00+00:00,1.0397295083346445,1.0819581636229978
2026-08-24T16:30:00+00:00,1.0400561413289282,1.0822980628293213
2026-08-24T16:35:00+00:00,1.0402045630270345,1.0824525126805926
2026-08-24T16:40:00+00:00,1.0401452010490349,1.0823907397134982
2026-08-24T16:45:00+00:00,1.0400858354191593,1.082328962946207
2026-08-24T16:50:00+00:00,1.039818683307434,1.0820509604408501
2026-08-24T16:55:00+00:00,1.0392836471006672,1.081494193717289
2026-08-24T17:00:00+00:00,1.0384820985200267,1.0806600902092012
2026-08-24T17:05:00+00:00,1.038660486745497,1.080845723679536
2026-08-24T17:10:00+00:00,1.039284736193585,1.0814953270437588
2026-08-24T17:15:00+00:00,1.0392253204840747,1.081433498162846
2026-08-24T17:20:00+00:00,1.0388991142514012,1.081094043051073
2026-08-24T17:25:00+00:00,1.0375610813335239,1.0797016658730774
2026-08-24T17:30:00+00:00,1.0376801129131388,1.0798255319250274
2026-08-24T17:35:00+00:00,1.0376801163252274,1.0798255354756983
2026-08-24T17:40:00+00:00,1.038066951682548,1.0802280821664247
2026-08-24T17:45:00+00:00,1.0377695760499828,1.0799186286107285
2026-08-24T17:50:00+00:00,1.0372043096677528,1.079330403911927
2026-08-24T17:55:00+00:00,1.0372638464007833,1.079392358731735
2026-08-24T18:00:00+00:00,1.0375114943347266,1.079650064896354
2026-08-24T18:05:00+00:00,1.037948349887492,1.0801046633547506
2026-08-24T18:10:00+00:00,1.037055952536287,1.0791760212496726
2026-08-24T18:15:00+00:00,1.0370261982630444,1.07914505850544
2026-08-24T18:20:00+00:00,1.0366093999104398,1.0787113318711856
2026-08-24T18:25:00+00:00,1.0375029807748632,1.0796412055579188
2026-08-24T18:30:00+00:00,1.0379797131564608,1.0801373004441348
2026-08-24T18:35:00+00:00,1.0370868248354639,1.0792081474285071
2026-08-24T18:40:00+00:00,1.0367897241450856,1.0788989799817859
2026-08-24T18:45:00+00:00,1.037444207114743,1.0795800448032573
2026-08-24T18:50:00+00:00,1.0372358764467278,1.079363252776884
2026-08-24T18:55:00+00:00,1.0372954090115243,1.079425203259165
2026-08-24T19:00:00+00:00,1.0376228107868604,1.0797659024706139
2026-08-24T19:05:00+00:00,1.0378906262257872,1.0800445952442324
2026-08-24T19:10:00+00:00,1.0377728260859234,1.0799220106470078
2026-08-24T19:15:00+00:00,1.0376228933150802,1.0797659883507202
2026-08-24T19:20:00+00:00,1.0382774895191933,1.0804471710056698
2026-08-24T19:25:00+00:00,1.0382774895191933,1.0804471710056698
2026-08-24T19:30:00+00:00,1.0381555744642075,1.080320304365882
2026-08-24T19:35:00+00:00,1.038069328763575,1.080230555792692
2026-08-24T19:40:00+00:00,1.0385451944202635,1.0807257487519326
2026-08-24T19:45:00+00:00,1.039080328627017,1.0812826174557537
2026-08-24T19:50:00+00:00,1.0396454636697456,1.0818707054806953
2026-08-24T19:55:00+00:00,1.0394072985310288,1.0816228672554071
2026-08-24T20:00:00+00:00,1.0393478902156001,1.081561046068887
2026-08-24T20:05:00+00:00,1.0394073018933305,1.0816228707542688
2026-08-24T20:10:00+00:00,1.039526118457333,1.0817465130577384
2026-08-24T20:15:00+00:00,1.039526118457333,1.0817465130577384
2026-08-24T20:20:00+00:00,1.039526118457333,1.0817465130577384
2026-08-24T20:25:00+00:00,1.039526118457333,1.0817465130577384
2026-08-24T20:30:00+00:00,1.039526118457333,1.0817465130577384
2026-08-24T20:35:00+00:00,1.039526118457333,1.0817465130577384
2026-08-24T20:40:00+00:00,1.039526118457333,1.0817465130577384
2026-08-24T20:45:00+00:00,1.0389303214877255,1.08112651777054
2026-08-24T20:50:00+00:00,1.0391995646519665,1.0814066962565934
2026-08-24T20:55:00+00:00,1.0391995646519665,1.0814066962565934
2026-08-24T21:00:00+00:00,1.0392886949251081,1.0814994465593197
2026-08-24T21:05:00+00:00,1.0392886949251081,1.0814994465593197
2026-08-24T21:10:00+00:00,1.0392886949251081,1.0814994465593197
2026-08-24T21:15:00+00:00,1.0392886949251081,1.0814994465593197
2026-08-24T21:20:00+00:00,1.0392886949251081,1.0814994465593197
2026-08-24T21:25:00+00:00,1.0392886949251081,1.0814994465593197
2026-08-24T21:30:00+00:00,1.039526355271535,1.0817467594901589
2026-08-24T21:35:00+00:00,1.0406122148014987,1.0828767212480719
2026-08-24T21:40:00+00:00,1.0405255790055608,1.0827865667358403
2026-08-24T21:45:00+00:00,1.0405255790055608,1.0827865667358403
2026-08-24T21:50:00+00:00,1.0405255790055608,1.0827865667358403
2026-08-24T21:55:00+00:00,1.0405255790055608,1.0827865667358403
2026-08-24T22:00:00+00:00,1.0395273504137506,1.081747795050115
2026-08-24T22:05:00+00:00,1.0395273504137506,1.081747795050115
2026-08-24T22:10:00+00:00,1.0405169804513446,1.082777618951003
2026-08-24T22:15:00+00:00,1.0405169804513446,1.082777618951003
2026-08-24T22:20:00+00:00,1.038616156255821,1.0807995927052607
2026-08-24T22:25:00+00:00,1.0401245024527526,1.0823692004429055
2026-08-24T22:30:00+00:00,1.0398870311051607,1.0821220841870967
2026-08-24T22:35:00+00:00,1.0398870311051607,1.0821220841870967
2026-08-24T22:40:00+00:00,1.0398870311051607,1.0821220841870967
2026-08-24T22:45:00+00:00,1.0402433194895047,1.0824928432383256
2026-08-24T22:50:00+00:00,1.0402433194895047,1.0824928432383256
2026-08-24T22:55:00+00:00,1.0408368511572013,1.0831104812182861
2026-08-24T23:00:00+00:00,1.041014866658856,1.0832957268266128
2026-08-24T23:05:00+00:00,1.041014866658856,1.0832957268266128
2026-08-24T23:10:00+00:00,1.0412521350045334,1.083542631835576
2026-08-24T23:15:00+00:00,1.0413114385775486,1.0836043440255654
2026-08-24T23:20:00+00:00,1.0413114385775486,1.0836043440255654
2026-08-24T23:25:00+00:00,1.0416079395566424,1.0839128874037047
2026-08-24T23:30:00+00:00,1.041479939798138,1.0837796889299236
2026-08-24T23:35:00+00:00,1.041479939798138,1.0837796889299236
2026-08-24T23:40:00+00:00,1.0419044605891894,1.0842214516497692
2026-08-24T23:45:00+00:00,1.0419044605891894,1.0842214516497692
2026-08-24T23:50:00+00:00,1.0419044605891894,1.0842214516497692
2026-08-24T23:55:00+00:00,1.0423192921417657,1.084653131602334
