time_utc,pm_normalized,analysis_direct_normalized
2026-07-01T08:00:00+00:00,1.0,1.0
2026-07-01T08:05:00+00:00,1.0,1.0
2026-07-01T08:10:00+00:00,1.0,1.0
2026-07-01T08:15:00+00:00,1.0,1.0
2026-07-01T08:20:00+00:00,1.0,1.0
2026-07-01T08:25:00+00:00,1.0,1.0
2026-07-01T08:30:00+00:00,1.0,1.0
2026-07-01T08:35:00+00:00,1.0,1.0
2026-07-01T08:40:00+00:00,1.0,1.0
2026-07-01T08:45:00+00:00,1.0,1.0
2026-07-01T08:50:00+00:00,1.0,1.0
2026-07-01T08:55:00+00:00,1.0,1.0
2026-07-01T09:00:00+00:00,1.0,1.0
2026-07-01T09:05:00+00:00,1.0,1.0
2026-07-01T09:10:00+00:00,1.0,1.0
2026-07-01T09:15:00+00:00,1.0,1.0
2026-07-01T09:20:00+00:00,1.0,1.0
2026-07-01T09:25:00+00:00,1.0,1.0
2026-07-01T09:30:00+00:00,1.0,1.0
2026-07-01T09:35:00+00:00,1.0,1.0
2026-07-01T09:40:00+00:00,1.0,1.0
2026-07-01T09:45:00+00:00,1.0,1.0
2026-07-01T09:50:00+00:00,1.0,1.0
2026-07-01T09:55:00+00:00,1.0,1.0
2026-07-01T10:00:00+00:00,1.0,1.0
2026-07-01T10:05:00+00:00,1.0,1.0
2026-07-01T10:10:00+00:00,1.0,1.0
2026-07-01T10:15:00+00:00,1.0,1.0
2026-07-01T10:20:00+00:00,1.0,1.0
2026-07-01T10:25:00+00:00,1.0,1.0
2026-07-01T10:30:00+00:00,1.0,1.0
2026-07-01T10:35:00+00:00,1.0,1.0
2026-07-01T10:40:00+00:00,1.0,1.0
2026-07-01T10:45:00+00:00,1.0,1.0
2026-07-01T10:50:00+00:00,1.0,1.0
2026-07-01T10:55:00+00:00,1.0,1.0
2026-07-01T11:00:00+00:00,1.0,1.0
2026-07-01T11:05:00+00:00,1.0,1.0
2026-07-01T11:10:00+00:00,1.0,1.0
2026-07-01T11:15:00+00:00,1.0,1.0
2026-07-01T11:20:00+00:00,1.0,1.0
2026-07-01T11:25:00+00:00,1.0,1.0
2026-07-01T11:30:00+00:00,1.0,1.0
2026-07-01T11:35:00+00:00,1.0,1.0
2026-07-01T11:40:00+00:00,1.0,1.0
2026-07-01T11:45:00+00:00,1.0,1.0
2026-07-01T11:50:00+00:00,1.0,1.0
2026-07-01T11:55:00+00:00,1.0,1.0
2026-07-01T12:00:00+00:00,1.0,1.0
2026-07-01T12:05:00+00:00,1.0,1.0
2026-07-01T12:10:00+00:00,1.0,1.0
2026-07-01T12:15:00+00:00,1.0,1.0
2026-07-01T12:20:00+00:00,1.0,1.0
2026-07-01T12:25:00+00:00,1.0,1.0
2026-07-01T12:30:00+00:00,1.0,1.0
2026-07-01T12:35:00+00:00,1.0,1.0
2026-07-01T12:40:00+00:00,1.0,1.0
2026-07-01T12:45:00+00:00,1.0,1.0
2026-07-01T12:50:00+00:00,1.0,1.0
2026-07-01T12:55:00+00:00,1.0,1.0
2026-07-01T13:00:00+00:00,1.0,1.0
2026-07-01T13:05:00+00:00,1.0,1.0
2026-07-01T13:10:00+00:00,1.0,1.0
2026-07-01T13:15:00+00:00,1.0,1.0
2026-07-01T13:20:00+00:00,1.0,1.0
2026-07-01T13:25:00+00:00,1.0,1.0
2026-07-01T13:30:00+00:00,1.0,1.0
2026-07-01T13:35:00+00:00,1.0,1.0
2026-07-01T13:40:00+00:00,1.0,1.0
2026-07-01T13:45:00+00:00,1.0,1.0
2026-07-01T13:50:00+00:00,1.0,1.0
2026-07-01T13:55:00+00:00,1.0,1.0
2026-07-01T14:00:00+00:00,1.0,1.0
2026-07-01T14:05:00+00:00,1.0,1.0
2026-07-01T14:10:00+00:00,1.0,1.0
2026-07-01T14:15:00+00:00,1.0,1.0
2026-07-01T14:20:00+00:00,1.0,1.0
2026-07-01T14:25:00+00:00,1.0,1.0
2026-07-01T14:30:00+00:00,1.0,1.0
2026-07-01T14:35:00+00:00,1.0,1.0
2026-07-01T14:40:00+00:00,1.0,1.0
2026-07-01T14:45:00+00:00,1.0,1.0
2026-07-01T14:50:00+00:00,1.0,1.0
2026-07-01T14:55:00+00:00,1.0,1.0
2026-07-01T15:00:00+00:00,1.0,1.0
2026-07-01T15:05:00+00:00,1.0,1.0
2026-07-01T15:10:00+00:00,1.0,1.0
2026-07-01T15:15:00+00:00,1.0,1.0
2026-07-01T15:20:00+00:00,1.0,1.0
2026-07-01T15:25:00+00:00,1.0,1.0
2026-07-01T15:30:00+00:00,1.0,1.0
2026-07-01T15:35:00+00:00,1.0,1.0
2026-07-01T15:40:00+00:00,1.0,1.0
2026-07-01T15:45:00+00:00,1.0,1.0
2026-07-01T15:50:00+00:00,1.0,1.0
2026-07-01T15:55:00+00:00,1.0,1.0
2026-07-01T16:00:00+00:00,1.0,1.0
2026-07-01T16:05:00+00:00,1.0,1.0
2026-07-01T16:10:00+00:00,1.0,1.0
2026-07-01T16:15:00+00:00,1.0,1.0
2026-07-01T16:20:00+00:00,1.0,1.0
2026-07-01T16:25:00+00:00,1.0,1.0
2026-07-01T16:30:00+00:00,1.0,1.0
2026-07-01T16:35:00+00:00,1.0,1.0
2026-07-01T16:40:00+00:00,1.0,1.0
2026-07-01T16:45:00+00:00,1.0,1.0
2026-07-01T16:50:00+00:00,1.0,1.0
2026-07-01T16:55:00+00:00,1.0,1.0
2026-07-01T17:00:00+00:00,1.0,1.0
2026-07-01T17:05:00+00:00,1.0,1.0
2026-07-01T17:10:00+00:00,1.0,1.0
2026-07-01T17:15:00+00:00,1.0,1.0
2026-07-01T17:20:00+00:00,1.0,1.0
2026-07-01T17:25:00+00:00,1.0,1.0
2026-07-01T17:30:00+00:00,1.0,1.0
2026-07-01T17:35:00+00:00,1.0,1.0
2026-07-01T17:40:00+00:00,1.0,1.0
2026-07-01T17:45:00+00:00,1.0,1.0
2026-07-01T17:50:00+00:00,1.0,1.0
2026-07-01T17:55:00+00:00,1.0,1.0
2026-07-01T18:00:00+00:00,1.0,1.0
2026-07-01T18:05:00+00:00,1.0,1.0
2026-07-01T18:10:00+00:00,1.0,1.0
2026-07-01T18:15:00+00:00,1.0,1.0
2026-07-01T18:20:00+00:00,1.0,1.0
2026-07-01T18:25:00+00:00,1.0,1.0
2026-07-01T18:30:00+00:00,1.0,1.0
2026-07-01T18:35:00+00:00,1.0,1.0
2026-07-01T18:40:00+00:00,1.0,1.0
2026-07-01T18:45:00+00:00,1.0,1.0
2026-07-01T18:50:00+00:00,1.0,1.0
2026-07-01T18:55:00+00:00,1.0,1.0
2026-07-01T19:00:00+00:00,1.0,1.0
2026-07-01T19:05:00+00:00,1.0,1.0
2026-07-01T19:10:00+00:00,1.0,1.0
2026-07-01T19:15:00+00:00,1.0,1.0
2026-07-01T19:20:00+00:00,1.0,1.0
2026-07-01T19:25:00+00:00,1.0,1.0
2026-07-01T19:30:00+00:00,1.0,1.0
2026-07-01T19:35:00+00:00,1.0,1.0
2026-07-01T19:40:00+00:00,1.0,1.0
2026-07-01T19:45:00+00:00,1.0,1.0
2026-07-01T19:50:00+00:00,1.0,1.0
2026-07-01T19:55:00+00:00,1.0,1.0
2026-07-01T20:00:00+00:00,1.0,1.0
2026-07-01T20:05:00+00:00,1.0,1.0
2026-07-01T20:10:00+00:00,1.0,1.0
2026-07-01T20:15:00+00:00,1.0,1.0
2026-07-01T20:20:00+00:00,1.0,1.0
2026-07-01T20:25:00+00:00,1.0,1.0
2026-07-01T20:30:00+00:00,1.0,1.0
2026-07-01T20:35:00+00:00,1.0,1.0
2026-07-01T20:40:00+00:00,1.0,1.0
2026-07-01T20:45:00+00:00,1.0,1.0
2026-07-01T20:50:00+00:00,1.0,1.0
2026-07-01T20:55:00+00:00,1.0,1.0
2026-07-01T21:00:00+00:00,1.0,1.0
2026-07-01T21:05:00+00:00,1.0,1.0
2026-07-01T21:10:00+00:00,1.0,1.0
2026-07-01T21:15:00+00:00,1.0,1.0
2026-07-01T21:20:00+00:00,1.0,1.0
2026-07-01T21:25:00+00:00,1.0,1.0
2026-07-01T21:30:00+00:00,1.0,1.0
2026-07-01T21:35:00+00:00,1.0,1.0
2026-07-01T21:40:00+00:00,1.0,1.0
2026-07-01T21:45:00+00:00,1.0,1.0
2026-07-01T21:50:00+00:00,1.0,1.0
2026-07-01T21:55:00+00:00,1.0,1.0
2026-07-01T22:00:00+00:00,1.0,1.0
2026-07-01T22:05:00+00:00,1.0,1.0
2026-07-01T22:10:00+00:00,1.0,1.0
2026-07-01T22:15:00+00:00,1.0,1.0
2026-07-01T22:20:00+00:00,1.0,1.0
2026-07-01T22:25:00+00:00,1.0,1.0
2026-07-01T22:30:00+00:00,1.0,1.0
2026-07-01T22:35:00+00:00,1.0,1.0
2026-07-01T22:40:00+00:00,1.0,1.0
2026-07-01T22:45:00+00:00,1.0,1.0
2026-07-01T22:50:00+00:00,1.0,1.0
2026-07-01T22:55:00+00:00,1.0,1.0
2026-07-01T23:00:00+00:00,1.0,1.0
2026-07-01T23:05:00+00:00,1.0,1.0
2026-07-01T23:10:00+00:00,1.0,1.0
2026-07-01T23:15:00+00:00,1.0,1.0
2026-07-01T23:20:00+00:00,1.0,1.0
2026-07-01T23:25:00+00:00,1.0,1.0
2026-07-01T23:30:00+00:00,1.0,1.0
2026-07-01T23:35:00+00:00,1.0,1.0
2026-07-01T23:40:00+00:00,1.0,1.0
2026-07-01T23:45:00+00:00,1.0,1.0
2026-07-01T23:50:00+00:00,1.0,1.0
2026-07-01T23:55:00+00:00,1.0,1.0
2026-07-02T00:00:00+00:00,1.0,1.0
2026-07-02T08:05:00+00:00,1.0,1.0
2026-07-02T08:10:00+00:00,1.0,1.0
2026-07-02T08:15:00+00:00,1.0,1.0
2026-07-02T08:20:00+00:00,1.0,1.0
2026-07-02T08:25:00+00:00,1.0,1.0
2026-07-02T08:30:00+00:00,1.0,1.0
2026-07-02T08:35:00+00:00,1.0,1.0
2026-07-02T08:40:00+00:00,1.0,1.0
2026-07-02T08:45:00+00:00,1.0,1.0
2026-07-02T08:50:00+00:00,1.0,1.0
2026-07-02T08:55:00+00:00,1.0,1.0
2026-07-02T09:00:00+00:00,1.0,1.0
2026-07-02T09:05:00+00:00,1.0,1.0
2026-07-02T09:10:00+00:00,1.0,1.0
2026-07-02T09:15:00+00:00,1.0,1.0
2026-07-02T09:20:00+00:00,1.0,1.0
2026-07-02T09:25:00+00:00,1.0,1.0
2026-07-02T09:30:00+00:00,1.0,1.0
2026-07-02T09:35:00+00:00,1.0,1.0
2026-07-02T09:40:00+00:00,1.0,1.0
2026-07-02T09:45:00+00:00,1.0,1.0
2026-07-02T09:50:00+00:00,1.0,1.0
2026-07-02T09:55:00+00:00,1.0,1.0
2026-07-02T10:00:00+00:00,1.0,1.0
2026-07-02T10:05:00+00:00,1.0,1.0
2026-07-02T10:10:00+00:00,1.0,1.0
2026-07-02T10:15:00+00:00,1.0,1.0
2026-07-02T10:20:00+00:00,1.0,1.0
2026-07-02T10:25:00+00:00,1.0,1.0
2026-07-02T10:30:00+00:00,1.0,1.0
2026-07-02T10:35:00+00:00,1.0,1.0
2026-07-02T10:40:00+00:00,1.0,1.0
2026-07-02T10:45:00+00:00,1.0,1.0
2026-07-02T10:50:00+00:00,1.0,1.0
2026-07-02T10:55:00+00:00,1.0,1.0
2026-07-02T11:00:00+00:00,1.0,1.0
2026-07-02T11:05:00+00:00,1.0,1.0
2026-07-02T11:10:00+00:00,1.0,1.0
2026-07-02T11:15:00+00:00,1.0,1.0
2026-07-02T11:20:00+00:00,1.0,1.0
2026-07-02T11:25:00+00:00,1.0,1.0
2026-07-02T11:30:00+00:00,1.0,1.0
2026-07-02T11:35:00+00:00,1.0,1.0
2026-07-02T11:40:00+00:00,1.0,1.0
2026-07-02T11:45:00+00:00,1.0,1.0
2026-07-02T11:50:00+00:00,1.0,1.0
2026-07-02T11:55:00+00:00,1.0,1.0
2026-07-02T12:00:00+00:00,1.0,1.0
2026-07-02T12:05:00+00:00,1.0,1.0
2026-07-02T12:10:00+00:00,1.0,1.0
2026-07-02T12:15:00+00:00,1.0,1.0
2026-07-02T12:20:00+00:00,1.0,1.0
2026-07-02T12:25:00+00:00,1.0,1.0
2026-07-02T12:30:00+00:00,1.0,1.0
2026-07-02T12:35:00+00:00,1.0,1.0
2026-07-02T12:40:00+00:00,1.0,1.0
2026-07-02T12:45:00+00:00,1.0,1.0
2026-07-02T12:50:00+00:00,1.0,1.0
2026-07-02T12:55:00+00:00,1.0,1.0
2026-07-02T13:00:00+00:00,1.0,1.0
2026-07-02T13:05:00+00:00,1.0,1.0
2026-07-02T13:10:00+00:00,1.0,1.0
2026-07-02T13:15:00+00:00,1.0,1.0
2026-07-02T13:20:00+00:00,1.0,1.0
2026-07-02T13:25:00+00:00,1.0,1.0
2026-07-02T13:30:00+00:00,1.0,1.0
2026-07-02T13:35:00+00:00,1.0,1.0
2026-07-02T13:40:00+00:00,1.0,1.0
2026-07-02T13:45:00+00:00,1.0,1.0
2026-07-02T13:50:00+00:00,1.0,1.0
2026-07-02T13:55:00+00:00,1.0,1.0
2026-07-02T14:00:00+00:00,1.0,1.0
2026-07-02T14:05:00+00:00,1.0,1.0
2026-07-02T14:10:00+00:00,1.0,1.0
2026-07-02T14:15:00+00:00,1.0,1.0
2026-07-02T14:20:00+00:00,1.0,1.0
2026-07-02T14:25:00+00:00,1.0,1.0
2026-07-02T14:30:00+00:00,1.0,1.0
2026-07-02T14:35:00+00:00,1.0,1.0
2026-07-02T14:40:00+00:00,1.0,1.0
2026-07-02T14:45:00+00:00,1.0,1.0
2026-07-02T14:50:00+00:00,1.0,1.0
2026-07-02T14:55:00+00:00,1.0,1.0
2026-07-02T15:00:00+00:00,1.0,1.0
2026-07-02T15:05:00+00:00,1.0,1.0
2026-07-02T15:10:00+00:00,1.0,1.0
2026-07-02T15:15:00+00:00,1.0,1.0
2026-07-02T15:20:00+00:00,1.0,1.0
2026-07-02T15:25:00+00:00,1.0,1.0
2026-07-02T15:30:00+00:00,1.0,1.0
2026-07-02T15:35:00+00:00,1.0,1.0
2026-07-02T15:40:00+00:00,1.0,1.0
2026-07-02T15:45:00+00:00,1.0,1.0
2026-07-02T15:50:00+00:00,1.0,1.0
2026-07-02T15:55:00+00:00,1.0,1.0
2026-07-02T16:00:00+00:00,1.0,1.0
2026-07-02T16:05:00+00:00,1.0,1.0
2026-07-02T16:10:00+00:00,1.0,1.0
2026-07-02T16:15:00+00:00,1.0,1.0
2026-07-02T16:20:00+00:00,1.0,1.0
2026-07-02T16:25:00+00:00,1.0,1.0
2026-07-02T16:30:00+00:00,1.0,1.0
2026-07-02T16:35:00+00:00,1.0,1.0
2026-07-02T16:40:00+00:00,1.0,1.0
2026-07-02T16:45:00+00:00,1.0,1.0
2026-07-02T16:50:00+00:00,1.0,1.0
2026-07-02T16:55:00+00:00,1.0,1.0
2026-07-02T17:00:00+00:00,1.0,1.0
2026-07-02T17:05:00+00:00,1.0,1.0
2026-07-02T17:10:00+00:00,1.0,1.0
2026-07-02T17:15:00+00:00,1.0,1.0
2026-07-02T17:20:00+00:00,1.0,1.0
2026-07-02T17:25:00+00:00,1.0,1.0
2026-07-02T17:30:00+00:00,1.0,1.0
2026-07-02T17:35:00+00:00,1.0,1.0
2026-07-02T17:40:00+00:00,1.0,1.0
2026-07-02T17:45:00+00:00,1.0,1.0
2026-07-02T17:50:00+00:00,1.0,1.0
2026-07-02T17:55:00+00:00,1.0,1.0
2026-07-02T18:00:00+00:00,1.0,1.0
2026-07-02T18:05:00+00:00,1.0,1.0
2026-07-02T18:10:00+00:00,1.0,1.0
2026-07-02T18:15:00+00:00,1.0,1.0
2026-07-02T18:20:00+00:00,1.0,1.0
2026-07-02T18:25:00+00:00,1.0,1.0
2026-07-02T18:30:00+00:00,1.0,1.0
2026-07-02T18:35:00+00:00,1.0,1.0
2026-07-02T18:40:00+00:00,1.0,1.0
2026-07-02T18:45:00+00:00,1.0,1.0
2026-07-02T18:50:00+00:00,1.0,1.0
2026-07-02T18:55:00+00:00,1.0,1.0
2026-07-02T19:00:00+00:00,1.0,1.0
2026-07-02T19:05:00+00:00,1.0,1.0
2026-07-02T19:10:00+00:00,1.0,1.0
2026-07-02T19:15:00+00:00,1.0,1.0
2026-07-02T19:20:00+00:00,1.0,1.0
2026-07-02T19:25:00+00:00,1.0,1.0
2026-07-02T19:30:00+00:00,1.0,1.0
2026-07-02T19:35:00+00:00,1.0,1.0
2026-07-02T19:40:00+00:00,1.0,1.0
2026-07-02T19:45:00+00:00,1.0,1.0
2026-07-02T19:50:00+00:00,1.0,1.0
2026-07-02T19:55:00+00:00,1.0,1.0
2026-07-02T20:00:00+00:00,1.0,1.0
2026-07-02T20:05:00+00:00,1.0,1.0
2026-07-02T20:10:00+00:00,1.0,1.0
2026-07-02T20:15:00+00:00,1.0,1.0
2026-07-02T20:20:00+00:00,1.0,1.0
2026-07-02T20:25:00+00:00,1.0,1.0
2026-07-02T20:30:00+00:00,1.0,1.0
2026-07-02T20:35:00+00:00,1.0,1.0
2026-07-02T20:40:00+00:00,1.0,1.0
2026-07-02T20:45:00+00:00,1.0,1.0
2026-07-02T20:50:00+00:00,1.0,1.0
2026-07-02T20:55:00+00:00,1.0,1.0
2026-07-02T21:00:00+00:00,1.0,1.0
2026-07-02T21:05:00+00:00,1.0,1.0
2026-07-02T21:10:00+00:00,1.0,1.0
2026-07-02T21:15:00+00:00,1.0,1.0
2026-07-02T21:20:00+00:00,1.0,1.0
2026-07-02T21:25:00+00:00,1.0,1.0
2026-07-02T21:30:00+00:00,1.0,1.0
2026-07-02T21:35:00+00:00,1.0,1.0
2026-07-02T21:40:00+00:00,1.0,1.0
2026-07-02T21:45:00+00:00,1.0,1.0
2026-07-02T21:50:00+00:00,1.0,1.0
2026-07-02T21:55:00+00:00,1.0,1.0
2026-07-02T22:00:00+00:00,1.0,1.0
2026-07-02T22:05:00+00:00,1.0,1.0
2026-07-02T22:10:00+00:00,1.0,1.0
2026-07-02T22:15:00+00:00,1.0,1.0
2026-07-02T22:20:00+00:00,1.0,1.0
2026-07-02T22:25:00+00:00,1.0,1.0
2026-07-02T22:30:00+00:00,1.0,1.0
2026-07-02T22:35:00+00:00,1.0,1.0
2026-07-02T22:40:00+00:00,1.0,1.0
2026-07-02T22:45:00+00:00,1.0,1.0
2026-07-02T22:50:00+00:00,1.0,1.0
2026-07-02T22:55:00+00:00,1.0,1.0
2026-07-02T23:00:00+00:00,1.0,1.0
2026-07-02T23:05:00+00:00,1.0,1.0
2026-07-02T23:10:00+00:00,1.0,1.0
2026-07-02T23:15:00+00:00,1.0,1.0
2026-07-02T23:20:00+00:00,1.0,1.0
2026-07-02T23:25:00+00:00,1.0,1.0
2026-07-02T23:30:00+00:00,1.0,1.0
2026-07-02T23:35:00+00:00,1.0,1.0
2026-07-02T23:40:00+00:00,1.0,1.0
2026-07-02T23:45:00+00:00,1.0,1.0
2026-07-02T23:50:00+00:00,1.0,1.0
2026-07-02T23:55:00+00:00,1.0,1.0
2026-07-03T00:00:00+00:00,1.0,1.0
2026-07-06T08:05:00+00:00,1.0,1.0002554931016863
2026-07-06T08:10:00+00:00,1.0,1.0002554931016863
2026-07-06T08:15:00+00:00,1.0,1.0002554931016863
2026-07-06T08:20:00+00:00,1.0,0.9993614955976374
2026-07-06T08:25:00+00:00,1.0,0.9993614955976374
2026-07-06T08:30:00+00:00,1.0,0.9993614955976374
2026-07-06T08:35:00+00:00,1.0,0.9993614955976374
2026-07-06T08:40:00+00:00,1.0,0.9988501824763288
2026-07-06T08:45:00+00:00,1.0,0.9988501824763288
2026-07-06T08:50:00+00:00,1.0,0.9988501824763288
2026-07-06T08:55:00+00:00,1.0,0.9988501824763288
2026-07-06T09:00:00+00:00,1.0,0.9988501824763288
2026-07-06T09:05:00+00:00,1.0,0.9984665012282586
2026-07-06T09:10:00+00:00,1.0,0.9984665012282586
2026-07-06T09:15:00+00:00,1.0,0.9984665012282586
2026-07-06T09:20:00+00:00,1.0,0.9983385583142108
2026-07-06T09:25:00+00:00,1.0,0.9983385583142108
2026-07-06T09:30:00+00:00,1.0,0.9983385583142108
2026-07-06T09:35:00+00:00,1.0,0.9983385583142108
2026-07-06T09:40:00+00:00,1.0,0.9983385583142108
2026-07-06T09:45:00+00:00,1.0,0.9983385583142108
2026-07-06T09:50:00+00:00,1.0,0.9983385583142108
2026-07-06T09:55:00+00:00,1.0,0.9983385583142108
2026-07-06T10:00:00+00:00,1.0,0.9983385583142108
2026-07-06T10:05:00+00:00,1.0,0.9976347820939176
2026-07-06T10:10:00+00:00,1.0,0.9976347820939176
2026-07-06T10:15:00+00:00,1.0,0.9977122521289794
2026-07-06T10:20:00+00:00,1.0,0.9984030746847244
2026-07-06T10:25:00+00:00,1.0,0.9984030746847244
2026-07-06T10:30:00+00:00,1.0,0.9984030746847244
2026-07-06T10:35:00+00:00,1.0,0.9984030746847244
2026-07-06T10:40:00+00:00,1.0,0.9984030746847244
2026-07-06T10:45:00+00:00,1.0,0.9990428305957105
2026-07-06T10:50:00+00:00,1.0,0.9990428305957105
2026-07-06T10:55:00+00:00,1.0,0.9990428305957105
2026-07-06T11:00:00+00:00,1.0,0.9990428305957105
2026-07-06T11:05:00+00:00,1.0,0.999053060139605
2026-07-06T11:10:00+00:00,1.0,0.9988510198764042
2026-07-06T11:15:00+00:00,1.0,0.9988510198764042
2026-07-06T11:20:00+00:00,1.0,0.9992283067533101
2026-07-06T11:25:00+00:00,1.0,0.9992346990325535
2026-07-06T11:30:00+00:00,1.0,0.9992346990325535
2026-07-06T11:35:00+00:00,1.0,0.9994840163678904
2026-07-06T11:40:00+00:00,1.0,0.9994840163678904
2026-07-06T11:45:00+00:00,1.0,0.9994840163678904
2026-07-06T11:50:00+00:00,1.0,0.998851342563747
2026-07-06T11:55:00+00:00,1.0,0.9990361492462061
2026-07-06T12:00:00+00:00,1.0,0.9990361492462061
2026-07-06T12:05:00+00:00,1.0,0.9992349874753477
2026-07-06T12:10:00+00:00,1.0,0.9992349874753477
2026-07-06T12:15:00+00:00,1.0,0.9992349874753477
2026-07-06T12:20:00+00:00,1.0,0.9992349874753477
2026-07-06T12:25:00+00:00,1.0,0.998781138421415
2026-07-06T12:30:00+00:00,1.0,0.9980776723427973
2026-07-06T12:35:00+00:00,1.0,0.9979560751704168
2026-07-06T12:40:00+00:00,1.0,0.9973160315100972
2026-07-06T12:45:00+00:00,1.0,0.9966755768276478
2026-07-06T12:50:00+00:00,1.0,0.9966755768276478
2026-07-06T12:55:00+00:00,1.0,0.9971241586542513
2026-07-06T13:00:00+00:00,1.0,0.9971241586542513
2026-07-06T13:05:00+00:00,1.0,0.9978928525964235
2026-07-06T13:10:00+00:00,1.0,0.998109841484833
2026-07-06T13:15:00+00:00,1.0,0.9978928997595131
2026-07-06T13:20:00+00:00,1.0,0.9974448400867538
2026-07-06T13:25:00+00:00,1.0,0.9981466887929267
2026-07-06T13:30:00+00:00,1.0,0.9976373101294387
2026-07-06T13:35:00+00:00,1.0,0.9984056633673541
2026-07-06T13:40:00+00:00,1.0,0.99834170298818
2026-07-06T13:45:00+00:00,1.0,0.9984696627040207
2026-07-06T13:50:00+00:00,1.0,0.9980218582588684
2026-07-06T13:55:00+00:00,1.0,0.9980794844432805
2026-07-06T14:00:00+00:00,1.0,0.9973819710038009
2026-07-06T14:05:00+00:00,1.0,0.997317929526274
2026-07-06T14:10:00+00:00,1.0,0.9968055651346631
2026-07-06T14:15:00+00:00,1.0,0.9973502511513481
2026-07-06T14:20:00+00:00,1.0,0.9968064495295715
2026-07-06T14:25:00+00:00,1.0,0.9964213508549425
2026-07-06T14:30:00+00:00,1.0,0.9969277382980742
2026-07-06T14:35:00+00:00,1.0,0.997446679505888
2026-07-06T14:40:00+00:00,1.0,0.997062443746308
2026-07-06T14:45:00+00:00,1.0,0.9961193680737177
2026-07-06T14:50:00+00:00,1.0,0.9965182193560912
2026-07-06T14:55:00+00:00,1.0,0.9967425531586397
2026-07-06T15:00:00+00:00,1.0,0.9970950078663827
2026-07-06T15:05:00+00:00,1.0,0.9977676386137386
2026-07-06T15:10:00+00:00,1.0,0.9977996532330767
2026-07-06T15:15:00+00:00,1.0,0.9972587276495892
2026-07-06T15:20:00+00:00,1.0,0.9973515976205748
2026-07-06T15:25:00+00:00,1.0,0.9977678689405488
2026-07-06T15:30:00+00:00,1.0,0.9986640525702074
2026-07-06T15:35:00+00:00,1.0,0.9985860210461244
2026-07-06T15:40:00+00:00,1.0,0.998664064159068
2026-07-06T15:45:00+00:00,1.0,0.9985361410070226
2026-07-06T15:50:00+00:00,1.0,0.9982802701188722
2026-07-06T15:55:00+00:00,1.0,0.9980640037867994
2026-07-06T16:00:00+00:00,1.0,0.9983123389695163
2026-07-06T16:05:00+00:00,1.0,0.9978279946507315
2026-07-06T16:10:00+00:00,1.0,0.9977364539387917
2026-07-06T16:15:00+00:00,1.0,0.9974483683409269
2026-07-06T16:20:00+00:00,1.0,0.9976404726710777
2026-07-06T16:25:00+00:00,1.0,0.9979285962880885
2026-07-06T16:30:00+00:00,1.0,0.998056622023278
2026-07-06T16:35:00+00:00,1.0,0.998216624431676
2026-07-06T16:40:00+00:00,1.0,0.9985045633317823
2026-07-06T16:45:00+00:00,1.0,0.9985045633317823
2026-07-06T16:50:00+00:00,1.0,0.9986005221259967
2026-07-06T16:55:00+00:00,1.0,0.9991122313353874
2026-07-06T17:00:00+00:00,1.0,0.9992164494757051
2026-07-06T17:05:00+00:00,1.0,0.9989204877997543
2026-07-06T17:10:00+00:00,1.0,0.9991123091794365
2026-07-06T17:15:00+00:00,1.0,0.9990470985844492
2026-07-06T17:20:00+00:00,1.0,0.9987606615422088
2026-07-06T17:25:00+00:00,1.0,0.9994321725203862
2026-07-06T17:30:00+00:00,1.0,0.9992404554070997
2026-07-06T17:35:00+00:00,1.0,0.9995280934795358
2026-07-06T17:40:00+00:00,1.0,0.9996558981141992
2026-07-06T17:45:00+00:00,1.0,0.9993683652575989
2026-07-06T17:50:00+00:00,1.0,0.9997026385084493
2026-07-06T17:55:00+00:00,1.0,0.9997518372235275
2026-07-06T18:00:00+00:00,1.0,1.000007406696351
2026-07-06T18:05:00+00:00,1.0,0.9994644798340029
2026-07-06T18:10:00+00:00,1.0,0.999272749413551
2026-07-06T18:15:00+00:00,1.0,0.9995284200628184
2026-07-06T18:20:00+00:00,1.0,0.999975750728405
2026-07-06T18:25:00+00:00,1.0,0.999943812825156
2026-07-06T18:30:00+00:00,1.0,1.0000076896518062
2026-07-06T18:35:00+00:00,1.0,1.0002631938983417
2026-07-06T18:40:00+00:00,1.0,1.0004547734016218
2026-07-06T18:45:00+00:00,1.0,1.0003270829391584
2026-07-06T18:50:00+00:00,1.0,1.000327083958204
2026-07-06T18:55:00+00:00,1.0,1.000135518716681
2026-07-06T19:00:00+00:00,1.0,1.0002951786742322
2026-07-06T19:05:00+00:00,1.0,0.9999439738556745
2026-07-06T19:10:00+00:00,1.0,0.9997523402846021
2026-07-06T19:15:00+00:00,1.0,0.9996884532430781
2026-07-06T19:20:00+00:00,1.0,0.9997843047345618
2026-07-06T19:25:00+00:00,1.0,1.0000079027514845
2026-07-06T19:30:00+00:00,1.0,1.000043039655133
2026-07-06T19:35:00+00:00,1.0,0.9999121025966426
2026-07-06T19:40:00+00:00,1.0,0.999720462891296
2026-07-06T19:45:00+00:00,1.0,0.9998482471902531
2026-07-06T19:50:00+00:00,1.0,1.0001676671146
2026-07-06T19:55:00+00:00,1.0,1.000167676291575
2026-07-06T20:00:00+00:00,1.0,1.0001357444967889
2026-07-06T20:05:00+00:00,1.0,1.0000080132395097
2026-07-06T20:10:00+00:00,1.0,0.9998802656650029
2026-07-06T20:15:00+00:00,1.0,0.9998802656650029
2026-07-06T20:20:00+00:00,1.0,0.9998802656650029
2026-07-06T20:25:00+00:00,1.0,0.9998221330914177
2026-07-06T20:30:00+00:00,1.0,0.9998221330914177
2026-07-06T20:35:00+00:00,1.0,1.000071926035677
2026-07-06T20:40:00+00:00,1.0,1.000071926035677
2026-07-06T20:45:00+00:00,1.0,1.000071926035677
2026-07-06T20:50:00+00:00,1.0,1.000071926035677
2026-07-06T20:55:00+00:00,1.0,1.000071926035677
2026-07-06T21:00:00+00:00,1.0,1.000071926035677
2026-07-06T21:05:00+00:00,1.0,1.000071926035677
2026-07-06T21:10:00+00:00,1.0,1.000071926035677
2026-07-06T21:15:00+00:00,1.0,1.000071926035677
2026-07-06T21:20:00+00:00,1.0,1.000071926035677
2026-07-06T21:25:00+00:00,1.0,1.000071926035677
2026-07-06T21:30:00+00:00,1.0,1.0006837978616716
2026-07-06T21:35:00+00:00,1.0,1.0006837978616716
2026-07-06T21:40:00+00:00,1.0,1.0006837978616716
2026-07-06T21:45:00+00:00,1.0,1.0006467760667317
2026-07-06T21:50:00+00:00,1.0,1.0006467760667317
2026-07-06T21:55:00+00:00,1.0,1.0006467760667317
2026-07-06T22:00:00+00:00,1.0,1.0007106091093487
2026-07-06T22:05:00+00:00,1.0,1.0007106091093487
2026-07-06T22:10:00+00:00,1.0,1.0007106091093487
2026-07-06T22:15:00+00:00,1.0,1.0005191221960097
2026-07-06T22:20:00+00:00,1.0,1.0005191221960097
2026-07-06T22:25:00+00:00,1.0,1.0005191221960097
2026-07-06T22:30:00+00:00,1.0,1.0005191221960097
2026-07-06T22:35:00+00:00,1.0,1.0007106457645771
2026-07-06T22:40:00+00:00,1.0,1.0007106457645771
2026-07-06T22:45:00+00:00,1.0,1.0007106457645771
2026-07-06T22:50:00+00:00,1.0,1.0005191588442242
2026-07-06T22:55:00+00:00,1.0,1.0003914764605024
2026-07-06T23:00:00+00:00,1.0,1.0003914764605024
2026-07-06T23:05:00+00:00,1.0,1.0003914764605024
2026-07-06T23:10:00+00:00,1.0,1.000199928437182
2026-07-06T23:15:00+00:00,1.0,1.000327651579621
2026-07-06T23:20:00+00:00,1.0,1.000327651579621
2026-07-06T23:25:00+00:00,1.0,1.000327651579621
2026-07-06T23:30:00+00:00,1.0,1.000327651579621
2026-07-06T23:35:00+00:00,1.0,1.000327651579621
2026-07-06T23:40:00+00:00,1.0,1.000327651579621
2026-07-06T23:45:00+00:00,1.0,1.000327651579621
2026-07-06T23:50:00+00:00,1.0,1.000327651579621
2026-07-06T23:55:00+00:00,1.0,1.000327651579621
2026-07-07T00:00:00+00:00,1.0,1.000327651579621
2026-07-07T08:05:00+00:00,1.0,0.9961125553250448
2026-07-07T08:10:00+00:00,1.0,0.9959843059938583
2026-07-07T08:15:00+00:00,1.0,0.9967539010789792
2026-07-07T08:20:00+00:00,1.0,0.9967539010789792
2026-07-07T08:25:00+00:00,1.0,0.9967539010789792
2026-07-07T08:30:00+00:00,1.0,0.9967539010789792
2026-07-07T08:35:00+00:00,1.0,0.9967539010789792
2026-07-07T08:40:00+00:00,1.0,0.9962412335202399
2026-07-07T08:45:00+00:00,1.0,0.9962412335202399
2026-07-07T08:50:00+00:00,1.0,0.9962412335202399
2026-07-07T08:55:00+00:00,1.0,0.9951512540524934
2026-07-07T09:00:00+00:00,1.0,0.9951512540524934
2026-07-07T09:05:00+00:00,1.0,0.9957289347340256
2026-07-07T09:10:00+00:00,1.0,0.9957289347340256
2026-07-07T09:15:00+00:00,1.0,0.9956647852085305
2026-07-07T09:20:00+00:00,1.0,0.9956647852085305
2026-07-07T09:25:00+00:00,1.0,0.9956647852085305
2026-07-07T09:30:00+00:00,1.0,0.9950232486201229
2026-07-07T09:35:00+00:00,1.0,0.9954726139582095
2026-07-07T09:40:00+00:00,1.0,0.9959217765402457
2026-07-07T09:45:00+00:00,1.0,0.9963065994832675
2026-07-07T09:50:00+00:00,1.0,0.9963065994832675
2026-07-07T09:55:00+00:00,1.0,0.995665475545376
2026-07-07T10:00:00+00:00,1.0,0.995665475545376
2026-07-07T10:05:00+00:00,1.0,0.995665475545376
2026-07-07T10:10:00+00:00,1.0,0.9964353199852306
2026-07-07T10:15:00+00:00,1.0,0.996563528338291
2026-07-07T10:20:00+00:00,1.0,0.996563528338291
2026-07-07T10:25:00+00:00,1.0,0.996563528338291
2026-07-07T10:30:00+00:00,1.0,0.996563528338291
2026-07-07T10:35:00+00:00,1.0,0.996563528338291
2026-07-07T10:40:00+00:00,1.0,0.996563528338291
2026-07-07T10:45:00+00:00,1.0,0.996563528338291
2026-07-07T10:50:00+00:00,1.0,0.9966917201994101
2026-07-07T10:55:00+00:00,1.0,0.9966917201994101
2026-07-07T11:00:00+00:00,1.0,0.9966917201994101
2026-07-07T11:05:00+00:00,1.0,0.9966917201994101
2026-07-07T11:10:00+00:00,1.0,0.996505865904877
2026-07-07T11:15:00+00:00,1.0,0.9964353562978673
2026-07-07T11:20:00+00:00,1.0,0.9969481897287975
2026-07-07T11:25:00+00:00,1.0,0.9977644570769432
2026-07-07T11:30:00+00:00,1.0,0.9978451208239638
2026-07-07T11:35:00+00:00,1.0,0.9978451208239638
2026-07-07T11:40:00+00:00,1.0,0.9978451208239638
2026-07-07T11:45:00+00:00,1.0,0.9982932165287218
2026-07-07T11:50:00+00:00,1.0,0.998485163182746
2026-07-07T11:55:00+00:00,1.0,0.9987410537935053
2026-07-07T12:00:00+00:00,1.0,0.9993166601897747
2026-07-07T12:05:00+00:00,1.0,0.9993805796384244
2026-07-07T12:10:00+00:00,1.0,1.0000836486059368
2026-07-07T12:15:00+00:00,1.0,1.001424928247061
2026-07-07T12:20:00+00:00,1.0,1.000978433056123
2026-07-07T12:25:00+00:00,1.0,1.000978433056123
2026-07-07T12:30:00+00:00,1.0,1.000978433056123
2026-07-07T12:35:00+00:00,1.0,1.0004679251213755
2026-07-07T12:40:00+00:00,1.0,1.0001486947687521
2026-07-07T12:45:00+00:00,1.0,1.0006596264135892
2026-07-07T12:50:00+00:00,1.0,1.0006596264135892
2026-07-07T12:55:00+00:00,1.0,1.0006596264135892
2026-07-07T13:00:00+00:00,1.0,1.0012341311748627
2026-07-07T13:05:00+00:00,1.0,1.0008514573556047
2026-07-07T13:10:00+00:00,1.0,1.0001494189656728
2026-07-07T13:15:00+00:00,1.0,0.9999578253179093
2026-07-07T13:20:00+00:00,1.0,1.0009160064460407
2026-07-07T13:25:00+00:00,1.0,1.0007883711481007
2026-07-07T13:30:00+00:00,1.0,1.0007883711481007
2026-07-07T13:35:00+00:00,1.0,1.0009161652852498
2026-07-07T13:40:00+00:00,1.0,1.001011901947608
2026-07-07T13:45:00+00:00,1.0,1.0018605956618878
2026-07-07T13:50:00+00:00,1.0,1.0012995032749314
2026-07-07T13:55:00+00:00,1.0,1.0004064266583443
2026-07-07T14:00:00+00:00,1.0,0.9995763728195289
2026-07-07T14:05:00+00:00,1.0,0.9990331779084721
2026-07-07T14:10:00+00:00,1.0,0.9991610510864108
2026-07-07T14:15:00+00:00,1.0,0.9987135568362565
2026-07-07T14:20:00+00:00,1.0,0.9994490582229898
2026-07-07T14:25:00+00:00,1.0,0.9987780889346666
2026-07-07T14:30:00+00:00,1.0,0.9994497140359663
2026-07-07T14:35:00+00:00,1.0,0.9986828278725319
2026-07-07T14:40:00+00:00,1.0,0.9984589550776132
2026-07-07T14:45:00+00:00,1.0,0.9987788212172107
2026-07-07T14:50:00+00:00,1.0,0.9993224188466125
2026-07-07T14:55:00+00:00,1.0,0.998991314194596
2026-07-07T15:00:00+00:00,1.0,0.9990347964953369
2026-07-07T15:05:00+00:00,1.0,0.9987470662893293
2026-07-07T15:10:00+00:00,1.0,0.9990348712200608
2026-07-07T15:15:00+00:00,1.0,0.9983635422914182
2026-07-07T15:20:00+00:00,1.0,0.9978836562046026
2026-07-07T15:25:00+00:00,1.0,0.9979156683816305
2026-07-07T15:30:00+00:00,1.0,0.9976916519075223
2026-07-07T15:35:00+00:00,1.0,0.9977556752436478
2026-07-07T15:40:00+00:00,1.0,0.9979157402605078
2026-07-07T15:45:00+00:00,1.0,0.9981397752246457
2026-07-07T15:50:00+00:00,1.0,0.9977231780811936
2026-07-07T15:55:00+00:00,1.0,0.9972115903600128
2026-07-07T16:00:00+00:00,1.0,0.9971795752436857
2026-07-07T16:05:00+00:00,1.0,0.9972116038602311
2026-07-07T16:10:00+00:00,1.0,0.99730769069541
2026-07-07T16:15:00+00:00,1.0,0.9974671789690794
2026-07-07T16:20:00+00:00,1.0,0.9979154503315539
2026-07-07T16:25:00+00:00,1.0,0.9980434754479581
2026-07-07T16:30:00+00:00,1.0,0.9982041568395081
2026-07-07T16:35:00+00:00,1.0,0.9977388841317848
2026-07-07T16:40:00+00:00,1.0,0.9978521988397253
2026-07-07T16:45:00+00:00,1.0,0.997788183686826
2026-07-07T16:50:00+00:00,1.0,0.9977241650838873
2026-07-07T16:55:00+00:00,1.0,0.9978201965418289
2026-07-07T17:00:00+00:00,1.0,0.9978522169552362
2026-07-07T17:05:00+00:00,1.0,0.9980122461144302
2026-07-07T17:10:00+00:00,1.0,0.9980679294758178
2026-07-07T17:15:00+00:00,1.0,0.9975962135757711
2026-07-07T17:20:00+00:00,1.0,0.9976045383095747
2026-07-07T17:25:00+00:00,1.0,0.997916350262773
2026-07-07T17:30:00+00:00,1.0,0.9980443918803391
2026-07-07T17:35:00+00:00,1.0,0.9980123971255923
2026-07-07T17:40:00+00:00,1.0,0.9980443990622665
2026-07-07T17:45:00+00:00,1.0,0.9981404070770017
2026-07-07T17:50:00+00:00,1.0,0.9979484118709377
2026-07-07T17:55:00+00:00,1.0,0.9977243736750022
2026-07-07T18:00:00+00:00,1.0,0.9977883950025891
2026-07-07T18:05:00+00:00,1.0,0.9975643496197225
2026-07-07T18:10:00+00:00,1.0,0.9975316950537103
2026-07-07T18:15:00+00:00,1.0,0.9975931683524898
2026-07-07T18:20:00+00:00,1.0,0.9975003277278089
2026-07-07T18:25:00+00:00,1.0,0.9976924451480232
2026-07-07T18:30:00+00:00,1.0,0.9975964085268514
2026-07-07T18:35:00+00:00,1.0,0.9971808193065356
2026-07-07T18:40:00+00:00,1.0,0.9974620230039346
2026-07-07T18:45:00+00:00,1.0,0.9974396113136857
2026-07-07T18:50:00+00:00,1.0,0.9966039063124917
2026-07-07T18:55:00+00:00,1.0,0.9956745374372243
2026-07-07T19:00:00+00:00,1.0,0.9956892980083298
2026-07-07T19:05:00+00:00,1.0,0.9950650288210903
2026-07-07T19:10:00+00:00,1.0,0.9937169207227665
2026-07-07T19:15:00+00:00,1.0,0.9932349186265786
2026-07-07T19:20:00+00:00,1.0,0.9923987123085931
2026-07-07T19:25:00+00:00,1.0,0.9927848888869033
2026-07-07T19:30:00+00:00,1.0,0.9929136046769832
2026-07-07T19:35:00+00:00,1.0,0.9940715255897085
2026-07-07T19:40:00+00:00,1.0,0.9937823562044792
2026-07-07T19:45:00+00:00,1.0,0.9936216893456077
2026-07-07T19:50:00+00:00,1.0,0.9938775522395425
2026-07-07T19:55:00+00:00,1.0,0.9943287062216212
2026-07-07T20:00:00+00:00,1.0,0.9942002192296219
2026-07-07T20:05:00+00:00,1.0,0.9943929683996936
2026-07-07T20:10:00+00:00,1.0,0.9942002565841123
2026-07-07T20:15:00+00:00,1.0,0.9942002565841123
2026-07-07T20:20:00+00:00,1.0,0.9936862587779424
2026-07-07T20:25:00+00:00,1.0,0.9934291268698616
2026-07-07T20:30:00+00:00,1.0,0.9934291268698616
2026-07-07T20:35:00+00:00,1.0,0.9934291268698616
2026-07-07T20:40:00+00:00,1.0,0.9933005276301374
2026-07-07T20:45:00+00:00,1.0,0.9933648355757303
2026-07-07T20:50:00+00:00,1.0,0.9933648355757303
2026-07-07T20:55:00+00:00,1.0,0.9933648355757303
2026-07-07T21:00:00+00:00,1.0,0.9931719242275475
2026-07-07T21:05:00+00:00,1.0,0.9931719242275475
2026-07-07T21:10:00+00:00,1.0,0.9931719242275475
2026-07-07T21:15:00+00:00,1.0,0.9931719242275475
2026-07-07T21:20:00+00:00,1.0,0.9931719242275475
2026-07-07T21:25:00+00:00,1.0,0.9934294498099335
2026-07-07T21:30:00+00:00,1.0,0.9934294498099335
2026-07-07T21:35:00+00:00,1.0,0.9934313788066477
2026-07-07T21:40:00+00:00,1.0,0.993238479509792
2026-07-07T21:45:00+00:00,1.0,0.993238479509792
2026-07-07T21:50:00+00:00,1.0,0.993238479509792
2026-07-07T21:55:00+00:00,1.0,0.993238479509792
2026-07-07T22:00:00+00:00,1.0,0.9934314162773736
2026-07-07T22:05:00+00:00,1.0,0.9926598190608474
2026-07-07T22:10:00+00:00,1.0,0.9926598190608474
2026-07-07T22:15:00+00:00,1.0,0.9926598190608474
2026-07-07T22:20:00+00:00,1.0,0.9926598190608474
2026-07-07T22:25:00+00:00,1.0,0.9926598190608474
2026-07-07T22:30:00+00:00,1.0,0.9926598190608474
2026-07-07T22:35:00+00:00,1.0,0.9926598190608474
2026-07-07T22:40:00+00:00,1.0,0.9924667696989142
2026-07-07T22:45:00+00:00,1.0,0.9924667696989142
2026-07-07T22:50:00+00:00,1.0,0.9924667696989142
2026-07-07T22:55:00+00:00,1.0,0.9925311320056391
2026-07-07T23:00:00+00:00,1.0,0.992209341339057
2026-07-07T23:05:00+00:00,1.0,0.9922151354501861
2026-07-07T23:10:00+00:00,1.0,0.9932200859675285
2026-07-07T23:15:00+00:00,1.0,0.9932200859675285
2026-07-07T23:20:00+00:00,1.0,0.992903663235296
2026-07-07T23:25:00+00:00,1.0,0.992903663235296
2026-07-07T23:30:00+00:00,1.0,0.9931751529926075
2026-07-07T23:35:00+00:00,1.0,0.9931751529926075
2026-07-07T23:40:00+00:00,1.0,0.9931751529926075
2026-07-07T23:45:00+00:00,1.0,0.9931751529926075
2026-07-07T23:50:00+00:00,1.0,0.9921460892412877
2026-07-07T23:55:00+00:00,1.0,0.9921460892412877
2026-07-08T00:00:00+00:00,1.0,0.9921460892412877
2026-07-08T08:05:00+00:00,1.0,0.9942063536706012
2026-07-08T08:10:00+00:00,1.0,0.9948488548685273
2026-07-08T08:15:00+00:00,1.0,0.9948488548685273
2026-07-08T08:20:00+00:00,1.0,0.9909960912121667
2026-07-08T08:25:00+00:00,1.0,0.990544876652619
2026-07-08T08:30:00+00:00,1.0,0.9912544276436838
2026-07-08T08:35:00+00:00,1.0,0.9906744452064978
2026-07-08T08:40:00+00:00,1.0,0.9890624391449148
2026-07-08T08:45:00+00:00,1.0,0.9877707290245741
2026-07-08T08:50:00+00:00,1.0,0.9884820998520764
2026-07-08T08:55:00+00:00,1.0,0.9878358641696415
2026-07-08T09:00:00+00:00,1.0,0.9870702202424506
2026-07-08T09:05:00+00:00,1.0,0.9868009866201298
2026-07-08T09:10:00+00:00,1.0,0.9868009866201298
2026-07-08T09:15:00+00:00,1.0,0.9870599905701916
2026-07-08T09:20:00+00:00,1.0,0.9872541408437105
2026-07-08T09:25:00+00:00,1.0,0.9872541408437105
2026-07-08T09:30:00+00:00,1.0,0.9873835489104091
2026-07-08T09:35:00+00:00,1.0,0.9873835489104091
2026-07-08T09:40:00+00:00,1.0,0.9866718978136974
2026-07-08T09:45:00+00:00,1.0,0.9860244753085702
2026-07-08T09:50:00+00:00,1.0,0.9860244753085702
2026-07-08T09:55:00+00:00,1.0,0.9860244753085702
2026-07-08T10:00:00+00:00,1.0,0.9860244753085702
2026-07-08T10:05:00+00:00,1.0,0.9860244753085702
2026-07-08T10:10:00+00:00,1.0,0.9853766401287958
2026-07-08T10:15:00+00:00,1.0,0.9853766401287958
2026-07-08T10:20:00+00:00,1.0,0.9861545690552134
2026-07-08T10:25:00+00:00,1.0,0.9861545690552134
2026-07-08T10:30:00+00:00,1.0,0.9861545690552134
2026-07-08T10:35:00+00:00,1.0,0.9866727795486737
2026-07-08T10:40:00+00:00,1.0,0.9866727795486737
2026-07-08T10:45:00+00:00,1.0,0.9866727795486737
2026-07-08T10:50:00+00:00,1.0,0.987320202632367
2026-07-08T10:55:00+00:00,1.0,0.987320202632367
2026-07-08T11:00:00+00:00,1.0,0.9869967032212816
2026-07-08T11:05:00+00:00,1.0,0.9869319821259884
2026-07-08T11:10:00+00:00,1.0,0.9864141794071395
2026-07-08T11:15:00+00:00,1.0,0.9864834718947948
2026-07-08T11:20:00+00:00,1.0,0.9866732034170633
2026-07-08T11:25:00+00:00,1.0,0.9862200070637878
2026-07-08T11:30:00+00:00,1.0,0.986349551265425
2026-07-08T11:35:00+00:00,1.0,0.986349551265425
2026-07-08T11:40:00+00:00,1.0,0.9855723881258857
2026-07-08T11:45:00+00:00,1.0,0.9880353468756413
2026-07-08T11:50:00+00:00,1.0,0.9880353468756413
2026-07-08T11:55:00+00:00,1.0,0.9877767327290963
2026-07-08T12:00:00+00:00,1.0,0.9881647174476184
2026-07-08T12:05:00+00:00,1.0,0.9883586949938936
2026-07-08T12:10:00+00:00,1.0,0.9885525922006018
2026-07-08T12:15:00+00:00,1.0,0.9890695500210754
2026-07-08T12:20:00+00:00,1.0,0.9895629868345899
2026-07-08T12:25:00+00:00,1.0,0.9891963213574625
2026-07-08T12:30:00+00:00,1.0,0.9891963213574625
2026-07-08T12:35:00+00:00,1.0,0.9890051713115543
2026-07-08T12:40:00+00:00,1.0,0.9893281223209952
2026-07-08T12:45:00+00:00,1.0,0.9893281223209952
2026-07-08T12:50:00+00:00,1.0,0.9904257974338693
2026-07-08T12:55:00+00:00,1.0,0.9908772809310064
2026-07-08T13:00:00+00:00,1.0,0.9895876007822365
2026-07-08T13:05:00+00:00,1.0,0.9894584960724149
2026-07-08T13:10:00+00:00,1.0,0.9895230568512268
2026-07-08T13:15:00+00:00,1.0,0.9890711608831971
2026-07-08T13:20:00+00:00,1.0,0.9892649191098296
2026-07-08T13:25:00+00:00,1.0,0.9888129051128474
2026-07-08T13:30:00+00:00,1.0,0.988425287353101
2026-07-08T13:35:00+00:00,1.0,0.9898146311371511
2026-07-08T13:40:00+00:00,1.0,0.9900405762105101
2026-07-08T13:45:00+00:00,1.0,0.9892746645527509
2026-07-08T13:50:00+00:00,1.0,0.9888142143873065
2026-07-08T13:55:00+00:00,1.0,0.9888788427474774
2026-07-08T14:00:00+00:00,1.0,0.9889434500153949
2026-07-08T14:05:00+00:00,1.0,0.988491321507182
2026-07-08T14:10:00+00:00,1.0,0.9880712411548533
2026-07-08T14:15:00+00:00,1.0,0.9873277725041477
2026-07-08T14:20:00+00:00,1.0,0.9870042483490823
2026-07-08T14:25:00+00:00,1.0,0.9876515109401881
2026-07-08T14:30:00+00:00,1.0,0.9876783552892007
2026-07-08T14:35:00+00:00,1.0,0.9870371043786813
2026-07-08T14:40:00+00:00,1.0,0.9855161473085902
2026-07-08T14:45:00+00:00,1.0,0.9847383683540629
2026-07-08T14:50:00+00:00,1.0,0.9847059329664359
2026-07-08T14:55:00+00:00,1.0,0.9857763723465025
2026-07-08T15:00:00+00:00,1.0,0.9853551359359617
2026-07-08T15:05:00+00:00,1.0,0.9848688940489715
2026-07-08T15:10:00+00:00,1.0,0.985160784999288
2026-07-08T15:15:00+00:00,1.0,0.9844799327487455
2026-07-08T15:20:00+00:00,1.0,0.9841879284327807
2026-07-08T15:25:00+00:00,1.0,0.9835713314001687
2026-07-08T15:30:00+00:00,1.0,0.9842208578024079
2026-07-08T15:35:00+00:00,1.0,0.9834419495760925
2026-07-08T15:40:00+00:00,1.0,0.9839291600665363
2026-07-08T15:45:00+00:00,1.0,0.9842862720721195
2026-07-08T15:50:00+00:00,1.0,0.984480982107738
2026-07-08T15:55:00+00:00,1.0,0.9845134261158486
2026-07-08T16:00:00+00:00,1.0,0.9845134271848791
2026-07-08T16:05:00+00:00,1.0,0.9847405213437632
2026-07-08T16:10:00+00:00,1.0,0.9850973007048159
2026-07-08T16:15:00+00:00,1.0,0.9850648791243557
2026-07-08T16:20:00+00:00,1.0,0.9852918611378252
2026-07-08T16:25:00+00:00,1.0,0.9850000967729563
2026-07-08T16:30:00+00:00,1.0,0.9856486351563991
2026-07-08T16:35:00+00:00,1.0,0.9853893743968938
2026-07-08T16:40:00+00:00,1.0,0.9857459297626294
2026-07-08T16:45:00+00:00,1.0,0.9872364904023699
2026-07-08T16:50:00+00:00,1.0,0.9873982539550429
2026-07-08T16:55:00+00:00,1.0,0.987851129579318
2026-07-08T17:00:00+00:00,1.0,0.9880127904091387
2026-07-08T17:05:00+00:00,1.0,0.9877864933888892
2026-07-08T17:10:00+00:00,1.0,0.9882715838649846
2026-07-08T17:15:00+00:00,1.0,0.9882392641716148
2026-07-08T17:20:00+00:00,1.0,0.9883685593559213
2026-07-08T17:25:00+00:00,1.0,0.9886593932776463
2026-07-08T17:30:00+00:00,1.0,0.9891762549193958
2026-07-08T17:35:00+00:00,1.0,0.9890794034584047
2026-07-08T17:40:00+00:00,1.0,0.9889179369239496
2026-07-08T17:45:00+00:00,1.0,0.9888210411825304
2026-07-08T17:50:00+00:00,1.0,0.9885626198295819
2026-07-08T17:55:00+00:00,1.0,0.9886272402126275
2026-07-08T18:00:00+00:00,1.0,0.9884333832864932
2026-07-08T18:05:00+00:00,1.0,0.9887242362830844
2026-07-08T18:10:00+00:00,1.0,0.9886273320910334
2026-07-08T18:15:00+00:00,1.0,0.9894591044735062
2026-07-08T18:20:00+00:00,1.0,0.989112422919007
2026-07-08T18:25:00+00:00,1.0,0.988886370658911
2026-07-08T18:30:00+00:00,1.0,0.9888863748794338
2026-07-08T18:35:00+00:00,1.0,0.988821775560458
2026-07-08T18:40:00+00:00,1.0,0.9894678109554407
2026-07-08T18:45:00+00:00,1.0,0.9899843020482011
2026-07-08T18:50:00+00:00,1.0,0.9914038236059864
2026-07-08T18:55:00+00:00,1.0,0.9908239045618908
2026-07-08T19:00:00+00:00,1.0,0.9905660044803145
2026-07-08T19:05:00+00:00,1.0,0.9910818948881788
2026-07-08T19:10:00+00:00,1.0,0.9913075384780079
2026-07-08T19:15:00+00:00,1.0,0.9910497588833698
2026-07-08T19:20:00+00:00,1.0,0.9909530711020152
2026-07-08T19:25:00+00:00,1.0,0.9909853035073986
2026-07-08T19:30:00+00:00,1.0,0.9911464665828642
2026-07-08T19:35:00+00:00,1.0,0.9909208774738982
2026-07-08T19:40:00+00:00,1.0,0.9909853443841495
2026-07-08T19:45:00+00:00,1.0,0.990598568083733
2026-07-08T19:50:00+00:00,1.0,0.9900826649169685
2026-07-08T19:55:00+00:00,1.0,0.9904698076799594
2026-07-08T20:00:00+00:00,1.0,0.990179584791095
2026-07-08T20:05:00+00:00,1.0,0.9902441000103283
2026-07-08T20:10:00+00:00,1.0,0.9902441000103283
2026-07-08T20:15:00+00:00,1.0,0.9901118524269393
2026-07-08T20:20:00+00:00,1.0,0.9897505424761649
2026-07-08T20:25:00+00:00,1.0,0.9894801064863525
2026-07-08T20:30:00+00:00,1.0,0.9894801064863525
2026-07-08T20:35:00+00:00,1.0,0.9898571417969738
2026-07-08T20:40:00+00:00,1.0,0.9892117792061557
2026-07-08T20:45:00+00:00,1.0,0.9895992495466205
2026-07-08T20:50:00+00:00,1.0,0.9895992495466205
2026-07-08T20:55:00+00:00,1.0,0.9895992495466205
2026-07-08T21:00:00+00:00,1.0,0.9894055902022865
2026-07-08T21:05:00+00:00,1.0,0.9894055902022865
2026-07-08T21:10:00+00:00,1.0,0.9894055902022865
2026-07-08T21:15:00+00:00,1.0,0.9894055902022865
2026-07-08T21:20:00+00:00,1.0,0.9894055902022865
2026-07-08T21:25:00+00:00,1.0,0.9894055902022865
2026-07-08T21:30:00+00:00,1.0,0.9894055902022865
2026-07-08T21:35:00+00:00,1.0,0.9903611633382164
2026-07-08T21:40:00+00:00,1.0,0.9903611633382164
2026-07-08T21:45:00+00:00,1.0,0.9905675745852648
2026-07-08T21:50:00+00:00,1.0,0.9905675745852648
2026-07-08T21:55:00+00:00,1.0,0.9905675745852648
2026-07-08T22:00:00+00:00,1.0,0.9905675745852648
2026-07-08T22:05:00+00:00,1.0,0.9905675745852648
2026-07-08T22:10:00+00:00,1.0,0.990438594432324
2026-07-08T22:15:00+00:00,1.0,0.990438594432324
2026-07-08T22:20:00+00:00,1.0,0.990438594432324
2026-07-08T22:25:00+00:00,1.0,0.990438594432324
2026-07-08T22:30:00+00:00,1.0,0.990438594432324
2026-07-08T22:35:00+00:00,1.0,0.990438594432324
2026-07-08T22:40:00+00:00,1.0,0.990438594432324
2026-07-08T22:45:00+00:00,1.0,0.9903740959565208
2026-07-08T22:50:00+00:00,1.0,0.9903740959565208
2026-07-08T22:55:00+00:00,1.0,0.9903740959565208
2026-07-08T23:00:00+00:00,1.0,0.9903740959565208
2026-07-08T23:05:00+00:00,1.0,0.9903740959565208
2026-07-08T23:10:00+00:00,1.0,0.9890898476661408
2026-07-08T23:15:00+00:00,1.0,0.9890898476661408
2026-07-08T23:20:00+00:00,1.0,0.9890898476661408
2026-07-08T23:25:00+00:00,1.0,0.9890898476661408
2026-07-08T23:30:00+00:00,1.0,0.9890898476661408
2026-07-08T23:35:00+00:00,1.0,0.9894715540976773
2026-07-08T23:40:00+00:00,1.0,0.9894715540976773
2026-07-08T23:45:00+00:00,1.0,0.9894715540976773
2026-07-08T23:50:00+00:00,1.0,0.9894715540976773
2026-07-08T23:55:00+00:00,1.0,0.9894715540976773
2026-07-09T00:00:00+00:00,1.0,0.9894715540976773
2026-07-09T08:05:00+00:00,1.0,0.9934073523335519
2026-07-09T08:10:00+00:00,1.0,0.9934073523335519
2026-07-09T08:15:00+00:00,1.0,0.9934073523335519
2026-07-09T08:20:00+00:00,1.0,0.9937931915434175
2026-07-09T08:25:00+00:00,1.0,0.9945645704760516
2026-07-09T08:30:00+00:00,1.0,0.9942434116764921
2026-07-09T08:35:00+00:00,1.0,0.99379364407395
2026-07-09T08:40:00+00:00,1.0,0.9941150521089027
2026-07-09T08:45:00+00:00,1.0,0.9940507912781265
2026-07-09T08:50:00+00:00,1.0,0.9934724090490061
2026-07-09T08:55:00+00:00,1.0,0.9936010138916014
2026-07-09T09:00:00+00:00,1.0,0.9935367197920874
2026-07-09T09:05:00+00:00,1.0,0.9935367197920874
2026-07-09T09:10:00+00:00,1.0,0.9935367197920874
2026-07-09T09:15:00+00:00,1.0,0.9935367197920874
2026-07-09T09:20:00+00:00,1.0,0.9937939336422095
2026-07-09T09:25:00+00:00,1.0,0.9937939336422095
2026-07-09T09:30:00+00:00,1.0,0.993472508873268
2026-07-09T09:35:00+00:00,1.0,0.9929580894511978
2026-07-09T09:40:00+00:00,1.0,0.9929580894511978
2026-07-09T09:45:00+00:00,1.0,0.9929580894511978
2026-07-09T09:50:00+00:00,1.0,0.9929580894511978
2026-07-09T09:55:00+00:00,1.0,0.9929580894511978
2026-07-09T10:00:00+00:00,1.0,0.9929580894511978
2026-07-09T10:05:00+00:00,1.0,0.9929580894511978
2026-07-09T10:10:00+00:00,1.0,0.9931510967252909
2026-07-09T10:15:00+00:00,1.0,0.9931510967252909
2026-07-09T10:20:00+00:00,1.0,0.9931510967252909
2026-07-09T10:25:00+00:00,1.0,0.9931510967252909
2026-07-09T10:30:00+00:00,1.0,0.9931510967252909
2026-07-09T10:35:00+00:00,1.0,0.9928294804374913
2026-07-09T10:40:00+00:00,1.0,0.9928294804374913
2026-07-09T10:45:00+00:00,1.0,0.9928294804374913
2026-07-09T10:50:00+00:00,1.0,0.9928294804374913
2026-07-09T10:55:00+00:00,1.0,0.9919930071227998
2026-07-09T11:00:00+00:00,1.0,0.9919930071227998
2026-07-09T11:05:00+00:00,1.0,0.9923149991401728
2026-07-09T11:10:00+00:00,1.0,0.9923149991401728
2026-07-09T11:15:00+00:00,1.0,0.9929587742790988
2026-07-09T11:20:00+00:00,1.0,0.9929587742790988
2026-07-09T11:25:00+00:00,1.0,0.9928944384766965
2026-07-09T11:30:00+00:00,1.0,0.9928944384766965
2026-07-09T11:35:00+00:00,1.0,0.9928944384766965
2026-07-09T11:40:00+00:00,1.0,0.9928944384766965
2026-07-09T11:45:00+00:00,1.0,0.9928944384766965
2026-07-09T11:50:00+00:00,1.0,0.9930874583908638
2026-07-09T11:55:00+00:00,1.0,0.9930874583908638
2026-07-09T12:00:00+00:00,1.0,0.9930874583908638
2026-07-09T12:05:00+00:00,1.0,0.9931517858593436
2026-07-09T12:10:00+00:00,1.0,0.9937950188812732
2026-07-09T12:15:00+00:00,1.0,0.9943092724486113
2026-07-09T12:20:00+00:00,1.0,0.9939237816477138
2026-07-09T12:25:00+00:00,1.0,0.9933453210919178
2026-07-09T12:30:00+00:00,1.0,0.9934739427831119
2026-07-09T12:35:00+00:00,1.0,0.9939883629476597
2026-07-09T12:40:00+00:00,1.0,0.9946304128471715
2026-07-09T12:45:00+00:00,1.0,0.9944383717277582
2026-07-09T12:50:00+00:00,1.0,0.9938602098837305
2026-07-09T12:55:00+00:00,1.0,0.9938602098837305
2026-07-09T13:00:00+00:00,1.0,0.9934102667024353
2026-07-09T13:05:00+00:00,1.0,0.9937562368755879
2026-07-09T13:10:00+00:00,1.0,0.9937562368755879
2026-07-09T13:15:00+00:00,1.0,0.9937562368755879
2026-07-09T13:20:00+00:00,1.0,0.9953385105007002
2026-07-09T13:25:00+00:00,1.0,0.9952743282392543
2026-07-09T13:30:00+00:00,1.0,0.995466887441158
2026-07-09T13:35:00+00:00,1.0,0.9954989868426568
2026-07-09T13:40:00+00:00,1.0,0.9955310852147587
2026-07-09T13:45:00+00:00,1.0,0.9957556983125941
2026-07-09T13:50:00+00:00,1.0,0.9953065641157751
2026-07-09T13:55:00+00:00,1.0,0.9947288874614849
2026-07-09T14:00:00+00:00,1.0,0.9949857833267991
2026-07-09T14:05:00+00:00,1.0,0.9962054092501896
2026-07-09T14:10:00+00:00,1.0,0.995628270987849
2026-07-09T14:15:00+00:00,1.0,0.9952111944740284
2026-07-09T14:20:00+00:00,1.0,0.9945370915565053
2026-07-09T14:25:00+00:00,1.0,0.995211549960002
2026-07-09T14:30:00+00:00,1.0,0.9953976978232048
2026-07-09T14:35:00+00:00,1.0,0.9953399374710237
2026-07-09T14:40:00+00:00,1.0,0.9951474069631498
2026-07-09T14:45:00+00:00,1.0,0.9952436970558605
2026-07-09T14:50:00+00:00,1.0,0.994763552410899
2026-07-09T14:55:00+00:00,1.0,0.9953082222359387
2026-07-09T15:00:00+00:00,1.0,0.995725452189507
2026-07-09T15:05:00+00:00,1.0,0.9956292261711417
2026-07-09T15:10:00+00:00,1.0,0.9956292303067373
2026-07-09T15:15:00+00:00,1.0,0.9954053069958334
2026-07-09T15:20:00+00:00,1.0,0.9956613782157315
2026-07-09T15:25:00+00:00,1.0,0.9959482036681355
2026-07-09T15:30:00+00:00,1.0,0.9957256166140528
2026-07-09T15:35:00+00:00,1.0,0.9956614590356628
2026-07-09T15:40:00+00:00,1.0,0.9959822675996
2026-07-09T15:45:00+00:00,1.0,0.996046408652382
2026-07-09T15:50:00+00:00,1.0,0.995877093660086
2026-07-09T15:55:00+00:00,1.0,0.9957250712630455
2026-07-09T16:00:00+00:00,1.0,0.9956615542005132
2026-07-09T16:05:00+00:00,1.0,0.9955973925233532
2026-07-09T16:10:00+00:00,1.0,0.995821981284233
2026-07-09T16:15:00+00:00,1.0,0.9960785713399504
2026-07-09T16:20:00+00:00,1.0,0.9959823669790868
2026-07-09T16:25:00+00:00,1.0,0.9960144375086779
2026-07-09T16:30:00+00:00,1.0,0.9963665358707225
2026-07-09T16:35:00+00:00,1.0003533268717635,0.9966557227344757
2026-07-09T16:40:00+00:00,0.9999994938083134,0.9963031975435184
2026-07-09T16:45:00+00:00,1.0001603854533354,0.9964634944850527
2026-07-09T16:50:00+00:00,1.0000638676488989,0.9963673334391968
2026-07-09T16:55:00+00:00,1.0001282715366737,0.9964314992710013
2026-07-09T17:00:00+00:00,0.9995490632252425,0.9958544318861718
2026-07-09T17:05:00+00:00,0.9995490673733768,0.9958544360189734
2026-07-09T17:10:00+00:00,0.9994846800332986,0.9957902866737004
2026-07-09T17:15:00+00:00,0.9994524863636605,0.9957582120014633
2026-07-09T17:20:00+00:00,0.9992915169758968,0.9955978376045476
2026-07-09T17:25:00+00:00,0.9995484814496725,0.9958538522610177
2026-07-09T17:30:00+00:00,0.9999354628462138,0.9962394032589446
2026-07-09T17:35:00+00:00,0.9996458316938704,0.9959508426696896
2026-07-09T17:40:00+00:00,1.000128706768181,0.9964319328937632
2026-07-09T17:45:00+00:00,0.9999356472561554,0.9962395869872519
2026-07-09T17:50:00+00:00,1.0004183659324182,0.9967205213913715
2026-07-09T17:55:00+00:00,1.0003218687586737,0.9966243808999504
2026-07-09T18:00:00+00:00,1.0004505440698082,0.9967525805887724
2026-07-09T18:05:00+00:00,0.9998072306037002,0.9961116450010299
2026-07-09T18:10:00+00:00,0.9997106744070801,0.9960154457048993
2026-07-09T18:15:00+00:00,0.9995175433604434,0.9958230285281903
2026-07-09T18:20:00+00:00,0.9993243698036509,0.9956305689984556
2026-07-09T18:25:00+00:00,0.9990345529269203,0.9953418233713063
2026-07-09T18:30:00+00:00,0.9989701354494507,0.9952776440000385
2026-07-09T18:35:00+00:00,0.9989701396037418,0.9952776481389741
2026-07-09T18:40:00+00:00,0.9987768653602997,0.9950850882947578
2026-07-09T18:45:00+00:00,0.9991312700544599,0.9954381830035076
2026-07-09T18:50:00+00:00,0.9989702299800831,0.9952777381812576
2026-07-09T18:55:00+00:00,0.998938017603262,0.9952456448709849
2026-07-09T19:00:00+00:00,0.9990346578500473,0.9953419279066061
2026-07-09T19:05:00+00:00,0.9990668681498232,0.995374019147511
2026-07-09T19:10:00+00:00,0.9989380311044754,0.9952456583222938
2026-07-09T19:15:00+00:00,0.9989380321433499,0.9952456593573283
2026-07-09T19:20:00+00:00,0.9990346765456993,0.9953419465331536
2026-07-09T19:25:00+00:00,0.9987763374314377,0.9950845623172784
2026-07-09T19:30:00+00:00,0.9986158845642263,0.9949247025317011
2026-07-09T19:35:00+00:00,0.9985836607538177,0.9948925978301028
2026-07-09T19:40:00+00:00,0.9985192110532397,0.994828386354833
2026-07-09T19:45:00+00:00,0.9985192110532397,0.994828386354833
2026-07-09T19:50:00+00:00,0.9987125726355506,0.9950210332150876
2026-07-09T19:55:00+00:00,0.998648131251331,0.9949568300254363
2026-07-09T20:00:00+00:00,0.9988414595631083,0.9951494437381352
2026-07-09T20:05:00+00:00,0.9987770264925651,0.9950852488314303
2026-07-09T20:10:00+00:00,0.9987770264925651,0.9950852488314303
2026-07-09T20:15:00+00:00,0.9987770264925651,0.9950852488314303
2026-07-09T20:20:00+00:00,0.9985192775825024,0.9948284526381834
2026-07-09T20:25:00+00:00,0.9985192775825024,0.9948284526381834
2026-07-09T20:30:00+00:00,0.9985192775825024,0.9948284526381834
2026-07-09T20:35:00+00:00,0.9985192775825024,0.9948284526381834
2026-07-09T20:40:00+00:00,0.9985192775825024,0.9948284526381834
2026-07-09T20:45:00+00:00,0.9985192775825024,0.9948284526381834
2026-07-09T20:50:00+00:00,0.9985192775825024,0.9948284526381834
2026-07-09T20:55:00+00:00,0.9985192775825024,0.9948284526381834
2026-07-09T21:00:00+00:00,0.9985192775825024,0.9948284526381834
2026-07-09T21:05:00+00:00,0.9985192775825024,0.9948284526381834
2026-07-09T21:10:00+00:00,0.9985192775825024,0.9948284526381834
2026-07-09T21:15:00+00:00,0.9985192775825024,0.9948284526381834
2026-07-09T21:20:00+00:00,0.9985192775825024,0.9948284526381834
2026-07-09T21:25:00+00:00,0.9985192775825024,0.9948284526381834
2026-07-09T21:30:00+00:00,0.9988415469078261,0.9951495307600008
2026-07-09T21:35:00+00:00,0.9988415469078261,0.9951495307600008
2026-07-09T21:40:00+00:00,0.9988415469078261,0.9951495307600008
2026-07-09T21:45:00+00:00,0.9988415469078261,0.9951495307600008
2026-07-09T21:50:00+00:00,0.9988415469078261,0.9951495307600008
2026-07-09T21:55:00+00:00,0.9988415469078261,0.9951495307600008
2026-07-09T22:00:00+00:00,0.9988415469078261,0.9951495307600008
2026-07-09T22:05:00+00:00,0.9988415469078261,0.9951495307600008
2026-07-09T22:10:00+00:00,0.9988415469078261,0.9951495307600008
2026-07-09T22:15:00+00:00,0.9988415469078261,0.9951495307600008
2026-07-09T22:20:00+00:00,0.9988415469078261,0.9951495307600008
2026-07-09T22:25:00+00:00,0.9988415469078261,0.9951495307600008
2026-07-09T22:30:00+00:00,0.9988415469078261,0.9951495307600008
2026-07-09T22:35:00+00:00,0.9988415469078261,0.9951495307600008
2026-07-09T22:40:00+00:00,0.9988415469078261,0.9951495307600008
2026-07-09T22:45:00+00:00,0.9988415469078261,0.9951495307600008
2026-07-09T22:50:00+00:00,0.9987771138316484,0.9950853358476824
2026-07-09T22:55:00+00:00,0.9988415510647988,0.9951495349016081
2026-07-09T23:00:00+00:00,0.9988415510647988,0.9951495349016081
2026-07-09T23:05:00+00:00,0.9987771179883529,0.9950853399890225
2026-07-09T23:10:00+00:00,0.9987771179883529,0.9950853399890225
2026-07-09T23:15:00+00:00,0.9987771179883529,0.9950853399890225
2026-07-09T23:20:00+00:00,0.9987771179883529,0.9950853399890225
2026-07-09T23:25:00+00:00,0.9987771179883529,0.9950853399890225
2026-07-09T23:30:00+00:00,0.9987771179883529,0.9950853399890225
2026-07-09T23:35:00+00:00,0.9987771179883529,0.9950853399890225
2026-07-09T23:40:00+00:00,0.9987771179883529,0.9950853399890225
2026-07-09T23:45:00+00:00,0.9987771179883529,0.9950853399890225
2026-07-09T23:50:00+00:00,0.9987771179883529,0.9950853399890225
2026-07-09T23:55:00+00:00,0.9987771179883529,0.9950853399890225
2026-07-10T00:00:00+00:00,0.9987771179883529,0.9950853399890225
2026-07-10T08:05:00+00:00,0.9968441298436347,0.9931594967447803
2026-07-10T08:10:00+00:00,0.9968441298436347,0.9931594967447803
2026-07-10T08:15:00+00:00,0.9968441298436347,0.9931594967447803
2026-07-10T08:20:00+00:00,0.9968441298436347,0.9931594967447803
2026-07-10T08:25:00+00:00,0.997231504505491,0.9935454395543962
2026-07-10T08:30:00+00:00,0.997231504505491,0.9935454395543962
2026-07-10T08:35:00+00:00,0.9963925186422647,0.9927095548330522
2026-07-10T08:40:00+00:00,0.9963925186422647,0.9927095548330522
2026-07-10T08:45:00+00:00,0.9963925186422647,0.9927095548330522
2026-07-10T08:50:00+00:00,0.9960049680710309,0.9923234367642724
2026-07-10T08:55:00+00:00,0.9957465004524839,0.992065924519102
2026-07-10T09:00:00+00:00,0.9957465004524839,0.992065924519102
2026-07-10T09:05:00+00:00,0.9955525994073484,0.9918727401900382
2026-07-10T09:10:00+00:00,0.9955525994073484,0.9918727401900382
2026-07-10T09:15:00+00:00,0.9955525994073484,0.9918727401900382
2026-07-10T09:20:00+00:00,0.9955525994073484,0.9918727401900382
2026-07-10T09:25:00+00:00,0.9965222934976802,0.9928388500019115
2026-07-10T09:30:00+00:00,0.9965222934976802,0.9928388500019115
2026-07-10T09:35:00+00:00,0.9964577351929368,0.9927745303239097
2026-07-10T09:40:00+00:00,0.9964577351929368,0.9927745303239097
2026-07-10T09:45:00+00:00,0.9964577351929368,0.9927745303239097
2026-07-10T09:50:00+00:00,0.9965249063132765,0.9928414531597625
2026-07-10T09:55:00+00:00,0.9965249063132765,0.9928414531597625
2026-07-10T10:00:00+00:00,0.9965249063132765,0.9928414531597625
2026-07-10T10:05:00+00:00,0.9965249063132765,0.9928414531597625
2026-07-10T10:10:00+00:00,0.9965249063132765,0.9928414531597625
2026-07-10T10:15:00+00:00,0.9965249063132765,0.9928414531597625
2026-07-10T10:20:00+00:00,0.9965249063132765,0.9928414531597625
2026-07-10T10:25:00+00:00,0.9965249063132765,0.9928414531597625
2026-07-10T10:30:00+00:00,0.9965249063132765,0.9928414531597625
2026-07-10T10:35:00+00:00,0.9965249063132765,0.9928414531597625
2026-07-10T10:40:00+00:00,0.9965249063132765,0.9928414531597625
2026-07-10T10:45:00+00:00,0.9971126140016001,0.9934269885052533
2026-07-10T10:50:00+00:00,0.9971126140016001,0.9934269885052533
2026-07-10T10:55:00+00:00,0.9971126140016001,0.9934269885052533
2026-07-10T11:00:00+00:00,0.9967808515765295,0.9930964523730161
2026-07-10T11:05:00+00:00,0.9971656691614108,0.9934798475573757
2026-07-10T11:10:00+00:00,0.9971656691614108,0.9934798475573757
2026-07-10T11:15:00+00:00,0.9971656691614108,0.9934798475573757
2026-07-10T11:20:00+00:00,0.9971037090320124,0.9934181164510881
2026-07-10T11:25:00+00:00,0.9971037090320124,0.9934181164510881
2026-07-10T11:30:00+00:00,0.9971037090320124,0.9934181164510881
2026-07-10T11:35:00+00:00,0.9971037090320124,0.9934181164510881
2026-07-10T11:40:00+00:00,0.9960064302222283,0.9923248935109231
2026-07-10T11:45:00+00:00,0.9960064302222283,0.9923248935109231
2026-07-10T11:50:00+00:00,0.9960064302222283,0.9923248935109231
2026-07-10T11:55:00+00:00,0.9960064302222283,0.9923248935109231
2026-07-10T12:00:00+00:00,0.9960064302222283,0.9923248935109231
2026-07-10T12:05:00+00:00,0.996587983217687,0.9929042969131289
2026-07-10T12:10:00+00:00,0.996587983217687,0.9929042969131289
2026-07-10T12:15:00+00:00,0.9983316247124303,0.9946414933890656
2026-07-10T12:20:00+00:00,0.9983316247124303,0.9946414933890656
2026-07-10T12:25:00+00:00,0.9971067570339118,0.9934211531866639
2026-07-10T12:30:00+00:00,0.996848572995322,0.9931639234732547
2026-07-10T12:35:00+00:00,0.996848572995322,0.9931639234732547
2026-07-10T12:40:00+00:00,0.9963714544101901,0.9926885684606596
2026-07-10T12:45:00+00:00,0.9963714544101901,0.9926885684606596
2026-07-10T12:50:00+00:00,0.9963714544101901,0.9926885684606596
2026-07-10T12:55:00+00:00,0.9963714544101901,0.9926885684606596
2026-07-10T13:00:00+00:00,0.9962028649511089,0.9925206021584816
2026-07-10T13:05:00+00:00,0.9962028649511089,0.9925206021584816
2026-07-10T13:10:00+00:00,0.9966550971206717,0.992971162743119
2026-07-10T13:15:00+00:00,0.9966550971206717,0.992971162743119
2026-07-10T13:20:00+00:00,0.9967196724152889,0.9930354993481951
2026-07-10T13:25:00+00:00,0.9956865346361593,0.9920061803543125
2026-07-10T13:30:00+00:00,0.9947169619265033,0.9910401914744558
2026-07-10T13:35:00+00:00,0.9949757879572064,0.9912980608069841
2026-07-10T13:40:00+00:00,0.9958159881925571,0.9921351554117711
2026-07-10T13:45:00+00:00,0.9960105156769646,0.9923289638646006
2026-07-10T13:50:00+00:00,0.9963981983063699,0.9927152135034255
2026-07-10T13:55:00+00:00,0.99646279043643,0.9927795668817156
2026-07-10T14:00:00+00:00,0.996172144691229,0.9924899954498407
2026-07-10T14:05:00+00:00,0.996333667959807,0.9926509216802623
2026-07-10T14:10:00+00:00,0.9962044721749067,0.9925222034415008
2026-07-10T14:15:00+00:00,0.996139875853277,0.9924578458871343
2026-07-10T14:20:00+00:00,0.996721355869017,0.9930371765793761
2026-07-10T14:25:00+00:00,0.9965599424575322,0.9928763597999832
2026-07-10T14:30:00+00:00,0.9968505830502584,0.9931659260984284
2026-07-10T14:35:00+00:00,0.9949783854936868,0.9913006487421949
2026-07-10T14:40:00+00:00,0.9949783854936868,0.9918806582233209
2026-07-10T14:45:00+00:00,0.9949783854936868,0.9924603109641317
2026-07-10T14:50:00+00:00,0.9949783854936868,0.993361591367087
2026-07-10T14:55:00+00:00,0.9949783854936868,0.9926540855132039
2026-07-10T15:00:00+00:00,0.9949783854936868,0.991656540237954
2026-07-10T15:05:00+00:00,0.9949783854936868,0.9921081581337192
2026-07-10T15:10:00+00:00,0.9949783854936868,0.9923650748072591
2026-07-10T15:15:00+00:00,0.9949783854936868,0.9921719617516976
2026-07-10T15:20:00+00:00,0.9949783854936868,0.9924295109225298
2026-07-10T15:25:00+00:00,0.9949783854936868,0.9932340972200155
2026-07-10T15:30:00+00:00,0.9949783854936868,0.9927188759625939
2026-07-10T15:35:00+00:00,0.9949783854936868,0.9928803974280422
2026-07-10T15:40:00+00:00,0.9949783854936868,0.9932342747748246
2026-07-10T15:45:00+00:00,0.9949783854936868,0.9932342747748246
2026-07-10T15:50:00+00:00,0.9949783854936868,0.9936845169664724
2026-07-10T15:55:00+00:00,0.9949783854936868,0.9937488081489882
2026-07-10T16:00:00+00:00,0.9949783854936868,0.9940702547036201
2026-07-10T16:05:00+00:00,0.9949783854936868,0.993878093544248
2026-07-10T16:10:00+00:00,0.9949783854936868,0.9939410866827922
2026-07-10T16:15:00+00:00,0.9949783854936868,0.9937489004605625
2026-07-10T16:20:00+00:00,0.9949783854936868,0.993781046054403
2026-07-10T16:25:00+00:00,0.9949783854936868,0.9938131885295325
2026-07-10T16:30:00+00:00,0.9949783854936868,0.9941988857566463
2026-07-10T16:35:00+00:00,0.9949783854936868,0.9941282106121765
2026-07-10T16:40:00+00:00,0.9949783854936868,0.994038241900682
2026-07-10T16:45:00+00:00,0.9949783854936868,0.993620474906832
2026-07-10T16:50:00+00:00,0.9949783854936868,0.9933954411510294
2026-07-10T16:55:00+00:00,0.9949783854936868,0.9932346725782171
2026-07-10T17:00:00+00:00,0.9949783854936868,0.993073871731083
2026-07-10T17:05:00+00:00,0.9949783854936868,0.9929117540181184
2026-07-10T17:10:00+00:00,0.9949783854936868,0.9930739186811594
2026-07-10T17:15:00+00:00,0.9949783854936868,0.9929130876165655
2026-07-10T17:20:00+00:00,0.9949783854936868,0.9930417668498944
2026-07-10T17:25:00+00:00,0.9949783854936868,0.9932347601700359
2026-07-10T17:30:00+00:00,0.9949783854936868,0.9931061153151585
2026-07-10T17:35:00+00:00,0.9949783854936868,0.9931697996845495
2026-07-10T17:40:00+00:00,0.9949783854936868,0.9929768190598502
2026-07-10T17:45:00+00:00,0.9949783854936868,0.9930405127033802
2026-07-10T17:50:00+00:00,0.9949783854936868,0.9929774677151242
2026-07-10T17:55:00+00:00,0.9949783854936868,0.9929453013558184
2026-07-10T18:00:00+00:00,0.9949783854936868,0.9925920797071147
2026-07-10T18:05:00+00:00,0.9949783854936868,0.9928488769375823
2026-07-10T18:10:00+00:00,0.9949783854936868,0.9929132379368665
2026-07-10T18:15:00+00:00,0.9949783854936868,0.9930419161472749
2026-07-10T18:20:00+00:00,0.9949783854936868,0.9928810986003358
2026-07-10T18:25:00+00:00,0.9949783854936868,0.9928810996428389
2026-07-10T18:30:00+00:00,0.9949783854936868,0.9929132712810879
2026-07-10T18:35:00+00:00,0.9949783854936868,0.9928811027701449
2026-07-10T18:40:00+00:00,0.9949783854936868,0.9925272272567034
2026-07-10T18:45:00+00:00,0.9949783854936868,0.9923984920316535
2026-07-10T18:50:00+00:00,0.9949783854936868,0.9924628749622383
2026-07-10T18:55:00+00:00,0.9949783854936868,0.9926553341602958
2026-07-10T19:00:00+00:00,0.9949783854936868,0.9926559777395368
2026-07-10T19:05:00+00:00,0.9949783854936868,0.9923020093864787
2026-07-10T19:10:00+00:00,0.9949783854936868,0.9926882831972565
2026-07-10T19:15:00+00:00,0.9949783854936868,0.9926882842403679
2026-07-10T19:20:00+00:00,0.9949783854936868,0.9928169927204168
2026-07-10T19:25:00+00:00,0.9949783854936868,0.9927526483860302
2026-07-10T19:30:00+00:00,0.9949783854936868,0.9928170000194253
2026-07-10T19:35:00+00:00,0.9949783854936868,0.9927172611395867
2026-07-10T19:40:00+00:00,0.9949783854936868,0.992817013483157
2026-07-10T19:45:00+00:00,0.9949783854936868,0.9928491869579826
2026-07-10T19:50:00+00:00,0.9949783854936868,0.9931387542627276
2026-07-10T19:55:00+00:00,0.9949783854936868,0.9932030840122162
2026-07-10T20:00:00+00:00,0.9949783854936868,0.9935568471212335
2026-07-10T20:05:00+00:00,0.9949783854936868,0.9936854462471874
2026-07-10T20:10:00+00:00,0.9949783854936868,0.9936854462471874
2026-07-10T20:15:00+00:00,0.9949783854936868,0.9940069024603885
2026-07-10T20:20:00+00:00,0.9949783854936868,0.9940069024603885
2026-07-10T20:25:00+00:00,0.9949783854936868,0.9940069024603885
2026-07-10T20:30:00+00:00,0.9949783854936868,0.9940069024603885
2026-07-10T20:35:00+00:00,0.9949783854936868,0.9938140910865761
2026-07-10T20:40:00+00:00,0.9949783854936868,0.9938140910865761
2026-07-10T20:45:00+00:00,0.9949783854936868,0.9938783740161418
2026-07-10T20:50:00+00:00,0.9949783854936868,0.9938783740161418
2026-07-10T20:55:00+00:00,0.9949783854936868,0.9946497192811913
2026-07-10T21:00:00+00:00,0.9949783854936868,0.9946497192811913
2026-07-10T21:05:00+00:00,0.9949783854936868,0.9945854903183033
2026-07-10T21:10:00+00:00,0.9949783854936868,0.9945854903183033
2026-07-10T21:15:00+00:00,0.9949783854936868,0.9945854903183033
2026-07-10T21:20:00+00:00,0.9949783854936868,0.9945854903183033
2026-07-10T21:25:00+00:00,0.9949783854936868,0.9945854903183033
2026-07-10T21:30:00+00:00,0.9949783854936868,0.9945854903183033
2026-07-10T21:35:00+00:00,0.9949783854936868,0.9945854903183033
2026-07-10T21:40:00+00:00,0.9949783854936868,0.9944570240963558
2026-07-10T21:45:00+00:00,0.9949783854936868,0.9944570240963558
2026-07-10T21:50:00+00:00,0.9949783854936868,0.9944570240963558
2026-07-10T21:55:00+00:00,0.9949783854936868,0.9944570240963558
2026-07-10T22:00:00+00:00,0.9949783854936868,0.9944570240963558
2026-07-10T22:05:00+00:00,0.9949783854936868,0.996665001352053
2026-07-10T22:10:00+00:00,0.9949783854936868,0.996665001352053
2026-07-10T22:15:00+00:00,0.9949783854936868,0.996665001352053
2026-07-10T22:20:00+00:00,0.9949783854936868,0.996665001352053
2026-07-10T22:25:00+00:00,0.9949783854936868,0.996665001352053
2026-07-10T22:30:00+00:00,0.9949783854936868,0.996665001352053
2026-07-10T22:35:00+00:00,0.9949783854936868,0.996665001352053
2026-07-10T22:40:00+00:00,0.9949783854936868,0.996665001352053
2026-07-10T22:45:00+00:00,0.9949783854936868,0.996665001352053
2026-07-10T22:50:00+00:00,0.9949783854936868,0.9960900296783273
2026-07-10T22:55:00+00:00,0.9949783854936868,0.9960900296783273
2026-07-10T23:00:00+00:00,0.9949783854936868,0.9960900296783273
2026-07-10T23:05:00+00:00,0.9949783854936868,0.9960900296783273
2026-07-10T23:10:00+00:00,0.9949783854936868,0.9960900296783273
2026-07-10T23:15:00+00:00,0.9949783854936868,0.9960900296783273
2026-07-10T23:20:00+00:00,0.9949783854936868,0.9934495329542785
2026-07-10T23:25:00+00:00,0.9949783854936868,0.9934495329542785
2026-07-10T23:30:00+00:00,0.9949783854936868,0.9934495329542785
2026-07-10T23:35:00+00:00,0.9949783854936868,0.9934495329542785
2026-07-10T23:40:00+00:00,0.9949783854936868,0.9934495329542785
2026-07-10T23:45:00+00:00,0.9949783854936868,0.9934495329542785
2026-07-10T23:50:00+00:00,0.9949783854936868,0.9934495329542785
2026-07-10T23:55:00+00:00,0.9949783854936868,0.9934495329542785
2026-07-11T00:00:00+00:00,0.9949783854936868,0.9934495329542785
2026-07-13T08:05:00+00:00,0.9949783854936868,0.9885479581915989
2026-07-13T08:10:00+00:00,0.9949783854936868,0.9891942369299564
2026-07-13T08:15:00+00:00,0.9949783854936868,0.9891942369299564
2026-07-13T08:20:00+00:00,0.9949783854936868,0.9891942369299564
2026-07-13T08:25:00+00:00,0.9949783854936868,0.9891942369299564
2026-07-13T08:30:00+00:00,0.9949783854936868,0.9891942369299564
2026-07-13T08:35:00+00:00,0.9949783854936868,0.9891942369299564
2026-07-13T08:40:00+00:00,0.9949783854936868,0.9891942369299564
2026-07-13T08:45:00+00:00,0.9949783854936868,0.9891942369299564
2026-07-13T08:50:00+00:00,0.9949783854936868,0.9891942369299564
2026-07-13T08:55:00+00:00,0.9949783854936868,0.9897755080276562
2026-07-13T09:00:00+00:00,0.9949783854936868,0.9893236736363562
2026-07-13T09:05:00+00:00,0.9949783854936868,0.989452840803668
2026-07-13T09:10:00+00:00,0.9949783854936868,0.989452840803668
2026-07-13T09:15:00+00:00,0.9949783854936868,0.989452840803668
2026-07-13T09:20:00+00:00,0.9949783854936868,0.9892591342960715
2026-07-13T09:25:00+00:00,0.9949783854936868,0.9894528787407045
2026-07-13T09:30:00+00:00,0.9949783854936868,0.9895820164173869
2026-07-13T09:35:00+00:00,0.9949783854936868,0.989130093523668
2026-07-13T09:40:00+00:00,0.9949783854936868,0.989130093523668
2026-07-13T09:45:00+00:00,0.9949783854936868,0.989130093523668
2026-07-13T09:50:00+00:00,0.9949783854936868,0.989130093523668
2026-07-13T09:55:00+00:00,0.9949783854936868,0.989130093523668
2026-07-13T10:00:00+00:00,0.9949783854936868,0.989130093523668
2026-07-13T10:05:00+00:00,0.9949783854936868,0.989130093523668
2026-07-13T10:10:00+00:00,0.9949783854936868,0.988807143904521
2026-07-13T10:15:00+00:00,0.9949783854936868,0.988807143904521
2026-07-13T10:20:00+00:00,0.9949783854936868,0.988807143904521
2026-07-13T10:25:00+00:00,0.9949783854936868,0.988807143904521
2026-07-13T10:30:00+00:00,0.9949783854936868,0.988354866721606
2026-07-13T10:35:00+00:00,0.9949783854936868,0.988354866721606
2026-07-13T10:40:00+00:00,0.9949783854936868,0.988354866721606
2026-07-13T10:45:00+00:00,0.9949783854936868,0.9868681327821295
2026-07-13T10:50:00+00:00,0.9949783854936868,0.9868681327821295
2026-07-13T10:55:00+00:00,0.9949783854936868,0.9868681327821295
2026-07-13T11:00:00+00:00,0.9949783854936868,0.9877744666747396
2026-07-13T11:05:00+00:00,0.9949783854936868,0.9880402964978164
2026-07-13T11:10:00+00:00,0.9949783854936868,0.98829182931301
2026-07-13T11:15:00+00:00,0.9949783854936868,0.98829182931301
2026-07-13T11:20:00+00:00,0.9949783854936868,0.988033249556518
2026-07-13T11:25:00+00:00,0.9949783854936868,0.9875806165233441
2026-07-13T11:30:00+00:00,0.9949783854936868,0.9876453080349726
2026-07-13T11:35:00+00:00,0.9949783854936868,0.9882921807806072
2026-07-13T11:40:00+00:00,0.9949783854936868,0.9882249500200099
2026-07-13T11:45:00+00:00,0.9949783854936868,0.9882249500200099
2026-07-13T11:50:00+00:00,0.9949783854936868,0.9882275359944233
2026-07-13T11:55:00+00:00,0.9949783854936868,0.9881628868032682
2026-07-13T12:00:00+00:00,0.9949783854936868,0.9872829537432452
2026-07-13T12:05:00+00:00,0.9949783854936868,0.9877106940871605
2026-07-13T12:10:00+00:00,0.9949783854936868,0.9877106940871605
2026-07-13T12:15:00+00:00,0.9949783854936868,0.9873872786666997
2026-07-13T12:20:00+00:00,0.9949783854936868,0.9875166872222261
2026-07-13T12:25:00+00:00,0.9949783854936868,0.9875166872222261
2026-07-13T12:30:00+00:00,0.9949783854936868,0.9875166872222261
2026-07-13T12:35:00+00:00,0.9949783854936868,0.9879048620206625
2026-07-13T12:40:00+00:00,0.9949783854936868,0.9878401916316851
2026-07-13T12:45:00+00:00,0.9949783854936868,0.9878401916316851
2026-07-13T12:50:00+00:00,0.9949783854936868,0.9880988901236667
2026-07-13T12:55:00+00:00,0.9949783854936868,0.9882928632077113
2026-07-13T13:00:00+00:00,0.9949783854936868,0.9881635690164073
2026-07-13T13:05:00+00:00,0.9949783854936868,0.9877109947568472
2026-07-13T13:10:00+00:00,0.9949783854936868,0.9879697271719768
2026-07-13T13:15:00+00:00,0.9949783854936868,0.9876664428402295
2026-07-13T13:20:00+00:00,0.9949783854936868,0.9879051342985329
2026-07-13T13:25:00+00:00,0.9949783854936868,0.9878417572998675
2026-07-13T13:30:00+00:00,0.9949783854936868,0.988163836589391
2026-07-13T13:35:00+00:00,0.9949783854936868,0.987452546711384
2026-07-13T13:40:00+00:00,0.9949783854936868,0.9869996800953312
2026-07-13T13:45:00+00:00,0.9949783854936868,0.986999681156684
2026-07-13T13:50:00+00:00,0.9949783854936868,0.9865142078087908
2026-07-13T13:55:00+00:00,0.9949783854936868,0.9866761374461543
2026-07-13T14:00:00+00:00,0.9949783854936868,0.9856399775653576
2026-07-13T14:05:00+00:00,0.9949783854936868,0.9852510626721975
2026-07-13T14:10:00+00:00,0.9949783854936868,0.9848295718266421
2026-07-13T14:15:00+00:00,0.9949783854936868,0.9847647025223915
2026-07-13T14:20:00+00:00,0.9949783854936868,0.9830453587452757
2026-07-13T14:25:00+00:00,0.9949783854936868,0.9829803672334796
2026-07-13T14:30:00+00:00,0.9949783854936868,0.9824603932395467
2026-07-13T14:35:00+00:00,0.9949783854936868,0.981614962635547
2026-07-13T14:40:00+00:00,0.9949783854936868,0.9813871514913608
2026-07-13T14:45:00+00:00,0.9949783854936868,0.981029088997512
2026-07-13T14:50:00+00:00,0.9949783854936868,0.9811593501217928
2026-07-13T14:55:00+00:00,0.9949783854936868,0.9815181166725985
2026-07-13T15:00:00+00:00,0.9949783854936868,0.9822009068085353
2026-07-13T15:05:00+00:00,0.9949783854936868,0.9818431515113534
2026-07-13T15:10:00+00:00,0.9949783854936868,0.9820708861774368
2026-07-13T15:15:00+00:00,0.9949783854936868,0.9821034136975141
2026-07-13T15:20:00+00:00,0.9949783854936868,0.982656317989548
2026-07-13T15:25:00+00:00,0.9949783854936868,0.9823962398933019
2026-07-13T15:30:00+00:00,0.9949783854936868,0.9824294286022286
2026-07-13T15:35:00+00:00,0.9949783854936868,0.9821361285737753
2026-07-13T15:40:00+00:00,0.9949783854936868,0.9822987511256313
2026-07-13T15:45:00+00:00,0.9949783854936868,0.9820093232343177
2026-07-13T15:50:00+00:00,0.9949783854936868,0.9820060702767938
2026-07-13T15:55:00+00:00,0.9949783854936868,0.9820060745865025
2026-07-13T16:00:00+00:00,0.9949783854936868,0.9822663120516109
2026-07-13T16:05:00+00:00,0.9949783854936868,0.9823638730999035
2026-07-13T16:10:00+00:00,0.9949783854936868,0.9822663238924702
2026-07-13T16:15:00+00:00,0.9949783854936868,0.9821037185547843
2026-07-13T16:20:00+00:00,0.9949783854936868,0.9818435069316659
2026-07-13T16:25:00+00:00,0.9949783854936868,0.9816151193478417
2026-07-13T16:30:00+00:00,0.9949783854936868,0.9808347223402573
2026-07-13T16:35:00+00:00,0.9949783854936868,0.979727261527895
2026-07-13T16:40:00+00:00,0.9949783854936868,0.9799554993750295
2026-07-13T16:45:00+00:00,0.9949783854936868,0.9804587936828328
2026-07-13T16:50:00+00:00,0.9949783854936868,0.980190321795745
2026-07-13T16:55:00+00:00,0.9949783854936868,0.9794342542553923
2026-07-13T17:00:00+00:00,0.9949783854936868,0.9795647378409051
2026-07-13T17:05:00+00:00,0.9949783854936868,0.9797603975181023
2026-07-13T17:10:00+00:00,0.9949783854936868,0.9801842691207269
2026-07-13T17:15:00+00:00,0.9949783854936868,0.9801190875430352
2026-07-13T17:20:00+00:00,0.9949783854936868,0.9805427564230788
2026-07-13T17:25:00+00:00,0.9949783854936868,0.9801843839024573
2026-07-13T17:30:00+00:00,0.9949783854936868,0.9802404391338815
2026-07-13T17:35:00+00:00,0.9949783854936868,0.9803799162179357
2026-07-13T17:40:00+00:00,0.9949783854936868,0.9800540615035238
2026-07-13T17:45:00+00:00,0.9949783854936868,0.9800214690842192
2026-07-13T17:50:00+00:00,0.9949783854936868,0.9797932993814455
2026-07-13T17:55:00+00:00,0.9949783854936868,0.9796955004359877
2026-07-13T18:00:00+00:00,0.9949783854936868,0.9794998786770933
2026-07-13T18:05:00+00:00,0.9949783854936868,0.9792389841731428
2026-07-13T18:10:00+00:00,0.9949783854936868,0.9793368493524526
2026-07-13T18:15:00+00:00,0.9949783854936868,0.979630406127358
2026-07-13T18:20:00+00:00,0.9949783854936868,0.9789130398073808
2026-07-13T18:25:00+00:00,0.9949783854936868,0.9797288289554824
2026-07-13T18:30:00+00:00,0.9949783854936868,0.9797940398732776
2026-07-13T18:35:00+00:00,0.9949783854936868,0.9800222628960089
2026-07-13T18:40:00+00:00,0.9949783854936868,0.9803156241800526
2026-07-13T18:45:00+00:00,0.9949783854936868,0.9804459679673391
2026-07-13T18:50:00+00:00,0.9949783854936868,0.9806408006352503
2026-07-13T18:55:00+00:00,0.9949783854936868,0.9808786079599209
2026-07-13T19:00:00+00:00,0.9949783854936868,0.9805112272126703
2026-07-13T19:05:00+00:00,0.9949783854936868,0.9808695817164951
2026-07-13T19:10:00+00:00,0.9949783854936868,0.9804722882673536
2026-07-13T19:15:00+00:00,0.9949783854936868,0.9801529927715696
2026-07-13T19:20:00+00:00,0.9949783854936868,0.9802833550181433
2026-07-13T19:25:00+00:00,0.9949783854936868,0.9803811161399122
2026-07-13T19:30:00+00:00,0.9949783854936868,0.9801530382630186
2026-07-13T19:35:00+00:00,0.9949783854936868,0.9802508102233953
2026-07-13T19:40:00+00:00,0.9949783854936868,0.9797293698792318
2026-07-13T19:45:00+00:00,0.9949783854936868,0.980251027130504
2026-07-13T19:50:00+00:00,0.9949783854936868,0.980022910202648
2026-07-13T19:55:00+00:00,0.9949783854936868,0.9804140469149928
2026-07-13T20:00:00+00:00,0.9949783854936868,0.9805769561842638
2026-07-13T20:05:00+00:00,0.9949783854936868,0.9809613684129339
2026-07-13T20:10:00+00:00,0.9949783854936868,0.9809027522295048
2026-07-13T20:15:00+00:00,0.9949783854936868,0.9803816883504985
2026-07-13T20:20:00+00:00,0.9949783854936868,0.9801210178670233
2026-07-13T20:25:00+00:00,0.9949783854936868,0.9801210178670233
2026-07-13T20:30:00+00:00,0.9949783854936868,0.9803165727389043
2026-07-13T20:35:00+00:00,0.9949783854936868,0.9803165727389043
2026-07-13T20:40:00+00:00,0.9949783854936868,0.9803165727389043
2026-07-13T20:45:00+00:00,0.9949783854936868,0.9803165727389043
2026-07-13T20:50:00+00:00,0.9949783854936868,0.9802005666559714
2026-07-13T20:55:00+00:00,0.9949783854936868,0.9802005666559714
2026-07-13T21:00:00+00:00,0.9949783854936868,0.9805773051524693
2026-07-13T21:05:00+00:00,0.9949783854936868,0.9805773051524693
2026-07-13T21:10:00+00:00,0.9949783854936868,0.9805773051524693
2026-07-13T21:15:00+00:00,0.9949783854936868,0.9805773051524693
2026-07-13T21:20:00+00:00,0.9949783854936868,0.9805773051524693
2026-07-13T21:25:00+00:00,0.9949783854936868,0.9805773051524693
2026-07-13T21:30:00+00:00,0.9949783854936868,0.9805773051524693
2026-07-13T21:35:00+00:00,0.9949783854936868,0.9805773051524693
2026-07-13T21:40:00+00:00,0.9949783854936868,0.9805773051524693
2026-07-13T21:45:00+00:00,0.9949783854936868,0.9822061711078721
2026-07-13T21:50:00+00:00,0.9949783854936868,0.9822061711078721
2026-07-13T21:55:00+00:00,0.9949783854936868,0.9822061711078721
2026-07-13T22:00:00+00:00,0.9949783854936868,0.9809048732601147
2026-07-13T22:05:00+00:00,0.9949783854936868,0.9809048732601147
2026-07-13T22:10:00+00:00,0.9949783854936868,0.9805844182815995
2026-07-13T22:15:00+00:00,0.9949783854936868,0.9805844182815995
2026-07-13T22:20:00+00:00,0.9949783854936868,0.9805844182815995
2026-07-13T22:25:00+00:00,0.9949783854936868,0.9805844182815995
2026-07-13T22:30:00+00:00,0.9949783854936868,0.9805844182815995
2026-07-13T22:35:00+00:00,0.9949783854936868,0.9809701324372115
2026-07-13T22:40:00+00:00,0.9949783854936868,0.9809701324372115
2026-07-13T22:45:00+00:00,0.9949783854936868,0.9813335511956102
2026-07-13T22:50:00+00:00,0.9949783854936868,0.9813335511956102
2026-07-13T22:55:00+00:00,0.9949783854936868,0.9805939618101341
2026-07-13T23:00:00+00:00,0.9949783854936868,0.9805796279653032
2026-07-13T23:05:00+00:00,0.9949783854936868,0.9805796279653032
2026-07-13T23:10:00+00:00,0.9949783854936868,0.9805796279653032
2026-07-13T23:15:00+00:00,0.9949783854936868,0.9805796279653032
2026-07-13T23:20:00+00:00,0.9949783854936868,0.9803841635876357
2026-07-13T23:25:00+00:00,0.9949783854936868,0.9803066139230073
2026-07-13T23:30:00+00:00,0.9949783854936868,0.9803066139230073
2026-07-13T23:35:00+00:00,0.9949783854936868,0.9797975506903147
2026-07-13T23:40:00+00:00,0.9949783854936868,0.9799279643134602
2026-07-13T23:45:00+00:00,0.9949783854936868,0.9799279643134602
2026-07-13T23:50:00+00:00,0.9949783854936868,0.9800583605828299
2026-07-13T23:55:00+00:00,0.9949783854936868,0.9799279816603099
2026-07-14T00:00:00+00:00,0.9949783854936868,0.9799931797961489
2026-07-14T08:05:00+00:00,0.9949783854936868,0.9828603424109619
2026-07-14T08:10:00+00:00,0.9949783854936868,0.9828603424109619
2026-07-14T08:15:00+00:00,0.9949783854936868,0.9828603424109619
2026-07-14T08:20:00+00:00,0.9949783854936868,0.9828603424109619
2026-07-14T08:25:00+00:00,0.9949783854936868,0.9828603424109619
2026-07-14T08:30:00+00:00,0.9949783854936868,0.9828603424109619
2026-07-14T08:35:00+00:00,0.9949783854936868,0.9828603424109619
2026-07-14T08:40:00+00:00,0.9949783854936868,0.9828603424109619
2026-07-14T08:45:00+00:00,0.9949783854936868,0.9828603424109619
2026-07-14T08:50:00+00:00,0.9949783854936868,0.9828603424109619
2026-07-14T08:55:00+00:00,0.9949783854936868,0.9828603424109619
2026-07-14T09:00:00+00:00,0.9949783854936868,0.9828603424109619
2026-07-14T09:05:00+00:00,0.9949783854936868,0.9828603424109619
2026-07-14T09:10:00+00:00,0.9949783854936868,0.9828603424109619
2026-07-14T09:15:00+00:00,0.9949783854936868,0.9828603424109619
2026-07-14T09:20:00+00:00,0.9949783854936868,0.9826653304382613
2026-07-14T09:25:00+00:00,0.9949783854936868,0.9826653304382613
2026-07-14T09:30:00+00:00,0.9949783854936868,0.9826653304382613
2026-07-14T09:35:00+00:00,0.9949783854936868,0.982405262863711
2026-07-14T09:40:00+00:00,0.9949783854936868,0.9822751946440812
2026-07-14T09:45:00+00:00,0.9949783854936868,0.9822751946440812
2026-07-14T09:50:00+00:00,0.9949783854936868,0.9822751946440812
2026-07-14T09:55:00+00:00,0.9949783854936868,0.9830557073136436
2026-07-14T10:00:00+00:00,0.9949783854936868,0.9830557073136436
2026-07-14T10:05:00+00:00,0.9949783854936868,0.9830557073136436
2026-07-14T10:10:00+00:00,0.9949783854936868,0.9830557073136436
2026-07-14T10:15:00+00:00,0.9949783854936868,0.9830557073136436
2026-07-14T10:20:00+00:00,0.9949783854936868,0.9830557073136436
2026-07-14T10:25:00+00:00,0.9949783854936868,0.9830557073136436
2026-07-14T10:30:00+00:00,0.9949783854936868,0.9830557073136436
2026-07-14T10:35:00+00:00,0.9949783854936868,0.9830557073136436
2026-07-14T10:40:00+00:00,0.9949783854936868,0.9830557073136436
2026-07-14T10:45:00+00:00,0.9949783854936868,0.9830557073136436
2026-07-14T10:50:00+00:00,0.9949783854936868,0.9830557073136436
2026-07-14T10:55:00+00:00,0.9949783854936868,0.9828607253528762
2026-07-14T11:00:00+00:00,0.9949783854936868,0.9828607253528762
2026-07-14T11:05:00+00:00,0.9949783854936868,0.9829257293691032
2026-07-14T11:10:00+00:00,0.9949783854936868,0.9829257293691032
2026-07-14T11:15:00+00:00,0.9949783854936868,0.9829257293691032
2026-07-14T11:20:00+00:00,0.9949783854936868,0.9829257293691032
2026-07-14T11:25:00+00:00,0.9949783854936868,0.9835106912813206
2026-07-14T11:30:00+00:00,0.9949783854936868,0.9837055745094476
2026-07-14T11:35:00+00:00,0.9949783854936868,0.9838315740350351
2026-07-14T11:40:00+00:00,0.9949783854936868,0.9838367692264111
2026-07-14T11:45:00+00:00,0.9949783854936868,0.9838354704354253
2026-07-14T11:50:00+00:00,0.9949783854936868,0.984098475957225
2026-07-14T11:55:00+00:00,0.9949783854936868,0.984098475957225
2026-07-14T12:00:00+00:00,0.9949783854936868,0.984289996695581
2026-07-14T12:05:00+00:00,0.9949783854936868,0.984289996695581
2026-07-14T12:10:00+00:00,0.9949783854936868,0.983875873101614
2026-07-14T12:15:00+00:00,0.9949783854936868,0.9837726343968007
2026-07-14T12:20:00+00:00,0.9949783854936868,0.9837726343968007
2026-07-14T12:25:00+00:00,0.9949783854936868,0.9837726343968007
2026-07-14T12:30:00+00:00,0.9949783854936868,0.9840304612973118
2026-07-14T12:35:00+00:00,0.9949783854936868,0.992406017480167
2026-07-14T12:40:00+00:00,0.9949783854936868,0.9910536815055335
2026-07-14T12:45:00+00:00,0.9949783854936868,0.9915694523520103
2026-07-14T12:50:00+00:00,0.9949783854936868,0.9906028847808328
2026-07-14T12:55:00+00:00,0.9949783854936868,0.9893773700776919
2026-07-14T13:00:00+00:00,0.9949783854936868,0.9898294354556648
2026-07-14T13:05:00+00:00,0.9949783854936868,0.9898294354556648
2026-07-14T13:10:00+00:00,0.9949783854936868,0.9898939867427038
2026-07-14T13:15:00+00:00,0.9949783854936868,0.9899559519374921
2026-07-14T13:20:00+00:00,0.9949783854936868,0.9899559519374921
2026-07-14T13:25:00+00:00,0.9949783854936868,0.9906039640380542
2026-07-14T13:30:00+00:00,0.9949783854936868,0.9907329657262998
2026-07-14T13:35:00+00:00,0.9949783854936868,0.990216958947065
2026-07-14T13:40:00+00:00,0.9949783854936868,0.9909912717000536
2026-07-14T13:45:00+00:00,0.9949783854936868,0.9911202230691755
2026-07-14T13:50:00+00:00,0.9949783854936868,0.9905399838462602
2026-07-14T13:55:00+00:00,0.9949783854936868,0.9897659775067617
2026-07-14T14:00:00+00:00,0.9949783854936868,0.9897014219381791
2026-07-14T14:05:00+00:00,0.9949783854936868,0.989507749968605
2026-07-14T14:10:00+00:00,0.9949783854936868,0.990088994468334
2026-07-14T14:15:00+00:00,0.9949783854936868,0.9904761807110757
2026-07-14T14:20:00+00:00,0.9949783854936868,0.9894438896605134
2026-07-14T14:25:00+00:00,0.9949783854936868,0.9899928314840784
2026-07-14T14:30:00+00:00,0.9949783854936868,0.9898314855505967
2026-07-14T14:35:00+00:00,0.9949783854936868,0.9902188235466964
2026-07-14T14:40:00+00:00,0.9949783854936868,0.9901220447808368
2026-07-14T14:45:00+00:00,0.9949783854936868,0.9902188435207944
2026-07-14T14:50:00+00:00,0.9949783854936868,0.9901543204894235
2026-07-14T14:55:00+00:00,0.9949783854936868,0.9904447808708203
2026-07-14T15:00:00+00:00,0.9949783854936868,0.9907995835169865
2026-07-14T15:05:00+00:00,0.9949783854936868,0.9912188294087426
2026-07-14T15:10:00+00:00,0.9949783854936868,0.9921536940452544
2026-07-14T15:15:00+00:00,0.9949783854936868,0.9914452888372511
2026-07-14T15:20:00+00:00,0.9949783854936868,0.9909296873360156
2026-07-14T15:25:00+00:00,0.9949783854936868,0.9912520782369767
2026-07-14T15:30:00+00:00,0.9949783854936868,0.9907363477406185
2026-07-14T15:35:00+00:00,0.9949783854936868,0.9903494053829228
2026-07-14T15:40:00+00:00,0.9949783854936868,0.989704226617201
2026-07-14T15:45:00+00:00,0.9949783854936868,0.9893821133932901
2026-07-14T15:50:00+00:00,0.9949783854936868,0.989187724476125
2026-07-14T15:55:00+00:00,0.9949783854936868,0.9886063475440839
2026-07-14T16:00:00+00:00,0.9949783854936868,0.9884770841618212
2026-07-14T16:05:00+00:00,0.9949783854936868,0.988153908800151
2026-07-14T16:10:00+00:00,0.9949783854936868,0.9878306139606617
2026-07-14T16:15:00+00:00,0.9949783854936868,0.9881216702338308
2026-07-14T16:20:00+00:00,0.9949783854936868,0.9881540040581184
2026-07-14T16:25:00+00:00,0.9949783854936868,0.9878630197400102
2026-07-14T16:30:00+00:00,0.9949783854936868,0.9876042856245497
2026-07-14T16:35:00+00:00,0.9949783854936868,0.9877013294557991
2026-07-14T16:40:00+00:00,0.9949783854936868,0.9877013305149868
2026-07-14T16:45:00+00:00,0.9949783854936868,0.9878630642305393
2026-07-14T16:50:00+00:00,0.9949783854936868,0.9877013696946657
2026-07-14T16:55:00+00:00,0.9949783854936868,0.9877382501871216
2026-07-14T17:00:00+00:00,0.9949783854936868,0.9878630996468383
2026-07-14T17:05:00+00:00,0.9949783854936868,0.9877014051051677
2026-07-14T17:10:00+00:00,0.9949783854936868,0.987669065985516
2026-07-14T17:15:00+00:00,0.9949783854936868,0.9872808959250259
2026-07-14T17:20:00+00:00,0.9949783854936868,0.987313255180874
2026-07-14T17:25:00+00:00,0.9949783854936868,0.9878310043355762
2026-07-14T17:30:00+00:00,0.9949783854936868,0.9880302264082159
2026-07-14T17:35:00+00:00,0.9949783854936868,0.987992719904053
2026-07-14T17:40:00+00:00,0.9949783854936868,0.9879603839506621
2026-07-14T17:45:00+00:00,0.9949783854936868,0.9876370043063945
2026-07-14T17:50:00+00:00,0.9949783854936868,0.9878957946634608
2026-07-14T17:55:00+00:00,0.9949783854936868,0.9880898241607408
2026-07-14T18:00:00+00:00,0.9949783854936868,0.9881544897251491
2026-07-14T18:05:00+00:00,0.9949783854936868,0.9879605004356387
2026-07-14T18:10:00+00:00,0.9949783854936868,0.9877988153576673
2026-07-14T18:15:00+00:00,0.9949783854936868,0.9879223629797833
2026-07-14T18:20:00+00:00,0.9949783854936868,0.9880575331817445
2026-07-14T18:25:00+00:00,0.9949783854936868,0.9874108362432396
2026-07-14T18:30:00+00:00,0.9949783854936868,0.9875726179087263
2026-07-14T18:35:00+00:00,0.9949783854936868,0.9872491110512268
2026-07-14T18:40:00+00:00,0.9949783854936868,0.9868284415406504
2026-07-14T18:45:00+00:00,0.9949783854936868,0.9860190626262488
2026-07-14T18:50:00+00:00,0.9949783854936868,0.9864079193255115
2026-07-14T18:55:00+00:00,0.9949783854936868,0.9867311512349831
2026-07-14T19:00:00+00:00,0.9949783854936868,0.9869908270391118
2026-07-14T19:05:00+00:00,0.9949783854936868,0.9868522939863953
2026-07-14T19:10:00+00:00,0.9949783854936868,0.9870232239992264
2026-07-14T19:15:00+00:00,0.9949783854936868,0.9873469018453597
2026-07-14T19:20:00+00:00,0.9949783854936868,0.9872821864306981
2026-07-14T19:25:00+00:00,0.9949783854936868,0.9868615155548016
2026-07-14T19:30:00+00:00,0.9949783854936868,0.9866996500654376
2026-07-14T19:35:00+00:00,0.9949783854936868,0.9865377537678571
2026-07-14T19:40:00+00:00,0.9949783854936868,0.9866025212149272
2026-07-14T19:45:00+00:00,0.9949783854936868,0.9868291860229774
2026-07-14T19:50:00+00:00,0.9949783854936868,0.9868615601843193
2026-07-14T19:55:00+00:00,0.9949783854936868,0.9872500511828798
2026-07-14T20:00:00+00:00,0.9949783854936868,0.9872500511828798
2026-07-14T20:05:00+00:00,0.9949783854936868,0.9871853304505354
2026-07-14T20:10:00+00:00,0.9949783854936868,0.9871788579529583
2026-07-14T20:15:00+00:00,0.9949783854936868,0.9871788579529583
2026-07-14T20:20:00+00:00,0.9949783854936868,0.9871788579529583
2026-07-14T20:25:00+00:00,0.9949783854936868,0.9870558796926802
2026-07-14T20:30:00+00:00,0.9949783854936868,0.9870558796926802
2026-07-14T20:35:00+00:00,0.9949783854936868,0.9870558796926802
2026-07-14T20:40:00+00:00,0.9949783854936868,0.986554842670853
2026-07-14T20:45:00+00:00,0.9949783854936868,0.986554842670853
2026-07-14T20:50:00+00:00,0.9949783854936868,0.986554842670853
2026-07-14T20:55:00+00:00,0.9949783854936868,0.986554842670853
2026-07-14T21:00:00+00:00,0.9949783854936868,0.986554842670853
2026-07-14T21:05:00+00:00,0.9949783854936868,0.986554842670853
2026-07-14T21:10:00+00:00,0.9949783854936868,0.986554842670853
2026-07-14T21:15:00+00:00,0.9949783854936868,0.986554842670853
2026-07-14T21:20:00+00:00,0.9949783854936868,0.9910904307174953
2026-07-14T21:25:00+00:00,0.9949783854936868,0.9910904307174953
2026-07-14T21:30:00+00:00,0.9949783854936868,0.9910904307174953
2026-07-14T21:35:00+00:00,0.9949783854936868,0.9910904307174953
2026-07-14T21:40:00+00:00,0.9949783854936868,0.9910904307174953
2026-07-14T21:45:00+00:00,0.9949783854936868,0.9910904307174953
2026-07-14T21:50:00+00:00,0.9949783854936868,0.9910904307174953
2026-07-14T21:55:00+00:00,0.9949783854936868,0.9910904307174953
2026-07-14T22:00:00+00:00,0.9949783854936868,0.9910904307174953
2026-07-14T22:05:00+00:00,0.9949783854936868,0.9910904307174953
2026-07-14T22:10:00+00:00,0.9949783854936868,0.987332648420228
2026-07-14T22:15:00+00:00,0.9949783854936868,0.987332648420228
2026-07-14T22:20:00+00:00,0.9949783854936868,0.987332648420228
2026-07-14T22:25:00+00:00,0.9949783854936868,0.9866207541404285
2026-07-14T22:30:00+00:00,0.9949783854936868,0.9867502829252702
2026-07-14T22:35:00+00:00,0.9949783854936868,0.9867502829252702
2026-07-14T22:40:00+00:00,0.9949783854936868,0.9867502829252702
2026-07-14T22:45:00+00:00,0.9949783854936868,0.986491259357105
2026-07-14T22:50:00+00:00,0.9949783854936868,0.9866208051561013
2026-07-14T22:55:00+00:00,0.9949783854936868,0.9866208051561013
2026-07-14T23:00:00+00:00,0.9949783854936868,0.9863617348174296
2026-07-14T23:05:00+00:00,0.9949783854936868,0.9863617348174296
2026-07-14T23:10:00+00:00,0.9949783854936868,0.9865560790447022
2026-07-14T23:15:00+00:00,0.9949783854936868,0.9865560790447022
2026-07-14T23:20:00+00:00,0.9949783854936868,0.9865560790447022
2026-07-14T23:25:00+00:00,0.9949783854936868,0.9865560790447022
2026-07-14T23:30:00+00:00,0.9949783854936868,0.9865560790447022
2026-07-14T23:35:00+00:00,0.9949783854936868,0.9865560790447022
2026-07-14T23:40:00+00:00,0.9949783854936868,0.9865560790447022
2026-07-14T23:45:00+00:00,0.9949783854936868,0.9865560790447022
2026-07-14T23:50:00+00:00,0.9949783854936868,0.9865560790447022
2026-07-14T23:55:00+00:00,0.9949783854936868,0.9865560790447022
2026-07-15T00:00:00+00:00,0.9949783854936868,0.9865560790447022
2026-07-15T08:05:00+00:00,0.9949783854936868,0.9833204956106423
2026-07-15T08:10:00+00:00,0.9949783854936868,0.9833204956106423
2026-07-15T08:15:00+00:00,0.9949783854936868,0.9833204956106423
2026-07-15T08:20:00+00:00,0.9949783854936868,0.9827356499550451
2026-07-15T08:25:00+00:00,0.9949783854936868,0.9827356499550451
2026-07-15T08:30:00+00:00,0.9949783854936868,0.9827356499550451
2026-07-15T08:35:00+00:00,0.9949783854936868,0.9827356499550451
2026-07-15T08:40:00+00:00,0.9949783854936868,0.9827356499550451
2026-07-15T08:45:00+00:00,0.9949783854936868,0.9827356499550451
2026-07-15T08:50:00+00:00,0.9949783854936868,0.9839060377874649
2026-07-15T08:55:00+00:00,0.9949783854936868,0.9839060377874649
2026-07-15T09:00:00+00:00,0.9949783854936868,0.9839060377874649
2026-07-15T09:05:00+00:00,0.9949783854936868,0.98442554073054
2026-07-15T09:10:00+00:00,0.9949783854936868,0.98442554073054
2026-07-15T09:15:00+00:00,0.9949783854936868,0.98442554073054
2026-07-15T09:20:00+00:00,0.9949783854936868,0.98442554073054
2026-07-15T09:25:00+00:00,0.9949783854936868,0.98442554073054
2026-07-15T09:30:00+00:00,0.9949783854936868,0.98442554073054
2026-07-15T09:35:00+00:00,0.9949783854936868,0.9839062304894817
2026-07-15T09:40:00+00:00,0.9949783854936868,0.9839062304894817
2026-07-15T09:45:00+00:00,0.9949783854936868,0.9839062304894817
2026-07-15T09:50:00+00:00,0.9949783854936868,0.9839062304894817
2026-07-15T09:55:00+00:00,0.9949783854936868,0.9839062304894817
2026-07-15T10:00:00+00:00,0.9949783854936868,0.9839062304894817
2026-07-15T10:05:00+00:00,0.9949783854936868,0.9841686041269453
2026-07-15T10:10:00+00:00,0.9949783854936868,0.9841686041269453
2026-07-15T10:15:00+00:00,0.9949783854936868,0.9841686041269453
2026-07-15T10:20:00+00:00,0.9949783854936868,0.9841686041269453
2026-07-15T10:25:00+00:00,0.9949783854936868,0.9841660070470931
2026-07-15T10:30:00+00:00,0.9949783854936868,0.983971225544181
2026-07-15T10:35:00+00:00,0.9949783854936868,0.983971225544181
2026-07-15T10:40:00+00:00,0.9949783854936868,0.983971225544181
2026-07-15T10:45:00+00:00,0.9949783854936868,0.983971225544181
2026-07-15T10:50:00+00:00,0.9949783854936868,0.983971225544181
2026-07-15T10:55:00+00:00,0.9949783854936868,0.983971225544181
2026-07-15T11:00:00+00:00,0.9949783854936868,0.983971225544181
2026-07-15T11:05:00+00:00,0.9949783854936868,0.983971225544181
2026-07-15T11:10:00+00:00,0.9949783854936868,0.983971225544181
2026-07-15T11:15:00+00:00,0.9949783854936868,0.983971225544181
2026-07-15T11:20:00+00:00,0.9949783854936868,0.983971225544181
2026-07-15T11:25:00+00:00,0.9949783854936868,0.983971225544181
2026-07-15T11:30:00+00:00,0.9949783854936868,0.984095910387967
2026-07-15T11:35:00+00:00,0.9949783854936868,0.984095910387967
2026-07-15T11:40:00+00:00,0.9949783854936868,0.9843608321154581
2026-07-15T11:45:00+00:00,0.9949783854936868,0.9850748896961276
2026-07-15T11:50:00+00:00,0.9949783854936868,0.9851864614602707
2026-07-15T11:55:00+00:00,0.9949783854936868,0.9850749023301308
2026-07-15T12:00:00+00:00,0.9949783854936868,0.9850749023301308
2026-07-15T12:05:00+00:00,0.9949783854936868,0.9850749023301308
2026-07-15T12:10:00+00:00,0.9949783854936868,0.9851345802512517
2026-07-15T12:15:00+00:00,0.9949783854936868,0.9850749059451074
2026-07-15T12:20:00+00:00,0.9949783854936868,0.9852695078625205
2026-07-15T12:25:00+00:00,0.9949783854936868,0.9852695078625205
2026-07-15T12:30:00+00:00,0.9949783854936868,0.9852695078625205
2026-07-15T12:35:00+00:00,0.9949783854936868,0.9863071798033975
2026-07-15T12:40:00+00:00,0.9949783854936868,0.9883793228345581
2026-07-15T12:45:00+00:00,0.9949783854936868,0.9877974668752756
2026-07-15T12:50:00+00:00,0.9949783854936868,0.9880005896025834
2026-07-15T12:55:00+00:00,0.9949783854936868,0.9881208859768749
2026-07-15T13:00:00+00:00,0.9949783854936868,0.9887675619493728
2026-07-15T13:05:00+00:00,0.9949783854936868,0.9890260632727581
2026-07-15T13:10:00+00:00,0.9949783854936868,0.9893491054935816
2026-07-15T13:15:00+00:00,0.9949783854936868,0.9888969940078487
2026-07-15T13:20:00+00:00,0.9949783854936868,0.9881862081391812
2026-07-15T13:25:00+00:00,0.9949783854936868,0.9879922179137907
2026-07-15T13:30:00+00:00,0.9949783854936868,0.9873454568389585
2026-07-15T13:35:00+00:00,0.9949783854936868,0.987798562727554
2026-07-15T13:40:00+00:00,0.9949783854936868,0.9879926716172767
2026-07-15T13:45:00+00:00,0.9949783854936868,0.9879603462535311
2026-07-15T13:50:00+00:00,0.9949783854936868,0.9873458837749314
2026-07-15T13:55:00+00:00,0.9949783854936868,0.9876047504690252
2026-07-15T14:00:00+00:00,0.9949783854936868,0.987928299651196
2026-07-15T14:05:00+00:00,0.9949783854936868,0.9881870085148098
2026-07-15T14:10:00+00:00,0.9949783854936868,0.9881870085148098
2026-07-15T14:15:00+00:00,0.9949783854936868,0.9882665445716398
2026-07-15T14:20:00+00:00,0.9949783854936868,0.9880577023986697
2026-07-15T14:25:00+00:00,0.9949783854936868,0.9874110296845773
2026-07-15T14:30:00+00:00,0.9949783854936868,0.9875404540752926
2026-07-15T14:35:00+00:00,0.9949783854936868,0.988058084857734
2026-07-15T14:40:00+00:00,0.9949783854936868,0.9880580890070465
2026-07-15T14:45:00+00:00,0.9949783854936868,0.9874113313807965
2026-07-15T14:50:00+00:00,0.9949783854936868,0.9877348860952735
2026-07-15T14:55:00+00:00,0.9949783854936868,0.9872496875332014
2026-07-15T15:00:00+00:00,0.9949783854936868,0.987814703563745
2026-07-15T15:05:00+00:00,0.9949783854936868,0.9877028015696058
2026-07-15T15:10:00+00:00,0.9949783854936868,0.9872499505170357
2026-07-15T15:15:00+00:00,0.9949783854936868,0.9858582363580397
2026-07-15T15:20:00+00:00,0.9949783854936868,0.9860850939403706
2026-07-15T15:25:00+00:00,0.9949783854936868,0.9858906839851183
2026-07-15T15:30:00+00:00,0.9949783854936868,0.9865064008908162
2026-07-15T15:35:00+00:00,0.9949783854936868,0.9863444725357429
2026-07-15T15:40:00+00:00,0.9949783854936868,0.9863768669281421
2026-07-15T15:45:00+00:00,0.9949783854936868,0.9865712045656762
2026-07-15T15:50:00+00:00,0.9949783854936868,0.9866035893872547
2026-07-15T15:55:00+00:00,0.9949783854936868,0.9866359859037332
2026-07-15T16:00:00+00:00,0.9949783854936868,0.986214998099
2026-07-15T16:05:00+00:00,0.9949783854936868,0.985793858178701
2026-07-15T16:10:00+00:00,0.9949783854936868,0.9856642135390168
2026-07-15T16:15:00+00:00,0.9949783854936868,0.985177966298341
2026-07-15T16:20:00+00:00,0.9949783854936868,0.9845617331727489
2026-07-15T16:25:00+00:00,0.9949783854936868,0.9848213236403528
2026-07-15T16:30:00+00:00,0.9949783854936868,0.9847565061506103
2026-07-15T16:35:00+00:00,0.9949783854936868,0.9843022826699135
2026-07-15T16:40:00+00:00,0.9949783854936868,0.9841724403342764
2026-07-15T16:45:00+00:00,0.9949783854936868,0.9839776522021171
2026-07-15T16:50:00+00:00,0.9949783854936868,0.9848867627496645
2026-07-15T16:55:00+00:00,0.9949783854936868,0.9846921125476585
2026-07-15T17:00:00+00:00,0.9949783854936868,0.9846272277254909
2026-07-15T17:05:00+00:00,0.9949783854936868,0.9851788577963891
2026-07-15T17:10:00+00:00,0.9949783854936868,0.9849842641733575
2026-07-15T17:15:00+00:00,0.9949783854936868,0.9849518291694934
2026-07-15T17:20:00+00:00,0.9949783854936868,0.9848545254216606
2026-07-15T17:25:00+00:00,0.9949783854936868,0.9850816041919085
2026-07-15T17:30:00+00:00,0.9949783854936868,0.9863140306834048
2026-07-15T17:35:00+00:00,0.9949783854936868,0.9871238655089134
2026-07-15T17:40:00+00:00,0.9949783854936868,0.9874799134775717
2026-07-15T17:45:00+00:00,0.9949783854936868,0.988062288590307
2026-07-15T17:50:00+00:00,0.9949783854936868,0.9884503695850047
2026-07-15T17:55:00+00:00,0.9949783854936868,0.9881271353241855
2026-07-15T18:00:00+00:00,0.9949783854936868,0.9880948034370274
2026-07-15T18:05:00+00:00,0.9949783854936868,0.988709190766331
2026-07-15T18:10:00+00:00,0.9949783854936868,0.988709190766331
2026-07-15T18:15:00+00:00,0.9949783854936868,0.9888061462756909
2026-07-15T18:20:00+00:00,0.9949783854936868,0.9889677053480188
2026-07-15T18:25:00+00:00,0.9949783854936868,0.9891298841628903
2026-07-15T18:30:00+00:00,0.9949783854936868,0.9896137296003049
2026-07-15T18:35:00+00:00,0.9949783854936868,0.9893554459699774
2026-07-15T18:40:00+00:00,0.9949783854936868,0.9891939828716879
2026-07-15T18:45:00+00:00,0.9949783854936868,0.9887740621852806
2026-07-15T18:50:00+00:00,0.9949783854936868,0.9883862960345906
2026-07-15T18:55:00+00:00,0.9949783854936868,0.9882246640097716
2026-07-15T19:00:00+00:00,0.9949783854936868,0.9876750586518248
2026-07-15T19:05:00+00:00,0.9949783854936868,0.9879015005950503
2026-07-15T19:10:00+00:00,0.9949783854936868,0.9877721316749611
2026-07-15T19:15:00+00:00,0.9949783854936868,0.9878368220022237
2026-07-15T19:20:00+00:00,0.9949783854936868,0.9874804405708901
2026-07-15T19:25:00+00:00,0.9949783854936868,0.9870927911068202
2026-07-15T19:30:00+00:00,0.9949783854936868,0.9873517346511821
2026-07-15T19:35:00+00:00,0.9949783854936868,0.9865103093210736
2026-07-15T19:40:00+00:00,0.9949783854936868,0.98657508347139
2026-07-15T19:45:00+00:00,0.9949783854936868,0.9867370039639737
2026-07-15T19:50:00+00:00,0.9949783854936868,0.9868050099118699
2026-07-15T19:55:00+00:00,0.9949783854936868,0.9869636531395003
2026-07-15T20:00:00+00:00,0.9949783854936868,0.987352119547191
2026-07-15T20:05:00+00:00,0.9949783854936868,0.9874168384852842
2026-07-15T20:10:00+00:00,0.9949783854936868,0.987222694395924
2026-07-15T20:15:00+00:00,0.9949783854936868,0.987222694395924
2026-07-15T20:20:00+00:00,0.9949783854936868,0.9875379169583228
2026-07-15T20:25:00+00:00,0.9949783854936868,0.9878051559230173
2026-07-15T20:30:00+00:00,0.9949783854936868,0.9878051559230173
2026-07-15T20:35:00+00:00,0.9949783854936868,0.9878051559230173
2026-07-15T20:40:00+00:00,0.9949783854936868,0.9878051559230173
2026-07-15T20:45:00+00:00,0.9949783854936868,0.9878051559230173
2026-07-15T20:50:00+00:00,0.9949783854936868,0.9880639130038094
2026-07-15T20:55:00+00:00,0.9949783854936868,0.9880639130038094
2026-07-15T21:00:00+00:00,0.9949783854936868,0.9880639130038094
2026-07-15T21:05:00+00:00,0.9949783854936868,0.9880639130038094
2026-07-15T21:10:00+00:00,0.9949783854936868,0.9880639130038094
2026-07-15T21:15:00+00:00,0.9949783854936868,0.9911216209372312
2026-07-15T21:20:00+00:00,0.9949783854936868,0.9911216209372312
2026-07-15T21:25:00+00:00,0.9949783854936868,0.9911216209372312
2026-07-15T21:30:00+00:00,0.9949783854936868,0.9911216209372312
2026-07-15T21:35:00+00:00,0.9949783854936868,0.9887825250151725
2026-07-15T21:40:00+00:00,0.9949783854936868,0.9887825250151725
2026-07-15T21:45:00+00:00,0.9949783854936868,0.9904802581479928
2026-07-15T21:50:00+00:00,0.9949783854936868,0.9904802581479928
2026-07-15T21:55:00+00:00,0.9949783854936868,0.9831725619074735
2026-07-15T22:00:00+00:00,0.9949783854936868,0.9903640343555392
2026-07-15T22:05:00+00:00,0.9949783854936868,0.9903640343555392
2026-07-15T22:10:00+00:00,0.9949783854936868,0.9903640343555392
2026-07-15T22:15:00+00:00,0.9949783854936868,0.9903640343555392
2026-07-15T22:20:00+00:00,0.9949783854936868,0.9903640343555392
2026-07-15T22:25:00+00:00,0.9949783854936868,0.9880641757366547
2026-07-15T22:30:00+00:00,0.9949783854936868,0.9880641757366547
2026-07-15T22:35:00+00:00,0.9949783854936868,0.9880641757366547
2026-07-15T22:40:00+00:00,0.9949783854936868,0.9880641757366547
2026-07-15T22:45:00+00:00,0.9949783854936868,0.9876760527063774
2026-07-15T22:50:00+00:00,0.9949783854936868,0.9876760527063774
2026-07-15T22:55:00+00:00,0.9949783854936868,0.9876760527063774
2026-07-15T23:00:00+00:00,0.9949783854936868,0.9876760527063774
2026-07-15T23:05:00+00:00,0.9949783854936868,0.9876760527063774
2026-07-15T23:10:00+00:00,0.9949783854936868,0.9876760527063774
2026-07-15T23:15:00+00:00,0.9949783854936868,0.9876760527063774
2026-07-15T23:20:00+00:00,0.9949783854936868,0.9876760908436507
2026-07-15T23:25:00+00:00,0.9949783854936868,0.9876760908436507
2026-07-15T23:30:00+00:00,0.9949783854936868,0.9876760908436507
2026-07-15T23:35:00+00:00,0.9949783854936868,0.9876760908436507
2026-07-15T23:40:00+00:00,0.9949783854936868,0.9879349158150458
2026-07-15T23:45:00+00:00,0.9949783854936868,0.9879349158150458
2026-07-15T23:50:00+00:00,0.9949783854936868,0.9879349158150458
2026-07-15T23:55:00+00:00,0.9949783854936868,0.9879349158150458
2026-07-16T00:00:00+00:00,0.9949783854936868,0.9879349158150458
2026-07-16T08:05:00+00:00,0.9949783854936868,0.9841812405941869
2026-07-16T08:10:00+00:00,0.9949783854936868,0.9840513671129789
2026-07-16T08:15:00+00:00,0.9949783854936868,0.9840513671129789
2026-07-16T08:20:00+00:00,0.9949783854936868,0.98392147648902
2026-07-16T08:25:00+00:00,0.9949783854936868,0.98392147648902
2026-07-16T08:30:00+00:00,0.9949783854936868,0.98392147648902
2026-07-16T08:35:00+00:00,0.9949783854936868,0.98392147648902
2026-07-16T08:40:00+00:00,0.9949783854936868,0.98392147648902
2026-07-16T08:45:00+00:00,0.9949783854936868,0.98392147648902
2026-07-16T08:50:00+00:00,0.9949783854936868,0.98392147648902
2026-07-16T08:55:00+00:00,0.9949783854936868,0.98392147648902
2026-07-16T09:00:00+00:00,0.9949783854936868,0.98392147648902
2026-07-16T09:05:00+00:00,0.9949783854936868,0.98392147648902
2026-07-16T09:10:00+00:00,0.9949783854936868,0.9847658770167699
2026-07-16T09:15:00+00:00,0.9949783854936868,0.9847658770167699
2026-07-16T09:20:00+00:00,0.9949783854936868,0.9847658770167699
2026-07-16T09:25:00+00:00,0.9949783854936868,0.9845062840611835
2026-07-16T09:30:00+00:00,0.9949783854936868,0.9842466226385114
2026-07-16T09:35:00+00:00,0.9949783854936868,0.9843115551245015
2026-07-16T09:40:00+00:00,0.9949783854936868,0.9843115551245015
2026-07-16T09:45:00+00:00,0.9949783854936868,0.9845063397330356
2026-07-16T09:50:00+00:00,0.9949783854936868,0.9845063397330356
2026-07-16T09:55:00+00:00,0.9949783854936868,0.9845063397330356
2026-07-16T10:00:00+00:00,0.9949783854936868,0.9845063397330356
2026-07-16T10:05:00+00:00,0.9949783854936868,0.9845063397330356
2026-07-16T10:10:00+00:00,0.9949783854936868,0.9842466782956802
2026-07-16T10:15:00+00:00,0.9949783854936868,0.9841168133163563
2026-07-16T10:20:00+00:00,0.9949783854936868,0.9841168133163563
2026-07-16T10:25:00+00:00,0.9949783854936868,0.9841168133163563
2026-07-16T10:30:00+00:00,0.9949783854936868,0.9841168133163563
2026-07-16T10:35:00+00:00,0.9949783854936868,0.9841168133163563
2026-07-16T10:40:00+00:00,0.9949783854936868,0.9841168133163563
2026-07-16T10:45:00+00:00,0.9949783854936868,0.9841168133163563
2026-07-16T10:50:00+00:00,0.9949783854936868,0.9841168133163563
2026-07-16T10:55:00+00:00,0.9949783854936868,0.9841168133163563
2026-07-16T11:00:00+00:00,0.9949783854936868,0.9840518722570112
2026-07-16T11:05:00+00:00,0.9949783854936868,0.9840518722570112
2026-07-16T11:10:00+00:00,0.9949783854936868,0.9839219815663753
2026-07-16T11:15:00+00:00,0.9949783854936868,0.9839219815663753
2026-07-16T11:20:00+00:00,0.9949783854936868,0.983662165886004
2026-07-16T11:25:00+00:00,0.9949783854936868,0.983662165886004
2026-07-16T11:30:00+00:00,0.9949783854936868,0.983662165886004
2026-07-16T11:35:00+00:00,0.9949783854936868,0.983662165886004
2026-07-16T11:40:00+00:00,0.9949783854936868,0.983857079128914
2026-07-16T11:45:00+00:00,0.9949783854936868,0.983857079128914
2026-07-16T11:50:00+00:00,0.9949783854936868,0.984246828400984
2026-07-16T11:55:00+00:00,0.9949783854936868,0.984246828400984
2026-07-16T12:00:00+00:00,0.9949783854936868,0.984246828400984
2026-07-16T12:05:00+00:00,0.9949783854936868,0.984246828400984
2026-07-16T12:10:00+00:00,0.9949783854936868,0.9847013558979365
2026-07-16T12:15:00+00:00,0.9949783854936868,0.9842970130659273
2026-07-16T12:20:00+00:00,0.9949783854936868,0.9837275838613084
2026-07-16T12:25:00+00:00,0.9949783854936868,0.983402775502448
2026-07-16T12:30:00+00:00,0.9949783854936868,0.9835327520786445
2026-07-16T12:35:00+00:00,0.9949783854936868,0.9831428738735394
2026-07-16T12:40:00+00:00,0.9949783854936868,0.9823628081180195
2026-07-16T12:45:00+00:00,0.9949783854936868,0.9805412082089265
2026-07-16T12:50:00+00:00,0.9949783854936868,0.980606412418023
2026-07-16T12:55:00+00:00,0.9949783854936868,0.9798894995816149
2026-07-16T13:00:00+00:00,0.9949783854936868,0.9795633915213173
2026-07-16T13:05:00+00:00,0.9949783854936868,0.9775408482192552
2026-07-16T13:10:00+00:00,0.9949783854936868,0.9785213087581826
2026-07-16T13:15:00+00:00,0.9949783854936868,0.9793703794439292
2026-07-16T13:20:00+00:00,0.9949783854936868,0.9796314056644633
2026-07-16T13:25:00+00:00,0.9949783854936868,0.9802837973837392
2026-07-16T13:30:00+00:00,0.9949783854936868,0.9802837973837392
2026-07-16T13:35:00+00:00,0.9949783854936868,0.9796329824252373
2026-07-16T13:40:00+00:00,0.9949783854936868,0.9784273605875164
2026-07-16T13:45:00+00:00,0.9949783854936868,0.9788179733006613
2026-07-16T13:50:00+00:00,0.9949783854936868,0.9794382439259879
2026-07-16T13:55:00+00:00,0.9949783854936868,0.9797318644286367
2026-07-16T14:00:00+00:00,0.9949783854936868,0.9792425791103083
2026-07-16T14:05:00+00:00,0.9949783854936868,0.9800257915126996
2026-07-16T14:10:00+00:00,0.9949783854936868,0.9796018810544989
2026-07-16T14:15:00+00:00,0.9949783854936868,0.9790146723344572
2026-07-16T14:20:00+00:00,0.9949783854936868,0.9798306549807256
2026-07-16T14:25:00+00:00,0.9949783854936868,0.9794719229253214
2026-07-16T14:30:00+00:00,0.9949783854936868,0.9802875796564938
2026-07-16T14:35:00+00:00,0.9949783854936868,0.980744111322351
2026-07-16T14:40:00+00:00,0.9949783854936868,0.9802879371973061
2026-07-16T14:45:00+00:00,0.9949783854936868,0.9809072629029845
2026-07-16T14:50:00+00:00,0.9949783854936868,0.9802883625937421
2026-07-16T14:55:00+00:00,0.9949783854936868,0.9797994287931024
2026-07-16T15:00:00+00:00,0.9949783854936868,0.9800929576812969
2026-07-16T15:05:00+00:00,0.9949783854936868,0.979603947898511
2026-07-16T15:10:00+00:00,0.9949783854936868,0.9798323264018804
2026-07-16T15:15:00+00:00,0.9949783854936868,0.9794409381496398
2026-07-16T15:20:00+00:00,0.9949783854936868,0.980223921066046
2026-07-16T15:25:00+00:00,0.9949783854936868,0.9813975295919996
2026-07-16T15:30:00+00:00,0.9949783854936868,0.9817883137958905
2026-07-16T15:35:00+00:00,0.9949783854936868,0.9821139008872162
2026-07-16T15:40:00+00:00,0.9949783854936868,0.9821464384535059
2026-07-16T15:45:00+00:00,0.9949783854936868,0.9816908844899833
2026-07-16T15:50:00+00:00,0.9949783854936868,0.9817559909105096
2026-07-16T15:55:00+00:00,0.9949783854936868,0.9814955878938522
2026-07-16T16:00:00+00:00,0.9949783854936868,0.9812676749210982
2026-07-16T16:05:00+00:00,0.9949783854936868,0.9802906745655393
2026-07-16T16:10:00+00:00,0.9949783854936868,0.9801928802045491
2026-07-16T16:15:00+00:00,0.9949783854936868,0.9791822051100039
2026-07-16T16:20:00+00:00,0.9949783854936868,0.9788231999185116
2026-07-16T16:25:00+00:00,0.9949783854936868,0.97875790477356
2026-07-16T16:30:00+00:00,0.9949783854936868,0.978855856749004
2026-07-16T16:35:00+00:00,0.9949783854936868,0.9790517498101439
2026-07-16T16:40:00+00:00,0.9949783854936868,0.9792802256818826
2026-07-16T16:45:00+00:00,0.9949783854936868,0.9794433846665014
2026-07-16T16:50:00+00:00,0.9949783854936868,0.9794427321418714
2026-07-16T16:55:00+00:00,0.9949783854936868,0.979704405325156
2026-07-16T17:00:00+00:00,0.9949783854936868,0.9794108701621953
2026-07-16T17:05:00+00:00,0.9949783854936868,0.9793129856305897
2026-07-16T17:10:00+00:00,0.9949783854936868,0.9788561415006956
2026-07-16T17:15:00+00:00,0.9949783854936868,0.9786602734263025
2026-07-16T17:20:00+00:00,0.9949783854936868,0.9788888604320798
2026-07-16T17:25:00+00:00,0.9949783854936868,0.9786610079756939
2026-07-16T17:30:00+00:00,0.9949783854936868,0.9788562610934106
2026-07-16T17:35:00+00:00,0.9949783854936868,0.9784644976775034
2026-07-16T17:40:00+00:00,0.9949783854936868,0.9782032179486257
2026-07-16T17:45:00+00:00,0.9949783854936868,0.9780725469336714
2026-07-16T17:50:00+00:00,0.9949783854936868,0.9784972713815236
2026-07-16T17:55:00+00:00,0.9949783854936868,0.9786932190361626
2026-07-16T18:00:00+00:00,0.9949783854936868,0.9784973106050484
2026-07-16T18:05:00+00:00,0.9949783854936868,0.9785952844362952
2026-07-16T18:10:00+00:00,0.9949783854936868,0.9787912201111684
2026-07-16T18:15:00+00:00,0.9949783854936868,0.9785946783117998
2026-07-16T18:20:00+00:00,0.9949783854936868,0.9788565905663719
2026-07-16T18:25:00+00:00,0.9949783854936868,0.9787913072168571
2026-07-16T18:30:00+00:00,0.9949783854936868,0.9786933606115652
2026-07-16T18:35:00+00:00,0.9949783854936868,0.9777790917203921
2026-07-16T18:40:00+00:00,0.9949783854936868,0.9777163413384974
2026-07-16T18:45:00+00:00,0.9949783854936868,0.9782693769550598
2026-07-16T18:50:00+00:00,0.9949783854936868,0.9782367113554552
2026-07-16T18:55:00+00:00,0.9949783854936868,0.9780407112129276
2026-07-16T19:00:00+00:00,0.9949783854936868,0.9779100149855234
2026-07-16T19:05:00+00:00,0.9949783854936868,0.9784981933183303
2026-07-16T19:10:00+00:00,0.9949783854936868,0.9782369393418132
2026-07-16T19:15:00+00:00,0.9949783854936868,0.977942930332092
2026-07-16T19:20:00+00:00,0.9949783854936868,0.9781389894600657
2026-07-16T19:25:00+00:00,0.9949783854936868,0.9780083226607826
2026-07-16T19:30:00+00:00,0.9949783854936868,0.9777469497761835
2026-07-16T19:35:00+00:00,0.9949783854936868,0.9773220850611617
2026-07-16T19:40:00+00:00,0.9949783854936868,0.9772893877682522
2026-07-16T19:45:00+00:00,0.9949783854936868,0.9774201769403289
2026-07-16T19:50:00+00:00,0.9949783854936868,0.9772893965181552
2026-07-16T19:55:00+00:00,0.9949783854936868,0.9780740889007672
2026-07-16T20:00:00+00:00,0.9949783854936868,0.9778127115386878
2026-07-16T20:05:00+00:00,0.9949783854936868,0.9778127159072088
2026-07-16T20:10:00+00:00,0.9949783854936868,0.9775512686569662
2026-07-16T20:15:00+00:00,0.9949783854936868,0.9773551307619709
2026-07-16T20:20:00+00:00,0.9949783854936868,0.9773551307619709
2026-07-16T20:25:00+00:00,0.9949783854936868,0.9768319913904939
2026-07-16T20:30:00+00:00,0.9949783854936868,0.9768319913904939
2026-07-16T20:35:00+00:00,0.9949783854936868,0.9768319913904939
2026-07-16T20:40:00+00:00,0.9949783854936868,0.9774208035179659
2026-07-16T20:45:00+00:00,0.9949783854936868,0.9773253369422945
2026-07-16T20:50:00+00:00,0.9949783854936868,0.9774862072975472
2026-07-16T20:55:00+00:00,0.9949783854936868,0.9772246725263638
2026-07-16T21:00:00+00:00,0.9949783854936868,0.9772246725263638
2026-07-16T21:05:00+00:00,0.9949783854936868,0.9771246086962898
2026-07-16T21:10:00+00:00,0.9949783854936868,0.9771246086962898
2026-07-16T21:15:00+00:00,0.9949783854936868,0.9784674327665742
2026-07-16T21:20:00+00:00,0.9949783854936868,0.9784674327665742
2026-07-16T21:25:00+00:00,0.9949783854936868,0.9784674327665742
2026-07-16T21:30:00+00:00,0.9949783854936868,0.9789899787920837
2026-07-16T21:35:00+00:00,0.9949783854936868,0.9789899787920837
2026-07-16T21:40:00+00:00,0.9949783854936868,0.9768937285774255
2026-07-16T21:45:00+00:00,0.9949783854936868,0.9768937285774255
2026-07-16T21:50:00+00:00,0.9949783854936868,0.9768937285774255
2026-07-16T21:55:00+00:00,0.9949783854936868,0.9768937285774255
2026-07-16T22:00:00+00:00,0.9949783854936868,0.9768937285774255
2026-07-16T22:05:00+00:00,0.9949783854936868,0.9768937285774255
2026-07-16T22:10:00+00:00,0.9949783854936868,0.9778822821349253
2026-07-16T22:15:00+00:00,0.9949783854936868,0.9776208512347422
2026-07-16T22:20:00+00:00,0.9949783854936868,0.9774247256125873
2026-07-16T22:25:00+00:00,0.9949783854936868,0.977555502268409
2026-07-16T22:30:00+00:00,0.9949783854936868,0.9774247431054517
2026-07-16T22:35:00+00:00,0.9949783854936868,0.9776209080926953
2026-07-16T22:40:00+00:00,0.9949783854936868,0.9776209080926953
2026-07-16T22:45:00+00:00,0.9949783854936868,0.9776209080926953
2026-07-16T22:50:00+00:00,0.9949783854936868,0.9776209080926953
2026-07-16T22:55:00+00:00,0.9949783854936868,0.9776209080926953
2026-07-16T23:00:00+00:00,0.9949783854936868,0.9776209080926953
2026-07-16T23:05:00+00:00,0.9949783854936868,0.9778170337262567
2026-07-16T23:10:00+00:00,0.9949783854936868,0.9778170337262567
2026-07-16T23:15:00+00:00,0.9949783854936868,0.9778823958274415
2026-07-16T23:20:00+00:00,0.9949783854936868,0.9778823958274415
2026-07-16T23:25:00+00:00,0.9949783854936868,0.9778823958274415
2026-07-16T23:30:00+00:00,0.9949783854936868,0.9774248916989297
2026-07-16T23:35:00+00:00,0.9949783854936868,0.9778826100720827
2026-07-16T23:40:00+00:00,0.9949783854936868,0.9778826100720827
2026-07-16T23:45:00+00:00,0.9949783854936868,0.9778826100720827
2026-07-16T23:50:00+00:00,0.9949783854936868,0.9778826100720827
2026-07-16T23:55:00+00:00,0.9949783854936868,0.9778826100720827
2026-07-17T00:00:00+00:00,0.9949783854936868,0.9778826100720827
2026-07-17T08:05:00+00:00,0.9949783854936868,0.9804317369570043
2026-07-17T08:10:00+00:00,0.9949783854936868,0.9804317369570043
2026-07-17T08:15:00+00:00,0.9949783854936868,0.9804317369570043
2026-07-17T08:20:00+00:00,0.9949783854936868,0.9797798541531765
2026-07-17T08:25:00+00:00,0.9949783854936868,0.9797798541531765
2026-07-17T08:30:00+00:00,0.9949783854936868,0.9796493907904397
2026-07-17T08:35:00+00:00,0.9949783854936868,0.9793884293118061
2026-07-17T08:40:00+00:00,0.9949783854936868,0.9793884293118061
2026-07-17T08:45:00+00:00,0.9949783854936868,0.9793884293118061
2026-07-17T08:50:00+00:00,0.9949783854936868,0.9802367801634223
2026-07-17T08:55:00+00:00,0.9949783854936868,0.9802367801634223
2026-07-17T09:00:00+00:00,0.9949783854936868,0.9802367801634223
2026-07-17T09:05:00+00:00,0.9949783854936868,0.9802367801634223
2026-07-17T09:10:00+00:00,0.9949783854936868,0.9802367801634223
2026-07-17T09:15:00+00:00,0.9949783854936868,0.9802367801634223
2026-07-17T09:20:00+00:00,0.9949783854936868,0.9802367801634223
2026-07-17T09:25:00+00:00,0.9949783854936868,0.9806279881374133
2026-07-17T09:30:00+00:00,0.9949783854936868,0.9804976374810078
2026-07-17T09:35:00+00:00,0.9949783854936868,0.9804976374810078
2026-07-17T09:40:00+00:00,0.9949783854936868,0.9804976374810078
2026-07-17T09:45:00+00:00,0.9949783854936868,0.9804976374810078
2026-07-17T09:50:00+00:00,0.9949783854936868,0.9804976374810078
2026-07-17T09:55:00+00:00,0.9949783854936868,0.9804976374810078
2026-07-17T10:00:00+00:00,0.9949783854936868,0.9804976374810078
2026-07-17T10:05:00+00:00,0.9949783854936868,0.9804976374810078
2026-07-17T10:10:00+00:00,0.9949783854936868,0.9800413495231322
2026-07-17T10:15:00+00:00,0.9949783854936868,0.9801065638796349
2026-07-17T10:20:00+00:00,0.9949783854936868,0.9799761438445211
2026-07-17T10:25:00+00:00,0.9949783854936868,0.9799761438445211
2026-07-17T10:30:00+00:00,0.9949783854936868,0.9799761438445211
2026-07-17T10:35:00+00:00,0.9949783854936868,0.9799174470170581
2026-07-17T10:40:00+00:00,0.9949783854936868,0.9799174470170581
2026-07-17T10:45:00+00:00,0.9949783854936868,0.9799109247566581
2026-07-17T10:50:00+00:00,0.9949783854936868,0.9799761477947808
2026-07-17T10:55:00+00:00,0.9949783854936868,0.9797152599821017
2026-07-17T11:00:00+00:00,0.9949783854936868,0.9793890796451787
2026-07-17T11:05:00+00:00,0.9949783854936868,0.979644890225683
2026-07-17T11:10:00+00:00,0.9949783854936868,0.979499403319509
2026-07-17T11:15:00+00:00,0.9949783854936868,0.9796501291800267
2026-07-17T11:20:00+00:00,0.9949783854936868,0.9793239270858671
2026-07-17T11:25:00+00:00,0.9949783854936868,0.9796502378705819
2026-07-17T11:30:00+00:00,0.9949783854936868,0.9796502378705819
2026-07-17T11:35:00+00:00,0.9949783854936868,0.9796502378705819
2026-07-17T11:40:00+00:00,0.9949783854936868,0.9796502378705819
2026-07-17T11:45:00+00:00,0.9949783854936868,0.9796502378705819
2026-07-17T11:50:00+00:00,0.9949783854936868,0.9796502378705819
2026-07-17T11:55:00+00:00,0.9949783854936868,0.979911199574863
2026-07-17T12:00:00+00:00,0.9949783854936868,0.9802373148569367
2026-07-17T12:05:00+00:00,0.9949783854936868,0.979324495753039
2026-07-17T12:10:00+00:00,0.9949783854936868,0.9794550157942232
2026-07-17T12:15:00+00:00,0.9949783854936868,0.9793245087967823
2026-07-17T12:20:00+00:00,0.9949783854936868,0.9793245087967823
2026-07-17T12:25:00+00:00,0.9949783854936868,0.9789622838196804
2026-07-17T12:30:00+00:00,0.9949783854936868,0.9789139719209664
2026-07-17T12:35:00+00:00,0.9949783854936868,0.9784758788940526
2026-07-17T12:40:00+00:00,0.9949783854936868,0.9778226907238964
2026-07-17T12:45:00+00:00,0.9949783854936868,0.9768422535339994
2026-07-17T12:50:00+00:00,0.9949783854936868,0.9770385379787819
2026-07-17T12:55:00+00:00,0.9949783854936868,0.9763189729066228
2026-07-17T13:00:00+00:00,0.9949783854936868,0.9762535096524384
2026-07-17T13:05:00+00:00,0.9949783854936868,0.9774319272472443
2026-07-17T13:10:00+00:00,0.9949783854936868,0.9769643972579601
2026-07-17T13:15:00+00:00,0.9949783854936868,0.9768433825317769
2026-07-17T13:20:00+00:00,0.9949783854936868,0.9768433825317769
2026-07-17T13:25:00+00:00,0.9949783854936868,0.9767576715584938
2026-07-17T13:30:00+00:00,0.9949783854936868,0.9764507862591574
2026-07-17T13:35:00+00:00,0.9949783854936868,0.9763198903458157
2026-07-17T13:40:00+00:00,0.9949783854936868,0.9797237589334877
2026-07-17T13:45:00+00:00,0.9949783854936868,0.9786153885336821
2026-07-17T13:50:00+00:00,0.9949783854936868,0.9791698539755859
2026-07-17T13:55:00+00:00,0.9949783854936868,0.9792018402774034
2026-07-17T14:00:00+00:00,0.9949783854936868,0.9801164729027396
2026-07-17T14:05:00+00:00,0.9949783854936868,0.9797904314491745
2026-07-17T14:10:00+00:00,0.9949783854936868,0.98011657600726
2026-07-17T14:15:00+00:00,0.9949783854936868,0.9799861546398605
2026-07-17T14:20:00+00:00,0.9949783854936868,0.980116642212824
2026-07-17T14:25:00+00:00,0.9949783854936868,0.9808664827126262
2026-07-17T14:30:00+00:00,0.9949783854936868,0.9803119637617271
2026-07-17T14:35:00+00:00,0.9949783854936868,0.9798555275486053
2026-07-17T14:40:00+00:00,0.9949783854936868,0.9801822942579657
2026-07-17T14:45:00+00:00,0.9949783854936868,0.9801822970344775
2026-07-17T14:50:00+00:00,0.9949783854936868,0.9799860170673395
2026-07-17T14:55:00+00:00,0.9949783854936868,0.9797584339817946
2026-07-17T15:00:00+00:00,0.9949783854936868,0.9806391010607451
2026-07-17T15:05:00+00:00,0.9949783854936868,0.9820731825113943
2026-07-17T15:10:00+00:00,0.9949783854936868,0.9814873925830301
2026-07-17T15:15:00+00:00,0.9949783854936868,0.9812269345141642
2026-07-17T15:20:00+00:00,0.9949783854936868,0.9812920717243684
2026-07-17T15:25:00+00:00,0.9949783854936868,0.9815200562848317
2026-07-17T15:30:00+00:00,0.9949783854936868,0.9821060978010809
2026-07-17T15:35:00+00:00,0.9949783854936868,0.9818783301784533
2026-07-17T15:40:00+00:00,0.9949783854936868,0.9823991007505425
2026-07-17T15:45:00+00:00,0.9949783854936868,0.9824316305905969
2026-07-17T15:50:00+00:00,0.9949783854936868,0.9824641657481562
2026-07-17T15:55:00+00:00,0.9949783854936868,0.9829845559527565
2026-07-17T16:00:00+00:00,0.9949783854936868,0.9827895100927642
2026-07-17T16:05:00+00:00,0.9949783854936868,0.9825944261574917
2026-07-17T16:10:00+00:00,0.9949783854936868,0.9826594727897013
2026-07-17T16:15:00+00:00,0.9949783854936868,0.9827245151164679
2026-07-17T16:20:00+00:00,0.9949783854936868,0.9831147432495384
2026-07-17T16:25:00+00:00,0.9949783854936868,0.983374813615699
2026-07-17T16:30:00+00:00,0.9949783854936868,0.9827898583399197
2026-07-17T16:35:00+00:00,0.9949783854936868,0.9824646799633119
2026-07-17T16:40:00+00:00,0.9949783854936868,0.9822044654435266
2026-07-17T16:45:00+00:00,0.9949783854936868,0.9825949005033294
2026-07-17T16:50:00+00:00,0.9949783854936868,0.9829201241334901
2026-07-17T16:55:00+00:00,0.9949783854936868,0.9824324527357912
2026-07-17T17:00:00+00:00,0.9949783854936868,0.9823023346176675
2026-07-17T17:05:00+00:00,0.9949783854936868,0.9825625913229998
2026-07-17T17:10:00+00:00,0.9949783854936868,0.9826276432982765
2026-07-17T17:15:00+00:00,0.9949783854936868,0.982107287096093
2026-07-17T17:20:00+00:00,0.9949783854936868,0.9821398265993431
2026-07-17T17:25:00+00:00,0.9949783854936868,0.9822699803001912
2026-07-17T17:30:00+00:00,0.9949783854936868,0.9821398567719867
2026-07-17T17:35:00+00:00,0.9949783854936868,0.9819771646409285
2026-07-17T17:40:00+00:00,0.9949783854936868,0.9820422512023602
2026-07-17T17:45:00+00:00,0.9949783854936868,0.9819446240620183
2026-07-17T17:50:00+00:00,0.9949783854936868,0.9821073636486972
2026-07-17T17:55:00+00:00,0.9949783854936868,0.9817169035937559
2026-07-17T18:00:00+00:00,0.9949783854936868,0.9817820085014815
2026-07-17T18:05:00+00:00,0.9949783854936868,0.9817169111481034
2026-07-17T18:10:00+00:00,0.9949783854936868,0.9819773307810096
2026-07-17T18:15:00+00:00,0.9949783854936868,0.9817495240163954
2026-07-17T18:20:00+00:00,0.9949783854936868,0.9819773771786235
2026-07-17T18:25:00+00:00,0.9949783854936868,0.9820424734581844
2026-07-17T18:30:00+00:00,0.9949783854936868,0.9824980729937997
2026-07-17T18:35:00+00:00,0.9949783854936868,0.9821402546929289
2026-07-17T18:40:00+00:00,0.9949783854936868,0.9819124791487193
2026-07-17T18:45:00+00:00,0.9949783854936868,0.9815219272842914
2026-07-17T18:50:00+00:00,0.9949783854936868,0.9814568083160811
2026-07-17T18:55:00+00:00,0.9949783854936868,0.9817498690588154
2026-07-17T19:00:00+00:00,0.9949783854936868,0.9818800702951533
2026-07-17T19:05:00+00:00,0.9949783854936868,0.9814569454110179
2026-07-17T19:10:00+00:00,0.9949783854936868,0.9811964565395664
2026-07-17T19:15:00+00:00,0.9949783854936868,0.9812615949735636
2026-07-17T19:20:00+00:00,0.9949783854936868,0.9812941647291057
2026-07-17T19:25:00+00:00,0.9949783854936868,0.9809033546855582
2026-07-17T19:30:00+00:00,0.9949783854936868,0.981163983049986
2026-07-17T19:35:00+00:00,0.9949783854936868,0.9813418123550969
2026-07-17T19:40:00+00:00,0.9949783854936868,0.9813268340613344
2026-07-17T19:45:00+00:00,0.9949783854936868,0.9817501995299516
2026-07-17T19:50:00+00:00,0.9949783854936868,0.9818478580435345
2026-07-17T19:55:00+00:00,0.9949783854936868,0.982466253703375
2026-07-17T20:00:00+00:00,0.9949783854936868,0.9824011983296693
2026-07-17T20:05:00+00:00,0.9949783854936868,0.9824011983296693
2026-07-17T20:10:00+00:00,0.9949783854936868,0.9824011983296693
2026-07-17T20:15:00+00:00,0.9949783854936868,0.9820758999196265
2026-07-17T20:20:00+00:00,0.9949783854936868,0.9820758999196265
2026-07-17T20:25:00+00:00,0.9949783854936868,0.9817504937234967
2026-07-17T20:30:00+00:00,0.9949783854936868,0.9817504937234967
2026-07-17T20:35:00+00:00,0.9949783854936868,0.981815605176854
2026-07-17T20:40:00+00:00,0.9949783854936868,0.9818807036787223
2026-07-17T20:45:00+00:00,0.9949783854936868,0.9822061746094033
2026-07-17T20:50:00+00:00,0.9949783854936868,0.9826616829718166
2026-07-17T20:55:00+00:00,0.9949783854936868,0.9833862561216913
2026-07-17T21:00:00+00:00,0.9949783854936868,0.9833862561216913
2026-07-17T21:05:00+00:00,0.9949783854936868,0.9804524005948053
2026-07-17T21:10:00+00:00,0.9949783854936868,0.9816551497165455
2026-07-17T21:15:00+00:00,0.9949783854936868,0.9816551497165455
2026-07-17T21:20:00+00:00,0.9949783854936868,0.9816551497165455
2026-07-17T21:25:00+00:00,0.9949783854936868,0.9816551497165455
2026-07-17T21:30:00+00:00,0.9949783854936868,0.9816551497165455
2026-07-17T21:35:00+00:00,0.9949783854936868,0.983383817030448
2026-07-17T21:40:00+00:00,0.9949783854936868,0.983383817030448
2026-07-17T21:45:00+00:00,0.9949783854936868,0.9835788039075856
2026-07-17T21:50:00+00:00,0.9949783854936868,0.9835788039075856
2026-07-17T21:55:00+00:00,0.9949783854936868,0.9835788039075856
2026-07-17T22:00:00+00:00,0.9949783854936868,0.9824740972700043
2026-07-17T22:05:00+00:00,0.9949783854936868,0.9824740972700043
2026-07-17T22:10:00+00:00,0.9949783854936868,0.9824740972700043
2026-07-17T22:15:00+00:00,0.9949783854936868,0.9824740972700043
2026-07-17T22:20:00+00:00,0.9949783854936868,0.9835800474523373
2026-07-17T22:25:00+00:00,0.9949783854936868,0.9835800474523373
2026-07-17T22:30:00+00:00,0.9949783854936868,0.9835800474523373
2026-07-17T22:35:00+00:00,0.9949783854936868,0.9830601848479755
2026-07-17T22:40:00+00:00,0.9949783854936868,0.9830601848479755
2026-07-17T22:45:00+00:00,0.9949783854936868,0.9830601848479755
2026-07-17T22:50:00+00:00,0.9949783854936868,0.9830601848479755
2026-07-17T22:55:00+00:00,0.9949783854936868,0.9830601848479755
2026-07-17T23:00:00+00:00,0.9949783854936868,0.9830601848479755
2026-07-17T23:05:00+00:00,0.9949783854936868,0.9830601848479755
2026-07-17T23:10:00+00:00,0.9949783854936868,0.9830601848479755
2026-07-17T23:15:00+00:00,0.9949783854936868,0.9830601848479755
2026-07-17T23:20:00+00:00,0.9949783854936868,0.9830601848479755
2026-07-17T23:25:00+00:00,0.9949783854936868,0.9823449955600569
2026-07-17T23:30:00+00:00,0.9949783854936868,0.9823449955600569
2026-07-17T23:35:00+00:00,0.9949783854936868,0.9823449955600569
2026-07-17T23:40:00+00:00,0.9949783854936868,0.9823449955600569
2026-07-17T23:45:00+00:00,0.9949783854936868,0.9823449955600569
2026-07-17T23:50:00+00:00,0.9949783854936868,0.9823449955600569
2026-07-17T23:55:00+00:00,0.9949783854936868,0.9823449955600569
2026-07-18T00:00:00+00:00,0.9949783854936868,0.9823449955600569
2026-07-20T08:05:00+00:00,0.9959008820100386,0.983320903902219
2026-07-20T08:10:00+00:00,0.9959008820100386,0.983320903902219
2026-07-20T08:15:00+00:00,0.9957033871233365,0.9831259037229683
2026-07-20T08:20:00+00:00,0.9962959893243754,0.9837110203169047
2026-07-20T08:25:00+00:00,0.9962959893243754,0.9837110203169047
2026-07-20T08:30:00+00:00,0.9962959893243754,0.9837110203169047
2026-07-20T08:35:00+00:00,0.9962959893243754,0.9837110203169047
2026-07-20T08:40:00+00:00,0.9962959893243754,0.9837110203169047
2026-07-20T08:45:00+00:00,0.9962959893243754,0.9837110203169047
2026-07-20T08:50:00+00:00,0.9962959893243754,0.9837110203169047
2026-07-20T08:55:00+00:00,0.9955063227542372,0.9829313286231265
2026-07-20T09:00:00+00:00,0.9956380383301505,0.9830613803998692
2026-07-20T09:05:00+00:00,0.9956380383301505,0.9830613803998692
2026-07-20T09:10:00+00:00,0.9953087929471048,0.9827362939645519
2026-07-20T09:15:00+00:00,0.9956381472796486,0.9830614879731439
2026-07-20T09:20:00+00:00,0.9956381472796486,0.9830614879731439
2026-07-20T09:25:00+00:00,0.9956381472796486,0.9830614879731439
2026-07-20T09:30:00+00:00,0.9956381472796486,0.9830614879731439
2026-07-20T09:35:00+00:00,0.9951113546091304,0.982541349619719
2026-07-20T09:40:00+00:00,0.9955725423396827,0.9829967117388488
2026-07-20T09:45:00+00:00,0.9955066888840444,0.982931690128071
2026-07-20T09:50:00+00:00,0.9955066888840444,0.982931690128071
2026-07-20T09:55:00+00:00,0.9955066888840444,0.982931690128071
2026-07-20T10:00:00+00:00,0.9955066888840444,0.982931690128071
2026-07-20T10:05:00+00:00,0.9955066888840444,0.982931690128071
2026-07-20T10:10:00+00:00,0.9955066888840444,0.982931690128071
2026-07-20T10:15:00+00:00,0.9955066888840444,0.982931690128071
2026-07-20T10:20:00+00:00,0.9955066888840444,0.982931690128071
2026-07-20T10:25:00+00:00,0.9955066888840444,0.982931690128071
2026-07-20T10:30:00+00:00,0.9955066888840444,0.982931690128071
2026-07-20T10:35:00+00:00,0.9955066888840444,0.982931690128071
2026-07-20T10:40:00+00:00,0.9955066888840444,0.982931690128071
2026-07-20T10:45:00+00:00,0.9955066888840444,0.982931690128071
2026-07-20T10:50:00+00:00,0.9955066888840444,0.982931690128071
2026-07-20T10:55:00+00:00,0.9955066888840444,0.982931690128071
2026-07-20T11:00:00+00:00,0.9955066888840444,0.982931690128071
2026-07-20T11:05:00+00:00,0.9962311248180035,0.9836469751632264
2026-07-20T11:10:00+00:00,0.9961653148612841,0.9835819965018997
2026-07-20T11:15:00+00:00,0.9961653148612841,0.9835819965018997
2026-07-20T11:20:00+00:00,0.9961653148612841,0.9835819965018997
2026-07-20T11:25:00+00:00,0.9961653148612841,0.9835819965018997
2026-07-20T11:30:00+00:00,0.9957046147288826,0.9831271158216993
2026-07-20T11:35:00+00:00,0.9973507339834932,0.9847524416976113
2026-07-20T11:40:00+00:00,0.9973507339834932,0.9847524416976113
2026-07-20T11:45:00+00:00,0.9969563163454823,0.9843630062474278
2026-07-20T11:50:00+00:00,0.9966209286665006,0.9840318551041651
2026-07-20T11:55:00+00:00,0.9966209286665006,0.9840318551041651
2026-07-20T12:00:00+00:00,0.9965617226812205,0.983973396994514
2026-07-20T12:05:00+00:00,0.994719649256671,0.9821545921941545
2026-07-20T12:10:00+00:00,0.994719649256671,0.9821545921941545
2026-07-20T12:15:00+00:00,0.9950492274036662,0.982480007190028
2026-07-20T12:20:00+00:00,0.9945880073936127,0.982024613199144
2026-07-20T12:25:00+00:00,0.9942583854651463,0.9816991549748363
2026-07-20T12:30:00+00:00,0.9942583854651463,0.9816991549748363
2026-07-20T12:35:00+00:00,0.9942583854651463,0.9816991549748363
2026-07-20T12:40:00+00:00,0.9947199724593269,0.9821549113141931
2026-07-20T12:45:00+00:00,0.9940608683164305,0.98150413281478
2026-07-20T12:50:00+00:00,0.9940608683164305,0.98150413281478
2026-07-20T12:55:00+00:00,0.994522547329051,0.9819599800102222
2026-07-20T13:00:00+00:00,0.9940610825384302,0.9815043443307795
2026-07-20T13:05:00+00:00,0.9946546699682899,0.9820904337083656
2026-07-20T13:10:00+00:00,0.9942110632135592,0.98165243048644
2026-07-20T13:15:00+00:00,0.9941273140210867,0.98156973919343
2026-07-20T13:20:00+00:00,0.9943251634268226,0.9817650894135164
2026-07-20T13:25:00+00:00,0.9945889101545221,0.982025504556597
2026-07-20T13:30:00+00:00,0.9944570717517975,0.9818953315045614
2026-07-20T13:35:00+00:00,0.9948199050458657,0.9822535815765654
2026-07-20T13:40:00+00:00,0.9949181019096298,0.9823505380413915
2026-07-20T13:45:00+00:00,0.9946881090699784,0.9821234504154417
2026-07-20T13:50:00+00:00,0.9945233273939679,0.9819607502215487
2026-07-20T13:55:00+00:00,0.994325547873429,0.9817654690038866
2026-07-20T14:00:00+00:00,0.9937980542140795,0.9812446385163512
2026-07-20T14:05:00+00:00,0.9936001537847051,0.9810492379171447
2026-07-20T14:10:00+00:00,0.9931712521377665,0.9806257540516604
2026-07-20T14:15:00+00:00,0.9929072085027834,0.9803650457517569
2026-07-20T14:20:00+00:00,0.9933363964242853,0.9807888122756537
2026-07-20T14:25:00+00:00,0.9934354000518358,0.980886565313422
2026-07-20T14:30:00+00:00,0.9938643598688798,0.981310106614221
2026-07-20T14:35:00+00:00,0.9941941967067494,0.9816357770332487
2026-07-20T14:40:00+00:00,0.9943261226882659,0.9817660365578023
2026-07-20T14:45:00+00:00,0.9939964160005844,0.9814404946449372
2026-07-20T14:50:00+00:00,0.9946560503603149,0.982091796663614
2026-07-20T14:55:00+00:00,0.9940627811858648,0.9815060215213125
2026-07-20T15:00:00+00:00,0.9937989640995628,0.9812455369083822
2026-07-20T15:05:00+00:00,0.9941947729132552,0.981636345961254
2026-07-20T15:10:00+00:00,0.9954476592109008,0.9828734061034252
2026-07-20T15:15:00+00:00,0.9947890798820764,0.9822231457887602
2026-07-20T15:20:00+00:00,0.994591378567015,0.982027941788703
2026-07-20T15:25:00+00:00,0.9948557371120744,0.9822889610208152
2026-07-20T15:30:00+00:00,0.995118668147594,0.9825485707753414
2026-07-20T15:35:00+00:00,0.9947233614732768,0.9821582575189423
2026-07-20T15:40:00+00:00,0.9944267635984672,0.9818654061964646
2026-07-20T15:45:00+00:00,0.9946575196597676,0.9820932474032329
2026-07-20T15:50:00+00:00,0.9948882221991188,0.9823210357641283
2026-07-20T15:55:00+00:00,0.9948223224692253,0.9822559684636205
2026-07-20T16:00:00+00:00,0.9945264239725006,0.9819638076848537
2026-07-20T16:05:00+00:00,0.9949681131300189,0.9823999175321892
2026-07-20T16:10:00+00:00,0.9952178567957788,0.9826465064966083
2026-07-20T16:15:00+00:00,0.9947237723365235,0.9821586631922643
2026-07-20T16:20:00+00:00,0.9945919510043825,0.9820285069951807
2026-07-20T16:25:00+00:00,0.9945260316014793,0.9819634202701679
2026-07-20T16:30:00+00:00,0.9945919553739572,0.98202851130956
2026-07-20T16:35:00+00:00,0.9942623583579928,0.9817030776830655
2026-07-20T16:40:00+00:00,0.9945591049740362,0.9819960758679138
2026-07-20T16:45:00+00:00,0.9942624687190272,0.9817031866500462
2026-07-20T16:50:00+00:00,0.9941965274490498,0.9816380783341787
2026-07-20T16:55:00+00:00,0.9941305807115232,0.9815729646198267
2026-07-20T17:00:00+00:00,0.9943284482700488,0.981768332763401
2026-07-20T17:05:00+00:00,0.9943943851698015,0.9818334367642474
2026-07-20T17:10:00+00:00,0.9944603166048321,0.9818985353694007
2026-07-20T17:15:00+00:00,0.9943284602913072,0.9817683446328097
2026-07-20T17:20:00+00:00,0.9943944059379638,0.9818334572700713
2026-07-20T17:25:00+00:00,0.9943944103101474,0.9818334615870267
2026-07-20T17:30:00+00:00,0.9945262709981753,0.9819636566428629
2026-07-20T17:35:00+00:00,0.9945921947865219,0.9820287476979234
2026-07-20T17:40:00+00:00,0.9942955486621772,0.9817358487353869
2026-07-20T17:45:00+00:00,0.9940647618447279,0.9815079771609739
2026-07-20T17:50:00+00:00,0.9938009442327734,0.981247492029031
2026-07-20T17:55:00+00:00,0.9937349723166666,0.9811823534541486
2026-07-20T18:00:00+00:00,0.9937349723171046,0.981182353454581
2026-07-20T18:05:00+00:00,0.9939988698365854,0.9814429174846777
2026-07-20T18:10:00+00:00,0.9942627051467579,0.981703420091279
2026-07-20T18:15:00+00:00,0.9941308225754424,0.9815732034285795
2026-07-20T18:20:00+00:00,0.9940648758218712,0.9815080896983855
2026-07-20T18:25:00+00:00,0.993735115802198,0.9811824951272056
2026-07-20T18:30:00+00:00,0.9939330622427553,0.9813779411563931
2026-07-20T18:35:00+00:00,0.9936691964234857,0.9811174084260783
2026-07-20T18:40:00+00:00,0.9938341415784104,0.9812802700338595
2026-07-20T18:45:00+00:00,0.9938671264272362,0.9813128382260846
2026-07-20T18:50:00+00:00,0.9940320453052441,0.9814756738888727
2026-07-20T18:55:00+00:00,0.9939660876026661,0.9814105493479773
2026-07-20T19:00:00+00:00,0.9939660886969094,0.9814105504283984
2026-07-20T19:05:00+00:00,0.9937352252480781,0.9811826031905925
2026-07-20T19:10:00+00:00,0.9938671745889057,0.9813128857793879
2026-07-20T19:15:00+00:00,0.9937029153784499,0.9811507014513916
2026-07-20T19:20:00+00:00,0.9941126566337697,0.9815552669546713
2026-07-20T19:25:00+00:00,0.99413112299207,0.9815735000504177
2026-07-20T19:30:00+00:00,0.9947906716703758,0.9822247174699767
2026-07-20T19:35:00+00:00,0.9949224975010792,0.9823548781087977
2026-07-20T19:40:00+00:00,0.9945600605070234,0.9819970193308406
2026-07-20T19:45:00+00:00,0.9939008231666837,0.9813461093165021
2026-07-20T19:50:00+00:00,0.9942636219736684,0.9817043253370551
2026-07-20T19:55:00+00:00,0.9943302227335963,0.9817700848123562
2026-07-20T20:00:00+00:00,0.9939998784958071,0.9814439134027616
2026-07-20T20:05:00+00:00,0.994131796197001,0.9815741647515875
2026-07-20T20:10:00+00:00,0.9939965984935246,0.9814406748326716
2026-07-20T20:15:00+00:00,0.9939965984935246,0.9814406748326716
2026-07-20T20:20:00+00:00,0.9941318279323849,0.9815741960860977
2026-07-20T20:25:00+00:00,0.994263728135109,0.9817044301574903
2026-07-20T20:30:00+00:00,0.994263728135109,0.9817044301574903
2026-07-20T20:35:00+00:00,0.9941977856881951,0.9816393206795531
2026-07-20T20:40:00+00:00,0.9941977856881951,0.9816393206795531
2026-07-20T20:45:00+00:00,0.9941977856881951,0.9816393206795531
2026-07-20T20:50:00+00:00,0.9941977856881951,0.9816393206795531
2026-07-20T20:55:00+00:00,0.994013797108859,0.9814576561992734
2026-07-20T21:00:00+00:00,0.9941318949725308,0.981574262279409
2026-07-20T21:05:00+00:00,0.9941318949725308,0.981574262279409
2026-07-20T21:10:00+00:00,0.9941318949725308,0.981574262279409
2026-07-20T21:15:00+00:00,0.9941318949725308,0.981574262279409
2026-07-20T21:20:00+00:00,0.9940034470694055,0.981447436899005
2026-07-20T21:25:00+00:00,0.9940034470694055,0.981447436899005
2026-07-20T21:30:00+00:00,0.9940001491369197,0.9814441806252016
2026-07-20T21:35:00+00:00,0.9940001491369197,0.9814441806252016
2026-07-20T21:40:00+00:00,0.9940661080054756,0.9815093063173466
2026-07-20T21:45:00+00:00,0.9940661080054756,0.9815093063173466
2026-07-20T21:50:00+00:00,0.9940661080054756,0.9815093063173466
2026-07-20T21:55:00+00:00,0.9940661080054756,0.9815093063173466
2026-07-20T22:00:00+00:00,0.9940661080054756,0.9815093063173466
2026-07-20T22:05:00+00:00,0.9940661080054756,0.9815093063173466
2026-07-20T22:10:00+00:00,0.9940001535131715,0.9814441849461737
2026-07-20T22:15:00+00:00,0.9940001535131715,0.9814441849461737
2026-07-20T22:20:00+00:00,0.9940001535131715,0.9814441849461737
2026-07-20T22:25:00+00:00,0.9940001535131715,0.9814441849461737
2026-07-20T22:30:00+00:00,0.9940001535131715,0.9814441849461737
2026-07-20T22:35:00+00:00,0.9940005906163447,0.9814446165279658
2026-07-20T22:40:00+00:00,0.9940665495141958,0.981509742249036
2026-07-20T22:45:00+00:00,0.9937367506434586,0.9811841093175492
2026-07-20T22:50:00+00:00,0.9937367506434586,0.9811841093175492
2026-07-20T22:55:00+00:00,0.9937367506434586,0.9811841093175492
2026-07-20T23:00:00+00:00,0.9932088867240995,0.9806629132470387
2026-07-20T23:05:00+00:00,0.9938624004804844,0.9813081719763451
2026-07-20T23:10:00+00:00,0.9938591020748223,0.9813049152353425
2026-07-20T23:15:00+00:00,0.9938591020748223,0.9813049152353425
2026-07-20T23:20:00+00:00,0.9938591020748223,0.9813049152353425
2026-07-20T23:25:00+00:00,0.9938591020748223,0.9813049152353425
2026-07-20T23:30:00+00:00,0.9938591020748223,0.9813049152353425
2026-07-20T23:35:00+00:00,0.9938591020748223,0.9813049152353425
2026-07-20T23:40:00+00:00,0.9938591020748223,0.9813049152353425
2026-07-20T23:45:00+00:00,0.9938591020748223,0.9813049152353425
2026-07-20T23:50:00+00:00,0.9938591020748223,0.9813049152353425
2026-07-20T23:55:00+00:00,0.993803028992472,0.9812495504545522
2026-07-21T00:00:00+00:00,0.993803028992472,0.9812495504545522
2026-07-21T08:05:00+00:00,1.0017181389571175,0.9890646786721434
2026-07-21T08:10:00+00:00,1.0017181389571175,0.9890646786721434
2026-07-21T08:15:00+00:00,1.0017181389571175,0.9890646786721434
2026-07-21T08:20:00+00:00,1.0017181389571175,0.9890646786721434
2026-07-21T08:25:00+00:00,1.0017181389571175,0.9890646786721434
2026-07-21T08:30:00+00:00,1.0017181389571175,0.9890646786721434
2026-07-21T08:35:00+00:00,1.0017181389571175,0.9890646786721434
2026-07-21T08:40:00+00:00,1.0008017736967019,0.9881598887151773
2026-07-21T08:45:00+00:00,1.0011293469402527,0.9884833241330601
2026-07-21T08:50:00+00:00,1.0009328672829962,0.9882893263591231
2026-07-21T08:55:00+00:00,1.0009328672829962,0.9882893263591231
2026-07-21T09:00:00+00:00,1.0009328672829962,0.9882893263591231
2026-07-21T09:05:00+00:00,1.00112937694313,0.9884833537569482
2026-07-21T09:10:00+00:00,1.00112937694313,0.9884833537569482
2026-07-21T09:15:00+00:00,1.0012603633852266,0.9886126856101155
2026-07-21T09:20:00+00:00,1.0012603633852266,0.9886126856101155
2026-07-21T09:25:00+00:00,1.0012603633852266,0.9886126856101155
2026-07-21T09:30:00+00:00,1.0012603633852266,0.9886126856101155
2026-07-21T09:35:00+00:00,1.0009984119146822,0.9883540430469374
2026-07-21T09:40:00+00:00,1.0009984119146822,0.9883540430469374
2026-07-21T09:45:00+00:00,1.0009984119146822,0.9883540430469374
2026-07-21T09:50:00+00:00,1.0010612936366716,0.988416130462284
2026-07-21T09:55:00+00:00,1.0010612936366716,0.988416130462284
2026-07-21T10:00:00+00:00,1.0010612936366716,0.988416130462284
2026-07-21T10:05:00+00:00,1.0010612936366716,0.988416130462284
2026-07-21T10:10:00+00:00,1.0010612936366716,0.988416130462284
2026-07-21T10:15:00+00:00,1.0010612936366716,0.988416130462284
2026-07-21T10:20:00+00:00,1.001194908902848,0.9885480579328639
2026-07-21T10:25:00+00:00,1.001194908902848,0.9885480579328639
2026-07-21T10:30:00+00:00,1.001194908902848,0.9885480579328639
2026-07-21T10:35:00+00:00,1.0013913757217066,0.9887420430305746
2026-07-21T10:40:00+00:00,1.0013913757217066,0.9887420430305746
2026-07-21T10:45:00+00:00,1.0013913757217066,0.9887420430305746
2026-07-21T10:50:00+00:00,1.0013913757217066,0.9887420430305746
2026-07-21T10:55:00+00:00,1.0013913757217066,0.9887420430305746
2026-07-21T11:00:00+00:00,1.0009985191600268,0.9883541489375849
2026-07-21T11:05:00+00:00,1.0006211965469614,0.9879815925721428
2026-07-21T11:10:00+00:00,1.0004082354030566,0.9877713215016946
2026-07-21T11:15:00+00:00,1.0004088908076334,0.98777196862736
2026-07-21T11:20:00+00:00,1.0004088908076334,0.98777196862736
2026-07-21T11:25:00+00:00,1.0004088908076334,0.98777196862736
2026-07-21T11:30:00+00:00,1.000277809978125,0.9876425435790598
2026-07-21T11:35:00+00:00,1.000277809978125,0.9876425435790598
2026-07-21T11:40:00+00:00,1.000736653010225,0.9880955906173988
2026-07-21T11:45:00+00:00,1.0000814633722714,0.9874486771758527
2026-07-21T11:50:00+00:00,1.0000814633722714,0.9874486771758527
2026-07-21T11:55:00+00:00,1.0000814633722714,0.9874486771758527
2026-07-21T12:00:00+00:00,1.0000814633722714,0.9874486771758527
2026-07-21T12:05:00+00:00,1.0000814633722714,0.9874486771758527
2026-07-21T12:10:00+00:00,1.000343711035408,0.9877076121901901
2026-07-21T12:15:00+00:00,1.000343711035408,0.9877076121901901
2026-07-21T12:20:00+00:00,1.000343711035408,0.9877076121901901
2026-07-21T12:25:00+00:00,1.0011302478282547,0.9884842136412635
2026-07-21T12:30:00+00:00,1.000612850931889,0.9879733523768538
2026-07-21T12:35:00+00:00,1.0006718253766138,0.9880315818707136
2026-07-21T12:40:00+00:00,0.999951069085418,0.9873199299979676
2026-07-21T12:45:00+00:00,0.999688786837789,0.9870609608360008
2026-07-21T12:50:00+00:00,0.999688786837789,0.9870609608360008
2026-07-21T12:55:00+00:00,1.0001479012261807,0.9875142758029246
2026-07-21T13:00:00+00:00,1.0001479012261807,0.9875142758029246
2026-07-21T13:05:00+00:00,1.0004756896049256,0.9878379236384658
2026-07-21T13:10:00+00:00,1.0004101534009686,0.9877732152719232
2026-07-21T13:15:00+00:00,1.0004756938984398,0.9878379278777455
2026-07-21T13:20:00+00:00,1.0004756938984398,0.9878379278777455
2026-07-21T13:25:00+00:00,0.9996237232433449,0.9869967191090825
2026-07-21T13:30:00+00:00,0.9994925734502143,0.9868672259682916
2026-07-21T13:35:00+00:00,1.0001486280207812,0.9875149934168325
2026-07-21T13:40:00+00:00,0.9996897239570589,0.9870618861178079
2026-07-21T13:45:00+00:00,0.9989027259149686,0.9862848292438793
2026-07-21T13:50:00+00:00,0.999362187489546,0.9867384870114172
2026-07-21T13:55:00+00:00,0.9996246250387816,0.9869976095132583
2026-07-21T14:00:00+00:00,0.999755814753064,0.9871271420709266
2026-07-21T14:05:00+00:00,1.0001492946148933,0.9875156515906895
2026-07-21T14:10:00+00:00,1.000018175857632,0.9873861890937305
2026-07-21T14:15:00+00:00,1.0013104888819013,0.9886621779336884
2026-07-21T14:20:00+00:00,1.0010675556339959,0.9884223133595792
2026-07-21T14:25:00+00:00,1.0011330533803735,0.9884869837543293
2026-07-21T14:30:00+00:00,1.0017224945343983,0.9890689792308299
2026-07-21T14:35:00+00:00,1.0015915974715461,0.9889397356278901
2026-07-21T14:40:00+00:00,1.001133303326018,0.9884872305427209
2026-07-21T14:45:00+00:00,1.0015590109324302,0.9889075607140232
2026-07-21T14:50:00+00:00,1.0017226814816313,0.9890691638165907
2026-07-21T14:55:00+00:00,1.0016657434211085,0.9890129449838221
2026-07-21T15:00:00+00:00,1.0016245100343741,0.9889722324472163
2026-07-21T15:05:00+00:00,1.0016245111040043,0.9889722335033352
2026-07-21T15:10:00+00:00,1.0017227074462245,0.9890691894532053
2026-07-21T15:15:00+00:00,1.0022790574991884,0.9896185118273981
2026-07-21T15:20:00+00:00,1.0027696823918801,0.9901029392655835
2026-07-21T15:25:00+00:00,1.002835077571376,0.9901675083890518
2026-07-21T15:30:00+00:00,1.0026722817959912,0.9900067690103701
2026-07-21T15:35:00+00:00,1.0032274687866076,0.9905549430137365
2026-07-21T15:40:00+00:00,1.0031621119482501,0.9904904117470906
2026-07-21T15:45:00+00:00,1.00257385828786,0.9899095887640935
2026-07-21T15:50:00+00:00,1.00218146147444,0.9895221486119353
2026-07-21T15:55:00+00:00,1.0027048322654037,0.9900389083101574
2026-07-21T16:00:00+00:00,1.0024105580614533,0.9897483513064929
2026-07-21T16:05:00+00:00,1.0027703416367102,0.9901035901829931
2026-07-21T16:10:00+00:00,1.0027049549425502,0.990039029437676
2026-07-21T16:15:00+00:00,1.0029011352807833,0.9902327316735148
2026-07-21T16:20:00+00:00,1.0027049922443274,0.9900390662682662
2026-07-21T16:25:00+00:00,1.0028030765533804,0.9901359116001449
2026-07-21T16:30:00+00:00,1.002574224179958,0.9899099500343316
2026-07-21T16:35:00+00:00,1.0025742284466266,0.9899099542471046
2026-07-21T16:40:00+00:00,1.0023453238213687,0.9896839410894883
2026-07-21T16:45:00+00:00,1.002083666097993,0.9894255885629363
2026-07-21T16:50:00+00:00,1.0021170361497447,0.9894585370922973
2026-07-21T16:55:00+00:00,1.002181811236228,0.9895224939556174
2026-07-21T17:00:00+00:00,1.0020182634120924,0.9893610120278823
2026-07-21T17:05:00+00:00,1.0017892466904241,0.9891348881898302
2026-07-21T17:10:00+00:00,1.0019528735763987,0.9892964481807145
2026-07-21T17:15:00+00:00,1.0018874367142256,0.9892318379010945
2026-07-21T17:20:00+00:00,1.0017238258584031,0.9890702937378733
2026-07-21T17:25:00+00:00,1.0019856459906193,0.9893288066217568
2026-07-21T17:30:00+00:00,1.0021145587206743,0.9894560909575096
2026-07-21T17:35:00+00:00,1.00182206993598,0.9891672968201188
2026-07-21T17:40:00+00:00,1.001723894981306,0.9890703619876323
2026-07-21T17:45:00+00:00,1.0015602509706383,0.9889087850883699
2026-07-21T17:50:00+00:00,1.001494788446625,0.9888441494710637
2026-07-21T17:55:00+00:00,1.001494788446625,0.9888441494710637
2026-07-21T18:00:00+00:00,1.001592991326262,0.9889411118757716
2026-07-21T18:05:00+00:00,1.0015929956043692,0.9889411160998388
2026-07-21T18:10:00+00:00,1.0020512407657567,0.989393572819623
2026-07-21T18:15:00+00:00,1.002083959737897,0.9894258784936523
2026-07-21T18:20:00+00:00,1.002182126270003,0.9895228050099623
2026-07-21T18:25:00+00:00,1.0030981090439248,0.9904272173119111
2026-07-21T18:30:00+00:00,1.0034902676433628,0.9908144222591485
2026-07-21T18:35:00+00:00,1.0035882753745622,0.9909111919804867
2026-07-21T18:40:00+00:00,1.0034249415624121,0.9907499213613895
2026-07-21T18:45:00+00:00,1.0033595963371797,0.9906854015611745
2026-07-21T18:50:00+00:00,1.0031635510858439,0.9904918327058478
2026-07-21T18:55:00+00:00,1.0032289122762978,0.9905563682696156
2026-07-21T19:00:00+00:00,1.0033269519329495,0.9906531695131315
2026-07-21T19:05:00+00:00,1.0036210293955756,0.9909435322606605
2026-07-21T19:10:00+00:00,1.0032290409711273,0.9905564953388036
2026-07-21T19:15:00+00:00,1.0031963625007374,0.9905242296549164
2026-07-21T19:20:00+00:00,1.0034970054931238,0.9908210749980277
2026-07-21T19:25:00+00:00,1.003555810186234,0.9908791368845339
2026-07-21T19:30:00+00:00,1.0035884801455475,0.9909113941648545
2026-07-21T19:35:00+00:00,1.003457818385331,0.9907823828922646
2026-07-21T19:40:00+00:00,1.0033669929397653,0.9906927047316721
2026-07-21T19:45:00+00:00,1.0034578249478887,0.9907823893719256
2026-07-21T19:50:00+00:00,1.0036538510906798,0.990975939360082
2026-07-21T19:55:00+00:00,1.0035885218027094,0.9909114352958134
2026-07-21T20:00:00+00:00,1.003686522114063,0.9910081976910311
2026-07-21T20:05:00+00:00,1.0034970733432917,0.9908211419911285
2026-07-21T20:10:00+00:00,1.003621218388893,0.9909437188666598
2026-07-21T20:15:00+00:00,1.003621218388893,0.9909437188666598
2026-07-21T20:20:00+00:00,1.003621218388893,0.9909437188666598
2026-07-21T20:25:00+00:00,1.0034905555561384,0.9908147065350797
2026-07-21T20:30:00+00:00,1.0034905555561384,0.9908147065350797
2026-07-21T20:35:00+00:00,1.0036212354044984,0.9909437356673281
2026-07-21T20:40:00+00:00,1.0033599097345585,0.9906857109997932
2026-07-21T20:45:00+00:00,1.0030985159844648,0.9904276191120767
2026-07-21T20:50:00+00:00,1.0027716886301103,0.9901049201614993
2026-07-21T20:55:00+00:00,1.0029024621940943,0.9902340418255787
2026-07-21T21:00:00+00:00,1.0029024621940943,0.9902340418255787
2026-07-21T21:05:00+00:00,1.0029024621940943,0.9902340418255787
2026-07-21T21:10:00+00:00,1.0029024621940943,0.9902340418255787
2026-07-21T21:15:00+00:00,1.0029024621940943,0.9902340418255787
2026-07-21T21:20:00+00:00,1.0029024621940943,0.9902340418255787
2026-07-21T21:25:00+00:00,1.0029024621940943,0.9902340418255787
2026-07-21T21:30:00+00:00,1.0029024621940943,0.9902340418255787
2026-07-21T21:35:00+00:00,1.0029024621940943,0.9902340418255787
2026-07-21T21:40:00+00:00,1.0029024621940943,0.9902340418255787
2026-07-21T21:45:00+00:00,1.002665792903798,0.9900003620842874
2026-07-21T21:50:00+00:00,1.002665792903798,0.9900003620842874
2026-07-21T21:55:00+00:00,1.0030986991482724,0.9904277999622038
2026-07-21T22:00:00+00:00,1.0032947955966918,0.9906214193679047
2026-07-21T22:05:00+00:00,1.0032947955966918,0.9906214193679047
2026-07-21T22:10:00+00:00,1.0035496711635774,0.9908730754085205
2026-07-21T22:15:00+00:00,1.0035496711635774,0.9908730754085205
2026-07-21T22:20:00+00:00,1.0035496711635774,0.9908730754085205
2026-07-21T22:25:00+00:00,1.0035496711635774,0.9908730754085205
2026-07-21T22:30:00+00:00,1.0034255325435946,0.9907505048774409
2026-07-21T22:35:00+00:00,1.0035562209432487,0.9908795424529655
2026-07-21T22:40:00+00:00,1.0035562209432487,0.9908795424529655
2026-07-21T22:45:00+00:00,1.0038175637091196,0.9911375840004795
2026-07-21T22:50:00+00:00,1.0038175637091196,0.9911375840004795
2026-07-21T22:55:00+00:00,1.0038175637091196,0.9911375840004795
2026-07-21T23:00:00+00:00,1.00309905816508,0.9904281544439981
2026-07-21T23:05:00+00:00,1.0033605201898852,0.9906863137439965
2026-07-21T23:10:00+00:00,1.0033605201898852,0.9906863137439965
2026-07-21T23:15:00+00:00,1.0027416701100234,0.9900752808280686
2026-07-21T23:20:00+00:00,1.0034210600799645,0.990746088908885
2026-07-21T23:25:00+00:00,1.0034262876471185,0.9907512504426802
2026-07-21T23:30:00+00:00,1.0030361824805873,0.9903660729898838
2026-07-21T23:35:00+00:00,1.0034172876733372,0.9907423641543821
2026-07-21T23:40:00+00:00,1.0029036771177193,0.9902352414025832
2026-07-21T23:45:00+00:00,1.0030095900223432,0.9903398164411147
2026-07-21T23:50:00+00:00,1.0030095900223432,0.9903398164411147
2026-07-21T23:55:00+00:00,1.0030998026002753,0.9904288894756687
2026-07-22T00:00:00+00:00,1.0030998026002753,0.9904288894756687
2026-07-22T08:05:00+00:00,1.0069544558203285,0.9942348516522681
2026-07-22T08:10:00+00:00,1.0069544558203285,0.9942348516522681
2026-07-22T08:15:00+00:00,1.0072800360246161,0.9945563192064755
2026-07-22T08:20:00+00:00,1.0072800360246161,0.9945563192064755
2026-07-22T08:25:00+00:00,1.0072800360246161,0.9945563192064755
2026-07-22T08:30:00+00:00,1.0072800360246161,0.9945563192064755
2026-07-22T08:35:00+00:00,1.0072800360246161,0.9945563192064755
2026-07-22T08:40:00+00:00,1.0076706732651708,0.9949420220122657
2026-07-22T08:45:00+00:00,1.0076706732651708,0.9949420220122657
2026-07-22T08:50:00+00:00,1.0076706732651708,0.9949420220122657
2026-07-22T08:55:00+00:00,1.0076706732651708,0.9949420220122657
2026-07-22T09:00:00+00:00,1.0076706732651708,0.9949420220122657
2026-07-22T09:05:00+00:00,1.007996022184603,0.9952632612031517
2026-07-22T09:10:00+00:00,1.007996022184603,0.9952632612031517
2026-07-22T09:15:00+00:00,1.007996022184603,0.9952632612031517
2026-07-22T09:20:00+00:00,1.007996022184603,0.9952632612031517
2026-07-22T09:25:00+00:00,1.007996022184603,0.9952632612031517
2026-07-22T09:30:00+00:00,1.007996022184603,0.9952632612031517
2026-07-22T09:35:00+00:00,1.0079960263829242,0.9952632653484408
2026-07-22T09:40:00+00:00,1.0079960263829242,0.9952632653484408
2026-07-22T09:45:00+00:00,1.0079960263829242,0.9952632653484408
2026-07-22T09:50:00+00:00,1.0079960263829242,0.9952632653484408
2026-07-22T09:55:00+00:00,1.0079960263829242,0.9952632653484408
2026-07-22T10:00:00+00:00,1.0079960263829242,0.9952632653484408
2026-07-22T10:05:00+00:00,1.0076707824404931,0.9949421298085117
2026-07-22T10:10:00+00:00,1.0076707824404931,0.9949421298085117
2026-07-22T10:15:00+00:00,1.0076707824404931,0.9949421298085117
2026-07-22T10:20:00+00:00,1.0077358606362075,0.9950063859522605
2026-07-22T10:25:00+00:00,1.0079310574067337,0.995199117044581
2026-07-22T10:30:00+00:00,1.0079961103986925,0.995263348302942
2026-07-22T10:35:00+00:00,1.0079961103986925,0.995263348302942
2026-07-22T10:40:00+00:00,1.0079961103986925,0.995263348302942
2026-07-22T10:45:00+00:00,1.0079961103986925,0.995263348302942
2026-07-22T10:50:00+00:00,1.0076708664291525,0.9949422127362466
2026-07-22T10:55:00+00:00,1.0076708664291525,0.9949422127362466
2026-07-22T11:00:00+00:00,1.0076708664291525,0.9949422127362466
2026-07-22T11:05:00+00:00,1.00757456313054,0.9948471259175168
2026-07-22T11:10:00+00:00,1.0076630665126831,0.994934511346428
2026-07-22T11:15:00+00:00,1.007996226454497,0.9952634628927578
2026-07-22T11:20:00+00:00,1.008126324057292,0.9953919171342257
2026-07-22T11:25:00+00:00,1.0080580316288883,0.9953244873591941
2026-07-22T11:30:00+00:00,1.0077360438462104,0.9950065668479988
2026-07-22T11:35:00+00:00,1.0079234327799835,0.9951915887302639
2026-07-22T11:40:00+00:00,1.007796578440306,0.9950663367838012
2026-07-22T11:45:00+00:00,1.0073274857451227,0.994603169553634
2026-07-22T11:50:00+00:00,1.0079887476534626,0.9952560785621215
2026-07-22T11:55:00+00:00,1.007866454920122,0.9951353306008922
2026-07-22T12:00:00+00:00,1.007931512140295,0.9951995660340578
2026-07-22T12:05:00+00:00,1.0084519363107558,0.9957134163327716
2026-07-22T12:10:00+00:00,1.0085169557779583,0.9957776144898529
2026-07-22T12:15:00+00:00,1.0087120016048878,0.9959701965452595
2026-07-22T12:20:00+00:00,1.0088420070181634,0.9960985597617237
2026-07-22T12:25:00+00:00,1.0089719956803227,0.9962269064386677
2026-07-22T12:30:00+00:00,1.0089719956803227,0.9962269064386677
2026-07-22T12:35:00+00:00,1.0093320178918435,0.9965823809370363
2026-07-22T12:40:00+00:00,1.0089071612651792,0.9961628909961124
2026-07-22T12:45:00+00:00,1.0089676021090324,0.9962225683659028
2026-07-22T12:50:00+00:00,1.0086472198385237,0.9959062330864372
2026-07-22T12:55:00+00:00,1.0086472198385237,0.9959062330864372
2026-07-22T13:00:00+00:00,1.007087053991906,0.9943657748759401
2026-07-22T13:05:00+00:00,1.007087053991906,0.9943657748759401
2026-07-22T13:10:00+00:00,1.0079640557127016,0.9952316985239604
2026-07-22T13:15:00+00:00,1.0086490445869183,0.9959080347850531
2026-07-22T13:20:00+00:00,1.0087790586426786,0.996036406534832
2026-07-22T13:25:00+00:00,1.0095590424509076,0.9968065377769981
2026-07-22T13:30:00+00:00,1.0095590424509076,0.9968065377769981
2026-07-22T13:35:00+00:00,1.0105332695248115,0.9977684586510751
2026-07-22T13:40:00+00:00,1.01092645710236,0.9981566795786213
2026-07-22T13:45:00+00:00,1.0107312178304206,0.9979639065217555
2026-07-22T13:50:00+00:00,1.0112144975930386,0.9984410816117665
2026-07-22T13:55:00+00:00,1.011084818340227,0.9983130404357864
2026-07-22T14:00:00+00:00,1.0121223947967704,0.9993375104784845
2026-07-22T14:05:00+00:00,1.0124787199287042,0.9996893345978779
2026-07-22T14:10:00+00:00,1.012413958593158,0.9996253913117964
2026-07-22T14:15:00+00:00,1.0124787240715736,0.9996893386884156
2026-07-22T14:20:00+00:00,1.0114975312124315,0.9987205400192077
2026-07-22T14:25:00+00:00,1.0116044902248025,0.9988261479513072
2026-07-22T14:30:00+00:00,1.0111507687260153,0.9983781577523159
2026-07-22T14:35:00+00:00,1.0116371171365484,0.9988583627278267
2026-07-22T14:40:00+00:00,1.0117667446112995,0.9989863527797941
2026-07-22T14:45:00+00:00,1.0117019459213665,0.9989223726111772
2026-07-22T14:50:00+00:00,1.0113131081215174,0.9985384465159948
2026-07-22T14:55:00+00:00,1.011377944197176,0.9986024635980897
2026-07-22T15:00:00+00:00,1.0114428010584249,0.9986665012032163
2026-07-22T15:05:00+00:00,1.0121558649359454,0.9993705578309887
2026-07-22T15:10:00+00:00,1.0121882557375141,0.9994025394798175
2026-07-22T15:15:00+00:00,1.0125445729554836,0.9997543557852138
2026-07-22T15:20:00+00:00,1.0122531507722068,0.9994666147761904
2026-07-22T15:25:00+00:00,1.0128361536558195,1.0000422533089472
2026-07-22T15:30:00+00:00,1.0125124511029562,0.9997226396881271
2026-07-22T15:35:00+00:00,1.0124153100053885,0.9996267256533152
2026-07-22T15:40:00+00:00,1.012415319325665,0.9996267348558603
2026-07-22T15:45:00+00:00,1.0128362582224562,1.0000423565547234
2026-07-22T15:50:00+00:00,1.01345127544541,1.0006496050294609
2026-07-22T15:55:00+00:00,1.0131601199202216,1.0003621273101657
2026-07-22T16:00:00+00:00,1.012707069189018,0.9999147994057848
2026-07-22T16:05:00+00:00,1.0124798011586333,0.9996904021699726
2026-07-22T16:10:00+00:00,1.0125452184639618,0.9997549931397854
2026-07-22T16:15:00+00:00,1.0120918760287174,0.9993073772160983
2026-07-22T16:20:00+00:00,1.0121858140490942,0.9994001286342127
2026-07-22T16:25:00+00:00,1.011897534221141,0.9991154902870433
2026-07-22T16:30:00+00:00,1.0115087416234638,0.9987316088230498
2026-07-22T16:35:00+00:00,1.01115222383185,0.9983795944776067
2026-07-22T16:40:00+00:00,1.0114764565721281,0.9986997315886429
2026-07-22T16:45:00+00:00,1.0111847260732594,0.9984116861585952
2026-07-22T16:50:00+00:00,1.0111847302310224,0.9984116902638384
2026-07-22T16:55:00+00:00,1.0111523079939366,0.9983796775765784
2026-07-22T17:00:00+00:00,1.0111523090336774,0.9983796786031853
2026-07-22T17:05:00+00:00,1.0111847323104373,0.9984116923169865
2026-07-22T17:10:00+00:00,1.0108280773053528,0.9980595424913199
2026-07-22T17:15:00+00:00,1.0109902457063835,0.998219662420488
2026-07-22T17:20:00+00:00,1.0106983810779568,0.9979314845551743
2026-07-22T17:25:00+00:00,1.0107632567683786,0.9979955407516284
2026-07-22T17:30:00+00:00,1.0110876050343616,0.9983157919290766
2026-07-22T17:35:00+00:00,1.010925474069865,0.9981557089635534
2026-07-22T17:40:00+00:00,1.0102444551577363,0.9974832925169514
2026-07-22T17:45:00+00:00,1.0104391697973427,0.9976755475685126
2026-07-22T17:50:00+00:00,1.0106663014451094,0.9978998101444589
2026-07-22T17:55:00+00:00,1.010666305609281,0.9978998142560298
2026-07-22T18:00:00+00:00,1.0106338687939171,0.997867787174641
2026-07-22T18:05:00+00:00,1.0100187888423526,0.9972604767636651
2026-07-22T18:10:00+00:00,1.0102791086095337,0.9975175082347605
2026-07-22T18:15:00+00:00,1.0101148984326864,0.9973553723209921
2026-07-22T18:20:00+00:00,1.0101798200149494,0.9974194738295928
2026-07-22T18:25:00+00:00,1.0099201837443037,0.9971631172212706
2026-07-22T18:30:00+00:00,1.0097254064668217,0.9969708003230601
2026-07-22T18:35:00+00:00,1.0094007056402168,0.9966502010384501
2026-07-22T18:40:00+00:00,1.0097904398238668,0.9970350121945313
2026-07-22T18:45:00+00:00,1.0097910901879743,0.997035654343397
2026-07-22T18:50:00+00:00,1.0100177102538899,0.9972594117996698
2026-07-22T18:55:00+00:00,1.0100826297621976,0.997323511260513
2026-07-22T19:00:00+00:00,1.0098391857775106,0.9970831424011253
2026-07-22T19:05:00+00:00,1.009757371135969,0.9970023612222685
2026-07-22T19:10:00+00:00,1.009758020498458,0.9970030023821681
2026-07-22T19:15:00+00:00,1.0095632191846033,0.9968106617512067
2026-07-22T19:20:00+00:00,1.0095917966303343,0.9968388782135826
2026-07-22T19:25:00+00:00,1.0096281687338413,0.9968747908735105
2026-07-22T19:30:00+00:00,1.0096606410150948,0.9969068529727924
2026-07-22T19:35:00+00:00,1.009758058903316,0.9970030403019055
2026-07-22T19:40:00+00:00,1.0096781873655378,0.9969241776819974
2026-07-22T19:45:00+00:00,1.009563237965091,0.9968106802944638
2026-07-22T19:50:00+00:00,1.0096931312702597,0.9969389328189436
2026-07-22T19:55:00+00:00,1.0091736457633227,0.996426009326784
2026-07-22T20:00:00+00:00,1.0093685672761534,0.9966184686383973
2026-07-22T20:05:00+00:00,1.0093685672761534,0.9966184686383973
2026-07-22T20:10:00+00:00,1.0094984898617214,0.9967467500734133
2026-07-22T20:15:00+00:00,1.0094984898617214,0.9967467500734133
2026-07-22T20:20:00+00:00,1.0094984898617214,0.9967467500734133
2026-07-22T20:25:00+00:00,1.0098232545283865,0.9970674123916713
2026-07-22T20:30:00+00:00,1.0098232545283865,0.9970674123916713
2026-07-22T20:35:00+00:00,1.0100180506808805,0.9972597479264692
2026-07-22T20:40:00+00:00,1.0098232920903134,0.9970674494791251
2026-07-22T20:45:00+00:00,1.0091953991354192,0.9964474879155665
2026-07-22T20:50:00+00:00,1.009203845557467,0.996455827644462
2026-07-22T20:55:00+00:00,1.0093695239879341,0.9966194132652272
2026-07-22T21:00:00+00:00,1.0094338860022445,0.9966829622742017
2026-07-22T21:05:00+00:00,1.0094338860022445,0.9966829622742017
2026-07-22T21:10:00+00:00,1.0086381610921076,0.9958972887679044
2026-07-22T21:15:00+00:00,1.010864699522542,0.9980957021055539
2026-07-22T21:20:00+00:00,1.010864699522542,0.9980957021055539
2026-07-22T21:25:00+00:00,1.0103457751388036,0.9975833326486208
2026-07-22T21:30:00+00:00,1.0103457751388036,0.9975833326486208
2026-07-22T21:35:00+00:00,1.0103457751388036,0.9975833326486208
2026-07-22T21:40:00+00:00,1.0103457751388036,0.9975833326486208
2026-07-22T21:45:00+00:00,1.0103457751388036,0.9975833326486208
2026-07-22T21:50:00+00:00,1.0103457751388036,0.9975833326486208
2026-07-22T21:55:00+00:00,1.0097616852122717,0.9970066208042068
2026-07-22T22:00:00+00:00,1.0097616852122717,0.9970066208042068
2026-07-22T22:05:00+00:00,1.005936928732593,0.9932301777196172
2026-07-22T22:10:00+00:00,1.0067155276404403,0.9939989415551268
2026-07-22T22:15:00+00:00,1.0081484819370299,0.9954137951210049
2026-07-22T22:20:00+00:00,1.0081484819370299,0.9954137951210049
2026-07-22T22:25:00+00:00,1.0081484819370299,0.9954137951210049
2026-07-22T22:30:00+00:00,1.0084736911247514,0.9957348963452374
2026-07-22T22:35:00+00:00,1.0082786285152494,0.9955422977192518
2026-07-22T22:40:00+00:00,1.008213595063978,0.9954780857547448
2026-07-22T22:45:00+00:00,1.008213595063978,0.9954780857547448
2026-07-22T22:50:00+00:00,1.0083436703568516,0.995606517968105
2026-07-22T22:55:00+00:00,1.0083436703568516,0.995606517968105
2026-07-22T23:00:00+00:00,1.0082136118413922,0.9954781023202308
2026-07-22T23:05:00+00:00,1.0082136118413922,0.9954781023202308
2026-07-22T23:10:00+00:00,1.0082136118413922,0.9954781023202308
2026-07-22T23:15:00+00:00,1.0082136118413922,0.9954781023202308
2026-07-22T23:20:00+00:00,1.0082136118413922,0.9954781023202308
2026-07-22T23:25:00+00:00,1.0082136118413922,0.9954781023202308
2026-07-22T23:30:00+00:00,1.0082136118413922,0.9954781023202308
2026-07-22T23:35:00+00:00,1.0082136118413922,0.9954781023202308
2026-07-22T23:40:00+00:00,1.0082136118413922,0.9954781023202308
2026-07-22T23:45:00+00:00,1.0082136118413922,0.9954781023202308
2026-07-22T23:50:00+00:00,1.0087338501143543,0.9959917690696578
2026-07-22T23:55:00+00:00,1.0088638583435223,0.9961201350664447
2026-07-23T00:00:00+00:00,1.0088638583435223,0.9961201350664447
2026-07-23T08:05:00+00:00,1.0048364650254324,0.9921436148027806
2026-07-23T08:10:00+00:00,1.0049669802176686,0.9922724813588012
2026-07-23T08:15:00+00:00,1.0047059710179762,0.9920147691639388
2026-07-23T08:20:00+00:00,1.0043796406389265,0.9916925609109948
2026-07-23T08:25:00+00:00,1.0042490660626604,0.9915636357210688
2026-07-23T08:30:00+00:00,1.0042490660626604,0.9915636357210688
2026-07-23T08:35:00+00:00,1.0045755449527978,0.9918859906091445
2026-07-23T08:40:00+00:00,1.0045755449527978,0.9918859906091445
2026-07-23T08:45:00+00:00,1.0043144466955,0.9916281904816306
2026-07-23T08:50:00+00:00,1.0039226974639195,0.9912413897312152
2026-07-23T08:55:00+00:00,1.0039226974639195,0.9912413897312152
2026-07-23T09:00:00+00:00,1.004575867729023,0.9918863093081388
2026-07-23T09:05:00+00:00,1.0053010683716788,0.9926023493923762
2026-07-23T09:10:00+00:00,1.0051634382798253,0.9924664578104226
2026-07-23T09:15:00+00:00,1.0050982018157626,0.9924020453975325
2026-07-23T09:20:00+00:00,1.0049024797201214,0.9922087956158765
2026-07-23T09:25:00+00:00,1.0046414660890253,0.9919510790455867
2026-07-23T09:30:00+00:00,1.0044456549924643,0.9917577413872488
2026-07-23T09:35:00+00:00,1.0041845226240793,0.9914999075795308
2026-07-23T09:40:00+00:00,1.0044457229160872,0.991757808452877
2026-07-23T09:45:00+00:00,1.0044457229160872,0.991757808452877
2026-07-23T09:50:00+00:00,1.0044457229160872,0.991757808452877
2026-07-23T09:55:00+00:00,1.0044457229160872,0.991757808452877
2026-07-23T10:00:00+00:00,1.0044457229160872,0.991757808452877
2026-07-23T10:05:00+00:00,1.0044457229160872,0.991757808452877
2026-07-23T10:10:00+00:00,1.0042498736265546,0.9915644330840119
2026-07-23T10:15:00+00:00,1.0042498736265546,0.9915644330840119
2026-07-23T10:20:00+00:00,1.0042498736265546,0.9915644330840119
2026-07-23T10:25:00+00:00,1.0038580986433452,0.991177606907256
2026-07-23T10:30:00+00:00,1.0041847052605508,0.9915000879089827
2026-07-23T10:35:00+00:00,1.0037276386326355,0.9910487948357223
2026-07-23T10:40:00+00:00,1.0041849475020985,0.9915003270905942
2026-07-23T10:45:00+00:00,1.0041849475020985,0.9915003270905942
2026-07-23T10:50:00+00:00,1.0042502476027293,0.9915648023362106
2026-07-23T10:55:00+00:00,1.004642022731833,0.9919516286570178
2026-07-23T11:00:00+00:00,1.0048378339368873,0.9921449664224785
2026-07-23T11:05:00+00:00,1.0044462878267677,0.9917583662277433
2026-07-23T11:10:00+00:00,1.0040865777626884,0.9914031999338453
2026-07-23T11:15:00+00:00,1.0040493528746233,0.991366445261527
2026-07-23T11:20:00+00:00,1.00398730972185,0.9913051858227936
2026-07-23T11:25:00+00:00,1.0033158922206147,0.9906422495043942
2026-07-23T11:30:00+00:00,1.0034845125662728,0.9908087398787919
2026-07-23T11:35:00+00:00,1.00307479475915,0.9904041975275174
2026-07-23T11:40:00+00:00,1.0031100958794037,0.990439052732592
2026-07-23T11:45:00+00:00,1.0024210945571188,0.9897587547077007
2026-07-23T11:50:00+00:00,1.0024210945571188,0.9897587547077007
2026-07-23T11:55:00+00:00,1.0024210945571188,0.9897587547077007
2026-07-23T12:00:00+00:00,1.0037882702864482,0.9911086606052073
2026-07-23T12:05:00+00:00,1.0033375199795995,0.9906636040667794
2026-07-23T12:10:00+00:00,1.003468230964485,0.9907926639422442
2026-07-23T12:15:00+00:00,1.0032721900232962,0.9905990993426201
2026-07-23T12:20:00+00:00,1.0025931022021664,0.9899285895939447
2026-07-23T12:25:00+00:00,1.0026186097824514,0.9899537749686697
2026-07-23T12:30:00+00:00,1.002946094114032,0.9902771225976963
2026-07-23T12:35:00+00:00,1.0017130065433024,0.9890596110897306
2026-07-23T12:40:00+00:00,1.001311071808075,0.9886627534964773
2026-07-23T12:45:00+00:00,1.0019005638024567,0.9892447991711315
2026-07-23T12:50:00+00:00,1.001376968002194,0.9887278173058734
2026-07-23T12:55:00+00:00,1.0008537903331862,0.9882112482901377
2026-07-23T13:00:00+00:00,1.0011807249937694,0.9885340531914777
2026-07-23T13:05:00+00:00,0.999936289969899,0.9873053375686437
2026-07-23T13:10:00+00:00,0.9986903042990289,0.9860750908862065
2026-07-23T13:15:00+00:00,0.998427663850824,0.9858157680483666
2026-07-23T13:20:00+00:00,0.998427663850824,0.986464245727651
2026-07-23T13:25:00+00:00,0.998427663850824,0.9868530767271495
2026-07-23T13:30:00+00:00,0.998427663850824,0.986982631760779
2026-07-23T13:35:00+00:00,0.998427663850824,0.9884711688366262
2026-07-23T13:40:00+00:00,0.998427663850824,0.987436918839726
2026-07-23T13:45:00+00:00,0.998427663850824,0.9875016603109322
2026-07-23T13:50:00+00:00,0.998427663850824,0.9869837624951142
2026-07-23T13:55:00+00:00,0.998427663850824,0.9874371259338944
2026-07-23T14:00:00+00:00,0.998427663850824,0.9858509086158942
2026-07-23T14:05:00+00:00,0.998427663850824,0.985980597044893
2026-07-23T14:10:00+00:00,0.998427663850824,0.9860778721629914
2026-07-23T14:15:00+00:00,0.998427663850824,0.9864668362077736
2026-07-23T14:20:00+00:00,0.998427663850824,0.9859483775475686
2026-07-23T14:25:00+00:00,0.998427663850824,0.9868561604886743
2026-07-23T14:30:00+00:00,0.998427663850824,0.9874715498830863
2026-07-23T14:35:00+00:00,0.998427663850824,0.9872126014437488
2026-07-23T14:40:00+00:00,0.998427663850824,0.9877631781633683
2026-07-23T14:45:00+00:00,0.998427663850824,0.9875625448353441
2026-07-23T14:50:00+00:00,0.998427663850824,0.9877677563425432
2026-07-23T14:55:00+00:00,0.998427663850824,0.9874719839912535
2026-07-23T15:00:00+00:00,0.998427663850824,0.9876661940804095
2026-07-23T15:05:00+00:00,0.998427663850824,0.9874396439279852
2026-07-23T15:10:00+00:00,0.998427663850824,0.9868893590043644
2026-07-23T15:15:00+00:00,0.998427663850824,0.9868893590043644
2026-07-23T15:20:00+00:00,0.998427663850824,0.9869217606486762
2026-07-23T15:25:00+00:00,0.998427663850824,0.9866626793145421
2026-07-23T15:30:00+00:00,0.998427663850824,0.9861767704998886
2026-07-23T15:35:00+00:00,0.998427663850824,0.986079537847854
2026-07-23T15:40:00+00:00,0.998427663850824,0.9866953961396681
2026-07-23T15:45:00+00:00,0.998427663850824,0.9865010191495878
2026-07-23T15:50:00+00:00,0.998427663850824,0.986629351536589
2026-07-23T15:55:00+00:00,0.998427663850824,0.9867278388587638
2026-07-23T16:00:00+00:00,0.998427663850824,0.9864686851256426
2026-07-23T16:05:00+00:00,0.998427663850824,0.9865334905838693
2026-07-23T16:10:00+00:00,0.998427663850824,0.9865334916059246
2026-07-23T16:15:00+00:00,0.998427663850824,0.9867602958111676
2026-07-23T16:20:00+00:00,0.998427663850824,0.9862420053268601
2026-07-23T16:25:00+00:00,0.998427663850824,0.9865985173892522
2026-07-23T16:30:00+00:00,0.998427663850824,0.9866633228620181
2026-07-23T16:35:00+00:00,0.998427663850824,0.9864365569010832
2026-07-23T16:40:00+00:00,0.998427663850824,0.9867281911239368
2026-07-23T16:45:00+00:00,0.998427663850824,0.9866957990225933
2026-07-23T16:50:00+00:00,0.998427663850824,0.9865662146641868
2026-07-23T16:55:00+00:00,0.998427663850824,0.9865662157282812
2026-07-23T17:00:00+00:00,0.998427663850824,0.9868578116541122
2026-07-23T17:05:00+00:00,0.998427663850824,0.9868578127171242
2026-07-23T17:10:00+00:00,0.998427663850824,0.9864050167655757
2026-07-23T17:15:00+00:00,0.998427663850824,0.9863719701382614
2026-07-23T17:20:00+00:00,0.998427663850824,0.9862423431882397
2026-07-23T17:25:00+00:00,0.998427663850824,0.9865016247769846
2026-07-23T17:30:00+00:00,0.998427663850824,0.9863720180470659
2026-07-23T17:35:00+00:00,0.998427663850824,0.9863720191117898
2026-07-23T17:40:00+00:00,0.998427663850824,0.9860155537655046
2026-07-23T17:45:00+00:00,0.998427663850824,0.9858210478040832
2026-07-23T17:50:00+00:00,0.998427663850824,0.9859183199769358
2026-07-23T17:55:00+00:00,0.998427663850824,0.9858210552676238
2026-07-23T18:00:00+00:00,0.998427663850824,0.9856589413765309
2026-07-23T18:05:00+00:00,0.998427663850824,0.9856913707685614
2026-07-23T18:10:00+00:00,0.998427663850824,0.9858535273322588
2026-07-23T18:15:00+00:00,0.998427663850824,0.9856265599823252
2026-07-23T18:20:00+00:00,0.998427663850824,0.9857887080175516
2026-07-23T18:25:00+00:00,0.998427663850824,0.9857238577637515
2026-07-23T18:30:00+00:00,0.998427663850824,0.986016375165814
2026-07-23T18:35:00+00:00,0.998427663850824,0.986048144457532
2026-07-23T18:40:00+00:00,0.998427663850824,0.9860481455231663
2026-07-23T18:45:00+00:00,0.998427663850824,0.986177808727147
2026-07-23T18:50:00+00:00,0.998427663850824,0.9863405122325377
2026-07-23T18:55:00+00:00,0.998427663850824,0.9862102360385341
2026-07-23T19:00:00+00:00,0.998427663850824,0.9862102360385341
2026-07-23T19:05:00+00:00,0.998427663850824,0.9861051975827384
2026-07-23T19:10:00+00:00,0.998427663850824,0.9859509261806151
2026-07-23T19:15:00+00:00,0.998427663850824,0.9858536646513941
2026-07-23T19:20:00+00:00,0.998427663850824,0.9860157860377665
2026-07-23T19:25:00+00:00,0.998427663850824,0.9864047767388563
2026-07-23T19:30:00+00:00,0.998427663850824,0.9864047767388563
2026-07-23T19:35:00+00:00,0.998427663850824,0.986334785545524
2026-07-23T19:40:00+00:00,0.998427663850824,0.9863399746143591
2026-07-23T19:45:00+00:00,0.998427663850824,0.9861455399641595
2026-07-23T19:50:00+00:00,0.998427663850824,0.9861455399641595
2026-07-23T19:55:00+00:00,0.998427663850824,0.9866641246730504
2026-07-23T20:00:00+00:00,0.998427663850824,0.9867289163677935
2026-07-23T20:05:00+00:00,0.998427663850824,0.9865993393597345
2026-07-23T20:10:00+00:00,0.998427663850824,0.986534542345459
2026-07-23T20:15:00+00:00,0.998427663850824,0.9864943655577386
2026-07-23T20:20:00+00:00,0.998427663850824,0.9864943655577386
2026-07-23T20:25:00+00:00,0.998427663850824,0.9864697400720244
2026-07-23T20:30:00+00:00,0.998427663850824,0.9867289621821472
2026-07-23T20:35:00+00:00,0.998427663850824,0.9867289621821472
2026-07-23T20:40:00+00:00,0.998427663850824,0.9866058640187758
2026-07-23T20:45:00+00:00,0.998427663850824,0.9866058640187758
2026-07-23T20:50:00+00:00,0.998427663850824,0.9866058640187758
2026-07-23T20:55:00+00:00,0.998427663850824,0.9866058640187758
2026-07-23T21:00:00+00:00,0.998427663850824,0.9868980966471876
2026-07-23T21:05:00+00:00,0.998427663850824,0.9868980966471876
2026-07-23T21:10:00+00:00,0.998427663850824,0.9869913761179909
2026-07-23T21:15:00+00:00,0.998427663850824,0.9869913761179909
2026-07-23T21:20:00+00:00,0.998427663850824,0.9864051959541995
2026-07-23T21:25:00+00:00,0.998427663850824,0.9869495982962503
2026-07-23T21:30:00+00:00,0.998427663850824,0.9869495982962503
2026-07-23T21:35:00+00:00,0.998427663850824,0.9869495982962503
2026-07-23T21:40:00+00:00,0.998427663850824,0.9869495982962503
2026-07-23T21:45:00+00:00,0.998427663850824,0.9869495982962503
2026-07-23T21:50:00+00:00,0.998427663850824,0.9867293664474234
2026-07-23T21:55:00+00:00,0.998427663850824,0.9867293664474234
2026-07-23T22:00:00+00:00,0.998427663850824,0.9868829152720116
2026-07-23T22:05:00+00:00,0.998427663850824,0.9868829152720116
2026-07-23T22:10:00+00:00,0.998427663850824,0.9868829152720116
2026-07-23T22:15:00+00:00,0.998427663850824,0.9867293903343235
2026-07-23T22:20:00+00:00,0.998427663850824,0.9866769116208519
2026-07-23T22:25:00+00:00,0.998427663850824,0.9866769116208519
2026-07-23T22:30:00+00:00,0.998427663850824,0.9866769116208519
2026-07-23T22:35:00+00:00,0.998427663850824,0.9866769116208519
2026-07-23T22:40:00+00:00,0.998427663850824,0.9865998091631493
2026-07-23T22:45:00+00:00,0.998427663850824,0.9864054180277565
2026-07-23T22:50:00+00:00,0.998427663850824,0.9864054180277565
2026-07-23T22:55:00+00:00,0.998427663850824,0.9864054180277565
2026-07-23T23:00:00+00:00,0.998427663850824,0.9864054180277565
2026-07-23T23:05:00+00:00,0.998427663850824,0.9867942769310526
2026-07-23T23:10:00+00:00,0.998427663850824,0.9867942769310526
2026-07-23T23:15:00+00:00,0.998427663850824,0.9867942769310526
2026-07-23T23:20:00+00:00,0.998427663850824,0.9867942769310526
2026-07-23T23:25:00+00:00,0.998427663850824,0.9867942769310526
2026-07-23T23:30:00+00:00,0.998427663850824,0.9867942769310526
2026-07-23T23:35:00+00:00,0.998427663850824,0.9867294926429138
2026-07-23T23:40:00+00:00,0.998427663850824,0.9866647041010461
2026-07-23T23:45:00+00:00,0.998427663850824,0.9866647041010461
2026-07-23T23:50:00+00:00,0.998427663850824,0.9866647041010461
2026-07-23T23:55:00+00:00,0.998427663850824,0.9866647041010461
2026-07-24T00:00:00+00:00,0.998427663850824,0.9866647041010461
2026-07-24T08:05:00+00:00,0.998427663850824,0.9867294968974804
2026-07-24T08:10:00+00:00,0.998427663850824,0.9867294968974804
2026-07-24T08:15:00+00:00,0.998427663850824,0.9867294968974804
2026-07-24T08:20:00+00:00,0.998427663850824,0.9867294968974804
2026-07-24T08:25:00+00:00,0.998427663850824,0.9867294968974804
2026-07-24T08:30:00+00:00,0.998427663850824,0.9867294968974804
2026-07-24T08:35:00+00:00,0.998427663850824,0.9867294968974804
2026-07-24T08:40:00+00:00,0.998427663850824,0.9871046225565108
2026-07-24T08:45:00+00:00,0.998427663850824,0.9871046225565108
2026-07-24T08:50:00+00:00,0.998427663850824,0.9871046225565108
2026-07-24T08:55:00+00:00,0.998427663850824,0.9871046225565108
2026-07-24T09:00:00+00:00,0.998427663850824,0.9875068065627671
2026-07-24T09:05:00+00:00,0.998427663850824,0.9875715950280958
2026-07-24T09:10:00+00:00,0.998427663850824,0.9875715950280958
2026-07-24T09:15:00+00:00,0.998427663850824,0.9875715950280958
2026-07-24T09:20:00+00:00,0.998427663850824,0.9875715950280958
2026-07-24T09:25:00+00:00,0.998427663850824,0.9875715950280958
2026-07-24T09:30:00+00:00,0.998427663850824,0.9875715950280958
2026-07-24T09:35:00+00:00,0.998427663850824,0.9870537284339541
2026-07-24T09:40:00+00:00,0.998427663850824,0.9871832630439848
2026-07-24T09:45:00+00:00,0.998427663850824,0.9871832630439848
2026-07-24T09:50:00+00:00,0.998427663850824,0.9871832630439848
2026-07-24T09:55:00+00:00,0.998427663850824,0.9871832630439848
2026-07-24T10:00:00+00:00,0.998427663850824,0.9871832630439848
2026-07-24T10:05:00+00:00,0.998427663850824,0.9871832630439848
2026-07-24T10:10:00+00:00,0.998427663850824,0.9878957716721507
2026-07-24T10:15:00+00:00,0.998427663850824,0.987701635204509
2026-07-24T10:20:00+00:00,0.998427663850824,0.987701635204509
2026-07-24T10:25:00+00:00,0.998427663850824,0.987701635204509
2026-07-24T10:30:00+00:00,0.998427663850824,0.9883488839824937
2026-07-24T10:35:00+00:00,0.998427663850824,0.9883488839824937
2026-07-24T10:40:00+00:00,0.998427663850824,0.9883488839824937
2026-07-24T10:45:00+00:00,0.998427663850824,0.9880235309140099
2026-07-24T10:50:00+00:00,0.998427663850824,0.9880235309140099
2026-07-24T10:55:00+00:00,0.998427663850824,0.9880235309140099
2026-07-24T11:00:00+00:00,0.998427663850824,0.9880235309140099
2026-07-24T11:05:00+00:00,0.998427663850824,0.9880235309140099
2026-07-24T11:10:00+00:00,0.998427663850824,0.9880235309140099
2026-07-24T11:15:00+00:00,0.998427663850824,0.9880254720287706
2026-07-24T11:20:00+00:00,0.998427663850824,0.9880254720287706
2026-07-24T11:25:00+00:00,0.998427663850824,0.9880254720287706
2026-07-24T11:30:00+00:00,0.998427663850824,0.987951089029288
2026-07-24T11:35:00+00:00,0.998427663850824,0.9879607953153268
2026-07-24T11:40:00+00:00,0.998427663850824,0.9877019635638687
2026-07-24T11:45:00+00:00,0.998427663850824,0.9877019635638687
2026-07-24T11:50:00+00:00,0.998427663850824,0.987313614167972
2026-07-24T11:55:00+00:00,0.998427663850824,0.9871193630634006
2026-07-24T12:00:00+00:00,0.998427663850824,0.987637467964628
2026-07-24T12:05:00+00:00,0.998427663850824,0.987637467964628
2026-07-24T12:10:00+00:00,0.998427663850824,0.987637467964628
2026-07-24T12:15:00+00:00,0.998427663850824,0.9874497534111414
2026-07-24T12:20:00+00:00,0.998427663850824,0.9874497534111414
2026-07-24T12:25:00+00:00,0.998427663850824,0.9875054310699667
2026-07-24T12:30:00+00:00,0.998427663850824,0.9875054310699667
2026-07-24T12:35:00+00:00,0.998427663850824,0.9875792321775785
2026-07-24T12:40:00+00:00,0.998427663850824,0.9875792321775785
2026-07-24T12:45:00+00:00,0.998427663850824,0.9875792321775785
2026-07-24T12:50:00+00:00,0.998427663850824,0.9871843610224884
2026-07-24T12:55:00+00:00,0.998427663850824,0.9871843610224884
2026-07-24T13:00:00+00:00,0.998427663850824,0.9871196021428621
2026-07-24T13:05:00+00:00,0.998427663850824,0.9871196021428621
2026-07-24T13:10:00+00:00,0.998427663850824,0.9863029390945074
2026-07-24T13:15:00+00:00,0.998427663850824,0.9866665613252502
2026-07-24T13:20:00+00:00,0.998427663850824,0.9866665613252502
2026-07-24T13:25:00+00:00,0.998427663850824,0.986246055284864
2026-07-24T13:30:00+00:00,0.998427663850824,0.9864722790251511
2026-07-24T13:35:00+00:00,0.998427663850824,0.9866667386930239
2026-07-24T13:40:00+00:00,0.998427663850824,0.9875090467835815
2026-07-24T13:45:00+00:00,0.998427663850824,0.9870235139495133
2026-07-24T13:50:00+00:00,0.998427663850824,0.9877036709793927
2026-07-24T13:55:00+00:00,0.998427663850824,0.987897846013006
2026-07-24T14:00:00+00:00,0.998427663850824,0.9889008865352908
2026-07-24T14:05:00+00:00,0.998427663850824,0.9883513725038248
2026-07-24T14:10:00+00:00,0.998427663850824,0.9882220071409316
2026-07-24T14:15:00+00:00,0.998427663850824,0.9878985630360161
2026-07-24T14:20:00+00:00,0.998427663850824,0.9877332574833968
2026-07-24T14:25:00+00:00,0.998427663850824,0.9884810922271331
2026-07-24T14:30:00+00:00,0.998427663850824,0.9887397764964063
2026-07-24T14:35:00+00:00,0.998427663850824,0.9886104576225655
2026-07-24T14:40:00+00:00,0.998427663850824,0.9880607984853473
2026-07-24T14:45:00+00:00,0.998427663850824,0.9879960998883116
2026-07-24T14:50:00+00:00,0.998427663850824,0.9883843243083423
2026-07-24T14:55:00+00:00,0.998427663850824,0.988157942191002
2026-07-24T15:00:00+00:00,0.998427663850824,0.9884490716096126
2026-07-24T15:05:00+00:00,0.998427663850824,0.9885461052226633
2026-07-24T15:10:00+00:00,0.998427663850824,0.9883930836802809
2026-07-24T15:15:00+00:00,0.998427663850824,0.9898396899381624
2026-07-24T15:20:00+00:00,0.998427663850824,0.9899690088311269
2026-07-24T15:25:00+00:00,0.998427663850824,0.9897752939745549
2026-07-24T15:30:00+00:00,0.998427663850824,0.9897113583817626
2026-07-24T15:35:00+00:00,0.998427663850824,0.9897430115538333
2026-07-24T15:40:00+00:00,0.998427663850824,0.9901628468218476
2026-07-24T15:45:00+00:00,0.998427663850824,0.9895494830343666
2026-07-24T15:50:00+00:00,0.998427663850824,0.9895494925263655
2026-07-24T15:55:00+00:00,0.998427663850824,0.9898014435089408
2026-07-24T16:00:00+00:00,0.998427663850824,0.9900429954850878
2026-07-24T16:05:00+00:00,0.998427663850824,0.9900339553410669
2026-07-24T16:10:00+00:00,0.998427663850824,0.9899603407197642
2026-07-24T16:15:00+00:00,0.998427663850824,0.9898079384709125
2026-07-24T16:20:00+00:00,0.998427663850824,0.989784687160217
2026-07-24T16:25:00+00:00,0.998427663850824,0.990005584704636
2026-07-24T16:30:00+00:00,0.998427663850824,0.9896788458886648
2026-07-24T16:35:00+00:00,0.998427663850824,0.989517351096212
2026-07-24T16:40:00+00:00,0.998427663850824,0.9889352102695457
2026-07-24T16:45:00+00:00,0.998427663850824,0.9888712108593514
2026-07-24T16:50:00+00:00,0.998427663850824,0.9885802766323443
2026-07-24T16:55:00+00:00,0.998427663850824,0.988612612765951
2026-07-24T17:00:00+00:00,0.998427663850824,0.9888066010161156
2026-07-24T17:05:00+00:00,0.998427663850824,0.988935260957009
2026-07-24T17:10:00+00:00,0.998427663850824,0.9886449846582164
2026-07-24T17:15:00+00:00,0.998427663850824,0.9884516346015851
2026-07-24T17:20:00+00:00,0.998427663850824,0.9887420320982714
2026-07-24T17:25:00+00:00,0.998427663850824,0.989000661978496
2026-07-24T17:30:00+00:00,0.998427663850824,0.9889360210321101
2026-07-24T17:35:00+00:00,0.998427663850824,0.9890329861067124
2026-07-24T17:40:00+00:00,0.998427663850824,0.9890006668796649
2026-07-24T17:45:00+00:00,0.998427663850824,0.9887744122199388
2026-07-24T17:50:00+00:00,0.998427663850824,0.988677427066585
2026-07-24T17:55:00+00:00,0.998427663850824,0.9883541439262409
2026-07-24T18:00:00+00:00,0.998427663850824,0.9884188267471603
2026-07-24T18:05:00+00:00,0.998427663850824,0.9882888227004542
2026-07-24T18:10:00+00:00,0.998427663850824,0.9883218131204012
2026-07-24T18:15:00+00:00,0.998427663850824,0.9881924558590165
2026-07-24T18:20:00+00:00,0.998427663850824,0.9879983742793815
2026-07-24T18:25:00+00:00,0.998427663850824,0.9876424903931718
2026-07-24T18:30:00+00:00,0.998427663850824,0.9873835936598802
2026-07-24T18:35:00+00:00,0.998427663850824,0.9872217338650723
2026-07-24T18:40:00+00:00,0.998427663850824,0.9875131789769683
2026-07-24T18:45:00+00:00,0.998427663850824,0.9869628509426288
2026-07-24T18:50:00+00:00,0.998427663850824,0.9872219398746064
2026-07-24T18:55:00+00:00,0.998427663850824,0.9873190796619805
2026-07-24T19:00:00+00:00,0.998427663850824,0.9873190807236767
2026-07-24T19:05:00+00:00,0.998427663850824,0.9873838399445033
2026-07-24T19:10:00+00:00,0.998427663850824,0.98715721651864
2026-07-24T19:15:00+00:00,0.998427663850824,0.9870276906374331
2026-07-24T19:20:00+00:00,0.998427663850824,0.9868009847380892
2026-07-24T19:25:00+00:00,0.998427663850824,0.9867038182769189
2026-07-24T19:30:00+00:00,0.998427663850824,0.9869629922911468
2026-07-24T19:35:00+00:00,0.998427663850824,0.987286862801185
2026-07-24T19:40:00+00:00,0.998427663850824,0.9873988899853409
2026-07-24T19:45:00+00:00,0.998427663850824,0.9875782285251116
2026-07-24T19:50:00+00:00,0.998427663850824,0.9873833799102806
2026-07-24T19:55:00+00:00,0.998427663850824,0.987384027375641
2026-07-24T20:00:00+00:00,0.998427663850824,0.9872545343884442
2026-07-24T20:05:00+00:00,0.998427663850824,0.9873840443627835
2026-07-24T20:10:00+00:00,0.998427663850824,0.9873840443627835
2026-07-24T20:15:00+00:00,0.998427663850824,0.9873840443627835
2026-07-24T20:20:00+00:00,0.998427663850824,0.9870603118892218
2026-07-24T20:25:00+00:00,0.998427663850824,0.9870641979534418
2026-07-24T20:30:00+00:00,0.998427663850824,0.9870641979534418
2026-07-24T20:35:00+00:00,0.998427663850824,0.9871250793865326
2026-07-24T20:40:00+00:00,0.998427663850824,0.9871250793865326
2026-07-24T20:45:00+00:00,0.998427663850824,0.9873841333372967
2026-07-24T20:50:00+00:00,0.998427663850824,0.9873841333372967
2026-07-24T20:55:00+00:00,0.998427663850824,0.9872546403362034
2026-07-24T21:00:00+00:00,0.998427663850824,0.9867495513820762
2026-07-24T21:05:00+00:00,0.998427663850824,0.9866931856852
2026-07-24T21:10:00+00:00,0.998427663850824,0.9866931856852
2026-07-24T21:15:00+00:00,0.998427663850824,0.9866931856852
2026-07-24T21:20:00+00:00,0.998427663850824,0.9876436822511487
2026-07-24T21:25:00+00:00,0.998427663850824,0.9876436822511487
2026-07-24T21:30:00+00:00,0.998427663850824,0.9867374683599758
2026-07-24T21:35:00+00:00,0.998427663850824,0.9867374683599758
2026-07-24T21:40:00+00:00,0.998427663850824,0.9876445152777067
2026-07-24T21:45:00+00:00,0.998427663850824,0.9876445152777067
2026-07-24T21:50:00+00:00,0.998427663850824,0.9876445152777067
2026-07-24T21:55:00+00:00,0.998427663850824,0.9876445152777067
2026-07-24T22:00:00+00:00,0.998427663850824,0.9876445152777067
2026-07-24T22:05:00+00:00,0.998427663850824,0.9876445152777067
2026-07-24T22:10:00+00:00,0.998427663850824,0.9872561375681991
2026-07-24T22:15:00+00:00,0.998427663850824,0.9872561375681991
2026-07-24T22:20:00+00:00,0.998427663850824,0.9872561375681991
2026-07-24T22:25:00+00:00,0.998427663850824,0.9872561375681991
2026-07-24T22:30:00+00:00,0.998427663850824,0.9872561375681991
2026-07-24T22:35:00+00:00,0.998427663850824,0.9872561375681991
2026-07-24T22:40:00+00:00,0.998427663850824,0.9872561375681991
2026-07-24T22:45:00+00:00,0.998427663850824,0.9872561375681991
2026-07-24T22:50:00+00:00,0.998427663850824,0.9872561375681991
2026-07-24T22:55:00+00:00,0.998427663850824,0.9872561375681991
2026-07-24T23:00:00+00:00,0.998427663850824,0.987579913029818
2026-07-24T23:05:00+00:00,0.998427663850824,0.987579913029818
2026-07-24T23:10:00+00:00,0.998427663850824,0.987579913029818
2026-07-24T23:15:00+00:00,0.998427663850824,0.987579913029818
2026-07-24T23:20:00+00:00,0.998427663850824,0.987579913029818
2026-07-24T23:25:00+00:00,0.998427663850824,0.987579913029818
2026-07-24T23:30:00+00:00,0.998427663850824,0.987579913029818
2026-07-24T23:35:00+00:00,0.998427663850824,0.987579913029818
2026-07-24T23:40:00+00:00,0.998427663850824,0.987579913029818
2026-07-24T23:45:00+00:00,0.998427663850824,0.987579913029818
2026-07-24T23:50:00+00:00,0.998427663850824,0.987579913029818
2026-07-24T23:55:00+00:00,0.998427663850824,0.987579913029818
2026-07-25T00:00:00+00:00,0.998427663850824,0.9873857114213302
2026-07-27T08:05:00+00:00,0.998427663850824,0.9921776056318903
2026-07-27T08:10:00+00:00,0.998427663850824,0.9920487346609028
2026-07-27T08:15:00+00:00,0.998427663850824,0.9920487346609028
2026-07-27T08:20:00+00:00,0.998427663850824,0.9920487346609028
2026-07-27T08:25:00+00:00,0.998427663850824,0.9920487346609028
2026-07-27T08:30:00+00:00,0.998427663850824,0.9920487346609028
2026-07-27T08:35:00+00:00,0.998427663850824,0.9920487346609028
2026-07-27T08:40:00+00:00,0.998427663850824,0.9913398522339008
2026-07-27T08:45:00+00:00,0.998427663850824,0.9913398522339008
2026-07-27T08:50:00+00:00,0.998427663850824,0.9913398522339008
2026-07-27T08:55:00+00:00,0.998427663850824,0.9913398522339008
2026-07-27T09:00:00+00:00,0.998427663850824,0.9922427118443141
2026-07-27T09:05:00+00:00,0.998427663850824,0.9922427118443141
2026-07-27T09:10:00+00:00,0.998427663850824,0.9922427118443141
2026-07-27T09:15:00+00:00,0.998427663850824,0.9922427118443141
2026-07-27T09:20:00+00:00,0.998427663850824,0.9922427118443141
2026-07-27T09:25:00+00:00,0.998427663850824,0.9922427118443141
2026-07-27T09:30:00+00:00,0.998427663850824,0.9922427118443141
2026-07-27T09:35:00+00:00,0.998427663850824,0.9917272610849144
2026-07-27T09:40:00+00:00,0.998427663850824,0.9917272610849144
2026-07-27T09:45:00+00:00,0.998427663850824,0.9917272610849144
2026-07-27T09:50:00+00:00,0.998427663850824,0.9917272610849144
2026-07-27T09:55:00+00:00,0.998427663850824,0.9917272610849144
2026-07-27T10:00:00+00:00,0.998427663850824,0.9927586986939471
2026-07-27T10:05:00+00:00,0.998427663850824,0.9927586986939471
2026-07-27T10:10:00+00:00,0.998427663850824,0.9927586986939471
2026-07-27T10:15:00+00:00,0.998427663850824,0.9927586986939471
2026-07-27T10:20:00+00:00,0.998427663850824,0.9927586986939471
2026-07-27T10:25:00+00:00,0.998427663850824,0.9927586986939471
2026-07-27T10:30:00+00:00,0.998427663850824,0.9927586986939471
2026-07-27T10:35:00+00:00,0.998427663850824,0.9927586986939471
2026-07-27T10:40:00+00:00,0.998427663850824,0.9927586986939471
2026-07-27T10:45:00+00:00,0.998427663850824,0.9927586986939471
2026-07-27T10:50:00+00:00,0.998427663850824,0.9927586986939471
2026-07-27T10:55:00+00:00,0.998427663850824,0.9927586986939471
2026-07-27T11:00:00+00:00,0.998427663850824,0.9927586986939471
2026-07-27T11:05:00+00:00,0.998427663850824,0.992243515145066
2026-07-27T11:10:00+00:00,0.998427663850824,0.992243515145066
2026-07-27T11:15:00+00:00,0.998427663850824,0.992243515145066
2026-07-27T11:20:00+00:00,0.998427663850824,0.993494772876502
2026-07-27T11:25:00+00:00,0.998427663850824,0.993494772876502
2026-07-27T11:30:00+00:00,0.998427663850824,0.993494772876502
2026-07-27T11:35:00+00:00,0.998427663850824,0.993494772876502
2026-07-27T11:40:00+00:00,0.998427663850824,0.9926337651802576
2026-07-27T11:45:00+00:00,0.998427663850824,0.9923091578477944
2026-07-27T11:50:00+00:00,0.998427663850824,0.9923091578477944
2026-07-27T11:55:00+00:00,0.998427663850824,0.9923091578477944
2026-07-27T12:00:00+00:00,0.998427663850824,0.9923091578477944
2026-07-27T12:05:00+00:00,0.998427663850824,0.9925024397250535
2026-07-27T12:10:00+00:00,0.998427663850824,0.9925024397250535
2026-07-27T12:15:00+00:00,0.998427663850824,0.9911497300135902
2026-07-27T12:20:00+00:00,0.998427663850824,0.9911497300135902
2026-07-27T12:25:00+00:00,0.998427663850824,0.9911497300135902
2026-07-27T12:30:00+00:00,0.998427663850824,0.9911497300135902
2026-07-27T12:35:00+00:00,0.998427663850824,0.9911497300135902
2026-07-27T12:40:00+00:00,0.998427663850824,0.9911497300135902
2026-07-27T12:45:00+00:00,0.998427663850824,0.9910852272327745
2026-07-27T12:50:00+00:00,0.998427663850824,0.9910207202536523
2026-07-27T12:55:00+00:00,0.998427663850824,0.9907633206524408
2026-07-27T13:00:00+00:00,0.998427663850824,0.9907633206524408
2026-07-27T13:05:00+00:00,0.998427663850824,0.9911498430283859
2026-07-27T13:10:00+00:00,0.998427663850824,0.9908918318757038
2026-07-27T13:15:00+00:00,0.998427663850824,0.9913434689914175
2026-07-27T13:20:00+00:00,0.998427663850824,0.9906340767094173
2026-07-27T13:25:00+00:00,0.998427663850824,0.9908922223971594
2026-07-27T13:30:00+00:00,0.998427663850824,0.9899244281963546
2026-07-27T13:35:00+00:00,0.998427663850824,0.9903765074628849
2026-07-27T13:40:00+00:00,0.998427663850824,0.9911433547227245
2026-07-27T13:45:00+00:00,0.998427663850824,0.99121560589001
2026-07-27T13:50:00+00:00,0.998427663850824,0.9915058499182835
2026-07-27T13:55:00+00:00,0.998427663850824,0.9909577024216156
2026-07-27T14:00:00+00:00,0.998427663850824,0.9896673130985626
2026-07-27T14:05:00+00:00,0.998427663850824,0.9897965124866956
2026-07-27T14:10:00+00:00,0.998427663850824,0.9900871584189765
2026-07-27T14:15:00+00:00,0.998427663850824,0.989990297855102
2026-07-27T14:20:00+00:00,0.998427663850824,0.989925719231628
2026-07-27T14:25:00+00:00,0.998427663850824,0.9896351069997656
2026-07-27T14:30:00+00:00,0.998427663850824,0.9890859747565645
2026-07-27T14:35:00+00:00,0.998427663850824,0.9889566951463399
2026-07-27T14:40:00+00:00,0.998427663850824,0.9888920489615297
2026-07-27T14:45:00+00:00,0.998427663850824,0.9890213465308063
2026-07-27T14:50:00+00:00,0.998427663850824,0.9893768770802128
2026-07-27T14:55:00+00:00,0.998427663850824,0.9896030425213845
2026-07-27T15:00:00+00:00,0.998427663850824,0.9899906956446192
2026-07-27T15:05:00+00:00,0.998427663850824,0.9898615341326579
2026-07-27T15:10:00+00:00,0.998427663850824,0.9895708733208123
2026-07-27T15:15:00+00:00,0.998427663850824,0.9899262192523963
2026-07-27T15:20:00+00:00,0.998427663850824,0.9901199594343425
2026-07-27T15:25:00+00:00,0.998427663850824,0.9898939724192415
2026-07-27T15:30:00+00:00,0.998427663850824,0.9900231476447473
2026-07-27T15:35:00+00:00,0.998427663850824,0.9895710770104537
2026-07-27T15:40:00+00:00,0.998427663850824,0.9896040261029181
2026-07-27T15:45:00+00:00,0.998427663850824,0.9899263776370183
2026-07-27T15:50:00+00:00,0.998427663850824,0.9898617947574752
2026-07-27T15:55:00+00:00,0.998427663850824,0.9902169942798215
2026-07-27T16:00:00+00:00,0.998427663850824,0.990249288876341
2026-07-27T16:05:00+00:00,0.998427663850824,0.9903138507024513
2026-07-27T16:10:00+00:00,0.998427663850824,0.9909271126164274
2026-07-27T16:15:00+00:00,0.998427663850824,0.9906045147430422
2026-07-27T16:20:00+00:00,0.998427663850824,0.9904431616833097
2026-07-27T16:25:00+00:00,0.998427663850824,0.9905722601141859
2026-07-27T16:30:00+00:00,0.998427663850824,0.9910879411383138
2026-07-27T16:35:00+00:00,0.998427663850824,0.9917987684774819
2026-07-27T16:40:00+00:00,0.998427663850824,0.9916685623399137
2026-07-27T16:45:00+00:00,0.998427663850824,0.9913468712896641
2026-07-27T16:50:00+00:00,0.998427663850824,0.9908954714692775
2026-07-27T16:55:00+00:00,0.998427663850824,0.9906051322570355
2026-07-27T17:00:00+00:00,0.998427663850824,0.9907012949808
2026-07-27T17:05:00+00:00,0.998427663850824,0.989927484805602
2026-07-27T17:10:00+00:00,0.998427663850824,0.9897983189020523
2026-07-27T17:15:00+00:00,0.998427663850824,0.9896691487840056
2026-07-27T17:20:00+00:00,0.998427663850824,0.9896698042082983
2026-07-27T17:25:00+00:00,0.998427663850824,0.9896691623845584
2026-07-27T17:30:00+00:00,0.998427663850824,0.9897983588517952
2026-07-27T17:35:00+00:00,0.998427663850824,0.9896691760850435
2026-07-27T17:40:00+00:00,0.998427663850824,0.9895399765384563
2026-07-27T17:45:00+00:00,0.998427663850824,0.9896691930410076
2026-07-27T17:50:00+00:00,0.998427663850824,0.989798392674564
2026-07-27T17:55:00+00:00,0.998427663850824,0.9898952776456901
2026-07-27T18:00:00+00:00,0.998427663850824,0.9899921531567185
2026-07-27T18:05:00+00:00,0.998427663850824,0.9900890212734657
2026-07-27T18:10:00+00:00,0.998427663850824,0.9902181661272156
2026-07-27T18:15:00+00:00,0.998427663850824,0.9900567596472213
2026-07-27T18:20:00+00:00,0.998427663850824,0.9899276063663542
2026-07-27T18:25:00+00:00,0.998427663850824,0.9899599124778142
2026-07-27T18:30:00+00:00,0.998427663850824,0.9900244922787353
2026-07-27T18:35:00+00:00,0.998427663850824,0.9897984740331561
2026-07-27T18:40:00+00:00,0.998427663850824,0.9896369913406027
2026-07-27T18:45:00+00:00,0.998427663850824,0.9899277000331436
2026-07-27T18:50:00+00:00,0.998427663850824,0.9898308297975421
2026-07-27T18:55:00+00:00,0.998427663850824,0.9901537762346702
2026-07-27T19:00:00+00:00,0.998427663850824,0.9901544229484588
2026-07-27T19:05:00+00:00,0.998427663850824,0.9901537782981071
2026-07-27T19:10:00+00:00,0.998427663850824,0.9904443732267085
2026-07-27T19:15:00+00:00,0.998427663850824,0.9904766499774491
2026-07-27T19:20:00+00:00,0.998427663850824,0.9909284960913355
2026-07-27T19:25:00+00:00,0.998427663850824,0.9910575316400159
2026-07-27T19:30:00+00:00,0.998427663850824,0.9911536485307324
2026-07-27T19:35:00+00:00,0.998427663850824,0.9910575389452219
2026-07-27T19:40:00+00:00,0.998427663850824,0.9911543030087783
2026-07-27T19:45:00+00:00,0.998427663850824,0.9912826599795742
2026-07-27T19:50:00+00:00,0.998427663850824,0.9915412836659248
2026-07-27T19:55:00+00:00,0.998427663850824,0.9913478499391073
2026-07-27T20:00:00+00:00,0.998427663850824,0.9908319259995085
2026-07-27T20:05:00+00:00,0.998427663850824,0.990896450089506
2026-07-27T20:10:00+00:00,0.998427663850824,0.9907028904235164
2026-07-27T20:15:00+00:00,0.998427663850824,0.9905738254299751
2026-07-27T20:20:00+00:00,0.998427663850824,0.9905738254299751
2026-07-27T20:25:00+00:00,0.998427663850824,0.9904447436179566
2026-07-27T20:30:00+00:00,0.998427663850824,0.9903801942994205
2026-07-27T20:35:00+00:00,0.998427663850824,0.9906383410984039
2026-07-27T20:40:00+00:00,0.998427663850824,0.9907675154811263
2026-07-27T20:45:00+00:00,0.998427663850824,0.9908243744490162
2026-07-27T20:50:00+00:00,0.998427663850824,0.9907675056907972
2026-07-27T20:55:00+00:00,0.998427663850824,0.9908967306165426
2026-07-27T21:00:00+00:00,0.998427663850824,0.9908967306165426
2026-07-27T21:05:00+00:00,0.998427663850824,0.9908967306165426
2026-07-27T21:10:00+00:00,0.998427663850824,0.9908967306165426
2026-07-27T21:15:00+00:00,0.998427663850824,0.9903796286044793
2026-07-27T21:20:00+00:00,0.998427663850824,0.9903796286044793
2026-07-27T21:25:00+00:00,0.998427663850824,0.9902557182117436
2026-07-27T21:30:00+00:00,0.998427663850824,0.9902505572160943
2026-07-27T21:35:00+00:00,0.998427663850824,0.9902505572160943
2026-07-27T21:40:00+00:00,0.998427663850824,0.9902505572160943
2026-07-27T21:45:00+00:00,0.998427663850824,0.9902505572160943
2026-07-27T21:50:00+00:00,0.998427663850824,0.9902505572160943
2026-07-27T21:55:00+00:00,0.998427663850824,0.9902505572160943
2026-07-27T22:00:00+00:00,0.998427663850824,0.9902505572160943
2026-07-27T22:05:00+00:00,0.998427663850824,0.9902505572160943
2026-07-27T22:10:00+00:00,0.998427663850824,0.988766794166194
2026-07-27T22:15:00+00:00,0.998427663850824,0.988766794166194
2026-07-27T22:20:00+00:00,0.998427663850824,0.988766794166194
2026-07-27T22:25:00+00:00,0.998427663850824,0.988766794166194
2026-07-27T22:30:00+00:00,0.998427663850824,0.9913356868504397
2026-07-27T22:35:00+00:00,0.998427663850824,0.9913356868504397
2026-07-27T22:40:00+00:00,0.998427663850824,0.9912204754687086
2026-07-27T22:45:00+00:00,0.998427663850824,0.9910768405307521
2026-07-27T22:50:00+00:00,0.998427663850824,0.9910768405307521
2026-07-27T22:55:00+00:00,0.998427663850824,0.9910768405307521
2026-07-27T23:00:00+00:00,0.998427663850824,0.9910768405307521
2026-07-27T23:05:00+00:00,0.998427663850824,0.9910768405307521
2026-07-27T23:10:00+00:00,0.998427663850824,0.9910768405307521
2026-07-27T23:15:00+00:00,0.998427663850824,0.991525683735743
2026-07-27T23:20:00+00:00,0.998427663850824,0.991525683735743
2026-07-27T23:25:00+00:00,0.998427663850824,0.991525683735743
2026-07-27T23:30:00+00:00,0.998427663850824,0.991525683735743
2026-07-27T23:35:00+00:00,0.998427663850824,0.991525683735743
2026-07-27T23:40:00+00:00,0.998427663850824,0.991525683735743
2026-07-27T23:45:00+00:00,0.998427663850824,0.991525683735743
2026-07-27T23:50:00+00:00,0.998427663850824,0.991525683735743
2026-07-27T23:55:00+00:00,0.998427663850824,0.991525683735743
2026-07-28T00:00:00+00:00,0.998427663850824,0.991525683735743
2026-07-28T08:05:00+00:00,0.998427663850824,0.9941662672532744
2026-07-28T08:10:00+00:00,0.998427663850824,0.9938398401889018
2026-07-28T08:15:00+00:00,0.998427663850824,0.9938398401889018
2026-07-28T08:20:00+00:00,0.998427663850824,0.9938398401889018
2026-07-28T08:25:00+00:00,0.998427663850824,0.9938398401889018
2026-07-28T08:30:00+00:00,0.998427663850824,0.9938398401889018
2026-07-28T08:35:00+00:00,0.998427663850824,0.9938398401889018
2026-07-28T08:40:00+00:00,0.998427663850824,0.9938398401889018
2026-07-28T08:45:00+00:00,0.998427663850824,0.9948833785432148
2026-07-28T08:50:00+00:00,0.998427663850824,0.9948833785432148
2026-07-28T08:55:00+00:00,0.998427663850824,0.9946217091427689
2026-07-28T09:00:00+00:00,0.998427663850824,0.9946217091427689
2026-07-28T09:05:00+00:00,0.998427663850824,0.9950688770467084
2026-07-28T09:10:00+00:00,0.998427663850824,0.9950688770467084
2026-07-28T09:15:00+00:00,0.998427663850824,0.9952102785944666
2026-07-28T09:20:00+00:00,0.998427663850824,0.9952102785944666
2026-07-28T09:25:00+00:00,0.998427663850824,0.9949581227080077
2026-07-28T09:30:00+00:00,0.998427663850824,0.995144631955738
2026-07-28T09:35:00+00:00,0.998427663850824,0.995144631955738
2026-07-28T09:40:00+00:00,0.998427663850824,0.9962577691279481
2026-07-28T09:45:00+00:00,0.998427663850824,0.9962577691279481
2026-07-28T09:50:00+00:00,0.998427663850824,0.9962577691279481
2026-07-28T09:55:00+00:00,0.998427663850824,0.9965205646354995
2026-07-28T10:00:00+00:00,0.998427663850824,0.9975734127845675
2026-07-28T10:05:00+00:00,0.998427663850824,0.9973755339007832
2026-07-28T10:10:00+00:00,0.998427663850824,0.9973755339007832
2026-07-28T10:15:00+00:00,0.998427663850824,0.9973755339007832
2026-07-28T10:20:00+00:00,0.998427663850824,0.9973755339007832
2026-07-28T10:25:00+00:00,0.998427663850824,0.9978369766461438
2026-07-28T10:30:00+00:00,0.998427663850824,0.9979689612723429
2026-07-28T10:35:00+00:00,0.998427663850824,0.9977708467352984
2026-07-28T10:40:00+00:00,0.998427663850824,0.9977708467352984
2026-07-28T10:45:00+00:00,0.998427663850824,0.9977708467352984
2026-07-28T10:50:00+00:00,0.998427663850824,0.997045251858818
2026-07-28T10:55:00+00:00,0.998427663850824,0.997045251858818
2026-07-28T11:00:00+00:00,0.998427663850824,0.9968476867494668
2026-07-28T11:05:00+00:00,0.998427663850824,0.9968476867494668
2026-07-28T11:10:00+00:00,0.998427663850824,0.9967818708451521
2026-07-28T11:15:00+00:00,0.998427663850824,0.9969792794543767
2026-07-28T11:20:00+00:00,0.998427663850824,0.9963862318207829
2026-07-28T11:25:00+00:00,0.998427663850824,0.9966589892655096
2026-07-28T11:30:00+00:00,0.998427663850824,0.9968333027961072
2026-07-28T11:35:00+00:00,0.998427663850824,0.9968333027961072
2026-07-28T11:40:00+00:00,0.998427663850824,0.9964515861402538
2026-07-28T11:45:00+00:00,0.998427663850824,0.9967349154934841
2026-07-28T11:50:00+00:00,0.998427663850824,0.9970434883033062
2026-07-28T11:55:00+00:00,0.998427663850824,0.9970434883033062
2026-07-28T12:00:00+00:00,0.998427663850824,0.9970434883033062
2026-07-28T12:05:00+00:00,0.998427663850824,0.9970342686145108
2026-07-28T12:10:00+00:00,0.998427663850824,0.9969117818613185
2026-07-28T12:15:00+00:00,0.998427663850824,0.9969117818613185
2026-07-28T12:20:00+00:00,0.998427663850824,0.997036856635852
2026-07-28T12:25:00+00:00,0.998427663850824,0.997036856635852
2026-07-28T12:30:00+00:00,0.998427663850824,0.9961419060485625
2026-07-28T12:35:00+00:00,0.998427663850824,0.996843988872073
2026-07-28T12:40:00+00:00,0.998427663850824,0.996843988872073
2026-07-28T12:45:00+00:00,0.998427663850824,0.995922569629751
2026-07-28T12:50:00+00:00,0.998427663850824,0.995922569629751
2026-07-28T12:55:00+00:00,0.998427663850824,0.995922569629751
2026-07-28T13:00:00+00:00,0.998427663850824,0.9967068898292419
2026-07-28T13:05:00+00:00,0.998427663850824,0.9967068898292419
2026-07-28T13:10:00+00:00,0.998427663850824,0.9967068898292419
2026-07-28T13:15:00+00:00,0.998427663850824,0.9961180800745887
2026-07-28T13:20:00+00:00,0.998427663850824,0.9965121141252511
2026-07-28T13:25:00+00:00,0.998427663850824,0.9961176121006569
2026-07-28T13:30:00+00:00,0.998427663850824,0.9963803013443543
2026-07-28T13:35:00+00:00,0.998427663850824,0.9963800931364526
2026-07-28T13:40:00+00:00,0.998427663850824,0.9975631301863508
2026-07-28T13:45:00+00:00,0.998427663850824,0.9972326758566606
2026-07-28T13:50:00+00:00,0.998427663850824,0.9972003816050256
2026-07-28T13:55:00+00:00,0.998427663850824,0.996903916033761
2026-07-28T14:00:00+00:00,0.998427663850824,0.9974963708174578
2026-07-28T14:05:00+00:00,0.998427663850824,0.9970017772182822
2026-07-28T14:10:00+00:00,0.998427663850824,0.9965665525108129
2026-07-28T14:15:00+00:00,0.998427663850824,0.9970998363601227
2026-07-28T14:20:00+00:00,0.998427663850824,0.9977585097888187
2026-07-28T14:25:00+00:00,0.998427663850824,0.9980885000354746
2026-07-28T14:30:00+00:00,0.998427663850824,0.9975598746615816
2026-07-28T14:35:00+00:00,0.998427663850824,0.9976917921271544
2026-07-28T14:40:00+00:00,0.998427663850824,0.997658799673711
2026-07-28T14:45:00+00:00,0.998427663850824,0.9973617792142319
2026-07-28T14:50:00+00:00,0.998427663850824,0.9967677138173711
2026-07-28T14:55:00+00:00,0.998427663850824,0.9969328961371339
2026-07-28T15:00:00+00:00,0.998427663850824,0.9971631215586946
2026-07-28T15:05:00+00:00,0.998427663850824,0.9971631182940648
2026-07-28T15:10:00+00:00,0.998427663850824,0.9968337171582647
2026-07-28T15:15:00+00:00,0.998427663850824,0.9960440807527287
2026-07-28T15:20:00+00:00,0.998427663850824,0.995879816846519
2026-07-28T15:25:00+00:00,0.998427663850824,0.9958141937427082
2026-07-28T15:30:00+00:00,0.998427663850824,0.9958798071177984
2026-07-28T15:35:00+00:00,0.998427663850824,0.9960438535243022
2026-07-28T15:40:00+00:00,0.998427663850824,0.9956171103365802
2026-07-28T15:45:00+00:00,0.998427663850824,0.9951908309586952
2026-07-28T15:50:00+00:00,0.998427663850824,0.9948634310919915
2026-07-28T15:55:00+00:00,0.998427663850824,0.9945363315549062
2026-07-28T16:00:00+00:00,0.998427663850824,0.9945363189230313
2026-07-28T16:05:00+00:00,0.998427663850824,0.9949938474609165
2026-07-28T16:10:00+00:00,0.998427663850824,0.9948956701966623
2026-07-28T16:15:00+00:00,0.998427663850824,0.9947647897805456
2026-07-28T16:20:00+00:00,0.998427663850824,0.9946993834560154
2026-07-28T16:25:00+00:00,0.998427663850824,0.9948955798528226
2026-07-28T16:30:00+00:00,0.998427663850824,0.995059160184926
2026-07-28T16:35:00+00:00,0.998427663850824,0.9949282313480596
2026-07-28T16:40:00+00:00,0.998427663850824,0.9950918407210558
2026-07-28T16:45:00+00:00,0.998427663850824,0.9952554985276382
2026-07-28T16:50:00+00:00,0.998427663850824,0.9955501917672693
2026-07-28T16:55:00+00:00,0.998427663850824,0.9955501788130267
2026-07-28T17:00:00+00:00,0.998427663850824,0.9956157402340876
2026-07-28T17:05:00+00:00,0.998427663850824,0.9953862299205252
2026-07-28T17:10:00+00:00,0.998427663850824,0.9955172718390299
2026-07-28T17:15:00+00:00,0.998427663850824,0.995713936649745
2026-07-28T17:20:00+00:00,0.998427663850824,0.9959094222595105
2026-07-28T17:25:00+00:00,0.998427663850824,0.995713853128517
2026-07-28T17:30:00+00:00,0.998427663850824,0.9956482107089374
2026-07-28T17:35:00+00:00,0.998427663850824,0.9959105340420182
2026-07-28T17:40:00+00:00,0.998427663850824,0.9964028636196908
2026-07-28T17:45:00+00:00,0.998427663850824,0.9967644378147957
2026-07-28T17:50:00+00:00,0.998427663850824,0.99669862759217
2026-07-28T17:55:00+00:00,0.998427663850824,0.9969946766894746
2026-07-28T18:00:00+00:00,0.998427663850824,0.9968629819960344
2026-07-28T18:05:00+00:00,0.998427663850824,0.9966332072494752
2026-07-28T18:10:00+00:00,0.998427663850824,0.9965996422629146
2026-07-28T18:15:00+00:00,0.998427663850824,0.9967969656715366
2026-07-28T18:20:00+00:00,0.998427663850824,0.9967640420127997
2026-07-28T18:25:00+00:00,0.998427663850824,0.9969680272603729
2026-07-28T18:30:00+00:00,0.998427663850824,0.9969285043827364
2026-07-28T18:35:00+00:00,0.998427663850824,0.9973235752848657
2026-07-28T18:40:00+00:00,0.998427663850824,0.9973235720179842
2026-07-28T18:45:00+00:00,0.998427663850824,0.9973565283186918
2026-07-28T18:50:00+00:00,0.998427663850824,0.9973565250512705
2026-07-28T18:55:00+00:00,0.998427663850824,0.9974883489134999
2026-07-28T19:00:00+00:00,0.998427663850824,0.9974883360929062
2026-07-28T19:05:00+00:00,0.998427663850824,0.9972575472232661
2026-07-28T19:10:00+00:00,0.998427663850824,0.9972245974595965
2026-07-28T19:15:00+00:00,0.998427663850824,0.9972904904553319
2026-07-28T19:20:00+00:00,0.998427663850824,0.9973234434850192
2026-07-28T19:25:00+00:00,0.998427663850824,0.9973893560779401
2026-07-28T19:30:00+00:00,0.998427663850824,0.9973893528095474
2026-07-28T19:35:00+00:00,0.998427663850824,0.9968949103383946
2026-07-28T19:40:00+00:00,0.998427663850824,0.9972240130529287
2026-07-28T19:45:00+00:00,0.998427663850824,0.9970592846844328
2026-07-28T19:50:00+00:00,0.998427663850824,0.9970263545277287
2026-07-28T19:55:00+00:00,0.998427663850824,0.9968946469511729
2026-07-28T20:00:00+00:00,0.998427663850824,0.9970263023456459
2026-07-28T20:05:00+00:00,0.998427663850824,0.9970263023456459
2026-07-28T20:10:00+00:00,0.998427663850824,0.9972238898049701
2026-07-28T20:15:00+00:00,0.998427663850824,0.9972897827539463
2026-07-28T20:20:00+00:00,0.998427663850824,0.9970261587035223
2026-07-28T20:25:00+00:00,0.998427663850824,0.9970261587035223
2026-07-28T20:30:00+00:00,0.998427663850824,0.9968944511528349
2026-07-28T20:35:00+00:00,0.998427663850824,0.9966311404156049
2026-07-28T20:40:00+00:00,0.998427663850824,0.9966969159660546
2026-07-28T20:45:00+00:00,0.998427663850824,0.9966969159660546
2026-07-28T20:50:00+00:00,0.998427663850824,0.9964337616648093
2026-07-28T20:55:00+00:00,0.998427663850824,0.9964337616648093
2026-07-28T21:00:00+00:00,0.998427663850824,0.9965823261391045
2026-07-28T21:05:00+00:00,0.998427663850824,0.9966309929088063
2026-07-28T21:10:00+00:00,0.998427663850824,0.9966309929088063
2026-07-28T21:15:00+00:00,0.998427663850824,0.9966309929088063
2026-07-28T21:20:00+00:00,0.998427663850824,0.9966309929088063
2026-07-28T21:25:00+00:00,0.998427663850824,0.9966309929088063
2026-07-28T21:30:00+00:00,0.998427663850824,0.9966309929088063
2026-07-28T21:35:00+00:00,0.998427663850824,0.9966309929088063
2026-07-28T21:40:00+00:00,0.998427663850824,0.9966309929088063
2026-07-28T21:45:00+00:00,0.998427663850824,0.9966309929088063
2026-07-28T21:50:00+00:00,0.998427663850824,0.9968283195309503
2026-07-28T21:55:00+00:00,0.998427663850824,0.9968283195309503
2026-07-28T22:00:00+00:00,0.998427663850824,0.9974248350986883
2026-07-28T22:05:00+00:00,0.998427663850824,0.9974248350986883
2026-07-28T22:10:00+00:00,0.998427663850824,0.9974248350986883
2026-07-28T22:15:00+00:00,0.998427663850824,0.9970252817904456
2026-07-28T22:20:00+00:00,0.998427663850824,0.9975126828237133
2026-07-28T22:25:00+00:00,0.998427663850824,0.9976839968899667
2026-07-28T22:30:00+00:00,0.998427663850824,0.9976839968899667
2026-07-28T22:35:00+00:00,0.998427663850824,0.9983438408032536
2026-07-28T22:40:00+00:00,0.998427663850824,0.9983438408032536
2026-07-28T22:45:00+00:00,0.998427663850824,0.9983438408032536
2026-07-28T22:50:00+00:00,0.998427663850824,0.9983438408032536
2026-07-28T22:55:00+00:00,0.998427663850824,0.9983438408032536
2026-07-28T23:00:00+00:00,0.998427663850824,0.9975504549695026
2026-07-28T23:05:00+00:00,0.998427663850824,0.9975504549695026
2026-07-28T23:10:00+00:00,0.998427663850824,0.9975504549695026
2026-07-28T23:15:00+00:00,0.998427663850824,0.9975504549695026
2026-07-28T23:20:00+00:00,0.998427663850824,0.9983419522889706
2026-07-28T23:25:00+00:00,0.998427663850824,0.9980113754835769
2026-07-28T23:30:00+00:00,0.998427663850824,0.9980113754835769
2026-07-28T23:35:00+00:00,0.998427663850824,0.9980113754835769
2026-07-28T23:40:00+00:00,0.998427663850824,0.9980113754835769
2026-07-28T23:45:00+00:00,0.998427663850824,0.9976811268484069
2026-07-28T23:50:00+00:00,0.998427663850824,0.9976811268484069
2026-07-28T23:55:00+00:00,0.998427663850824,0.9976811268484069
2026-07-29T00:00:00+00:00,0.998427663850824,0.9976811268484069
2026-07-29T08:05:00+00:00,0.998427663850824,0.9949798277771639
2026-07-29T08:10:00+00:00,0.998427663850824,0.9949798277771639
2026-07-29T08:15:00+00:00,0.998427663850824,0.9949798277771639
2026-07-29T08:20:00+00:00,0.998427663850824,0.9949798277771639
2026-07-29T08:25:00+00:00,0.998427663850824,0.9953725313008229
2026-07-29T08:30:00+00:00,0.998427663850824,0.9953725313008229
2026-07-29T08:35:00+00:00,0.998427663850824,0.9953725313008229
2026-07-29T08:40:00+00:00,0.998427663850824,0.9953725313008229
2026-07-29T08:45:00+00:00,0.998427663850824,0.9953725313008229
2026-07-29T08:50:00+00:00,0.998427663850824,0.9953725313008229
2026-07-29T08:55:00+00:00,0.998427663850824,0.9953725313008229
2026-07-29T09:00:00+00:00,0.998427663850824,0.9953725313008229
2026-07-29T09:05:00+00:00,0.998427663850824,0.9953725313008229
2026-07-29T09:10:00+00:00,0.998427663850824,0.9953725313008229
2026-07-29T09:15:00+00:00,0.998427663850824,0.9953725313008229
2026-07-29T09:20:00+00:00,0.998427663850824,0.9956346438831274
2026-07-29T09:25:00+00:00,0.998427663850824,0.9956346438831274
2026-07-29T09:30:00+00:00,0.998427663850824,0.9956346438831274
2026-07-29T09:35:00+00:00,0.998427663850824,0.9956346438831274
2026-07-29T09:40:00+00:00,0.998427663850824,0.9956346438831274
2026-07-29T09:45:00+00:00,0.998427663850824,0.9956346438831274
2026-07-29T09:50:00+00:00,0.998427663850824,0.9959625435814159
2026-07-29T09:55:00+00:00,0.998427663850824,0.9959625435814159
2026-07-29T10:00:00+00:00,0.998427663850824,0.9960386915217373
2026-07-29T10:05:00+00:00,0.998427663850824,0.9960386915217373
2026-07-29T10:10:00+00:00,0.998427663850824,0.9960990985702841
2026-07-29T10:15:00+00:00,0.998427663850824,0.9960990985702841
2026-07-29T10:20:00+00:00,0.998427663850824,0.9960990985702841
2026-07-29T10:25:00+00:00,0.998427663850824,0.9960990985702841
2026-07-29T10:30:00+00:00,0.998427663850824,0.9960990985702841
2026-07-29T10:35:00+00:00,0.998427663850824,0.9960833373423402
2026-07-29T10:40:00+00:00,0.998427663850824,0.9960833373423402
2026-07-29T10:45:00+00:00,0.998427663850824,0.9960833373423402
2026-07-29T10:50:00+00:00,0.998427663850824,0.9960833373423402
2026-07-29T10:55:00+00:00,0.998427663850824,0.9960833373423402
2026-07-29T11:00:00+00:00,0.998427663850824,0.997013205650549
2026-07-29T11:05:00+00:00,0.998427663850824,0.996815646891173
2026-07-29T11:10:00+00:00,0.998427663850824,0.996815646891173
2026-07-29T11:15:00+00:00,0.998427663850824,0.9968090655122815
2026-07-29T11:20:00+00:00,0.998427663850824,0.9968090655122815
2026-07-29T11:25:00+00:00,0.998427663850824,0.9968090655122815
2026-07-29T11:30:00+00:00,0.998427663850824,0.9968090655122815
2026-07-29T11:35:00+00:00,0.998427663850824,0.9964207718487538
2026-07-29T11:40:00+00:00,0.998427663850824,0.996355036212664
2026-07-29T11:45:00+00:00,0.998427663850824,0.996355036212664
2026-07-29T11:50:00+00:00,0.998427663850824,0.996355036212664
2026-07-29T11:55:00+00:00,0.998427663850824,0.9962235909572269
2026-07-29T12:00:00+00:00,0.998427663850824,0.9962341024169046
2026-07-29T12:05:00+00:00,0.998427663850824,0.996427256602505
2026-07-29T12:10:00+00:00,0.998427663850824,0.9965521567718928
2026-07-29T12:15:00+00:00,0.998427663850824,0.9965521567718928
2026-07-29T12:20:00+00:00,0.998427663850824,0.9977358666057251
2026-07-29T12:25:00+00:00,0.998427663850824,0.9983298355698375
2026-07-29T12:30:00+00:00,0.998427663850824,0.9982637210111904
2026-07-29T12:35:00+00:00,0.998427663850824,0.9983298224362342
2026-07-29T12:40:00+00:00,0.998427663850824,0.9983298224362342
2026-07-29T12:45:00+00:00,0.998427663850824,0.9983298224362342
2026-07-29T12:50:00+00:00,0.998427663850824,0.9983298224362342
2026-07-29T12:55:00+00:00,0.998427663850824,0.9983298224362342
2026-07-29T13:00:00+00:00,0.998427663850824,0.9983298224362342
2026-07-29T13:05:00+00:00,0.998427663850824,0.9978670205317937
2026-07-29T13:10:00+00:00,0.998427663850824,0.9978670205317937
2026-07-29T13:15:00+00:00,0.998427663850824,0.9979264409577879
2026-07-29T13:20:00+00:00,0.998427663850824,0.9979990788983297
2026-07-29T13:25:00+00:00,0.998427663850824,0.9977348832454116
2026-07-29T13:30:00+00:00,0.998427663850824,0.9981968586510683
2026-07-29T13:35:00+00:00,0.998427663850824,0.9981635781236705
2026-07-29T13:40:00+00:00,0.998427663850824,0.9983287626054642
2026-07-29T13:45:00+00:00,0.998427663850824,0.998527135628596
2026-07-29T13:50:00+00:00,0.998427663850824,0.9984940389478046
2026-07-29T13:55:00+00:00,0.998427663850824,0.9991553677200182
2026-07-29T14:00:00+00:00,0.998427663850824,0.9993216821931915
2026-07-29T14:05:00+00:00,0.998427663850824,0.999553110881756
2026-07-29T14:10:00+00:00,0.998427663850824,1.0002497196988132
2026-07-29T14:15:00+00:00,0.998427663850824,1.0004492409130274
2026-07-29T14:20:00+00:00,0.998427663850824,0.9992520009229893
2026-07-29T14:25:00+00:00,0.998427663850824,0.9990531052221686
2026-07-29T14:30:00+00:00,0.998427663850824,0.9995831771708208
2026-07-29T14:35:00+00:00,0.998427663850824,0.999284463888513
2026-07-29T14:40:00+00:00,0.998427663850824,0.9997162094267301
2026-07-29T14:45:00+00:00,0.998427663850824,1.0002134779495084
2026-07-29T14:50:00+00:00,0.998427663850824,1.000180226173855
2026-07-29T14:55:00+00:00,0.998427663850824,0.9996484496624184
2026-07-29T15:00:00+00:00,0.998427663850824,0.9996816323024293
2026-07-29T15:05:00+00:00,0.998427663850824,0.999283362685625
2026-07-29T15:10:00+00:00,0.998427663850824,0.9990513148177672
2026-07-29T15:15:00+00:00,0.998427663850824,0.999382661931845
2026-07-29T15:20:00+00:00,0.998427663850824,0.9995816364464318
2026-07-29T15:25:00+00:00,0.998427663850824,0.9990173263508441
2026-07-29T15:30:00+00:00,0.998427663850824,0.9989510753104244
2026-07-29T15:35:00+00:00,0.998427663850824,0.9989186181771507
2026-07-29T15:40:00+00:00,0.998427663850824,0.9991497694598752
2026-07-29T15:45:00+00:00,0.998427663850824,0.9989509106012305
2026-07-29T15:50:00+00:00,0.998427663850824,0.9987191071067424
2026-07-29T15:55:00+00:00,0.998427663850824,0.9987852507032792
2026-07-29T16:00:00+00:00,0.998427663850824,0.9989858551915219
2026-07-29T16:05:00+00:00,0.998427663850824,0.999083236233088
2026-07-29T16:10:00+00:00,0.998427663850824,0.9984206449919131
2026-07-29T16:15:00+00:00,0.998427663850824,0.9990157859776689
2026-07-29T16:20:00+00:00,0.998427663850824,0.9988169406145533
2026-07-29T16:25:00+00:00,0.998427663850824,0.998353453395492
2026-07-29T16:30:00+00:00,0.998427663850824,0.998172297934062
2026-07-29T16:35:00+00:00,0.998427663850824,0.9980559942991049
2026-07-29T16:40:00+00:00,0.998427663850824,0.9981220298728791
2026-07-29T16:45:00+00:00,0.998427663850824,0.9981458167079615
2026-07-29T16:50:00+00:00,0.998427663850824,0.9980559321062455
2026-07-29T16:55:00+00:00,0.998427663850824,0.99706519443288
2026-07-29T17:00:00+00:00,0.998427663850824,0.9968017048440162
2026-07-29T17:05:00+00:00,0.998427663850824,0.9958804941279966
2026-07-29T17:10:00+00:00,0.998427663850824,0.9953555672666002
2026-07-29T17:15:00+00:00,0.998427663850824,0.9949623144915897
2026-07-29T17:20:00+00:00,0.998427663850824,0.9946350325679555
2026-07-29T17:25:00+00:00,0.998427663850824,0.9944061596420317
2026-07-29T17:30:00+00:00,0.998427663850824,0.995329969900917
2026-07-29T17:35:00+00:00,0.998427663850824,0.995451852393026
2026-07-29T17:40:00+00:00,0.998427663850824,0.9952224597187396
2026-07-29T17:45:00+00:00,0.998427663850824,0.9945348735953013
2026-07-29T17:50:00+00:00,0.998427663850824,0.9943060688449966
2026-07-29T17:55:00+00:00,0.998427663850824,0.9946980262317525
2026-07-29T18:00:00+00:00,0.998427663850824,0.99476342683867
2026-07-29T18:05:00+00:00,0.998427663850824,0.9918853632681215
2026-07-29T18:10:00+00:00,0.998427663850824,0.9907827512570848
2026-07-29T18:15:00+00:00,0.998427663850824,0.9903942343824628
2026-07-29T18:20:00+00:00,0.998427663850824,0.9913619363179357
2026-07-29T18:25:00+00:00,0.998427663850824,0.9920094916786156
2026-07-29T18:30:00+00:00,0.998427663850824,0.9921392363791383
2026-07-29T18:35:00+00:00,0.998427663850824,0.9928193909322889
2026-07-29T18:40:00+00:00,0.998427663850824,0.9914544419298315
2026-07-29T18:45:00+00:00,0.998427663850824,0.9897058450304843
2026-07-29T18:50:00+00:00,0.998427663850824,0.9879331052453205
2026-07-29T18:55:00+00:00,0.998427663850824,0.9873562910998563
2026-07-29T19:00:00+00:00,0.998427663850824,0.9871004330301233
2026-07-29T19:05:00+00:00,0.998427663850824,0.9875797941572748
2026-07-29T19:10:00+00:00,0.998427663850824,0.988315811758095
2026-07-29T19:15:00+00:00,0.998427663850824,0.9879949800085721
2026-07-29T19:20:00+00:00,0.998427663850824,0.9881872717556804
2026-07-29T19:25:00+00:00,0.998427663850824,0.9894695369080772
2026-07-29T19:30:00+00:00,0.998427663850824,0.9899201736522774
2026-07-29T19:35:00+00:00,0.998427663850824,0.9912089139717977
2026-07-29T19:40:00+00:00,0.998427663850824,0.9916620105675058
2026-07-29T19:45:00+00:00,0.998427663850824,0.9917267911891674
2026-07-29T19:50:00+00:00,0.998427663850824,0.99140277369401
2026-07-29T19:55:00+00:00,0.998427663850824,0.9925685838099716
2026-07-29T20:00:00+00:00,0.998427663850824,0.99471326964555
2026-07-29T20:05:00+00:00,0.998427663850824,0.9944516922916496
2026-07-29T20:10:00+00:00,0.998427663850824,0.9938631214682796
2026-07-29T20:15:00+00:00,0.998427663850824,0.9936674020666514
2026-07-29T20:20:00+00:00,0.998427663850824,0.9943194147976663
2026-07-29T20:25:00+00:00,0.998427663850824,0.9941887552162211
2026-07-29T20:30:00+00:00,0.998427663850824,0.9932091945667044
2026-07-29T20:35:00+00:00,0.998427663850824,0.9930789717799512
2026-07-29T20:40:00+00:00,0.998427663850824,0.9929488002015294
2026-07-29T20:45:00+00:00,0.998427663850824,0.9918427767705619
2026-07-29T20:50:00+00:00,0.998427663850824,0.9917889568500128
2026-07-29T20:55:00+00:00,0.998427663850824,0.992233709331372
2026-07-29T21:00:00+00:00,0.998427663850824,0.9921019348115748
2026-07-29T21:05:00+00:00,0.998427663850824,0.9943388365444996
2026-07-29T21:10:00+00:00,0.998427663850824,0.9943388365444996
2026-07-29T21:15:00+00:00,0.998427663850824,0.993328102517474
2026-07-29T21:20:00+00:00,0.998427663850824,0.993328102517474
2026-07-29T21:25:00+00:00,0.998427663850824,0.993328102517474
2026-07-29T21:30:00+00:00,0.998427663850824,0.993328102517474
2026-07-29T21:35:00+00:00,0.998427663850824,0.993328102517474
2026-07-29T21:40:00+00:00,0.998427663850824,0.992351058482211
2026-07-29T21:45:00+00:00,0.998427663850824,0.992351058482211
2026-07-29T21:50:00+00:00,0.998427663850824,0.9930005028922125
2026-07-29T21:55:00+00:00,0.998427663850824,0.9930005028922125
2026-07-29T22:00:00+00:00,0.998427663850824,0.9926751423080408
2026-07-29T22:05:00+00:00,0.998427663850824,0.9917000193784651
2026-07-29T22:10:00+00:00,0.998427663850824,0.993295813788733
2026-07-29T22:15:00+00:00,0.998427663850824,0.9923475077994731
2026-07-29T22:20:00+00:00,0.998427663850824,0.9923475077994731
2026-07-29T22:25:00+00:00,0.998427663850824,0.9900705459631597
2026-07-29T22:30:00+00:00,0.998427663850824,0.9900705459631597
2026-07-29T22:35:00+00:00,0.998427663850824,0.990973541900846
2026-07-29T22:40:00+00:00,0.998427663850824,0.9907148358463097
2026-07-29T22:45:00+00:00,0.998427663850824,0.9907146333895456
2026-07-29T22:50:00+00:00,0.998427663850824,0.989971435849821
2026-07-29T22:55:00+00:00,0.998427663850824,0.9898502122258128
2026-07-29T23:00:00+00:00,0.998427663850824,0.9898102489046708
2026-07-29T23:05:00+00:00,0.998427663850824,0.9892302064355901
2026-07-29T23:10:00+00:00,0.998427663850824,0.9883938385451333
2026-07-29T23:15:00+00:00,0.998427663850824,0.9888430501325776
2026-07-29T23:20:00+00:00,0.998427663850824,0.9888430501325776
2026-07-29T23:25:00+00:00,0.998427663850824,0.9890358321153172
2026-07-29T23:30:00+00:00,0.998427663850824,0.9885664548188381
2026-07-29T23:35:00+00:00,0.998427663850824,0.9886499236620415
2026-07-29T23:40:00+00:00,0.998427663850824,0.9886499236620415
2026-07-29T23:45:00+00:00,0.998427663850824,0.9890994851448032
2026-07-29T23:50:00+00:00,0.998427663850824,0.9890994851448032
2026-07-29T23:55:00+00:00,0.998427663850824,0.9890994851448032
2026-07-30T00:00:00+00:00,0.998427663850824,0.9890994851448032
2026-07-30T08:05:00+00:00,0.998427663850824,0.9954150317972139
2026-07-30T08:10:00+00:00,0.998427663850824,0.9939072245177528
2026-07-30T08:15:00+00:00,0.998427663850824,0.993972484348647
2026-07-30T08:20:00+00:00,0.998427663850824,0.9933200274085511
2026-07-30T08:25:00+00:00,0.998427663850824,0.9933200274085511
2026-07-30T08:30:00+00:00,0.998427663850824,0.9933200274085511
2026-07-30T08:35:00+00:00,0.998427663850824,0.9913656989181092
2026-07-30T08:40:00+00:00,0.998427663850824,0.9921430884626099
2026-07-30T08:45:00+00:00,0.998427663850824,0.9921430884626099
2026-07-30T08:50:00+00:00,0.998427663850824,0.9915588639273989
2026-07-30T08:55:00+00:00,0.998427663850824,0.9915588639273989
2026-07-30T09:00:00+00:00,0.998427663850824,0.9915588639273989
2026-07-30T09:05:00+00:00,0.998427663850824,0.9921421593519404
2026-07-30T09:10:00+00:00,0.998427663850824,0.9918825042461168
2026-07-30T09:15:00+00:00,0.998427663850824,0.9919473670831718
2026-07-30T09:20:00+00:00,0.998427663850824,0.9919473670831718
2026-07-30T09:25:00+00:00,0.998427663850824,0.9916878648288662
2026-07-30T09:30:00+00:00,0.998427663850824,0.9918173235661513
2026-07-30T09:35:00+00:00,0.998427663850824,0.9918821736592315
2026-07-30T09:40:00+00:00,0.998427663850824,0.9918820590906056
2026-07-30T09:45:00+00:00,0.998427663850824,0.9920117847064951
2026-07-30T09:50:00+00:00,0.998427663850824,0.9920117847064951
2026-07-30T09:55:00+00:00,0.998427663850824,0.9912980137991317
2026-07-30T10:00:00+00:00,0.998427663850824,0.9912980137991317
2026-07-30T10:05:00+00:00,0.998427663850824,0.9912980137991317
2026-07-30T10:10:00+00:00,0.998427663850824,0.9912980137991317
2026-07-30T10:15:00+00:00,0.998427663850824,0.9922044914080925
2026-07-30T10:20:00+00:00,0.998427663850824,0.9909059643940785
2026-07-30T10:25:00+00:00,0.998427663850824,0.9909059643940785
2026-07-30T10:30:00+00:00,0.998427663850824,0.9909059643940785
2026-07-30T10:35:00+00:00,0.998427663850824,0.9907119480846424
2026-07-30T10:40:00+00:00,0.998427663850824,0.9903887774335187
2026-07-30T10:45:00+00:00,0.998427663850824,0.9903887774335187
2026-07-30T10:50:00+00:00,0.998427663850824,0.9903887774335187
2026-07-30T10:55:00+00:00,0.998427663850824,0.9903887774335187
2026-07-30T11:00:00+00:00,0.998427663850824,0.9905824901947848
2026-07-30T11:05:00+00:00,0.998427663850824,0.9905824901947848
2026-07-30T11:10:00+00:00,0.998427663850824,0.9902143058182219
2026-07-30T11:15:00+00:00,0.998427663850824,0.9900658711229535
2026-07-30T11:20:00+00:00,0.998427663850824,0.9900658711229535
2026-07-30T11:25:00+00:00,0.998427663850824,0.9905174257944326
2026-07-30T11:30:00+00:00,0.998427663850824,0.9906466181024792
2026-07-30T11:35:00+00:00,0.998427663850824,0.9906466181024792
2026-07-30T11:40:00+00:00,0.998427663850824,0.9906466181024792
2026-07-30T11:45:00+00:00,0.998427663850824,0.9906466181024792
2026-07-30T11:50:00+00:00,0.998427663850824,0.9907758609750302
2026-07-30T11:55:00+00:00,0.998427663850824,0.9907758609750302
2026-07-30T12:00:00+00:00,0.998427663850824,0.9904524503010278
2026-07-30T12:05:00+00:00,0.998427663850824,0.9909691182458903
2026-07-30T12:10:00+00:00,0.998427663850824,0.9901282175580837
2026-07-30T12:15:00+00:00,0.998427663850824,0.9907089000784813
2026-07-30T12:20:00+00:00,0.998427663850824,0.9910317662500787
2026-07-30T12:25:00+00:00,0.998427663850824,0.9909670690463804
2026-07-30T12:30:00+00:00,0.998427663850824,0.9909670690463804
2026-07-30T12:35:00+00:00,0.998427663850824,0.9910927977143367
2026-07-30T12:40:00+00:00,0.998427663850824,0.9906598902439325
2026-07-30T12:45:00+00:00,0.998427663850824,0.9905752316043647
2026-07-30T12:50:00+00:00,0.998427663850824,0.9905752316043647
2026-07-30T12:55:00+00:00,0.998427663850824,0.9916094584398752
2026-07-30T13:00:00+00:00,0.998427663850824,0.9913502141370151
2026-07-30T13:05:00+00:00,0.998427663850824,0.9921277946286416
2026-07-30T13:10:00+00:00,0.998427663850824,0.9908295378965969
2026-07-30T13:15:00+00:00,0.998427663850824,0.9914761246480304
2026-07-30T13:20:00+00:00,0.998427663850824,0.9914761246480304
2026-07-30T13:25:00+00:00,0.998427663850824,0.9914761246480304
2026-07-30T13:30:00+00:00,0.998427663850824,0.9914761246480304
2026-07-30T13:35:00+00:00,0.998427663850824,0.9914761246480304
2026-07-30T13:40:00+00:00,0.998427663850824,0.9914761246480304
2026-07-30T13:45:00+00:00,0.998427663850824,0.9914761246480304
2026-07-30T13:50:00+00:00,0.998427663850824,0.9914761246480304
2026-07-30T13:55:00+00:00,0.998427663850824,0.9914761246480304
2026-07-30T14:00:00+00:00,0.998427663850824,0.9914761246480304
2026-07-30T14:05:00+00:00,0.998427663850824,0.9914761246480304
2026-07-30T14:10:00+00:00,0.998427663850824,0.9914761246480304
2026-07-30T14:15:00+00:00,0.998427663850824,0.9914761246480304
2026-07-30T14:20:00+00:00,0.998427663850824,0.9914761246480304
2026-07-30T14:25:00+00:00,0.998427663850824,0.9914761246480304
2026-07-30T14:30:00+00:00,0.998427663850824,0.9914761246480304
2026-07-30T14:35:00+00:00,0.998427663850824,0.9914761246480304
2026-07-30T14:40:00+00:00,0.998427663850824,0.9914761246480304
2026-07-30T14:45:00+00:00,0.998427663850824,0.9914761246480304
2026-07-30T14:50:00+00:00,0.998427663850824,0.9914761246480304
2026-07-30T14:55:00+00:00,0.998427663850824,0.9914761246480304
2026-07-30T15:00:00+00:00,0.998427663850824,0.9914761246480304
2026-07-30T15:05:00+00:00,0.998427663850824,0.9914761246480304
2026-07-30T15:10:00+00:00,0.998427663850824,0.9914761246480304
2026-07-30T15:15:00+00:00,0.998427663850824,0.9914761246480304
2026-07-30T15:20:00+00:00,0.998427663850824,0.9914761246480304
2026-07-30T15:25:00+00:00,0.998427663850824,0.9914761246480304
2026-07-30T15:30:00+00:00,0.998427663850824,0.9914761246480304
2026-07-30T15:35:00+00:00,0.998427663850824,0.9914761246480304
2026-07-30T15:40:00+00:00,0.998427663850824,0.9914761246480304
2026-07-30T15:45:00+00:00,0.998427663850824,0.9914761246480304
2026-07-30T15:50:00+00:00,0.998427663850824,0.9914761246480304
2026-07-30T15:55:00+00:00,0.998427663850824,0.9914761246480304
2026-07-30T16:00:00+00:00,0.998427663850824,0.9914761246480304
2026-07-30T16:05:00+00:00,0.998427663850824,0.9914761246480304
2026-07-30T16:10:00+00:00,0.998427663850824,0.9914761246480304
2026-07-30T16:15:00+00:00,0.998427663850824,0.9914761246480304
2026-07-30T16:20:00+00:00,0.998427663850824,0.9914761246480304
2026-07-30T16:25:00+00:00,0.998427663850824,0.9914761246480304
2026-07-30T16:30:00+00:00,0.998427663850824,0.9914761246480304
2026-07-30T16:35:00+00:00,0.998427663850824,0.9914761246480304
2026-07-30T16:40:00+00:00,0.998427663850824,0.9914761246480304
2026-07-30T16:45:00+00:00,0.998427663850824,0.9914761246480304
2026-07-30T16:50:00+00:00,0.998427663850824,0.9914761246480304
2026-07-30T16:55:00+00:00,0.998427663850824,0.9914761246480304
2026-07-30T17:00:00+00:00,0.998427663850824,0.9914761246480304
2026-07-30T17:05:00+00:00,0.998427663850824,0.9914761246480304
2026-07-30T17:10:00+00:00,0.998427663850824,0.9914761246480304
2026-07-30T17:15:00+00:00,0.998427663850824,0.9914761246480304
2026-07-30T17:20:00+00:00,0.998427663850824,0.9914761246480304
2026-07-30T17:25:00+00:00,0.998427663850824,0.9914761246480304
2026-07-30T17:30:00+00:00,0.998427663850824,0.9914761246480304
2026-07-30T17:35:00+00:00,0.998427663850824,0.9914761246480304
2026-07-30T17:40:00+00:00,0.998427663850824,0.9914761246480304
2026-07-30T17:45:00+00:00,0.998427663850824,0.9914761246480304
2026-07-30T17:50:00+00:00,0.998427663850824,0.9914761246480304
2026-07-30T17:55:00+00:00,0.998427663850824,0.9914761246480304
2026-07-30T18:00:00+00:00,0.998427663850824,0.9914761246480304
2026-07-30T18:05:00+00:00,0.998427663850824,0.9914761246480304
2026-07-30T18:10:00+00:00,0.998427663850824,0.9914761246480304
2026-07-30T18:15:00+00:00,0.998427663850824,0.9914761246480304
2026-07-30T18:20:00+00:00,0.998427663850824,0.9914761246480304
2026-07-30T18:25:00+00:00,0.998427663850824,0.9914761246480304
2026-07-30T18:30:00+00:00,0.998427663850824,0.9914761246480304
2026-07-30T18:35:00+00:00,0.998427663850824,0.9914761246480304
2026-07-30T18:40:00+00:00,0.998427663850824,0.9914761246480304
2026-07-30T18:45:00+00:00,0.998427663850824,0.9914761246480304
2026-07-30T18:50:00+00:00,0.998427663850824,0.9914761246480304
2026-07-30T18:55:00+00:00,0.998427663850824,0.9914761246480304
2026-07-30T19:00:00+00:00,0.998427663850824,0.9914761246480304
2026-07-30T19:05:00+00:00,0.998427663850824,0.9914761246480304
2026-07-30T19:10:00+00:00,0.998427663850824,0.9914761246480304
2026-07-30T19:15:00+00:00,0.998427663850824,0.9914761246480304
2026-07-30T19:20:00+00:00,0.998427663850824,0.9914761246480304
2026-07-30T19:25:00+00:00,0.998427663850824,0.9914761246480304
2026-07-30T19:30:00+00:00,0.998427663850824,0.9914761246480304
2026-07-30T19:35:00+00:00,0.998427663850824,0.9914761246480304
2026-07-30T19:40:00+00:00,0.998427663850824,0.9914761246480304
2026-07-30T19:45:00+00:00,0.998427663850824,0.9914761246480304
2026-07-30T19:50:00+00:00,0.998427663850824,0.9914761246480304
2026-07-30T19:55:00+00:00,0.998427663850824,0.9914761246480304
2026-07-30T20:00:00+00:00,0.998427663850824,0.9914761246480304
2026-07-30T20:05:00+00:00,0.998427663850824,0.9914761246480304
2026-07-30T20:10:00+00:00,0.998427663850824,0.9914761246480304
2026-07-30T20:15:00+00:00,0.998427663850824,0.9914761246480304
2026-07-30T20:20:00+00:00,0.998427663850824,0.9914761246480304
2026-07-30T20:25:00+00:00,0.998427663850824,0.9914761246480304
2026-07-30T20:30:00+00:00,0.998427663850824,0.9914761246480304
2026-07-30T20:35:00+00:00,0.998427663850824,0.9914761246480304
2026-07-30T20:40:00+00:00,0.998427663850824,0.9914761246480304
2026-07-30T20:45:00+00:00,0.998427663850824,0.9914761246480304
2026-07-30T20:50:00+00:00,0.998427663850824,0.9914761246480304
2026-07-30T20:55:00+00:00,0.998427663850824,0.9914761246480304
2026-07-30T21:00:00+00:00,0.998427663850824,0.9914761246480304
2026-07-30T21:05:00+00:00,0.998427663850824,0.9914761246480304
2026-07-30T21:10:00+00:00,0.998427663850824,0.9914761246480304
2026-07-30T21:15:00+00:00,0.998427663850824,0.9914761246480304
2026-07-30T21:20:00+00:00,0.998427663850824,0.9914761246480304
2026-07-30T21:25:00+00:00,0.998427663850824,0.9914761246480304
2026-07-30T21:30:00+00:00,0.998427663850824,0.9914761246480304
2026-07-30T21:35:00+00:00,0.998427663850824,0.9914761246480304
2026-07-30T21:40:00+00:00,0.998427663850824,0.9914761246480304
2026-07-30T21:45:00+00:00,0.998427663850824,0.9914761246480304
2026-07-30T21:50:00+00:00,0.998427663850824,0.9914761246480304
2026-07-30T21:55:00+00:00,0.998427663850824,0.9914761246480304
2026-07-30T22:00:00+00:00,0.998427663850824,0.9914761246480304
2026-07-30T22:05:00+00:00,0.998427663850824,0.9914761246480304
2026-07-30T22:10:00+00:00,0.998427663850824,0.9914761246480304
2026-07-30T22:15:00+00:00,0.998427663850824,0.9914761246480304
2026-07-30T22:20:00+00:00,0.998427663850824,0.9914761246480304
2026-07-30T22:25:00+00:00,0.998427663850824,0.9914761246480304
2026-07-30T22:30:00+00:00,0.998427663850824,0.9914761246480304
2026-07-30T22:35:00+00:00,0.998427663850824,0.9914761246480304
2026-07-30T22:40:00+00:00,0.998427663850824,0.9914761246480304
2026-07-30T22:45:00+00:00,0.998427663850824,0.9914761246480304
2026-07-30T22:50:00+00:00,0.998427663850824,0.9914761246480304
2026-07-30T22:55:00+00:00,0.998427663850824,0.9914761246480304
2026-07-30T23:00:00+00:00,0.998427663850824,0.9914761246480304
2026-07-30T23:05:00+00:00,0.998427663850824,0.9914761246480304
2026-07-30T23:10:00+00:00,0.998427663850824,0.9914761246480304
2026-07-30T23:15:00+00:00,0.998427663850824,0.9914761246480304
2026-07-30T23:20:00+00:00,0.998427663850824,0.9914761246480304
2026-07-30T23:25:00+00:00,0.998427663850824,0.9914761246480304
2026-07-30T23:30:00+00:00,0.998427663850824,0.9914761246480304
2026-07-30T23:35:00+00:00,0.998427663850824,0.9914761246480304
2026-07-30T23:40:00+00:00,0.998427663850824,0.9914761246480304
2026-07-30T23:45:00+00:00,0.998427663850824,0.9914761246480304
2026-07-30T23:50:00+00:00,0.998427663850824,0.9914761246480304
2026-07-30T23:55:00+00:00,0.998427663850824,0.9914761246480304
2026-07-31T00:00:00+00:00,0.998427663850824,0.9914761246480304
2026-07-31T08:05:00+00:00,0.998427663850824,0.9914761246480304
2026-07-31T08:10:00+00:00,0.998427663850824,0.9914761246480304
2026-07-31T08:15:00+00:00,0.998427663850824,0.9914761246480304
2026-07-31T08:20:00+00:00,0.998427663850824,0.9914761246480304
2026-07-31T08:25:00+00:00,0.998427663850824,0.9914761246480304
2026-07-31T08:30:00+00:00,0.998427663850824,0.9914761246480304
2026-07-31T08:35:00+00:00,0.998427663850824,0.9914761246480304
2026-07-31T08:40:00+00:00,0.998427663850824,0.9914761246480304
2026-07-31T08:45:00+00:00,0.998427663850824,0.9914761246480304
2026-07-31T08:50:00+00:00,0.998427663850824,0.9914761246480304
2026-07-31T08:55:00+00:00,0.998427663850824,0.9914761246480304
2026-07-31T09:00:00+00:00,0.998427663850824,0.9914761246480304
2026-07-31T09:05:00+00:00,0.998427663850824,0.9914761246480304
2026-07-31T09:10:00+00:00,0.998427663850824,0.9914761246480304
2026-07-31T09:15:00+00:00,0.998427663850824,0.9914761246480304
2026-07-31T09:20:00+00:00,0.998427663850824,0.9914761246480304
2026-07-31T09:25:00+00:00,0.998427663850824,0.9914761246480304
2026-07-31T09:30:00+00:00,0.998427663850824,0.9914761246480304
2026-07-31T09:35:00+00:00,0.998427663850824,0.9914761246480304
2026-07-31T09:40:00+00:00,0.998427663850824,0.9914761246480304
2026-07-31T09:45:00+00:00,0.998427663850824,0.9914761246480304
2026-07-31T09:50:00+00:00,0.998427663850824,0.9914761246480304
2026-07-31T09:55:00+00:00,0.998427663850824,0.9914761246480304
2026-07-31T10:00:00+00:00,0.998427663850824,0.9914761246480304
2026-07-31T10:05:00+00:00,0.998427663850824,0.9914761246480304
2026-07-31T10:10:00+00:00,0.998427663850824,0.9914761246480304
2026-07-31T10:15:00+00:00,0.998427663850824,0.9914761246480304
2026-07-31T10:20:00+00:00,0.998427663850824,0.9914761246480304
2026-07-31T10:25:00+00:00,0.998427663850824,0.9914761246480304
2026-07-31T10:30:00+00:00,0.998427663850824,0.9914761246480304
2026-07-31T10:35:00+00:00,0.998427663850824,0.9914761246480304
2026-07-31T10:40:00+00:00,0.998427663850824,0.9914761246480304
2026-07-31T10:45:00+00:00,0.998427663850824,0.9914761246480304
2026-07-31T10:50:00+00:00,0.998427663850824,0.9914761246480304
2026-07-31T10:55:00+00:00,0.998427663850824,0.9914761246480304
2026-07-31T11:00:00+00:00,0.998427663850824,0.9914761246480304
2026-07-31T11:05:00+00:00,0.998427663850824,0.9914761246480304
2026-07-31T11:10:00+00:00,0.998427663850824,0.9914761246480304
2026-07-31T11:15:00+00:00,0.998427663850824,0.9914761246480304
2026-07-31T11:20:00+00:00,0.998427663850824,0.9914761246480304
2026-07-31T11:25:00+00:00,0.998427663850824,0.9914761246480304
2026-07-31T11:30:00+00:00,0.998427663850824,0.9914761246480304
2026-07-31T11:35:00+00:00,0.998427663850824,0.9914761246480304
2026-07-31T11:40:00+00:00,0.998427663850824,0.9914761246480304
2026-07-31T11:45:00+00:00,0.998427663850824,0.9914761246480304
2026-07-31T11:50:00+00:00,0.998427663850824,0.9914761246480304
2026-07-31T11:55:00+00:00,0.998427663850824,0.9914761246480304
2026-07-31T12:00:00+00:00,0.998427663850824,0.9914761246480304
2026-07-31T12:05:00+00:00,0.998427663850824,0.9914761246480304
2026-07-31T12:10:00+00:00,0.998427663850824,0.9914761246480304
2026-07-31T12:15:00+00:00,0.998427663850824,0.9914761246480304
2026-07-31T12:20:00+00:00,0.998427663850824,0.9914761246480304
2026-07-31T12:25:00+00:00,0.998427663850824,0.9914761246480304
2026-07-31T12:30:00+00:00,0.998427663850824,0.9914761246480304
2026-07-31T12:35:00+00:00,0.998427663850824,0.9914761246480304
2026-07-31T12:40:00+00:00,0.998427663850824,0.9914761246480304
2026-07-31T12:45:00+00:00,0.998427663850824,0.9914761246480304
2026-07-31T12:50:00+00:00,0.998427663850824,0.9914761246480304
2026-07-31T12:55:00+00:00,0.998427663850824,0.9914761246480304
2026-07-31T13:00:00+00:00,0.998427663850824,0.9914761246480304
2026-07-31T13:05:00+00:00,0.998427663850824,0.9914761246480304
2026-07-31T13:10:00+00:00,0.998427663850824,0.9914761246480304
2026-07-31T13:15:00+00:00,0.998427663850824,0.9914761246480304
2026-07-31T13:20:00+00:00,0.998427663850824,0.9914761246480304
2026-07-31T13:25:00+00:00,0.998427663850824,0.9914761246480304
2026-07-31T13:30:00+00:00,0.998427663850824,0.9914761246480304
2026-07-31T13:35:00+00:00,0.998427663850824,0.9914761246480304
2026-07-31T13:40:00+00:00,0.998427663850824,0.9914761246480304
2026-07-31T13:45:00+00:00,0.998427663850824,0.9914761246480304
2026-07-31T13:50:00+00:00,0.998427663850824,0.9914761246480304
2026-07-31T13:55:00+00:00,0.998427663850824,0.9914761246480304
2026-07-31T14:00:00+00:00,0.998427663850824,0.9914761246480304
2026-07-31T14:05:00+00:00,0.998427663850824,0.9914761246480304
2026-07-31T14:10:00+00:00,0.998427663850824,0.9914761246480304
2026-07-31T14:15:00+00:00,0.998427663850824,0.9914761246480304
2026-07-31T14:20:00+00:00,0.998427663850824,0.9914761246480304
2026-07-31T14:25:00+00:00,0.998427663850824,0.9914761246480304
2026-07-31T14:30:00+00:00,0.998427663850824,0.9914761246480304
2026-07-31T14:35:00+00:00,0.998427663850824,0.9914761246480304
2026-07-31T14:40:00+00:00,0.998427663850824,0.9914761246480304
2026-07-31T14:45:00+00:00,0.998427663850824,0.9914761246480304
2026-07-31T14:50:00+00:00,0.998427663850824,0.9914761246480304
2026-07-31T14:55:00+00:00,0.998427663850824,0.9914761246480304
2026-07-31T15:00:00+00:00,0.998427663850824,0.9914761246480304
2026-07-31T15:05:00+00:00,0.998427663850824,0.9914761246480304
2026-07-31T15:10:00+00:00,0.998427663850824,0.9914761246480304
2026-07-31T15:15:00+00:00,0.998427663850824,0.9914761246480304
2026-07-31T15:20:00+00:00,0.998427663850824,0.9914761246480304
2026-07-31T15:25:00+00:00,0.998427663850824,0.9914761246480304
2026-07-31T15:30:00+00:00,0.998427663850824,0.9914761246480304
2026-07-31T15:35:00+00:00,0.998427663850824,0.9914761246480304
2026-07-31T15:40:00+00:00,0.998427663850824,0.9914761246480304
2026-07-31T15:45:00+00:00,0.998427663850824,0.9914761246480304
2026-07-31T15:50:00+00:00,0.998427663850824,0.9914761246480304
2026-07-31T15:55:00+00:00,0.998427663850824,0.9914761246480304
2026-07-31T16:00:00+00:00,0.998427663850824,0.9914761246480304
2026-07-31T16:05:00+00:00,0.998427663850824,0.9914761246480304
2026-07-31T16:10:00+00:00,0.998427663850824,0.9914761246480304
2026-07-31T16:15:00+00:00,0.998427663850824,0.9914761246480304
2026-07-31T16:20:00+00:00,0.998427663850824,0.9914761246480304
2026-07-31T16:25:00+00:00,0.998427663850824,0.9914761246480304
2026-07-31T16:30:00+00:00,0.998427663850824,0.9914761246480304
2026-07-31T16:35:00+00:00,0.998427663850824,0.9914761246480304
2026-07-31T16:40:00+00:00,0.998427663850824,0.9914761246480304
2026-07-31T16:45:00+00:00,0.998427663850824,0.9914761246480304
2026-07-31T16:50:00+00:00,0.998427663850824,0.9914761246480304
2026-07-31T16:55:00+00:00,0.998427663850824,0.9914761246480304
2026-07-31T17:00:00+00:00,0.998427663850824,0.9914761246480304
2026-07-31T17:05:00+00:00,0.998427663850824,0.9914761246480304
2026-07-31T17:10:00+00:00,0.998427663850824,0.9914761246480304
2026-07-31T17:15:00+00:00,0.998427663850824,0.9914761246480304
2026-07-31T17:20:00+00:00,0.998427663850824,0.9914761246480304
2026-07-31T17:25:00+00:00,0.998427663850824,0.9914761246480304
2026-07-31T17:30:00+00:00,0.998427663850824,0.9914761246480304
2026-07-31T17:35:00+00:00,0.998427663850824,0.9914761246480304
2026-07-31T17:40:00+00:00,0.998427663850824,0.9914761246480304
2026-07-31T17:45:00+00:00,0.998427663850824,0.9914761246480304
2026-07-31T17:50:00+00:00,0.998427663850824,0.9914761246480304
2026-07-31T17:55:00+00:00,0.998427663850824,0.9914761246480304
2026-07-31T18:00:00+00:00,0.998427663850824,0.9914761246480304
2026-07-31T18:05:00+00:00,0.998427663850824,0.9914761246480304
2026-07-31T18:10:00+00:00,0.998427663850824,0.9914761246480304
2026-07-31T18:15:00+00:00,0.998427663850824,0.9914761246480304
2026-07-31T18:20:00+00:00,0.998427663850824,0.9914761246480304
2026-07-31T18:25:00+00:00,0.998427663850824,0.9914761246480304
2026-07-31T18:30:00+00:00,0.998427663850824,0.9914761246480304
2026-07-31T18:35:00+00:00,0.998427663850824,0.9914761246480304
2026-07-31T18:40:00+00:00,0.998427663850824,0.9914761246480304
2026-07-31T18:45:00+00:00,0.998427663850824,0.9914761246480304
2026-07-31T18:50:00+00:00,0.998427663850824,0.9914761246480304
2026-07-31T18:55:00+00:00,0.998427663850824,0.9914761246480304
2026-07-31T19:00:00+00:00,0.998427663850824,0.9914761246480304
2026-07-31T19:05:00+00:00,0.998427663850824,0.9914761246480304
2026-07-31T19:10:00+00:00,0.998427663850824,0.9914761246480304
2026-07-31T19:15:00+00:00,0.998427663850824,0.9914761246480304
2026-07-31T19:20:00+00:00,0.998427663850824,0.9914761246480304
2026-07-31T19:25:00+00:00,0.998427663850824,0.9914761246480304
2026-07-31T19:30:00+00:00,0.998427663850824,0.9914761246480304
2026-07-31T19:35:00+00:00,0.998427663850824,0.9914761246480304
2026-07-31T19:40:00+00:00,0.998427663850824,0.9914761246480304
2026-07-31T19:45:00+00:00,0.998427663850824,0.9914761246480304
2026-07-31T19:50:00+00:00,0.998427663850824,0.9914761246480304
2026-07-31T19:55:00+00:00,0.998427663850824,0.9914761246480304
2026-07-31T20:00:00+00:00,0.998427663850824,0.9914761246480304
2026-07-31T20:05:00+00:00,0.998427663850824,0.9914761246480304
2026-07-31T20:10:00+00:00,0.998427663850824,0.9914761246480304
2026-07-31T20:15:00+00:00,0.998427663850824,0.9914761246480304
2026-07-31T20:20:00+00:00,0.998427663850824,0.9914761246480304
2026-07-31T20:25:00+00:00,0.998427663850824,0.9914761246480304
2026-07-31T20:30:00+00:00,0.998427663850824,0.9914761246480304
2026-07-31T20:35:00+00:00,0.998427663850824,0.9914761246480304
2026-07-31T20:40:00+00:00,0.998427663850824,0.9914761246480304
2026-07-31T20:45:00+00:00,0.998427663850824,0.9914761246480304
2026-07-31T20:50:00+00:00,0.998427663850824,0.9914761246480304
2026-07-31T20:55:00+00:00,0.998427663850824,0.9914761246480304
2026-07-31T21:00:00+00:00,0.998427663850824,0.9914761246480304
2026-07-31T21:05:00+00:00,0.998427663850824,0.9914761246480304
2026-07-31T21:10:00+00:00,0.998427663850824,0.9914761246480304
2026-07-31T21:15:00+00:00,0.998427663850824,0.9914761246480304
2026-07-31T21:20:00+00:00,0.998427663850824,0.9914761246480304
2026-07-31T21:25:00+00:00,0.998427663850824,0.9914761246480304
2026-07-31T21:30:00+00:00,0.998427663850824,0.9914761246480304
2026-07-31T21:35:00+00:00,0.998427663850824,0.9914761246480304
2026-07-31T21:40:00+00:00,0.998427663850824,0.9914761246480304
2026-07-31T21:45:00+00:00,0.998427663850824,0.9914761246480304
2026-07-31T21:50:00+00:00,0.998427663850824,0.9914761246480304
2026-07-31T21:55:00+00:00,0.998427663850824,0.9914761246480304
2026-07-31T22:00:00+00:00,0.998427663850824,0.9914761246480304
2026-07-31T22:05:00+00:00,0.998427663850824,0.9914761246480304
2026-07-31T22:10:00+00:00,0.998427663850824,0.9914761246480304
2026-07-31T22:15:00+00:00,0.998427663850824,0.9914761246480304
2026-07-31T22:20:00+00:00,0.998427663850824,0.9914761246480304
2026-07-31T22:25:00+00:00,0.998427663850824,0.9914761246480304
2026-07-31T22:30:00+00:00,0.998427663850824,0.9914761246480304
2026-07-31T22:35:00+00:00,0.998427663850824,0.9914761246480304
2026-07-31T22:40:00+00:00,0.998427663850824,0.9914761246480304
2026-07-31T22:45:00+00:00,0.998427663850824,0.9914761246480304
2026-07-31T22:50:00+00:00,0.998427663850824,0.9914761246480304
2026-07-31T22:55:00+00:00,0.998427663850824,0.9914761246480304
2026-07-31T23:00:00+00:00,0.998427663850824,0.9914761246480304
2026-07-31T23:05:00+00:00,0.998427663850824,0.9914761246480304
2026-07-31T23:10:00+00:00,0.998427663850824,0.9914761246480304
2026-07-31T23:15:00+00:00,0.998427663850824,0.9914761246480304
2026-07-31T23:20:00+00:00,0.998427663850824,0.9914761246480304
2026-07-31T23:25:00+00:00,0.998427663850824,0.9914761246480304
2026-07-31T23:30:00+00:00,0.998427663850824,0.9914761246480304
2026-07-31T23:35:00+00:00,0.998427663850824,0.9914761246480304
2026-07-31T23:40:00+00:00,0.998427663850824,0.9914761246480304
2026-07-31T23:45:00+00:00,0.998427663850824,0.9914761246480304
2026-07-31T23:50:00+00:00,0.998427663850824,0.9914761246480304
2026-07-31T23:55:00+00:00,0.998427663850824,0.9914761246480304
2026-08-01T00:00:00+00:00,0.998427663850824,0.9914761246480304
2026-08-03T08:05:00+00:00,0.998427663850824,0.9913462142543396
2026-08-03T08:10:00+00:00,0.998427663850824,0.9913462142543396
2026-08-03T08:15:00+00:00,0.998427663850824,0.9913462142543396
2026-08-03T08:20:00+00:00,0.998427663850824,0.9918659239341583
2026-08-03T08:25:00+00:00,0.998427663850824,0.9918659239341583
2026-08-03T08:30:00+00:00,0.998427663850824,0.9918659239341583
2026-08-03T08:35:00+00:00,0.998427663850824,0.9918659239341583
2026-08-03T08:40:00+00:00,0.998427663850824,0.9918659239341583
2026-08-03T08:45:00+00:00,0.998427663850824,0.9918659239341583
2026-08-03T08:50:00+00:00,0.998427663850824,0.9914763458022124
2026-08-03T08:55:00+00:00,0.998427663850824,0.9916062562248804
2026-08-03T09:00:00+00:00,0.998427663850824,0.9916062562248804
2026-08-03T09:05:00+00:00,0.998427663850824,0.9913464694142373
2026-08-03T09:10:00+00:00,0.998427663850824,0.9914114331409354
2026-08-03T09:15:00+00:00,0.998427663850824,0.9914114331409354
2026-08-03T09:20:00+00:00,0.998427663850824,0.9914114331409354
2026-08-03T09:25:00+00:00,0.998427663850824,0.9914114331409354
2026-08-03T09:30:00+00:00,0.998427663850824,0.9914114331409354
2026-08-03T09:35:00+00:00,0.998427663850824,0.9900472842681821
2026-08-03T09:40:00+00:00,0.998427663850824,0.990567677058862
2026-08-03T09:45:00+00:00,0.998427663850824,0.990567677058862
2026-08-03T09:50:00+00:00,0.998427663850824,0.9910877966057556
2026-08-03T09:55:00+00:00,0.998427663850824,0.9910877966057556
2026-08-03T10:00:00+00:00,0.998427663850824,0.9910877966057556
2026-08-03T10:05:00+00:00,0.998427663850824,0.9910877966057556
2026-08-03T10:10:00+00:00,0.998427663850824,0.9910877966057556
2026-08-03T10:15:00+00:00,0.998427663850824,0.9910877966057556
2026-08-03T10:20:00+00:00,0.998427663850824,0.9910877966057556
2026-08-03T10:25:00+00:00,0.998427663850824,0.9910877966057556
2026-08-03T10:30:00+00:00,0.998427663850824,0.9910877966057556
2026-08-03T10:35:00+00:00,0.998427663850824,0.9905029690310473
2026-08-03T10:40:00+00:00,0.998427663850824,0.9905029690310473
2026-08-03T10:45:00+00:00,0.998427663850824,0.9905029690310473
2026-08-03T10:50:00+00:00,0.998427663850824,0.9905029690310473
2026-08-03T10:55:00+00:00,0.998427663850824,0.9905029690310473
2026-08-03T11:00:00+00:00,0.998427663850824,0.9905029690310473
2026-08-03T11:05:00+00:00,0.998427663850824,0.9905029690310473
2026-08-03T11:10:00+00:00,0.998427663850824,0.9905029690310473
2026-08-03T11:15:00+00:00,0.998427663850824,0.9905029690310473
2026-08-03T11:20:00+00:00,0.998427663850824,0.9900153247965893
2026-08-03T11:25:00+00:00,0.998427663850824,0.9900153247965893
2026-08-03T11:30:00+00:00,0.998427663850824,0.9900153247965893
2026-08-03T11:35:00+00:00,0.998427663850824,0.9900153247965893
2026-08-03T11:40:00+00:00,0.998427663850824,0.9900153247965893
2026-08-03T11:45:00+00:00,0.998427663850824,0.9908954685211769
2026-08-03T11:50:00+00:00,0.998427663850824,0.9915434541529503
2026-08-03T11:55:00+00:00,0.998427663850824,0.9917733810380349
2026-08-03T12:00:00+00:00,0.998427663850824,0.9917733810380349
2026-08-03T12:05:00+00:00,0.998427663850824,0.9917383743911811
2026-08-03T12:10:00+00:00,0.998427663850824,0.9915435593621623
2026-08-03T12:15:00+00:00,0.998427663850824,0.9912837549446694
2026-08-03T12:20:00+00:00,0.998427663850824,0.9907640098903006
2026-08-03T12:25:00+00:00,0.998427663850824,0.9905963041334762
2026-08-03T12:30:00+00:00,0.998427663850824,0.9905963041334762
2026-08-03T12:35:00+00:00,0.998427663850824,0.9905390924841029
2026-08-03T12:40:00+00:00,0.998427663850824,0.9899188303691485
2026-08-03T12:45:00+00:00,0.998427663850824,0.9894634260702143
2026-08-03T12:50:00+00:00,0.998427663850824,0.9895291646612108
2026-08-03T12:55:00+00:00,0.998427663850824,0.9895291646612108
2026-08-03T13:00:00+00:00,0.998427663850824,0.9900804209753095
2026-08-03T13:05:00+00:00,0.998427663850824,0.9893336794272864
2026-08-03T13:10:00+00:00,0.998427663850824,0.9897769363426526
2026-08-03T13:15:00+00:00,0.998427663850824,0.9890084931644634
2026-08-03T13:20:00+00:00,0.998427663850824,0.9886829043795132
2026-08-03T13:25:00+00:00,0.998427663850824,0.988292069129396
2026-08-03T13:30:00+00:00,0.998427663850824,0.9883572341082388
2026-08-03T13:35:00+00:00,0.998427663850824,0.9879656485161484
2026-08-03T13:40:00+00:00,0.998427663850824,0.9874448268360538
2026-08-03T13:45:00+00:00,0.998427663850824,0.9881623690611148
2026-08-03T13:50:00+00:00,0.998427663850824,0.9879016842672038
2026-08-03T13:55:00+00:00,0.998427663850824,0.9879016885696602
2026-08-03T14:00:00+00:00,0.998427663850824,0.988129849987782
2026-08-03T14:05:00+00:00,0.998427663850824,0.9878365504240934
2026-08-03T14:10:00+00:00,0.998427663850824,0.9876083545720213
2026-08-03T14:15:00+00:00,0.998427663850824,0.988293139104145
2026-08-03T14:20:00+00:00,0.998427663850824,0.9880325003876652
2026-08-03T14:25:00+00:00,0.998427663850824,0.9883577501470296
2026-08-03T14:30:00+00:00,0.998427663850824,0.9882280802358364
2026-08-03T14:35:00+00:00,0.998427663850824,0.9885213423277027
2026-08-03T14:40:00+00:00,0.998427663850824,0.9882933107960593
2026-08-03T14:45:00+00:00,0.998427663850824,0.9887820659396965
2026-08-03T14:50:00+00:00,0.998427663850824,0.9886192273122975
2026-08-03T14:55:00+00:00,0.998427663850824,0.9885866555138225
2026-08-03T15:00:00+00:00,0.998427663850824,0.9886192305317031
2026-08-03T15:05:00+00:00,0.998427663850824,0.9882121329403627
2026-08-03T15:10:00+00:00,0.998427663850824,0.9884565264294074
2026-08-03T15:15:00+00:00,0.998427663850824,0.9882936470153278
2026-08-03T15:20:00+00:00,0.998427663850824,0.9887497768181873
2026-08-03T15:25:00+00:00,0.998427663850824,0.9888474836564317
2026-08-03T15:30:00+00:00,0.998427663850824,0.9882287619878064
2026-08-03T15:35:00+00:00,0.998427663850824,0.9883916790389649
2026-08-03T15:40:00+00:00,0.998427663850824,0.9886523233354115
2026-08-03T15:45:00+00:00,0.998427663850824,0.988782606306135
2026-08-03T15:50:00+00:00,0.998427663850824,0.9889128774762888
2026-08-03T15:55:00+00:00,0.998427663850824,0.988965643043041
2026-08-03T16:00:00+00:00,0.998427663850824,0.9887175177319175
2026-08-03T16:05:00+00:00,0.998427663850824,0.9886849491332703
2026-08-03T16:10:00+00:00,0.998427663850824,0.9885872440920976
2026-08-03T16:15:00+00:00,0.998427663850824,0.9886849621644147
2026-08-03T16:20:00+00:00,0.998427663850824,0.98865239249245
2026-08-03T16:25:00+00:00,0.998427663850824,0.9888478115974101
2026-08-03T16:30:00+00:00,0.998427663850824,0.9887826861960829
2026-08-03T16:35:00+00:00,0.998427663850824,0.9888478223227607
2026-08-03T16:40:00+00:00,0.998427663850824,0.9886849964853955
2026-08-03T16:45:00+00:00,0.998427663850824,0.9889455409967706
2026-08-03T16:50:00+00:00,0.998427663850824,0.9887827410414713
2026-08-03T16:55:00+00:00,0.998427663850824,0.9886850416730791
2026-08-03T17:00:00+00:00,0.998427663850824,0.9887176177860542
2026-08-03T17:05:00+00:00,0.998427663850824,0.9883919435668423
2026-08-03T17:10:00+00:00,0.998427663850824,0.9884571022420066
2026-08-03T17:15:00+00:00,0.998427663850824,0.988424525051899
2026-08-03T17:20:00+00:00,0.998427663850824,0.9886525814895607
2026-08-03T17:25:00+00:00,0.998427663850824,0.9884571516169435
2026-08-03T17:30:00+00:00,0.998427663850824,0.9885223049268173
2026-08-03T17:35:00+00:00,0.998427663850824,0.9884890844418841
2026-08-03T17:40:00+00:00,0.998427663850824,0.9886526229768668
2026-08-03T17:45:00+00:00,0.998427663850824,0.9886200522243144
2026-08-03T17:50:00+00:00,0.998427663850824,0.9883594776190893
2026-08-03T17:55:00+00:00,0.998427663850824,0.9879033518053145
2026-08-03T18:00:00+00:00,0.998427663850824,0.9879359472702679
2026-08-03T18:05:00+00:00,0.998427663850824,0.988066324828469
2026-08-03T18:10:00+00:00,0.998427663850824,0.9886203391471922
2026-08-03T18:15:00+00:00,0.998427663850824,0.9884913674702711
2026-08-03T18:20:00+00:00,0.998427663850824,0.9888158255036732
2026-08-03T18:25:00+00:00,0.998427663850824,0.9887832601030178
2026-08-03T18:30:00+00:00,0.998427663850824,0.9888158287215983
2026-08-03T18:35:00+00:00,0.998427663850824,0.9886855639008394
2026-08-03T18:40:00+00:00,0.998427663850824,0.9888158383768573
2026-08-03T18:45:00+00:00,0.998427663850824,0.9892717400503834
2026-08-03T18:50:00+00:00,0.998427663850824,0.9894019545020949
2026-08-03T18:55:00+00:00,0.998427663850824,0.9895965749500856
2026-08-03T19:00:00+00:00,0.998427663850824,0.9895646860487238
2026-08-03T19:05:00+00:00,0.998427663850824,0.9901503855943115
2026-08-03T19:10:00+00:00,0.998427663850824,0.9899227350611332
2026-08-03T19:15:00+00:00,0.998427663850824,0.9898902060543291
2026-08-03T19:20:00+00:00,0.998427663850824,0.9901179058960766
2026-08-03T19:25:00+00:00,0.998427663850824,0.9907358159881722
2026-08-03T19:30:00+00:00,0.998427663850824,0.9907676682649148
2026-08-03T19:35:00+00:00,0.998427663850824,0.9907033156920465
2026-08-03T19:40:00+00:00,0.998427663850824,0.9908333292505364
2026-08-03T19:45:00+00:00,0.998427663850824,0.9908008301253314
2026-08-03T19:50:00+00:00,0.998427663850824,0.9908983306990499
2026-08-03T19:55:00+00:00,0.998427663850824,0.9908658400990791
2026-08-03T20:00:00+00:00,0.998427663850824,0.9906383430212198
2026-08-03T20:05:00+00:00,0.998427663850824,0.9905083209260601
2026-08-03T20:10:00+00:00,0.998427663850824,0.9905083209260601
2026-08-03T20:15:00+00:00,0.998427663850824,0.9905083209260601
2026-08-03T20:20:00+00:00,0.998427663850824,0.9905083209260601
2026-08-03T20:25:00+00:00,0.998427663850824,0.9905083209260601
2026-08-03T20:30:00+00:00,0.998427663850824,0.9907749214215887
2026-08-03T20:35:00+00:00,0.998427663850824,0.991353440060673
2026-08-03T20:40:00+00:00,0.998427663850824,0.991353440060673
2026-08-03T20:45:00+00:00,0.998427663850824,0.991353440060673
2026-08-03T20:50:00+00:00,0.998427663850824,0.9912885014301591
2026-08-03T20:55:00+00:00,0.998427663850824,0.9911585645444034
2026-08-03T21:00:00+00:00,0.998427663850824,0.991613403272069
2026-08-03T21:05:00+00:00,0.998427663850824,0.991613403272069
2026-08-03T21:10:00+00:00,0.998427663850824,0.991613403272069
2026-08-03T21:15:00+00:00,0.998427663850824,0.991613403272069
2026-08-03T21:20:00+00:00,0.998427663850824,0.991613403272069
2026-08-03T21:25:00+00:00,0.998427663850824,0.991613403272069
2026-08-03T21:30:00+00:00,0.998427663850824,0.991613403272069
2026-08-03T21:35:00+00:00,0.998427663850824,0.991613403272069
2026-08-03T21:40:00+00:00,0.998427663850824,0.991613403272069
2026-08-03T21:45:00+00:00,0.998427663850824,0.991613403272069
2026-08-03T21:50:00+00:00,0.998427663850824,0.991613403272069
2026-08-03T21:55:00+00:00,0.998427663850824,0.991613403272069
2026-08-03T22:00:00+00:00,0.998427663850824,0.991613403272069
2026-08-03T22:05:00+00:00,0.998427663850824,0.991613403272069
2026-08-03T22:10:00+00:00,0.998427663850824,0.991613403272069
2026-08-03T22:15:00+00:00,0.998427663850824,0.991613403272069
2026-08-03T22:20:00+00:00,0.998427663850824,0.991613403272069
2026-08-03T22:25:00+00:00,0.998427663850824,0.991613403272069
2026-08-03T22:30:00+00:00,0.998427663850824,0.991613403272069
2026-08-03T22:35:00+00:00,0.998427663850824,0.9906391957105625
2026-08-03T22:40:00+00:00,0.998427663850824,0.9907042068141005
2026-08-03T22:45:00+00:00,0.998427663850824,0.9911592546781227
2026-08-03T22:50:00+00:00,0.998427663850824,0.9903808301421948
2026-08-03T22:55:00+00:00,0.998427663850824,0.9905746139322456
2026-08-03T23:00:00+00:00,0.998427663850824,0.9907696601282153
2026-08-03T23:05:00+00:00,0.998427663850824,0.9907696601282153
2026-08-03T23:10:00+00:00,0.998427663850824,0.9907696601282153
2026-08-03T23:15:00+00:00,0.998427663850824,0.9907696601282153
2026-08-03T23:20:00+00:00,0.998427663850824,0.9907696601282153
2026-08-03T23:25:00+00:00,0.998427663850824,0.9907696601282153
2026-08-03T23:30:00+00:00,0.998427663850824,0.9907696601282153
2026-08-03T23:35:00+00:00,0.998427663850824,0.9907696601282153
2026-08-03T23:40:00+00:00,0.998427663850824,0.9907696601282153
2026-08-03T23:45:00+00:00,0.998427663850824,0.9907046575261862
2026-08-03T23:50:00+00:00,0.998427663850824,0.9907046575261862
2026-08-03T23:55:00+00:00,0.998427663850824,0.9907046575261862
2026-08-04T00:00:00+00:00,0.998427663850824,0.9907046575261862
2026-08-04T08:05:00+00:00,0.998427663850824,0.9931750848612634
2026-08-04T08:10:00+00:00,0.998427663850824,0.992850856901985
2026-08-04T08:15:00+00:00,0.998427663850824,0.992850856901985
2026-08-04T08:20:00+00:00,0.998427663850824,0.992850856901985
2026-08-04T08:25:00+00:00,0.998427663850824,0.992850856901985
2026-08-04T08:30:00+00:00,0.998427663850824,0.992850856901985
2026-08-04T08:35:00+00:00,0.998427663850824,0.992850856901985
2026-08-04T08:40:00+00:00,0.998427663850824,0.992850856901985
2026-08-04T08:45:00+00:00,0.998427663850824,0.9914886546286973
2026-08-04T08:50:00+00:00,0.998427663850824,0.9914886546286973
2026-08-04T08:55:00+00:00,0.998427663850824,0.991163874540048
2026-08-04T09:00:00+00:00,0.998427663850824,0.991163874540048
2026-08-04T09:05:00+00:00,0.998427663850824,0.9909689426124473
2026-08-04T09:10:00+00:00,0.998427663850824,0.9905790020526576
2026-08-04T09:15:00+00:00,0.998427663850824,0.9905790020526576
2026-08-04T09:20:00+00:00,0.998427663850824,0.9905191876209243
2026-08-04T09:25:00+00:00,0.998427663850824,0.9904489664388814
2026-08-04T09:30:00+00:00,0.998427663850824,0.9905139906619933
2026-08-04T09:35:00+00:00,0.998427663850824,0.990318922259338
2026-08-04T09:40:00+00:00,0.998427663850824,0.9900587912054217
2026-08-04T09:45:00+00:00,0.998427663850824,0.9900587912054217
2026-08-04T09:50:00+00:00,0.998427663850824,0.9900587912054217
2026-08-04T09:55:00+00:00,0.998427663850824,0.9900587912054217
2026-08-04T10:00:00+00:00,0.998427663850824,0.9900587912054217
2026-08-04T10:05:00+00:00,0.998427663850824,0.9900587912054217
2026-08-04T10:10:00+00:00,0.998427663850824,0.9900587912054217
2026-08-04T10:15:00+00:00,0.998427663850824,0.9900587912054217
2026-08-04T10:20:00+00:00,0.998427663850824,0.9900587912054217
2026-08-04T10:25:00+00:00,0.998427663850824,0.9900587912054217
2026-08-04T10:30:00+00:00,0.998427663850824,0.9903189906249239
2026-08-04T10:35:00+00:00,0.998427663850824,0.9903840233928924
2026-08-04T10:40:00+00:00,0.998427663850824,0.9903840233928924
2026-08-04T10:45:00+00:00,0.998427663850824,0.9903840233928924
2026-08-04T10:50:00+00:00,0.998427663850824,0.9911644207803162
2026-08-04T10:55:00+00:00,0.998427663850824,0.9911644207803162
2026-08-04T11:00:00+00:00,0.998427663850824,0.9911644207803162
2026-08-04T11:05:00+00:00,0.998427663850824,0.9908843684233238
2026-08-04T11:10:00+00:00,0.998427663850824,0.9908843684233238
2026-08-04T11:15:00+00:00,0.998427663850824,0.9914894785268451
2026-08-04T11:20:00+00:00,0.998427663850824,0.991164698168313
2026-08-04T11:25:00+00:00,0.998427663850824,0.9914895849842854
2026-08-04T11:30:00+00:00,0.998427663850824,0.9916195069831419
2026-08-04T11:35:00+00:00,0.998427663850824,0.9917494021242191
2026-08-04T11:40:00+00:00,0.998427663850824,0.9919442193195029
2026-08-04T11:45:00+00:00,0.998427663850824,0.9919442193195029
2026-08-04T11:50:00+00:00,0.998427663850824,0.9933725982189026
2026-08-04T11:55:00+00:00,0.998427663850824,0.9944099276518422
2026-08-04T12:00:00+00:00,0.998427663850824,0.9931793826065521
2026-08-04T12:05:00+00:00,0.998427663850824,0.9925659048299013
2026-08-04T12:10:00+00:00,0.998427663850824,0.9920117786288716
2026-08-04T12:15:00+00:00,0.998427663850824,0.9920117786288716
2026-08-04T12:20:00+00:00,0.998427663850824,0.9922169328972268
2026-08-04T12:25:00+00:00,0.998427663850824,0.9922169328972268
2026-08-04T12:30:00+00:00,0.998427663850824,0.9922169328972268
2026-08-04T12:35:00+00:00,0.998427663850824,0.9931801210661206
2026-08-04T12:40:00+00:00,0.998427663850824,0.994167075978802
2026-08-04T12:45:00+00:00,0.998427663850824,0.9942823872428634
2026-08-04T12:50:00+00:00,0.998427663850824,0.9938290023583536
2026-08-04T12:55:00+00:00,0.998427663850824,0.9933293147263887
2026-08-04T13:00:00+00:00,0.998427663850824,0.9929824406632799
2026-08-04T13:05:00+00:00,0.998427663850824,0.9920776585848277
2026-08-04T13:10:00+00:00,0.998427663850824,0.9921432259023593
2026-08-04T13:15:00+00:00,0.998427663850824,0.9920783120561212
2026-08-04T13:20:00+00:00,0.998427663850824,0.9922081482440622
2026-08-04T13:25:00+00:00,0.998427663850824,0.9948694418511542
2026-08-04T13:30:00+00:00,0.998427663850824,0.9938336589861347
2026-08-04T13:35:00+00:00,0.998427663850824,0.99428732057405
2026-08-04T13:40:00+00:00,0.998427663850824,0.9949349761749913
2026-08-04T13:45:00+00:00,0.998427663850824,0.9944495410021732
2026-08-04T13:50:00+00:00,0.998427663850824,0.9955829470510508
2026-08-04T13:55:00+00:00,0.998427663850824,0.994903699426357
2026-08-04T14:00:00+00:00,0.998427663850824,0.9946039566584353
2026-08-04T14:05:00+00:00,0.998427663850824,0.995033271836718
2026-08-04T14:10:00+00:00,0.998427663850824,0.9952598445285421
2026-08-04T14:15:00+00:00,0.998427663850824,0.9951951490085014
2026-08-04T14:20:00+00:00,0.998427663850824,0.994418617561249
2026-08-04T14:25:00+00:00,0.998427663850824,0.9942392089813077
2026-08-04T14:30:00+00:00,0.998427663850824,0.9944834251056097
2026-08-04T14:35:00+00:00,0.998427663850824,0.9938357683470855
2026-08-04T14:40:00+00:00,0.998427663850824,0.9939005756224243
2026-08-04T14:45:00+00:00,0.998427663850824,0.9939977796690758
2026-08-04T14:50:00+00:00,0.998427663850824,0.9940949742109749
2026-08-04T14:55:00+00:00,0.998427663850824,0.9945485005266264
2026-08-04T15:00:00+00:00,0.998427663850824,0.9944837511524666
2026-08-04T15:05:00+00:00,0.998427663850824,0.9942246961677492
2026-08-04T15:10:00+00:00,0.998427663850824,0.9946457455684149
2026-08-04T15:15:00+00:00,0.998427663850824,0.994548622733235
2026-08-04T15:20:00+00:00,0.998427663850824,0.9937080370746434
2026-08-04T15:25:00+00:00,0.998427663850824,0.9935122936462542
2026-08-04T15:30:00+00:00,0.998427663850824,0.9937716082419005
2026-08-04T15:35:00+00:00,0.998427663850824,0.9936420041714219
2026-08-04T15:40:00+00:00,0.998427663850824,0.9943549869867453
2026-08-04T15:45:00+00:00,0.998427663850824,0.994484523543026
2026-08-04T15:50:00+00:00,0.998427663850824,0.994387384833233
2026-08-04T15:55:00+00:00,0.998427663850824,0.9948731469244366
2026-08-04T16:00:00+00:00,0.998427663850824,0.9948731479776134
2026-08-04T16:05:00+00:00,0.998427663850824,0.9947436746371686
2026-08-04T16:10:00+00:00,0.998427663850824,0.9948725173807594
2026-08-04T16:15:00+00:00,0.998427663850824,0.994581834939433
2026-08-04T16:20:00+00:00,0.998427663850824,0.9944199520225817
2026-08-04T16:25:00+00:00,0.998427663850824,0.994873290199053
2026-08-04T16:30:00+00:00,0.998427663850824,0.9949703952818759
2026-08-04T16:35:00+00:00,0.998427663850824,0.9949386836803701
2026-08-04T16:40:00+00:00,0.998427663850824,0.9947289504837976
2026-08-04T16:45:00+00:00,0.998427663850824,0.9951323355048796
2026-08-04T16:50:00+00:00,0.998427663850824,0.9955853744193263
2026-08-04T16:55:00+00:00,0.998427663850824,0.9953913031962425
2026-08-04T17:00:00+00:00,0.998427663850824,0.9955854290903747
2026-08-04T17:05:00+00:00,0.998427663850824,0.9966851314057301
2026-08-04T17:10:00+00:00,0.998427663850824,0.9964912740798603
2026-08-04T17:15:00+00:00,0.998427663850824,0.9963943307498132
2026-08-04T17:20:00+00:00,0.998427663850824,0.9961681062353749
2026-08-04T17:25:00+00:00,0.998427663850824,0.9964267168548545
2026-08-04T17:30:00+00:00,0.998427663850824,0.9958449939402402
2026-08-04T17:35:00+00:00,0.998427663850824,0.9956833055927071
2026-08-04T17:40:00+00:00,0.998427663850824,0.9957803360381534
2026-08-04T17:45:00+00:00,0.998427663850824,0.9958773507281526
2026-08-04T17:50:00+00:00,0.998427663850824,0.9957150251128316
2026-08-04T17:55:00+00:00,0.998427663850824,0.9951982532859576
2026-08-04T18:00:00+00:00,0.998427663850824,0.9948099590006333
2026-08-04T18:05:00+00:00,0.998427663850824,0.9947847170333534
2026-08-04T18:10:00+00:00,0.998427663850824,0.9950035371481115
2026-08-04T18:15:00+00:00,0.998427663850824,0.9950682654977671
2026-08-04T18:20:00+00:00,0.998427663850824,0.9948100160152429
2026-08-04T18:25:00+00:00,0.998427663850824,0.9948423863405326
2026-08-04T18:30:00+00:00,0.998427663850824,0.9945510845431081
2026-08-04T18:35:00+00:00,0.998427663850824,0.9943244320625831
2026-08-04T18:40:00+00:00,0.998427663850824,0.9938379897145414
2026-08-04T18:45:00+00:00,0.998427663850824,0.993482214146283
2026-08-04T18:50:00+00:00,0.998427663850824,0.9939684059716973
2026-08-04T18:55:00+00:00,0.998427663850824,0.9939360080445144
2026-08-04T19:00:00+00:00,0.998427663850824,0.9939677590692166
2026-08-04T19:05:00+00:00,0.998427663850824,0.9940332029248578
2026-08-04T19:10:00+00:00,0.998427663850824,0.9945191253773417
2026-08-04T19:15:00+00:00,0.998427663850824,0.9942277054343711
2026-08-04T19:20:00+00:00,0.998427663850824,0.9945192108210309
2026-08-04T19:25:00+00:00,0.998427663850824,0.9940011308779061
2026-08-04T19:30:00+00:00,0.998427663850824,0.9940011308779061
2026-08-04T19:35:00+00:00,0.998427663850824,0.9940659246417335
2026-08-04T19:40:00+00:00,0.998427663850824,0.9941307173498063
2026-08-04T19:45:00+00:00,0.998427663850824,0.99419550266863
2026-08-04T19:50:00+00:00,0.998427663850824,0.994001154099551
2026-08-04T19:55:00+00:00,0.998427663850824,0.9936448010600542
2026-08-04T20:00:00+00:00,0.998427663850824,0.9939040691099067
2026-08-04T20:05:00+00:00,0.998427663850824,0.9939040691099067
2026-08-04T20:10:00+00:00,0.998427663850824,0.9939040691099067
2026-08-04T20:15:00+00:00,0.998427663850824,0.9940271893166683
2026-08-04T20:20:00+00:00,0.998427663850824,0.9937097081066635
2026-08-04T20:25:00+00:00,0.998427663850824,0.9935800825251208
2026-08-04T20:30:00+00:00,0.998427663850824,0.9935800825251208
2026-08-04T20:35:00+00:00,0.998427663850824,0.9934549775173394
2026-08-04T20:40:00+00:00,0.998427663850824,0.9934549775173394
2026-08-04T20:45:00+00:00,0.998427663850824,0.9938394159273695
2026-08-04T20:50:00+00:00,0.998427663850824,0.9938394159273695
2026-08-04T20:55:00+00:00,0.998427663850824,0.9938394159273695
2026-08-04T21:00:00+00:00,0.998427663850824,0.9938394159273695
2026-08-04T21:05:00+00:00,0.998427663850824,0.9938394159273695
2026-08-04T21:10:00+00:00,0.998427663850824,0.9931952607503794
2026-08-04T21:15:00+00:00,0.998427663850824,0.9931952607503794
2026-08-04T21:20:00+00:00,0.998427663850824,0.9931952607503794
2026-08-04T21:25:00+00:00,0.998427663850824,0.9931952607503794
2026-08-04T21:30:00+00:00,0.998427663850824,0.9940992195816538
2026-08-04T21:35:00+00:00,0.998427663850824,0.9940992195816538
2026-08-04T21:40:00+00:00,0.998427663850824,0.9940992195816538
2026-08-04T21:45:00+00:00,0.998427663850824,0.9940992195816538
2026-08-04T21:50:00+00:00,0.998427663850824,0.9940992195816538
2026-08-04T21:55:00+00:00,0.998427663850824,0.9940992195816538
2026-08-04T22:00:00+00:00,0.998427663850824,0.9940992195816538
2026-08-04T22:05:00+00:00,0.998427663850824,0.993904874004062
2026-08-04T22:10:00+00:00,0.998427663850824,0.9935679131653073
2026-08-04T22:15:00+00:00,0.998427663850824,0.9945532097727416
2026-08-04T22:20:00+00:00,0.998427663850824,0.9936465979133318
2026-08-04T22:25:00+00:00,0.998427663850824,0.9936465979133318
2026-08-04T22:30:00+00:00,0.998427663850824,0.9936465979133318
2026-08-04T22:35:00+00:00,0.998427663850824,0.9936465979133318
2026-08-04T22:40:00+00:00,0.998427663850824,0.9942299520804041
2026-08-04T22:45:00+00:00,0.998427663850824,0.9942299520804041
2026-08-04T22:50:00+00:00,0.998427663850824,0.9942299520804041
2026-08-04T22:55:00+00:00,0.998427663850824,0.9942299520804041
2026-08-04T23:00:00+00:00,0.998427663850824,0.9939060564744358
2026-08-04T23:05:00+00:00,0.998427663850824,0.992998751714881
2026-08-04T23:10:00+00:00,0.998427663850824,0.9933230491517571
2026-08-04T23:15:00+00:00,0.998427663850824,0.9933230491517571
2026-08-04T23:20:00+00:00,0.998427663850824,0.9933230491517571
2026-08-04T23:25:00+00:00,0.998427663850824,0.9929340192369458
2026-08-04T23:30:00+00:00,0.998427663850824,0.9929340192369458
2026-08-04T23:35:00+00:00,0.998427663850824,0.9929340192369458
2026-08-04T23:40:00+00:00,0.998427663850824,0.9929340192369458
2026-08-04T23:45:00+00:00,0.998427663850824,0.99267456430639
2026-08-04T23:50:00+00:00,0.998427663850824,0.99267456430639
2026-08-04T23:55:00+00:00,0.998427663850824,0.9932260501754492
2026-08-05T00:00:00+00:00,0.998427663850824,0.9932260501754492
2026-08-05T08:05:00+00:00,0.998427663850824,1.0048656712504962
2026-08-05T08:10:00+00:00,0.998427663850824,1.0048656712504962
2026-08-05T08:15:00+00:00,0.998427663850824,1.0049246455771783
2026-08-05T08:20:00+00:00,0.998427663850824,1.00460928139077
2026-08-05T08:25:00+00:00,0.998427663850824,1.004481044311195
2026-08-05T08:30:00+00:00,0.998427663850824,1.0041604106785624
2026-08-05T08:35:00+00:00,0.998427663850824,1.0044811467238792
2026-08-05T08:40:00+00:00,0.998427663850824,1.0044811467238792
2026-08-05T08:45:00+00:00,0.998427663850824,1.0041605130585562
2026-08-05T08:50:00+00:00,0.998427663850824,1.0039039241961418
2026-08-05T08:55:00+00:00,0.998427663850824,1.0038397605808922
2026-08-05T09:00:00+00:00,0.998427663850824,1.0038397605808922
2026-08-05T09:05:00+00:00,0.998427663850824,1.0043530367203666
2026-08-05T09:10:00+00:00,0.998427663850824,1.0044171716524688
2026-08-05T09:15:00+00:00,0.998427663850824,1.0044171716524688
2026-08-05T09:20:00+00:00,0.998427663850824,1.0038399941179985
2026-08-05T09:25:00+00:00,0.998427663850824,1.0035833231913511
2026-08-05T09:30:00+00:00,0.998427663850824,1.0035191390443063
2026-08-05T09:35:00+00:00,0.998427663850824,1.0035191390443063
2026-08-05T09:40:00+00:00,0.998427663850824,1.003198173589911
2026-08-05T09:45:00+00:00,0.998427663850824,1.003198173589911
2026-08-05T09:50:00+00:00,0.998427663850824,1.003198173589911
2026-08-05T09:55:00+00:00,0.998427663850824,1.0034550087598009
2026-08-05T10:00:00+00:00,0.998427663850824,1.0036475858469478
2026-08-05T10:05:00+00:00,0.998427663850824,1.003069965417697
2026-08-05T10:10:00+00:00,0.998427663850824,1.003069965417697
2026-08-05T10:15:00+00:00,0.998427663850824,1.0027488802815199
2026-08-05T10:20:00+00:00,0.998427663850824,1.0030058306672422
2026-08-05T10:25:00+00:00,0.998427663850824,1.0030058306672422
2026-08-05T10:30:00+00:00,0.998427663850824,1.0030058306672422
2026-08-05T10:35:00+00:00,0.998427663850824,1.0034553540238589
2026-08-05T10:40:00+00:00,0.998427663850824,1.003262776870451
2026-08-05T10:45:00+00:00,0.998427663850824,1.003262776870451
2026-08-05T10:50:00+00:00,0.998427663850824,1.003262776870451
2026-08-05T10:55:00+00:00,0.998427663850824,1.0031985721618326
2026-08-05T11:00:00+00:00,0.998427663850824,1.0037764186802918
2026-08-05T11:05:00+00:00,0.998427663850824,1.0039246557041475
2026-08-05T11:10:00+00:00,0.998427663850824,1.0046105517359727
2026-08-05T11:15:00+00:00,0.998427663850824,1.005059382082038
2026-08-05T11:20:00+00:00,0.998427663850824,1.005059382082038
2026-08-05T11:25:00+00:00,0.998427663850824,1.0052516520824364
2026-08-05T11:30:00+00:00,0.998427663850824,1.0062768959907304
2026-08-05T11:35:00+00:00,0.998427663850824,1.0061533518171133
2026-08-05T11:40:00+00:00,0.998427663850824,1.006789074251728
2026-08-05T11:45:00+00:00,0.998427663850824,1.0067993185450033
2026-08-05T11:50:00+00:00,0.998427663850824,1.0069554298183627
2026-08-05T11:55:00+00:00,0.998427663850824,1.0071927563655527
2026-08-05T12:00:00+00:00,0.998427663850824,1.0077402056020248
2026-08-05T12:05:00+00:00,0.998427663850824,1.0080623605174448
2026-08-05T12:10:00+00:00,0.998427663850824,1.0083237082670082
2026-08-05T12:15:00+00:00,0.998427663850824,1.0085153562095324
2026-08-05T12:20:00+00:00,0.998427663850824,1.0095372843728858
2026-08-05T12:25:00+00:00,0.998427663850824,1.0101115376632004
2026-08-05T12:30:00+00:00,0.998427663850824,1.0096651097199305
2026-08-05T12:35:00+00:00,0.998427663850824,1.008452950167
2026-08-05T12:40:00+00:00,0.998427663850824,1.0087084487609113
2026-08-05T12:45:00+00:00,0.998427663850824,1.0079357612305233
2026-08-05T12:50:00+00:00,0.998427663850824,1.0077606547755993
2026-08-05T12:55:00+00:00,0.998427663850824,1.0071061286017744
2026-08-05T13:00:00+00:00,0.998427663850824,1.0066635267086639
2026-08-05T13:05:00+00:00,0.998427663850824,1.0074953742707802
2026-08-05T13:10:00+00:00,0.998427663850824,1.0079429226665089
2026-08-05T13:15:00+00:00,0.998427663850824,1.0071760325370123
2026-08-05T13:20:00+00:00,0.998427663850824,1.0073039441489677
2026-08-05T13:25:00+00:00,0.998427663850824,1.0080073686909712
2026-08-05T13:30:00+00:00,0.998427663850824,1.008199077966112
2026-08-05T13:35:00+00:00,0.998427663850824,1.0087740235999418
2026-08-05T13:40:00+00:00,0.998427663850824,1.0087740246103625
2026-08-05T13:45:00+00:00,0.998427663850824,1.0083270185749138
2026-08-05T13:50:00+00:00,0.998427663850824,1.0078159729170542
2026-08-05T13:55:00+00:00,0.998427663850824,1.0087107866931093
2026-08-05T14:00:00+00:00,0.998427663850824,1.0094126414226348
2026-08-05T14:05:00+00:00,0.998427663850824,1.009891920445701
2026-08-05T14:10:00+00:00,0.998427663850824,1.0119011161441815
2026-08-05T14:15:00+00:00,0.998427663850824,1.0121875753177252
2026-08-05T14:20:00+00:00,0.998427663850824,1.0129830961209176
2026-08-05T14:25:00+00:00,0.998427663850824,1.0124743789351696
2026-08-05T14:30:00+00:00,0.998427663850824,1.0129515410466445
2026-08-05T14:35:00+00:00,0.998427663850824,1.0122839004699191
2026-08-05T14:40:00+00:00,0.998427663850824,1.0124429845629022
2026-08-05T14:45:00+00:00,0.998427663850824,1.0138744724870274
2026-08-05T14:50:00+00:00,0.998427663850824,1.0142556760736248
2026-08-05T14:55:00+00:00,0.998427663850824,1.0132395826934537
2026-08-05T15:00:00+00:00,0.998427663850824,1.0139070699404578
2026-08-05T15:05:00+00:00,0.998427663850824,1.0154001195410145
2026-08-05T15:10:00+00:00,0.998427663850824,1.0153049594822456
2026-08-05T15:15:00+00:00,0.998427663850824,1.0155904465964798
2026-08-05T15:20:00+00:00,0.998427663850824,1.0155270197244712
2026-08-05T15:25:00+00:00,0.998427663850824,1.0159075935967108
2026-08-05T15:30:00+00:00,0.998427663850824,1.0155271404733912
2026-08-05T15:35:00+00:00,0.998427663850824,1.015273417265278
2026-08-05T15:40:00+00:00,0.998427663850824,1.0154954984117643
2026-08-05T15:45:00+00:00,0.998427663850824,1.0153369303088846
2026-08-05T15:50:00+00:00,0.998427663850824,1.0146390398234828
2026-08-05T15:55:00+00:00,0.998427663850824,1.0138137171155799
2026-08-05T16:00:00+00:00,0.998427663850824,1.0125747244179266
2026-08-05T16:05:00+00:00,0.998427663850824,1.011747744331422
2026-08-05T16:10:00+00:00,0.998427663850824,1.0128301719836392
2026-08-05T16:15:00+00:00,0.998427663850824,1.012671177946846
2026-08-05T16:20:00+00:00,0.998427663850824,1.0126075679482314
2026-08-05T16:25:00+00:00,0.998427663850824,1.0132118829155963
2026-08-05T16:30:00+00:00,0.998427663850824,1.0134979752462179
2026-08-05T16:35:00+00:00,0.998427663850824,1.0135297543122923
2026-08-05T16:40:00+00:00,0.998427663850824,1.0138475459697769
2026-08-05T16:45:00+00:00,0.998427663850824,1.014006382551383
2026-08-05T16:50:00+00:00,0.998427663850824,1.0136887368807967
2026-08-05T16:55:00+00:00,0.998427663850824,1.0139746767887645
2026-08-05T17:00:00+00:00,0.998427663850824,1.0135617430503314
2026-08-05T17:05:00+00:00,0.998427663850824,1.0137523975610394
2026-08-05T17:10:00+00:00,0.998427663850824,1.0136253181218806
2026-08-05T17:15:00+00:00,0.998427663850824,1.0136253221067173
2026-08-05T17:20:00+00:00,0.998427663850824,1.0132122240400403
2026-08-05T17:25:00+00:00,0.998427663850824,1.013371170261426
2026-08-05T17:30:00+00:00,0.998427663850824,1.0139432653895375
2026-08-05T17:35:00+00:00,0.998427663850824,1.0143244470682553
2026-08-05T17:40:00+00:00,0.998427663850824,1.0146419791390882
2026-08-05T17:45:00+00:00,0.998427663850824,1.0144832626750246
2026-08-05T17:50:00+00:00,0.998427663850824,1.0145372420363858
2026-08-05T17:55:00+00:00,0.998427663850824,1.0145467667313963
2026-08-05T18:00:00+00:00,0.998427663850824,1.014673748765132
2026-08-05T18:05:00+00:00,0.998427663850824,1.0149276959492814
2026-08-05T18:10:00+00:00,0.998427663850824,1.0151815706778033
2026-08-05T18:15:00+00:00,0.998427663850824,1.0150229525223184
2026-08-05T18:20:00+00:00,0.998427663850824,1.0154659540669322
2026-08-05T18:25:00+00:00,0.998427663850824,1.0162919329647802
2026-08-05T18:30:00+00:00,0.998427663850824,1.0161968576311486
2026-08-05T18:35:00+00:00,0.998427663850824,1.0152143522223145
2026-08-05T18:40:00+00:00,0.998427663850824,1.0154681439148137
2026-08-05T18:45:00+00:00,0.998427663850824,1.0157218771464023
2026-08-05T18:50:00+00:00,0.998427663850824,1.0157294908602794
2026-08-05T18:55:00+00:00,0.998427663850824,1.0161340932865581
2026-08-05T19:00:00+00:00,0.998427663850824,1.0159439079021515
2026-08-05T19:05:00+00:00,0.998427663850824,1.0160073162192509
2026-08-05T19:10:00+00:00,0.998427663850824,1.0155634936120175
2026-08-05T19:15:00+00:00,0.998427663850824,1.0156269227228547
2026-08-05T19:20:00+00:00,0.998427663850824,1.0147706574542619
2026-08-05T19:25:00+00:00,0.998427663850824,1.0152149846016134
2026-08-05T19:30:00+00:00,0.998427663850824,1.0149611897776933
2026-08-05T19:35:00+00:00,0.998427663850824,1.0145803889311034
2026-08-05T19:40:00+00:00,0.998427663850824,1.014612136236596
2026-08-05T19:45:00+00:00,0.998427663850824,1.0149613138874065
2026-08-05T19:50:00+00:00,0.998427663850824,1.0144218638132927
2026-08-05T19:55:00+00:00,0.998427663850824,1.0144853634057598
2026-08-05T20:00:00+00:00,0.998427663850824,1.0142631193034377
2026-08-05T20:05:00+00:00,0.998427663850824,1.0143901403578277
2026-08-05T20:10:00+00:00,0.998427663850824,1.0143901403578277
2026-08-05T20:15:00+00:00,0.998427663850824,1.0145806480842001
2026-08-05T20:20:00+00:00,0.998427663850824,1.0142631948150873
2026-08-05T20:25:00+00:00,0.998427663850824,1.0142631948150873
2026-08-05T20:30:00+00:00,0.998427663850824,1.014199684283164
2026-08-05T20:35:00+00:00,0.998427663850824,1.014199684283164
2026-08-05T20:40:00+00:00,0.998427663850824,1.014385220101352
2026-08-05T20:45:00+00:00,0.998427663850824,1.0141362777461636
2026-08-05T20:50:00+00:00,0.998427663850824,1.0141362777461636
2026-08-05T20:55:00+00:00,0.998427663850824,1.0140092407578452
2026-08-05T21:00:00+00:00,0.998427663850824,1.0139457143049722
2026-08-05T21:05:00+00:00,0.998427663850824,1.0136915925720638
2026-08-05T21:10:00+00:00,0.998427663850824,1.0142635098447033
2026-08-05T21:15:00+00:00,0.998427663850824,1.0142635098447033
2026-08-05T21:20:00+00:00,0.998427663850824,1.0150707289561702
2026-08-05T21:25:00+00:00,0.998427663850824,1.014898772591521
2026-08-05T21:30:00+00:00,0.998427663850824,1.014898772591521
2026-08-05T21:35:00+00:00,0.998427663850824,1.014898772591521
2026-08-05T21:40:00+00:00,0.998427663850824,1.015343068489466
2026-08-05T21:45:00+00:00,0.998427663850824,1.0151908050950411
2026-08-05T21:50:00+00:00,0.998427663850824,1.0153431770339763
2026-08-05T21:55:00+00:00,0.998427663850824,1.0153431770339763
2026-08-05T22:00:00+00:00,0.998427663850824,1.0145818599804641
2026-08-05T22:05:00+00:00,0.998427663850824,1.0145183930985797
2026-08-05T22:10:00+00:00,0.998427663850824,1.0143279089842165
2026-08-05T22:15:00+00:00,0.998427663850824,1.014264402353301
2026-08-05T22:20:00+00:00,0.998427663850824,1.014264402353301
2026-08-05T22:25:00+00:00,0.998427663850824,1.014264402353301
2026-08-05T22:30:00+00:00,0.998427663850824,1.0141373811382286
2026-08-05T22:35:00+00:00,0.998427663850824,1.0143914553913012
2026-08-05T22:40:00+00:00,0.998427663850824,1.0145133804942403
2026-08-05T22:45:00+00:00,0.998427663850824,1.0145184600963917
2026-08-05T22:50:00+00:00,0.998427663850824,1.0145184600963917
2026-08-05T22:55:00+00:00,0.998427663850824,1.0143965502551484
2026-08-05T23:00:00+00:00,0.998427663850824,1.0143965502551484
2026-08-05T23:05:00+00:00,0.998427663850824,1.0149629911339348
2026-08-05T23:10:00+00:00,0.998427663850824,1.0149629911339348
2026-08-05T23:15:00+00:00,0.998427663850824,1.0153437926563713
2026-08-05T23:20:00+00:00,0.998427663850824,1.0153437926563713
2026-08-05T23:25:00+00:00,0.998427663850824,1.0162319964240039
2026-08-05T23:30:00+00:00,0.998427663850824,1.0161686086996762
2026-08-05T23:35:00+00:00,0.998427663850824,1.0159784336637374
2026-08-05T23:40:00+00:00,0.998427663850824,1.0176903294269
2026-08-05T23:45:00+00:00,0.998427663850824,1.0176903294269
2026-08-05T23:50:00+00:00,0.998427663850824,1.0175055019756045
2026-08-05T23:55:00+00:00,0.998427663850824,1.0175055019756045
2026-08-06T00:00:00+00:00,0.998427663850824,1.0180702144397427
2026-08-06T08:05:00+00:00,0.998427663850824,1.0168142537880025
2026-08-06T08:10:00+00:00,0.998427663850824,1.0185925672861953
2026-08-06T08:15:00+00:00,0.998427663850824,1.0188466120716513
2026-08-06T08:20:00+00:00,0.998427663850824,1.0192276792498354
2026-08-06T08:25:00+00:00,0.998427663850824,1.0188466120716513
2026-08-06T08:30:00+00:00,0.998427663850824,1.0188466120716513
2026-08-06T08:35:00+00:00,0.998427663850824,1.0188466120716513
2026-08-06T08:40:00+00:00,0.998427663850824,1.020624925569844
2026-08-06T08:45:00+00:00,0.998427663850824,1.020624925569844
2026-08-06T08:50:00+00:00,0.998427663850824,1.0200965124160957
2026-08-06T08:55:00+00:00,0.998427663850824,1.0203505572015517
2026-08-06T09:00:00+00:00,0.998427663850824,1.0203505572015517
2026-08-06T09:05:00+00:00,0.998427663850824,1.0224032390680369
2026-08-06T09:10:00+00:00,0.998427663850824,1.0211330151407565
2026-08-06T09:15:00+00:00,0.998427663850824,1.0211330151407565
2026-08-06T09:20:00+00:00,0.998427663850824,1.0222762166753088
2026-08-06T09:25:00+00:00,0.998427663850824,1.0221491942825807
2026-08-06T09:30:00+00:00,0.998427663850824,1.0221491942825807
2026-08-06T09:35:00+00:00,0.998427663850824,1.0218951494971247
2026-08-06T09:40:00+00:00,0.998427663850824,1.0212600375334844
2026-08-06T09:45:00+00:00,0.998427663850824,1.0202438583916598
2026-08-06T09:50:00+00:00,0.998427663850824,1.0202438583916598
2026-08-06T09:55:00+00:00,0.998427663850824,1.0201168359989319
2026-08-06T10:00:00+00:00,0.998427663850824,1.0201168359989319
2026-08-06T10:05:00+00:00,0.998427663850824,1.02024385839166
2026-08-06T10:10:00+00:00,0.998427663850824,1.0198627912134761
2026-08-06T10:15:00+00:00,0.998427663850824,1.019481724035292
2026-08-06T10:20:00+00:00,0.998427663850824,1.0192276792498358
2026-08-06T10:25:00+00:00,0.998427663850824,1.0192276792498358
2026-08-06T10:30:00+00:00,0.998427663850824,1.0192276792498358
2026-08-06T10:35:00+00:00,0.998427663850824,1.0192276792498358
2026-08-06T10:40:00+00:00,0.998427663850824,1.0192276792498358
2026-08-06T10:45:00+00:00,0.998427663850824,1.0183385225007395
2026-08-06T10:50:00+00:00,0.998427663850824,1.01960874642802
2026-08-06T10:55:00+00:00,0.998427663850824,1.01960874642802
2026-08-06T11:00:00+00:00,0.998427663850824,1.01960874642802
2026-08-06T11:05:00+00:00,0.998427663850824,1.0203708807843883
2026-08-06T11:10:00+00:00,0.998427663850824,1.019354701642564
2026-08-06T11:15:00+00:00,0.998427663850824,1.019100656857108
2026-08-06T11:20:00+00:00,0.998427663850824,1.0183385225007395
2026-08-06T11:25:00+00:00,0.998427663850824,1.0173223433589151
2026-08-06T11:30:00+00:00,0.998427663850824,1.0180844777152835
2026-08-06T11:35:00+00:00,0.998427663850824,1.0184655448934676
2026-08-06T11:40:00+00:00,0.998427663850824,1.0179574553225554
2026-08-06T11:45:00+00:00,0.998427663850824,1.0174493657516432
2026-08-06T11:50:00+00:00,0.998427663850824,1.016560209002547
2026-08-06T11:55:00+00:00,0.998427663850824,1.016306164217091
2026-08-06T12:00:00+00:00,0.998427663850824,1.0177669217334633
2026-08-06T12:05:00+00:00,0.998427663850824,1.018455383102049
2026-08-06T12:10:00+00:00,0.998427663850824,1.016769795950548
2026-08-06T12:15:00+00:00,0.998427663850824,1.016769795950548
2026-08-06T12:20:00+00:00,0.998427663850824,1.0161791418243626
2026-08-06T12:25:00+00:00,0.998427663850824,1.0175763881443711
2026-08-06T12:30:00+00:00,0.998427663850824,1.017068298573459
2026-08-06T12:35:00+00:00,0.998427663850824,1.0189050423723065
2026-08-06T12:40:00+00:00,0.998427663850824,1.01960874642802
2026-08-06T12:45:00+00:00,0.998427663850824,1.0189456895379796
2026-08-06T12:50:00+00:00,0.998427663850824,1.0161791418243629
2026-08-06T12:55:00+00:00,0.998427663850824,1.0154170074679945
2026-08-06T13:00:00+00:00,0.998427663850824,1.0146663051269718
2026-08-06T13:05:00+00:00,0.998427663850824,1.0157980746461788
2026-08-06T13:10:00+00:00,0.998427663850824,1.0109712237225132
2026-08-06T13:15:00+00:00,0.998427663850824,1.0114793132934254
2026-08-06T13:20:00+00:00,0.998427663850824,1.0122414476497938
2026-08-06T13:25:00+00:00,0.998427663850824,1.0140197611479864
2026-08-06T13:30:00+00:00,0.998427663850824,1.0136386939698023
2026-08-06T13:35:00+00:00,0.998427663850824,1.015099451486175
2026-08-06T13:40:00+00:00,0.998427663850824,1.0169412761807317
2026-08-06T13:45:00+00:00,0.998427663850824,1.0199898136062047
2026-08-06T13:50:00+00:00,0.998427663850824,1.0178304329298278
2026-08-06T13:55:00+00:00,0.998427663850824,1.0185290560898324
2026-08-06T14:00:00+00:00,0.998427663850824,1.0189736344643805
2026-08-06T14:05:00+00:00,0.998427663850824,1.0190371456607445
2026-08-06T14:10:00+00:00,0.998427663850824,1.0183385225007404
2026-08-06T14:15:00+00:00,0.998427663850824,1.0191641680534727
2026-08-06T14:20:00+00:00,0.998427663850824,1.0184655448934685
2026-08-06T14:25:00+00:00,0.998427663850824,1.0177034105371001
2026-08-06T14:30:00+00:00,0.998427663850824,1.0186560784825602
2026-08-06T14:35:00+00:00,0.998427663850824,1.020053324802569
2026-08-06T14:40:00+00:00,0.998427663850824,1.0197344985968213
2026-08-06T14:45:00+00:00,0.998427663850824,1.020497903177117
2026-08-06T14:50:00+00:00,0.998427663850824,1.0185925672861964
2026-08-06T14:55:00+00:00,0.998427663850824,1.019735768820749
2026-08-06T15:00:00+00:00,0.998427663850824,1.0202438583916609
2026-08-06T15:05:00+00:00,0.998427663850824,1.0196722576243848
2026-08-06T15:10:00+00:00,0.998427663850824,1.0185290560898321
2026-08-06T15:15:00+00:00,0.998427663850824,1.0182115001080119
2026-08-06T15:20:00+00:00,0.998427663850824,1.0163696754134552
2026-08-06T15:25:00+00:00,0.998427663850824,1.015798074646179
2026-08-06T15:30:00+00:00,0.998427663850824,1.015988608235271
2026-08-06T15:35:00+00:00,0.998427663850824,1.0147183843079906
2026-08-06T15:40:00+00:00,0.998427663850824,1.015480518664359
2026-08-06T15:45:00+00:00,0.998427663850824,1.0150994514861749
2026-08-06T15:50:00+00:00,0.998427663850824,1.0144008283261705
2026-08-06T15:55:00+00:00,0.998427663850824,1.0111617573116054
2026-08-06T16:00:00+00:00,0.998427663850824,1.0108442013297851
2026-08-06T16:05:00+00:00,0.998427663850824,1.0117968692752455
2026-08-06T16:10:00+00:00,0.998427663850824,1.012876559613434
2026-08-06T16:15:00+00:00,0.998427663850824,1.0105901565443292
2026-08-06T16:20:00+00:00,0.998427663850824,1.0089388654388647
2026-08-06T16:25:00+00:00,0.998427663850824,1.0085577982606806
2026-08-06T16:30:00+00:00,0.998427663850824,1.009955044580689
2026-08-06T16:35:00+00:00,0.998427663850824,1.0103996229552372
2026-08-06T16:40:00+00:00,0.998427663850824,1.0112252685079695
2026-08-06T16:45:00+00:00,0.998427663850824,1.0107806901334213
2026-08-06T16:50:00+00:00,0.998427663850824,1.0114158020970614
2026-08-06T16:55:00+00:00,0.998427663850824,1.0117333580788814
2026-08-06T17:00:00+00:00,0.998427663850824,1.0126860260243418
2026-08-06T17:05:00+00:00,0.998427663850824,1.0128130484170699
2026-08-06T17:10:00+00:00,0.998427663850824,1.012940070809798
2026-08-06T17:15:00+00:00,0.998427663850824,1.0124954924352498
2026-08-06T17:20:00+00:00,0.998427663850824,1.012622514827978
2026-08-06T17:25:00+00:00,0.998427663850824,1.0121144252570657
2026-08-06T17:30:00+00:00,0.998427663850824,1.0126860260243418
2026-08-06T17:35:00+00:00,0.998427663850824,1.0122414476497936
2026-08-06T17:40:00+00:00,0.998427663850824,1.0126860260243415
2026-08-06T17:45:00+00:00,0.998427663850824,1.0126225148279777
2026-08-06T17:50:00+00:00,0.998427663850824,1.0127495372207058
2026-08-06T17:55:00+00:00,0.998427663850824,1.013829227558894
2026-08-06T18:00:00+00:00,0.998427663850824,1.0140070589087131
2026-08-06T18:05:00+00:00,0.998427663850824,1.013511671577074
2026-08-06T18:10:00+00:00,0.998427663850824,1.0142738059334422
2026-08-06T18:15:00+00:00,0.998427663850824,1.0140197611479862
2026-08-06T18:20:00+00:00,0.998427663850824,1.014145513316787
2026-08-06T18:25:00+00:00,0.998427663850824,1.0142102947370784
2026-08-06T18:30:00+00:00,0.998427663850824,1.013892738755258
2026-08-06T18:35:00+00:00,0.998427663850824,1.01313060439889
2026-08-06T18:40:00+00:00,0.998427663850824,1.0130327971564892
2026-08-06T18:45:00+00:00,0.998427663850824,1.0127495372207058
2026-08-06T18:50:00+00:00,0.998427663850824,1.01344816038071
2026-08-06T18:55:00+00:00,0.998427663850824,1.0126225148279777
2026-08-06T19:00:00+00:00,0.998427663850824,1.0130035820061618
2026-08-06T19:05:00+00:00,0.998427663850824,1.0142738059334422
2026-08-06T19:10:00+00:00,0.998427663850824,1.0144643395225343
2026-08-06T19:15:00+00:00,0.998427663850824,1.014146783540714
2026-08-06T19:20:00+00:00,0.998427663850824,1.0137644461386026
2026-08-06T19:25:00+00:00,0.998427663850824,1.0123684700425215
2026-08-06T19:30:00+00:00,0.998427663850824,1.0118616506955367
2026-08-06T19:35:00+00:00,0.998427663850824,1.0119874028643374
2026-08-06T19:40:00+00:00,0.998427663850824,1.0116698468825172
2026-08-06T19:45:00+00:00,0.998427663850824,1.011098246115241
2026-08-06T19:50:00+00:00,0.998427663850824,1.0117968692752453
2026-08-06T19:55:00+00:00,0.998427663850824,1.0142102947370781
2026-08-06T20:00:00+00:00,0.998427663850824,1.0145278507188984
2026-08-06T20:05:00+00:00,0.998427663850824,1.0140197611479862
2026-08-06T20:10:00+00:00,0.998427663850824,1.0140197611479862
2026-08-06T20:15:00+00:00,0.998427663850824,1.0140197611479862
2026-08-06T20:20:00+00:00,0.998427663850824,1.0136259917305295
2026-08-06T20:25:00+00:00,0.998427663850824,1.0131496577577992
2026-08-06T20:30:00+00:00,0.998427663850824,1.0131496577577992
2026-08-06T20:35:00+00:00,0.998427663850824,1.0131496577577992
2026-08-06T20:40:00+00:00,0.998427663850824,1.0131496577577992
2026-08-06T20:45:00+00:00,0.998427663850824,1.0119874028643376
2026-08-06T20:50:00+00:00,0.998427663850824,1.0117333580788817
2026-08-06T20:55:00+00:00,0.998427663850824,1.0117333580788817
2026-08-06T21:00:00+00:00,0.998427663850824,1.012876559613434
2026-08-06T21:05:00+00:00,0.998427663850824,1.012876559613434
2026-08-06T21:10:00+00:00,0.998427663850824,1.012876559613434
2026-08-06T21:15:00+00:00,0.998427663850824,1.016179141824363
2026-08-06T21:20:00+00:00,0.998427663850824,1.016179141824363
2026-08-06T21:25:00+00:00,0.998427663850824,1.016179141824363
2026-08-06T21:30:00+00:00,0.998427663850824,1.016179141824363
2026-08-06T21:35:00+00:00,0.998427663850824,1.016179141824363
2026-08-06T21:40:00+00:00,0.998427663850824,1.016179141824363
2026-08-06T21:45:00+00:00,0.998427663850824,1.016179141824363
2026-08-06T21:50:00+00:00,0.998427663850824,1.016179141824363
2026-08-06T21:55:00+00:00,0.998427663850824,1.016179141824363
2026-08-06T22:00:00+00:00,0.998427663850824,1.0142966699641334
2026-08-06T22:05:00+00:00,0.998427663850824,1.0117333580788814
2026-08-06T22:10:00+00:00,0.998427663850824,1.0117333580788814
2026-08-06T22:15:00+00:00,0.998427663850824,1.0117333580788814
2026-08-06T22:20:00+00:00,0.998427663850824,1.01313060439889
2026-08-06T22:25:00+00:00,0.998427663850824,1.01313060439889
2026-08-06T22:30:00+00:00,0.998427663850824,1.01313060439889
2026-08-06T22:35:00+00:00,0.998427663850824,1.01313060439889
2026-08-06T22:40:00+00:00,0.998427663850824,1.01313060439889
2026-08-06T22:45:00+00:00,0.998427663850824,1.01313060439889
2026-08-06T22:50:00+00:00,0.998427663850824,1.0127495372207056
2026-08-06T22:55:00+00:00,0.998427663850824,1.0127495372207056
2026-08-06T23:00:00+00:00,0.998427663850824,1.0127495372207056
2026-08-06T23:05:00+00:00,0.998427663850824,1.0131307478369744
2026-08-06T23:10:00+00:00,0.998427663850824,1.0131942590423302
2026-08-06T23:15:00+00:00,0.998427663850824,1.0131942590423302
2026-08-06T23:20:00+00:00,0.998427663850824,1.0131942590423302
2026-08-06T23:25:00+00:00,0.998427663850824,1.0131942590423302
2026-08-06T23:30:00+00:00,0.998427663850824,1.0123115086223298
2026-08-06T23:35:00+00:00,0.998427663850824,1.0137035307015971
2026-08-06T23:40:00+00:00,0.998427663850824,1.0137035495856652
2026-08-06T23:45:00+00:00,0.998427663850824,1.0135765986088856
2026-08-06T23:50:00+00:00,0.998427663850824,1.013913695673812
2026-08-06T23:55:00+00:00,0.998427663850824,1.0141478610279862
2026-08-07T00:00:00+00:00,0.998427663850824,1.0141478610279862
2026-08-07T08:05:00+00:00,0.998427663850824,1.0187787159784927
2026-08-07T08:10:00+00:00,0.998427663850824,1.0192207924427075
2026-08-07T08:15:00+00:00,0.998427663850824,1.019788990357226
2026-08-07T08:20:00+00:00,0.998427663850824,1.0199151862476301
2026-08-07T08:25:00+00:00,0.998427663850824,1.0195366454139367
2026-08-07T08:30:00+00:00,0.998427663850824,1.0192210775529074
2026-08-07T08:35:00+00:00,0.998427663850824,1.0211146646276232
2026-08-07T08:40:00+00:00,0.998427663850824,1.020673551158579
2026-08-07T08:45:00+00:00,0.998427663850824,1.020673551158579
2026-08-07T08:50:00+00:00,0.998427663850824,1.0209887684381214
2026-08-07T08:55:00+00:00,0.998427663850824,1.0209887684381214
2026-08-07T09:00:00+00:00,0.998427663850824,1.0209258222955335
2026-08-07T09:05:00+00:00,0.998427663850824,1.0209258222955335
2026-08-07T09:10:00+00:00,0.998427663850824,1.0207367541864623
2026-08-07T09:15:00+00:00,0.998427663850824,1.0207997937587319
2026-08-07T09:20:00+00:00,0.998427663850824,1.020862829438228
2026-08-07T09:25:00+00:00,0.998427663850824,1.0211149565880027
2026-08-07T09:30:00+00:00,0.998427663850824,1.0211779728158838
2026-08-07T09:35:00+00:00,0.998427663850824,1.0205478494215758
2026-08-07T09:40:00+00:00,0.998427663850824,1.0208000544998956
2026-08-07T09:45:00+00:00,0.998427663850824,1.0215564828470611
2026-08-07T09:50:00+00:00,0.998427663850824,1.0223753405531293
2026-08-07T09:55:00+00:00,0.998427663850824,1.0220606473308465
2026-08-07T10:00:00+00:00,0.998427663850824,1.0219976970569284
2026-08-07T10:05:00+00:00,0.998427663850824,1.0219976970569284
2026-08-07T10:10:00+00:00,0.998427663850824,1.0216199256065623
2026-08-07T10:15:00+00:00,0.998427663850824,1.0213679848110984
2026-08-07T10:20:00+00:00,0.998427663850824,1.0211789825933317
2026-08-07T10:25:00+00:00,0.998427663850824,1.0214940446020302
2026-08-07T10:30:00+00:00,0.998427663850824,1.0216830235200005
2026-08-07T10:35:00+00:00,0.998427663850824,1.0219349488124476
2026-08-07T10:40:00+00:00,0.998427663850824,1.022186831416456
2026-08-07T10:45:00+00:00,0.998427663850824,1.022186831416456
2026-08-07T10:50:00+00:00,0.998427663850824,1.022363092232318
2026-08-07T10:55:00+00:00,0.998427663850824,1.022363092232318
2026-08-07T11:00:00+00:00,0.998427663850824,1.022363092232318
2026-08-07T11:05:00+00:00,0.998427663850824,1.0228162562023784
2026-08-07T11:10:00+00:00,0.998427663850824,1.023004990903363
2026-08-07T11:15:00+00:00,0.998427663850824,1.022690491090616
2026-08-07T11:20:00+00:00,0.998427663850824,1.0222500559092678
2026-08-07T11:25:00+00:00,0.998427663850824,1.022879520229409
2026-08-07T11:30:00+00:00,0.998427663850824,1.022879520229409
2026-08-07T11:35:00+00:00,0.998427663850824,1.022879520229409
2026-08-07T11:40:00+00:00,0.998427663850824,1.0227537047902664
2026-08-07T11:45:00+00:00,0.998427663850824,1.0225838330504207
2026-08-07T11:50:00+00:00,0.998427663850824,1.022816658926529
2026-08-07T11:55:00+00:00,0.998427663850824,1.022816658926529
2026-08-07T12:00:00+00:00,0.998427663850824,1.022690872234325
2026-08-07T12:05:00+00:00,0.998427663850824,1.0228796302395362
2026-08-07T12:10:00+00:00,0.998427663850824,1.0221247375234923
2026-08-07T12:15:00+00:00,0.998427663850824,1.0218729206381698
2026-08-07T12:20:00+00:00,0.998427663850824,1.0218729206381698
2026-08-07T12:25:00+00:00,0.998427663850824,1.0213691627280697
2026-08-07T12:30:00+00:00,0.998427663850824,1.0216117158539333
2026-08-07T12:35:00+00:00,0.998427663850824,1.0271638884323377
2026-08-07T12:40:00+00:00,0.998427663850824,1.0275200640974977
2026-08-07T12:45:00+00:00,0.998427663850824,1.0278532259555917
2026-08-07T12:50:00+00:00,0.998427663850824,1.0280617014850368
2026-08-07T12:55:00+00:00,0.998427663850824,1.0277906756514774
2026-08-07T13:00:00+00:00,0.998427663850824,1.0267588779946344
2026-08-07T13:05:00+00:00,0.998427663850824,1.0261628232851252
2026-08-07T13:10:00+00:00,0.998427663850824,1.025786571944395
2026-08-07T13:15:00+00:00,0.998427663850824,1.0255983772455306
2026-08-07T13:20:00+00:00,0.998427663850824,1.024908249426807
2026-08-07T13:25:00+00:00,0.998427663850824,1.0259756005809515
2026-08-07T13:30:00+00:00,0.998427663850824,1.0265432175992457
2026-08-07T13:35:00+00:00,0.998427663850824,1.026289462423951
2026-08-07T13:40:00+00:00,0.998427663850824,1.0276655624848403
2026-08-07T13:45:00+00:00,0.998427663850824,1.0269172482801388
2026-08-07T13:50:00+00:00,0.998427663850824,1.0263846951306628
2026-08-07T13:55:00+00:00,0.998427663850824,1.0265100857231897
2026-08-07T14:00:00+00:00,0.998427663850824,1.02572145210274
2026-08-07T14:05:00+00:00,0.998427663850824,1.0240013526117586
2026-08-07T14:10:00+00:00,0.998427663850824,1.0244098104380372
2026-08-07T14:15:00+00:00,0.998427663850824,1.024095154276622
2026-08-07T14:20:00+00:00,0.998427663850824,1.0254466705943701
2026-08-07T14:25:00+00:00,0.998427663850824,1.026105577028569
2026-08-07T14:30:00+00:00,0.998427663850824,1.0259174388589636
2026-08-07T14:35:00+00:00,0.9982445109223935,1.0256665304491368
2026-08-07T14:40:00+00:00,0.9977254823964062,1.0251332440832928
2026-08-07T14:45:00+00:00,0.997847670319056,1.0252587885378985
2026-08-07T14:50:00+00:00,0.9976033430900226,1.025007749580454
2026-08-07T14:55:00+00:00,0.9980615627949205,1.025478556692102
2026-08-07T15:00:00+00:00,0.9975118601106041,1.0249137535413386
2026-08-07T15:05:00+00:00,0.9980007166948288,1.0254160391348408
2026-08-07T15:10:00+00:00,0.9983061249011487,1.0257298369788754
2026-08-07T15:15:00+00:00,0.9991609436013698,1.0266081377567164
2026-08-07T15:20:00+00:00,0.9990084222996474,1.0264514266577367
2026-08-07T15:25:00+00:00,0.9993135003007161,1.0267648852257014
2026-08-07T15:30:00+00:00,0.9986425139882585,1.0260754667560308
2026-08-07T15:35:00+00:00,0.9984288810319014,1.0258559652503987
2026-08-07T15:40:00+00:00,0.9986730852341839,1.0261068778015177
2026-08-07T15:45:00+00:00,0.9984594755795375,1.0258874002376999
2026-08-07T15:50:00+00:00,0.9983679055295277,1.0257933147361429
2026-08-07T15:55:00+00:00,0.9976353236598072,1.025040608664269
2026-08-07T16:00:00+00:00,0.9974825744982964,1.024883663446137
2026-08-07T16:05:00+00:00,0.9975742417760342,1.024977848846291
2026-08-07T16:10:00+00:00,0.998124105105613,1.0255428170552814
2026-08-07T16:15:00+00:00,0.998185174862411,1.0256055644131532
2026-08-07T16:20:00+00:00,0.997608140001246,1.0250126782639948
2026-08-07T16:25:00+00:00,0.9970857217172119,1.0244759090226259
2026-08-07T16:30:00+00:00,0.9970245958147036,1.0244131039767075
2026-08-07T16:35:00+00:00,0.9972385702067356,1.0246329562973353
2026-08-07T16:40:00+00:00,0.9972996970480497,1.0246957623078485
2026-08-07T16:45:00+00:00,0.9971469019528846,1.0245387698942534
2026-08-07T16:50:00+00:00,0.9971469028898238,1.0245387708569305
2026-08-07T16:55:00+00:00,0.9966273008376803,1.0240048952100274
2026-08-07T17:00:00+00:00,0.9961991700548719,1.0235650035704773
2026-08-07T17:05:00+00:00,0.9967805409646201,1.0241623448805282
2026-08-07T17:10:00+00:00,0.9967499648744066,1.0241309288576792
2026-08-07T17:15:00+00:00,0.9968111217442743,1.024193765721638
2026-08-07T17:20:00+00:00,0.9968111226821627,1.0241937666852903
2026-08-07T17:25:00+00:00,0.9971780245124855,1.024570747398137
2026-08-07T17:30:00+00:00,0.9973614032698237,1.0247591636145439
2026-08-07T17:35:00+00:00,0.9969641249253405,1.024350971937304
2026-08-07T17:40:00+00:00,0.9968418477372889,1.0242253357651543
2026-08-07T17:45:00+00:00,0.9969641493037048,1.0243509969853482
2026-08-07T17:50:00+00:00,0.997025904483089,1.0244144485945312
2026-08-07T17:55:00+00:00,0.9974838370512219,1.0248849606816977
2026-08-07T18:00:00+00:00,0.9973921771449411,1.024790782855496
2026-08-07T18:05:00+00:00,0.9973310624282044,1.024727989302625
2026-08-07T18:10:00+00:00,0.9975755362760846,1.024979178906572
2026-08-07T18:15:00+00:00,0.9967811675457295,1.024162988673973
2026-08-07T18:20:00+00:00,0.9967811684837048,1.0241629896377147
2026-08-07T18:25:00+00:00,0.9965365596080031,1.0239116612966992
2026-08-07T18:30:00+00:00,0.9966588903199778,1.0240373524630875
2026-08-07T18:35:00+00:00,0.996934101580072,1.0243201238434385
2026-08-07T18:40:00+00:00,0.9969646730029968,1.0243515350707872
2026-08-07T18:45:00+00:00,0.9966589614063069,1.0240374255021754
2026-08-07T18:50:00+00:00,0.9969036087715171,1.0242887933900156
2026-08-07T18:55:00+00:00,0.9967507525822099,1.0241317382040076
2026-08-07T19:00:00+00:00,0.9967201755298575,1.0241003211925894
2026-08-07T19:05:00+00:00,0.9973928537999557,1.0247914780983884
2026-08-07T19:10:00+00:00,0.9978817877818209,1.025293843215663
2026-08-07T19:15:00+00:00,0.9978518580658027,1.0252630913230658
2026-08-07T19:20:00+00:00,0.9981567172241148,1.0255763250366101
2026-08-07T19:25:00+00:00,0.9983399212713263,1.025764561743561
2026-08-07T19:30:00+00:00,0.9983093933885088,1.0257331952523767
2026-08-07T19:35:00+00:00,0.9980346386709008,1.025450892955845
2026-08-07T19:40:00+00:00,0.998065176417632,1.0254822695819068
2026-08-07T19:45:00+00:00,0.9983088536595214,1.0257326406969027
2026-08-07T19:50:00+00:00,0.9982178743364569,1.025639162149704
2026-08-07T19:55:00+00:00,0.9977293759277364,1.0251372445708742
2026-08-07T20:00:00+00:00,0.9978821114270825,1.0252941757515386
2026-08-07T20:05:00+00:00,0.9978821114270825,1.0252941757515386
2026-08-07T20:10:00+00:00,0.9977544440903486,1.025163001362011
2026-08-07T20:15:00+00:00,0.9975064078615017,1.0249081515176257
2026-08-07T20:20:00+00:00,0.9975155740408103,1.0249175694941095
2026-08-07T20:25:00+00:00,0.9972100375381022,1.0246036398293539
2026-08-07T20:30:00+00:00,0.9972100375381022,1.0246036398293539
2026-08-07T20:35:00+00:00,0.9970786165756953,1.024468608701143
2026-08-07T20:40:00+00:00,0.9973304890135877,1.0247274001361693
2026-08-07T20:45:00+00:00,0.9976318039657716,1.025036992283381
2026-08-07T20:50:00+00:00,0.9976318039657716,1.025036992283381
2026-08-07T20:55:00+00:00,0.9976318039657716,1.025036992283381
2026-08-07T21:00:00+00:00,0.9976318039657716,1.025036992283381
2026-08-07T21:05:00+00:00,0.9976318039657716,1.025036992283381
2026-08-07T21:10:00+00:00,0.9976318039657716,1.025036992283381
2026-08-07T21:15:00+00:00,0.9976318039657716,1.025036992283381
2026-08-07T21:20:00+00:00,0.9976318039657716,1.025036992283381
2026-08-07T21:25:00+00:00,0.9985538059453306,1.0259843218815852
2026-08-07T21:30:00+00:00,0.9984323287168567,1.025859507644097
2026-08-07T21:35:00+00:00,0.9985489366261052,1.0259793188009763
2026-08-07T21:40:00+00:00,0.998127121668361,1.025545916483741
2026-08-07T21:45:00+00:00,0.998127121668361,1.025545916483741
2026-08-07T21:50:00+00:00,0.998310331492456,1.0257341591262676
2026-08-07T21:55:00+00:00,0.998310331492456,1.0257341591262676
2026-08-07T22:00:00+00:00,0.9978829203413583,1.0252950068868865
2026-08-07T22:05:00+00:00,0.9981272449864107,1.0255460431893677
2026-08-07T22:10:00+00:00,0.9981272449864107,1.0255460431893677
2026-08-07T22:15:00+00:00,0.9978829651907704,1.025295052968323
2026-08-07T22:20:00+00:00,0.9983716444097667,1.0257971563243309
2026-08-07T22:25:00+00:00,0.9986141109311302,1.0260462834600133
2026-08-07T22:30:00+00:00,0.9986141109311302,1.0260462834600133
2026-08-07T22:35:00+00:00,0.9986141109311302,1.0260462834600133
2026-08-07T22:40:00+00:00,0.9986141109311302,1.0260462834600133
2026-08-07T22:45:00+00:00,0.9986141109311302,1.0260462834600133
2026-08-07T22:50:00+00:00,0.9986141109311302,1.0260462834600133
2026-08-07T22:55:00+00:00,0.9986141109311302,1.0260462834600133
2026-08-07T23:00:00+00:00,0.998310741106343,1.0257345799923479
2026-08-07T23:05:00+00:00,0.998310741106343,1.0257345799923479
2026-08-07T23:10:00+00:00,0.9985207832439214,1.0259503920385358
2026-08-07T23:15:00+00:00,0.9985207832439214,1.0259503920385358
2026-08-07T23:20:00+00:00,0.9985207832439214,1.0259503920385358
2026-08-07T23:25:00+00:00,0.9983107852801067,1.0257346253795756
2026-08-07T23:30:00+00:00,0.9983107852801067,1.0257346253795756
2026-08-07T23:35:00+00:00,0.9984860408033112,1.0259146952146314
2026-08-07T23:40:00+00:00,0.9983108328984956,1.0257346743060534
2026-08-07T23:45:00+00:00,0.9983108328984956,1.0257346743060534
2026-08-07T23:50:00+00:00,0.9983718916650338,1.0257974103717602
2026-08-07T23:55:00+00:00,0.9985336875011952,1.0259636507788958
2026-08-08T00:00:00+00:00,0.9976540462956668,1.025059845615489
2026-08-10T08:05:00+00:00,0.998861137827157,1.0263000962449604
2026-08-10T08:10:00+00:00,0.9989831883083186,1.0264254994825268
2026-08-10T08:15:00+00:00,0.998922170522568,1.0263628055233598
2026-08-10T08:20:00+00:00,0.9989831920357338,1.026425503312335
2026-08-10T08:25:00+00:00,0.9989831920357338,1.026425503312335
2026-08-10T08:30:00+00:00,0.9989831920357338,1.026425503312335
2026-08-10T08:35:00+00:00,0.9992272631796467,1.0266762791499389
2026-08-10T08:40:00+00:00,0.9992272631796467,1.0266762791499389
2026-08-10T08:45:00+00:00,0.9980682083566667,1.0254853848090446
2026-08-10T08:50:00+00:00,0.9980682083566667,1.0254853848090446
2026-08-10T08:55:00+00:00,0.9980682083566667,1.0254853848090446
2026-08-10T09:00:00+00:00,0.9979460607360134,1.025359881763541
2026-08-10T09:05:00+00:00,0.9979460607360134,1.025359881763541
2026-08-10T09:10:00+00:00,0.9979460607360134,1.025359881763541
2026-08-10T09:15:00+00:00,0.9979460607360134,1.025359881763541
2026-08-10T09:20:00+00:00,0.9979460607360134,1.025359881763541
2026-08-10T09:25:00+00:00,0.9979460607360134,1.025359881763541
2026-08-10T09:30:00+00:00,0.9981293718413153,1.025548228469494
2026-08-10T09:35:00+00:00,0.9978240438626341,1.0252345130569707
2026-08-10T09:40:00+00:00,0.9973964224406285,1.0247951447704886
2026-08-10T09:45:00+00:00,0.9973964224406285,1.0247951447704886
2026-08-10T09:50:00+00:00,0.9973964224406285,1.0247951447704886
2026-08-10T09:55:00+00:00,0.9973964224406285,1.0247951447704886
2026-08-10T10:00:00+00:00,0.9977019973249549,1.025109113871215
2026-08-10T10:05:00+00:00,0.9977019973249549,1.025109113871215
2026-08-10T10:10:00+00:00,0.997518708531815,1.0249207900903445
2026-08-10T10:15:00+00:00,0.997518708531815,1.0249207900903445
2026-08-10T10:20:00+00:00,0.997457601039256,1.0248580039601012
2026-08-10T10:25:00+00:00,0.997457601039256,1.0248580039601012
2026-08-10T10:30:00+00:00,0.997457601039256,1.0248580039601012
2026-08-10T10:35:00+00:00,0.997457601039256,1.0248580039601012
2026-08-10T10:40:00+00:00,0.997457601039256,1.0248580039601012
2026-08-10T10:45:00+00:00,0.9972742673299607,1.0246696340292178
2026-08-10T10:50:00+00:00,0.9972742673299607,1.0246696340292178
2026-08-10T10:55:00+00:00,0.9973353898028297,1.024732435551284
2026-08-10T11:00:00+00:00,0.9973353898028297,1.024732435551284
2026-08-10T11:05:00+00:00,0.9969075587127071,1.0242928518370504
2026-08-10T11:10:00+00:00,0.9969075587127071,1.0242928518370504
2026-08-10T11:15:00+00:00,0.9962374098631308,1.02360429383557
2026-08-10T11:20:00+00:00,0.9961737762913601,1.0235389122341045
2026-08-10T11:25:00+00:00,0.996129107565519,1.0234930164474993
2026-08-10T11:30:00+00:00,0.9967857060887391,1.0241676518918625
2026-08-10T11:35:00+00:00,0.9971526210725755,1.0245446461195529
2026-08-10T11:40:00+00:00,0.9969692310613434,1.0243562183401047
2026-08-10T11:45:00+00:00,0.9970309837243738,1.0244196673638093
2026-08-10T11:50:00+00:00,0.9970309837243738,1.0244196673638093
2026-08-10T11:55:00+00:00,0.9970309837243738,1.0244196673638093
2026-08-10T12:00:00+00:00,0.9970309837243738,1.0244196673638093
2026-08-10T12:05:00+00:00,0.9967858224942102,1.0241677714950204
2026-08-10T12:10:00+00:00,0.9967858224942102,1.0241677714950204
2026-08-10T12:15:00+00:00,0.9964800599719728,1.0238536096019237
2026-08-10T12:20:00+00:00,0.9962353748743736,1.0236022029451768
2026-08-10T12:25:00+00:00,0.9961130064125397,1.0234764729919317
2026-08-10T12:30:00+00:00,0.9957458434908986,1.0230992240155248
2026-08-10T12:35:00+00:00,0.9961743582397268,1.0235395101687346
2026-08-10T12:40:00+00:00,0.996474189588337,1.0238475779574217
2026-08-10T12:45:00+00:00,0.996474189588337,1.0238475779574217
2026-08-10T12:50:00+00:00,0.9963958898570529,1.0237671273134736
2026-08-10T12:55:00+00:00,0.9962967839716131,1.0236652989652546
2026-08-10T13:00:00+00:00,0.9967250618816966,1.0241053417737018
2026-08-10T13:05:00+00:00,0.9961134990752899,1.0234769791882474
2026-08-10T13:10:00+00:00,0.9961134990752899,1.0234769791882474
2026-08-10T13:15:00+00:00,0.9970926006839154,1.0244829769562172
2026-08-10T13:20:00+00:00,0.9970926006839154,1.0244829769562172
2026-08-10T13:25:00+00:00,0.9961755933871491,1.023540779245957
2026-08-10T13:30:00+00:00,0.996481544122219,1.0238551345221383
2026-08-10T13:35:00+00:00,0.9970625876555417,1.0244521394626536
2026-08-10T13:40:00+00:00,0.9972459948394873,1.0246405848865539
2026-08-10T13:45:00+00:00,0.9963290516632026,1.0236984530581807
2026-08-10T13:50:00+00:00,0.9959620092221253,1.0233213278719682
2026-08-10T13:55:00+00:00,0.9954417977257654,1.0227868260392676
2026-08-10T14:00:00+00:00,0.9948294856888986,1.0221576936418102
2026-08-10T14:05:00+00:00,0.9954421823794147,1.0227872212594464
2026-08-10T14:10:00+00:00,0.995564653120357,1.0229130563014321
2026-08-10T14:15:00+00:00,0.996238121692389,1.0236050252189515
2026-08-10T14:20:00+00:00,0.9967153506158811,1.0240953637370525
2026-08-10T14:25:00+00:00,0.9972168335352039,1.0246106225141491
2026-08-10T14:30:00+00:00,0.9980420161976522,1.0254584731450511
2026-08-10T14:35:00+00:00,0.9982557726620984,1.0256781015515692
2026-08-10T14:40:00+00:00,0.9981947172631588,1.0256153689459697
2026-08-10T14:45:00+00:00,0.998439002362843,1.0258663646167618
2026-08-10T14:50:00+00:00,0.9982558622851693,1.0256781936366077
2026-08-10T14:55:00+00:00,0.9977703864750356,1.0251793816878834
2026-08-10T15:00:00+00:00,0.9980117029772104,1.0254273272130705
2026-08-10T15:05:00+00:00,0.9982865532014085,1.0257097276397815
2026-08-10T15:10:00+00:00,0.9979507082748389,1.0253646569713886
2026-08-10T15:15:00+00:00,0.9981950269329273,1.0256156871224424
2026-08-10T15:20:00+00:00,0.9985003451085087,1.0259293924625723
2026-08-10T15:25:00+00:00,0.9984698267292094,1.0258980357359704
2026-08-10T15:30:00+00:00,0.9984698267292094,1.0258980357359704
2026-08-10T15:35:00+00:00,0.9983477316407938,1.0257725866657779
2026-08-10T15:40:00+00:00,0.9985614209516911,1.025992146074023
2026-08-10T15:45:00+00:00,0.9985919486604586,1.0260235123863757
2026-08-10T15:50:00+00:00,0.9987445545576192,1.026180310404651
2026-08-10T15:55:00+00:00,0.9992938220219569,1.0267446663798372
2026-08-10T16:00:00+00:00,0.9995969812192395,1.0270561534340092
2026-08-10T16:05:00+00:00,0.9995073373927545,1.026964047069806
2026-08-10T16:10:00+00:00,1.000025738822703,1.0274966891131305
2026-08-10T16:15:00+00:00,0.9999648164439308,1.0274340931817947
2026-08-10T16:20:00+00:00,0.9999654409721855,1.0274347348659925
2026-08-10T16:25:00+00:00,1.0000562865701121,1.0275280760145913
2026-08-10T16:30:00+00:00,1.0000252061362547,1.027496141793656
2026-08-10T16:35:00+00:00,0.9992333579845043,1.026682541380569
2026-08-10T16:40:00+00:00,0.9991418903294031,1.0265885610867336
2026-08-10T16:45:00+00:00,0.9986843388757191,1.0261184405833226
2026-08-10T16:50:00+00:00,0.9989022612886501,1.026342349377944
2026-08-10T16:55:00+00:00,0.998928470881519,1.026369278954704
2026-08-10T17:00:00+00:00,0.9992336167231175,1.0266828072267946
2026-08-10T17:05:00+00:00,0.999050644136648,1.0264948083388687
2026-08-10T17:10:00+00:00,0.9991726842217823,1.0266202008948266
2026-08-10T17:15:00+00:00,0.9993862020246554,1.0268395840836806
2026-08-10T17:20:00+00:00,0.999447203440881,1.0269022612236478
2026-08-10T17:25:00+00:00,0.9996606637284414,1.0271215853172293
2026-08-10T17:30:00+00:00,0.9998295706479562,1.0272951321509078
2026-08-10T17:35:00+00:00,0.9999960133721246,1.0274661470971944
2026-08-10T17:40:00+00:00,1.0001484110322285,1.0276227311580903
2026-08-10T17:45:00+00:00,0.9997827074831231,1.0272469816435377
2026-08-10T17:50:00+00:00,0.9997827223592476,1.027246996928313
2026-08-10T17:55:00+00:00,0.9995992181797603,1.02705845184438
2026-08-10T18:00:00+00:00,0.99972300952047,1.0271856437633298
2026-08-10T18:05:00+00:00,1.0001485822883738,1.0276229071186838
2026-08-10T18:10:00+00:00,1.0001016527083395,1.027574688371671
2026-08-10T18:15:00+00:00,1.000026703477504,1.027497680267234
2026-08-10T18:20:00+00:00,1.0000571809462193,1.027528994959428
2026-08-10T18:25:00+00:00,1.0002095692187591,1.0276855693748812
2026-08-10T18:30:00+00:00,1.000361923137751,1.027842108493086
2026-08-10T18:35:00+00:00,1.001976639520934,1.0295011815280766
2026-08-10T18:40:00+00:00,1.0021591490382225,1.0296887046261984
2026-08-10T18:45:00+00:00,1.0019766876291984,1.0295012309578868
2026-08-10T18:50:00+00:00,1.0016724969595858,1.029188684096589
2026-08-10T18:55:00+00:00,1.0014899274842401,1.0290010993933476
2026-08-10T19:00:00+00:00,1.0018246630058287,1.0293450301811349
2026-08-10T19:05:00+00:00,1.0020509977901162,1.0295775824370001
2026-08-10T19:10:00+00:00,1.0022505167980158,1.0297825822805775
2026-08-10T19:15:00+00:00,1.0022451707320879,1.029777089356918
2026-08-10T19:20:00+00:00,1.0023417466205269,1.0298763182085036
2026-08-10T19:25:00+00:00,1.0027370397495787,1.030282470135961
2026-08-10T19:30:00+00:00,1.0032531661498894,1.0308127746540299
2026-08-10T19:35:00+00:00,1.0028892193173655,1.0304388301134906
2026-08-10T19:40:00+00:00,1.0029196117417343,1.0304700574251493
2026-08-10T19:45:00+00:00,1.0029500014033226,1.0305012818981334
2026-08-10T19:50:00+00:00,1.003648903774545,1.0312193832874936
2026-08-10T19:55:00+00:00,1.0034666984466825,1.0310321727349552
2026-08-10T20:00:00+00:00,1.0029503409228395,1.0305016307443342
2026-08-10T20:05:00+00:00,1.0030111184250161,1.030564077819279
2026-08-10T20:10:00+00:00,1.0027680120982314,1.0303142933025646
2026-08-10T20:15:00+00:00,1.0029084458605049,1.030458584814447
2026-08-10T20:20:00+00:00,1.0031910730753157,1.0307489758675945
2026-08-10T20:25:00+00:00,1.0029504518821557,1.03050174475173
2026-08-10T20:30:00+00:00,1.0029504518821557,1.03050174475173
2026-08-10T20:35:00+00:00,1.00325433942666,1.030813980160999
2026-08-10T20:40:00+00:00,1.0031935803218013,1.030751551988751
2026-08-10T20:45:00+00:00,1.003132817536803,1.0306891200352688
2026-08-10T20:50:00+00:00,1.0030720510709963,1.0306266842998657
2026-08-10T20:55:00+00:00,1.0032543615128484,1.0308140028539006
2026-08-10T21:00:00+00:00,1.0031936024066521,1.0307515746802782
2026-08-10T21:05:00+00:00,1.004955723210395,1.032562101371116
2026-08-10T21:10:00+00:00,1.004955723210395,1.032562101371116
2026-08-10T21:15:00+00:00,1.004955723210395,1.032562101371116
2026-08-10T21:20:00+00:00,1.002893404608925,1.030443130376028
2026-08-10T21:25:00+00:00,1.002893404608925,1.030443130376028
2026-08-10T21:30:00+00:00,1.002893404608925,1.030443130376028
2026-08-10T21:35:00+00:00,1.0038051258858423,1.031379896858188
2026-08-10T21:40:00+00:00,1.0031981392852198,1.0307562361880038
2026-08-10T21:45:00+00:00,1.0043836266079003,1.0319742891357946
2026-08-10T21:50:00+00:00,1.003260333646227,1.0308201390432357
2026-08-10T21:55:00+00:00,1.003260333646227,1.0308201390432357
2026-08-10T22:00:00+00:00,1.003260333646227,1.0308201390432357
2026-08-10T22:05:00+00:00,1.0036747132171733,1.031245901721789
2026-08-10T22:10:00+00:00,1.0036747132171733,1.031245901721789
2026-08-10T22:15:00+00:00,1.0036747132171733,1.031245901721789
2026-08-10T22:20:00+00:00,1.0031390358715107,1.0306955091891434
2026-08-10T22:25:00+00:00,1.0031390358715107,1.0306955091891434
2026-08-10T22:30:00+00:00,1.0031390358715107,1.0306955091891434
2026-08-10T22:35:00+00:00,1.0031390358715107,1.0306955091891434
2026-08-10T22:40:00+00:00,1.0031390358715107,1.0306955091891434
2026-08-10T22:45:00+00:00,1.0031390358715107,1.0306955091891434
2026-08-10T22:50:00+00:00,1.0035054599317423,1.0310719990074382
2026-08-10T22:55:00+00:00,1.0041110842112861,1.0316942599332521
2026-08-10T23:00:00+00:00,1.0043520951547154,1.0319418915059206
2026-08-10T23:05:00+00:00,1.003989722377126,1.0315695642599878
2026-08-10T23:10:00+00:00,1.0044232302761205,1.0320149807264136
2026-08-10T23:15:00+00:00,1.0040505985965418,1.0316321127639585
2026-08-10T23:20:00+00:00,1.0038150370822985,1.0313900803176212
2026-08-10T23:25:00+00:00,1.003862403347333,1.0314387477454776
2026-08-10T23:30:00+00:00,1.0037470294275928,1.0313202044760987
2026-08-10T23:35:00+00:00,1.0038684896199244,1.0314450012094574
2026-08-10T23:40:00+00:00,1.003929212369115,1.0315073920273385
2026-08-10T23:45:00+00:00,1.0045364031350332,1.0321312624712888
2026-08-10T23:50:00+00:00,1.0041723087518746,1.031757166326863
2026-08-10T23:55:00+00:00,1.0036866734919292,1.0312581905482017
2026-08-11T00:00:00+00:00,1.0036866734919292,1.0312581905482017
2026-08-11T08:05:00+00:00,1.0001013039280064,1.0275743300102573
2026-08-11T08:10:00+00:00,1.0001013039280064,1.0275743300102573
2026-08-11T08:15:00+00:00,1.0003451121444686,1.0278248356977293
2026-08-11T08:20:00+00:00,1.0003451121444686,1.0278248356977293
2026-08-11T08:25:00+00:00,0.999796677324214,1.0272613352395616
2026-08-11T08:30:00+00:00,0.999796677324214,1.0272613352395616
2026-08-11T08:35:00+00:00,1.0008941489787961,1.0283889547074427
2026-08-11T08:40:00+00:00,1.001076860579559,1.028576685440321
2026-08-11T08:45:00+00:00,1.001381324344942,1.0288895128993967
2026-08-11T08:50:00+00:00,1.0012595758556602,1.0287644199495
2026-08-11T08:55:00+00:00,1.0012595758556602,1.0287644199495
2026-08-11T09:00:00+00:00,1.0008942859702696,1.028389095462105
2026-08-11T09:05:00+00:00,1.0006506593472784,1.0281387763565206
2026-08-11T09:10:00+00:00,1.0010161715813026,1.0285143293005203
2026-08-11T09:15:00+00:00,1.0011349489711183,1.0286363695341256
2026-08-11T09:20:00+00:00,1.0010162149348758,1.0285143738450269
2026-08-11T09:25:00+00:00,1.0010162149348758,1.0285143738450269
2026-08-11T09:30:00+00:00,1.0010162149348758,1.0285143738450269
2026-08-11T09:35:00+00:00,1.0010162149348758,1.0285143738450269
2026-08-11T09:40:00+00:00,1.0010162149348758,1.0285143738450269
2026-08-11T09:45:00+00:00,1.0010162149348758,1.0285143738450269
2026-08-11T09:50:00+00:00,1.0010162149348758,1.0285143738450269
2026-08-11T09:55:00+00:00,1.0010162149348758,1.0285143738450269
2026-08-11T10:00:00+00:00,1.0010162149348758,1.0285143738450269
2026-08-11T10:05:00+00:00,1.0010162149348758,1.0285143738450269
2026-08-11T10:10:00+00:00,1.0010162149348758,1.0285143738450269
2026-08-11T10:15:00+00:00,1.0010162149348758,1.0285143738450269
2026-08-11T10:20:00+00:00,1.0010162149348758,1.0285143738450269
2026-08-11T10:25:00+00:00,1.0010162149348758,1.0285143738450269
2026-08-11T10:30:00+00:00,1.0010162149348758,1.0285143738450269
2026-08-11T10:35:00+00:00,1.0010162149348758,1.0285143738450269
2026-08-11T10:40:00+00:00,1.0010162149348758,1.0285143738450269
2026-08-11T10:45:00+00:00,1.0010162149348758,1.0285143738450269
2026-08-11T10:50:00+00:00,1.0010162149348758,1.0285143738450269
2026-08-11T10:55:00+00:00,1.0010162149348758,1.0285143738450269
2026-08-11T11:00:00+00:00,1.0010162149348758,1.0285143738450269
2026-08-11T11:05:00+00:00,1.003391177362328,1.030954577068044
2026-08-11T11:10:00+00:00,1.003207096757617,1.030765439724346
2026-08-11T11:15:00+00:00,1.0033304471005378,1.0308921785311904
2026-08-11T11:20:00+00:00,1.002965908970309,1.0305176264498543
2026-08-11T11:25:00+00:00,1.002965908970309,1.0305176264498543
2026-08-11T11:30:00+00:00,1.0029051305247283,1.03045517840559
2026-08-11T11:35:00+00:00,1.0029051305247283,1.03045517840559
2026-08-11T11:40:00+00:00,1.0026620020082375,1.0302053710896129
2026-08-11T11:45:00+00:00,1.0022972207802454,1.029830569232559
2026-08-11T11:50:00+00:00,1.00288525936428,1.0304347613795306
2026-08-11T11:55:00+00:00,1.0031484512963844,1.0307051832580283
2026-08-11T12:00:00+00:00,1.0031484512963844,1.0307051832580283
2026-08-11T12:05:00+00:00,1.0024192423422074,1.0299559427565081
2026-08-11T12:10:00+00:00,1.0035746636965208,1.0311431038164678
2026-08-11T12:15:00+00:00,1.003999855722055,1.0315799759703665
2026-08-11T12:20:00+00:00,1.0037163119795405,1.031288643212276
2026-08-11T12:25:00+00:00,1.0033318710668073,1.0308936416141592
2026-08-11T12:30:00+00:00,1.0033318710668073,1.0308936416141592
2026-08-11T12:35:00+00:00,1.0031496017430095,1.0307063653077015
2026-08-11T12:40:00+00:00,1.0032103913040809,1.0307688247728017
2026-08-11T12:45:00+00:00,1.0037572655331382,1.0313307217699523
2026-08-11T12:50:00+00:00,1.0038787269641078,1.031455519775975
2026-08-11T12:55:00+00:00,1.0038787269641078,1.031455519775975
2026-08-11T13:00:00+00:00,1.0034536633850641,1.0310187795970231
2026-08-11T13:05:00+00:00,1.004000405301184,1.0315805406465675
2026-08-11T13:10:00+00:00,1.003878973225071,1.0314557728017868
2026-08-11T13:15:00+00:00,1.004119437823061,1.0317028430207738
2026-08-11T13:20:00+00:00,1.0036969042626054,1.031268702360636
2026-08-11T13:25:00+00:00,1.004061310738799,1.0316431191713684
2026-08-11T13:30:00+00:00,1.0040005983605949,1.0315807390093674
2026-08-11T13:35:00+00:00,1.0032720057638165,1.0308321317967335
2026-08-11T13:40:00+00:00,1.0041833568749496,1.0317685179445653
2026-08-11T13:45:00+00:00,1.0043047633563917,1.0318932594915835
2026-08-11T13:50:00+00:00,1.0036675183147103,1.0312385091736043
2026-08-11T13:55:00+00:00,1.0027655577424641,1.0303117715250467
2026-08-11T14:00:00+00:00,1.002999590604025,1.0305522333262407
2026-08-11T14:05:00+00:00,1.0025437793068641,1.0300839007818758
2026-08-11T14:10:00+00:00,1.002452572631163,1.0299901886366083
2026-08-11T14:15:00+00:00,1.0027255929143273,1.0302707088533603
2026-08-11T14:20:00+00:00,1.0026046251583116,1.0301464180836628
2026-08-11T14:25:00+00:00,1.0025134498135213,1.0300527381299738
2026-08-11T14:30:00+00:00,1.0024526435146306,1.029990261467262
2026-08-11T14:35:00+00:00,1.0030911299401937,1.0306462872702398
2026-08-11T14:40:00+00:00,1.003334215152829,1.030896050092794
2026-08-11T14:45:00+00:00,1.003546857225134,1.031114533494548
2026-08-11T14:50:00+00:00,1.003546858144268,1.0311145344389305
2026-08-11T14:55:00+00:00,1.003759468323469,1.0313329850714692
2026-08-11T15:00:00+00:00,1.0036076540604875,1.0311770004337566
2026-08-11T15:05:00+00:00,1.0039416985451433,1.0315202212016585
2026-08-11T15:10:00+00:00,1.0032434204797465,1.0308027612679571
2026-08-11T15:15:00+00:00,1.0034500188761455,1.031015034972558
2026-08-11T15:20:00+00:00,1.0027574068456033,1.0303033967210669
2026-08-11T15:25:00+00:00,1.0024230309405662,1.0299598354285853
2026-08-11T15:30:00+00:00,1.0027270903408758,1.0302722474145805
2026-08-11T15:35:00+00:00,1.0017848527435649,1.0293041263212828
2026-08-11T15:40:00+00:00,1.0010546445049133,1.0285538590847005
2026-08-11T15:45:00+00:00,1.0015418053514393,1.029054402358177
2026-08-11T15:50:00+00:00,1.0016026847250397,1.0291169541029785
2026-08-11T15:55:00+00:00,1.0019982753476562,1.0295234116962213
2026-08-11T16:00:00+00:00,1.002363269730355,1.0298984325633938
2026-08-11T16:05:00+00:00,1.0021200671381587,1.0296485491368332
2026-08-11T16:10:00+00:00,1.0019984035616232,1.029523543432257
2026-08-11T16:15:00+00:00,1.0019071727271232,1.0294298064645422
2026-08-11T16:20:00+00:00,1.0019071736507832,1.0294298074135753
2026-08-11T16:25:00+00:00,1.002120141947136,1.029648626000831
2026-08-11T16:30:00+00:00,1.0023026258243946,1.0298361227545851
2026-08-11T16:35:00+00:00,1.002180984387838,1.0297111397981784
2026-08-11T16:40:00+00:00,1.0023938687235512,1.0299298721183756
2026-08-11T16:45:00+00:00,1.0025349566547916,1.0300748357694054
2026-08-11T16:50:00+00:00,1.0023026764959007,1.0298361748180502
2026-08-11T16:55:00+00:00,1.0021810378215685,1.029711194699747
2026-08-11T17:00:00+00:00,1.002393925803957,1.0299299307667942
2026-08-11T17:05:00+00:00,1.0023635189021245,1.0298986885799724
2026-08-11T17:10:00+00:00,1.0024243373181787,1.029961177692709
2026-08-11T17:15:00+00:00,1.002120277521613,1.0296487652995723
2026-08-11T17:20:00+00:00,1.0022723664876267,1.0298050321864765
2026-08-11T17:25:00+00:00,1.002059499708835,1.029586317905494
2026-08-11T17:30:00+00:00,1.0020899167650428,1.0296175705256345
2026-08-11T17:35:00+00:00,1.0015728591213882,1.0290863091827402
2026-08-11T17:40:00+00:00,1.001572862820409,1.029086312983374
2026-08-11T17:45:00+00:00,1.0015424328251845,1.029055047068779
2026-08-11T17:50:00+00:00,1.0015728766930863,1.0290863272371369
2026-08-11T17:55:00+00:00,1.0011772516140471,1.0286798342409451
2026-08-11T18:00:00+00:00,1.0006901357376343,1.028179337172922
2026-08-11T18:05:00+00:00,1.000294185613791,1.0277725102028663
2026-08-11T18:10:00+00:00,0.9998066274239795,1.0272715586709877
2026-08-11T18:15:00+00:00,0.9999895476940415,1.0274595038053616
2026-08-11T18:20:00+00:00,1.0004162312700857,1.0278979084830258
2026-08-11T18:25:00+00:00,1.0001584730591397,1.0276330695913283
2026-08-11T18:30:00+00:00,0.9997458362738879,1.0272090975732164
2026-08-11T18:35:00+00:00,1.0005378567308476,1.0280228750247788
2026-08-11T18:40:00+00:00,1.0009034429031862,1.0283985039381964
2026-08-11T18:45:00+00:00,1.0010252564383024,1.028523663720752
2026-08-11T18:50:00+00:00,1.0009954279220372,1.0284930158078895
2026-08-11T18:55:00+00:00,1.0010861673019487,1.0285862478206387
2026-08-11T19:00:00+00:00,1.00096498578198,1.0284617374148406
2026-08-11T19:05:00+00:00,1.0005386943158998,1.0280237356184965
2026-08-11T19:10:00+00:00,1.0002041899299472,1.027680042315697
2026-08-11T19:15:00+00:00,1.0000816834038937,1.0275541705055746
2026-08-11T19:20:00+00:00,0.9998073878242436,1.0272723399596324
2026-08-11T19:25:00+00:00,1.0005084630017345,1.0279926738427774
2026-08-11T19:30:00+00:00,1.0009038618177413,1.0283989343604363
2026-08-11T19:35:00+00:00,1.0009349286331843,1.028430854588856
2026-08-11T19:40:00+00:00,1.0008131233482884,1.0283057032831562
2026-08-11T19:45:00+00:00,1.000539020683655,1.0280240709516528
2026-08-11T19:50:00+00:00,1.0008132003158081,1.028305782364992
2026-08-11T19:55:00+00:00,1.000721833371778,1.0282119055487853
2026-08-11T20:00:00+00:00,1.0009654847358433,1.0284622500750868
2026-08-11T20:05:00+00:00,1.000843683143639,1.0283371025635177
2026-08-11T20:10:00+00:00,1.0007864294275877,1.0282782760739602
2026-08-11T20:15:00+00:00,1.0007864294275877,1.0282782760739602
2026-08-11T20:20:00+00:00,1.0007864294275877,1.0282782760739602
2026-08-11T20:25:00+00:00,1.0007322269582202,1.0282225846495752
2026-08-11T20:30:00+00:00,1.0007322269582202,1.0282225846495752
2026-08-11T20:35:00+00:00,1.0007322269582202,1.0282225846495752
2026-08-11T20:40:00+00:00,1.0007322269582202,1.0282225846495752
2026-08-11T20:45:00+00:00,1.0007827864029588,1.0282745329745586
2026-08-11T20:50:00+00:00,1.0007218744865618,1.0282119477930018
2026-08-11T20:55:00+00:00,1.0007218744865618,1.0282119477930018
2026-08-11T21:00:00+00:00,1.0007218744865618,1.0282119477930018
2026-08-11T21:05:00+00:00,1.0007218744865618,1.0282119477930018
2026-08-11T21:10:00+00:00,0.9997277314994897,1.0271904954562607
2026-08-11T21:15:00+00:00,0.9997472439026378,1.0272105438698695
2026-08-11T21:20:00+00:00,0.9997472439026378,1.0272105438698695
2026-08-11T21:25:00+00:00,0.9997472439026378,1.0272105438698695
2026-08-11T21:30:00+00:00,1.0013935707863515,1.0289020957535293
2026-08-11T21:35:00+00:00,1.001699057942399,1.0292159747160596
2026-08-11T21:40:00+00:00,1.0002385003852534,1.027715295287555
2026-08-11T21:45:00+00:00,1.000299453368546,1.0277779226641248
2026-08-11T21:50:00+00:00,1.0009088718243573,1.0284040819931515
2026-08-11T21:55:00+00:00,1.0009088718243573,1.0284040819931515
2026-08-11T22:00:00+00:00,1.0015788242151367,1.0290924381390638
2026-08-11T22:05:00+00:00,1.001244071934316,1.0287484901316644
2026-08-11T22:10:00+00:00,1.001244071934316,1.0287484901316644
2026-08-11T22:15:00+00:00,1.001244071934316,1.0287484901316644
2026-08-11T22:20:00+00:00,1.0014882108343222,1.0289993355866376
2026-08-11T22:25:00+00:00,1.0014882108343222,1.0289993355866376
2026-08-11T22:30:00+00:00,1.0014571673549169,1.0289674393353019
2026-08-11T22:35:00+00:00,1.0014571673549169,1.0289674393353019
2026-08-11T22:40:00+00:00,1.0014571673549169,1.0289674393353019
2026-08-11T22:45:00+00:00,1.0014571673549169,1.0289674393353019
2026-08-11T22:50:00+00:00,1.0015180388092904,1.0290299829433334
2026-08-11T22:55:00+00:00,1.0012137000348862,1.0287172839087693
2026-08-11T23:00:00+00:00,1.0012137000348862,1.0287172839087693
2026-08-11T23:05:00+00:00,1.0006657236726682,1.028154254502592
2026-08-11T23:10:00+00:00,1.0004220451815755,1.027903882104077
2026-08-11T23:15:00+00:00,1.0004220451815755,1.027903882104077
2026-08-11T23:20:00+00:00,1.0004220451815755,1.027903882104077
2026-08-11T23:25:00+00:00,1.0010922353078786,1.0285924825161656
2026-08-11T23:30:00+00:00,1.0009704479313204,1.02846734961075
2026-08-11T23:35:00+00:00,1.0006659424409543,1.028154479280496
2026-08-11T23:40:00+00:00,1.0006659424409543,1.028154479280496
2026-08-11T23:45:00+00:00,1.0006659424409543,1.028154479280496
2026-08-11T23:50:00+00:00,1.0006659424409543,1.028154479280496
2026-08-11T23:55:00+00:00,1.0007877817131376,1.0282796655071222
2026-08-12T00:00:00+00:00,1.0007877817131376,1.0282796655071222
2026-08-12T08:05:00+00:00,1.0052335955395746,1.0328476069207653
2026-08-12T08:10:00+00:00,1.0052335955395746,1.0328476069207653
2026-08-12T08:15:00+00:00,1.0052335955395746,1.0328476069207653
2026-08-12T08:20:00+00:00,1.005051663783625,1.032660677455227
2026-08-12T08:25:00+00:00,1.005354938274809,1.0329722829704517
2026-08-12T08:30:00+00:00,1.005354938274809,1.0329722829704517
2026-08-12T08:35:00+00:00,1.0049304820282514,1.032536166807557
2026-08-12T08:40:00+00:00,1.0048698197994679,1.0324738381725933
2026-08-12T08:45:00+00:00,1.0048698197994679,1.0324738381725933
2026-08-12T08:50:00+00:00,1.0048698197994679,1.0324738381725933
2026-08-12T08:55:00+00:00,1.004809153908391,1.032411505774732
2026-08-12T09:00:00+00:00,1.004809153908391,1.032411505774732
2026-08-12T09:05:00+00:00,1.004809153908391,1.032411505774732
2026-08-12T09:10:00+00:00,1.0052945103406616,1.0329101950662545
2026-08-12T09:15:00+00:00,1.005658410542172,1.033284091694815
2026-08-12T09:20:00+00:00,1.0062645940325532,1.033906927193124
2026-08-12T09:25:00+00:00,1.0066886670101707,1.0343426495585877
2026-08-12T09:30:00+00:00,1.0066886670101707,1.0343426495585877
2026-08-12T09:35:00+00:00,1.0066886670101707,1.0343426495585877
2026-08-12T09:40:00+00:00,1.0061914994237802,1.0338318246576688
2026-08-12T09:45:00+00:00,1.0061914994237802,1.0338318246576688
2026-08-12T09:50:00+00:00,1.0057800836104793,1.0334091071519043
2026-08-12T09:55:00+00:00,1.0059013057490367,1.0335336592920936
2026-08-12T10:00:00+00:00,1.0060225132807574,1.033658196424193
2026-08-12T10:05:00+00:00,1.0060225132807574,1.033658196424193
2026-08-12T10:10:00+00:00,1.0062043026760015,1.0338449796183429
2026-08-12T10:15:00+00:00,1.0062043026760015,1.0338449796183429
2026-08-12T10:20:00+00:00,1.0063254737143776,1.0339694792546168
2026-08-12T10:25:00+00:00,1.006567786614381,1.0342184485489232
2026-08-12T10:30:00+00:00,1.0064829975108154,1.0341313302680586
2026-08-12T10:35:00+00:00,1.0064829975108154,1.0341313302680586
2026-08-12T10:40:00+00:00,1.0059621062789235,1.0335961300273258
2026-08-12T10:45:00+00:00,1.0059621062789235,1.0335961300273258
2026-08-12T10:50:00+00:00,1.0053561050100808,1.032973481756225
2026-08-12T10:55:00+00:00,1.005538007728472,1.0331603813865362
2026-08-12T11:00:00+00:00,1.005538007728472,1.0331603813865362
2026-08-12T11:05:00+00:00,1.0057707970026104,1.0333995654386585
2026-08-12T11:10:00+00:00,1.0055550194272125,1.0331778604007789
2026-08-12T11:15:00+00:00,1.005295545764009,1.032911258932933
2026-08-12T11:20:00+00:00,1.005295545764009,1.032911258932933
2026-08-12T11:25:00+00:00,1.0054168264427112,1.0330358712213794
2026-08-12T11:30:00+00:00,1.0060740884375634,1.0337111883631018
2026-08-12T11:35:00+00:00,1.0060740884375634,1.0337111883631018
2026-08-12T11:40:00+00:00,1.0057390067141707,1.0333669018632627
2026-08-12T11:45:00+00:00,1.0057996203488295,1.0334291805692093
2026-08-12T11:50:00+00:00,1.0057996203488295,1.0334291805692093
2026-08-12T11:55:00+00:00,1.0057996203488295,1.0334291805692093
2026-08-12T12:00:00+00:00,1.0057202212723422,1.033347600380778
2026-08-12T12:05:00+00:00,1.0056596065049077,1.0332853205109382
2026-08-12T12:10:00+00:00,1.0052352775570152,1.032849335143634
2026-08-12T12:15:00+00:00,1.0051746335368923,1.0327870252175275
2026-08-12T12:20:00+00:00,1.0051837306887585,1.0327963722703684
2026-08-12T12:25:00+00:00,1.0051503747671282,1.0327621000534575
2026-08-12T12:30:00+00:00,1.0065695647105037,1.0342202754897796
2026-08-12T12:35:00+00:00,1.0075010352222515,1.0351773337230548
2026-08-12T12:40:00+00:00,1.007628101624864,1.0353078906706545
2026-08-12T12:45:00+00:00,1.008576744469607,1.0362825929650892
2026-08-12T12:50:00+00:00,1.006753773640017,1.0344095446833932
2026-08-12T12:55:00+00:00,1.0074029442294357,1.0350765481468067
2026-08-12T13:00:00+00:00,1.0083881119148008,1.0360887786281197
2026-08-12T13:05:00+00:00,1.008509018136393,1.036213006173028
2026-08-12T13:10:00+00:00,1.008509018136393,1.036213006173028
2026-08-12T13:15:00+00:00,1.0067560355467289,1.0344118687252326
2026-08-12T13:20:00+00:00,1.0067560355467289,1.0344118687252326
2026-08-12T13:25:00+00:00,1.0064641695482124,1.0341119850967437
2026-08-12T13:30:00+00:00,1.0063926961497023,1.0340385483065915
2026-08-12T13:35:00+00:00,1.005908070794875,1.0335406101753877
2026-08-12T13:40:00+00:00,1.005665654101106,1.0332915342360758
2026-08-12T13:45:00+00:00,1.006120326055751,1.0337586961399088
2026-08-12T13:50:00+00:00,1.0074229318730539,1.0350970848558572
2026-08-12T13:55:00+00:00,1.0080280306696536,1.0357188058635831
2026-08-12T14:00:00+00:00,1.0074837236551328,1.0351595466029768
2026-08-12T14:05:00+00:00,1.0073929593557045,1.0350662889861657
2026-08-12T14:10:00+00:00,1.0076955342819243,1.0353771757192067
2026-08-12T14:15:00+00:00,1.0079375215627748,1.035625810449523
2026-08-12T14:20:00+00:00,1.0083911878135865,1.0360919390225938
2026-08-12T14:25:00+00:00,1.0084214171791641,1.0361229987961968
2026-08-12T14:30:00+00:00,1.0078471289941122,1.0355329347750126
2026-08-12T14:35:00+00:00,1.006577008443498,1.0342279237039307
2026-08-12T14:40:00+00:00,1.0063953085528308,1.0340412324730703
2026-08-12T14:45:00+00:00,1.0070010425946598,1.0346636061763663
2026-08-12T14:50:00+00:00,1.0069102599870645,1.0345703297484585
2026-08-12T14:55:00+00:00,1.0068194418965175,1.0344770168628734
2026-08-12T15:00:00+00:00,1.0068799942694344,1.034539232624203
2026-08-12T15:05:00+00:00,1.006213969144805,1.0338549116273972
2026-08-12T15:10:00+00:00,1.0067289856654587,1.034384075777145
2026-08-12T15:15:00+00:00,1.0073344905026365,1.0350062139794824
2026-08-12T15:20:00+00:00,1.0070016198119063,1.0346641992499108
2026-08-12T15:25:00+00:00,1.0072740369225788,1.034944099724876
2026-08-12T15:30:00+00:00,1.0066990579093085,1.034353325898254
2026-08-12T15:35:00+00:00,1.0064568300320444,1.0341044439622824
2026-08-12T15:40:00+00:00,1.0066385446739616,1.034291150349613
2026-08-12T15:45:00+00:00,1.0063054610907292,1.0339489168793303
2026-08-12T15:50:00+00:00,1.0060322514173752,1.033668202069794
2026-08-12T15:55:00+00:00,1.0061540479518667,1.0337933443847138
2026-08-12T16:00:00+00:00,1.0066993560592716,1.0343536322384692
2026-08-12T16:05:00+00:00,1.0066387981616451,1.034291410800665
2026-08-12T16:10:00+00:00,1.0064571162705076,1.0341047380637858
2026-08-12T16:15:00+00:00,1.006941663272207,1.0346025956894827
2026-08-12T16:20:00+00:00,1.0071226851320665,1.0347885902638638
2026-08-12T16:25:00+00:00,1.0072140877149869,1.0348825036979699
2026-08-12T16:30:00+00:00,1.0068812053211897,1.0345404769438453
2026-08-12T16:35:00+00:00,1.005791375994925,1.0334207097408994
2026-08-12T16:40:00+00:00,1.0058519950508555,1.0334829940170411
2026-08-12T16:45:00+00:00,1.005488346462623,1.0331093559136364
2026-08-12T16:50:00+00:00,1.0046092385076102,1.0322060986492663
2026-08-12T16:55:00+00:00,1.0048216294671255,1.0324243240401012
2026-08-12T17:00:00+00:00,1.0044272724696894,1.0320191339600226
2026-08-12T17:05:00+00:00,1.0045783972217246,1.0321744101457557
2026-08-12T17:10:00+00:00,1.0050037769103703,1.0326114751179174
2026-08-12T17:15:00+00:00,1.0046398209312863,1.0322375211795598
2026-08-12T17:20:00+00:00,1.0046398218475348,1.032237522120978
2026-08-12T17:25:00+00:00,1.0051252723533803,1.0327363080702996
2026-08-12T17:30:00+00:00,1.0050039683137528,1.0326116717791978
2026-08-12T17:35:00+00:00,1.0054589133742522,1.0330791142911693
2026-08-12T17:40:00+00:00,1.004852576936173,1.0324561216436514
2026-08-12T17:45:00+00:00,1.0045182842547313,1.0321126458609378
2026-08-12T17:50:00+00:00,1.004609927797539,1.0322068068741574
2026-08-12T17:55:00+00:00,1.0042761813424281,1.0318638923227446
2026-08-12T18:00:00+00:00,1.0041851263211508,1.0317703359978845
2026-08-12T18:05:00+00:00,1.0041851263211508,1.0317703359978845
2026-08-12T18:10:00+00:00,1.0046707833773227,1.0322693341715201
2026-08-12T18:15:00+00:00,1.0049438338831373,1.032549885441146
2026-08-12T18:20:00+00:00,1.0051258229874263,1.0327368738303964
2026-08-12T18:25:00+00:00,1.0055200338878219,1.0331419138001132
2026-08-12T18:30:00+00:00,1.005277514367687,1.03289273220977
2026-08-12T18:35:00+00:00,1.005732323387436,1.0333600349439187
2026-08-12T18:40:00+00:00,1.0055807846453635,1.0332043333957415
2026-08-12T18:45:00+00:00,1.0059136248267964,1.033546316777918
2026-08-12T18:50:00+00:00,1.006278476052995,1.0339211905560464
2026-08-12T18:55:00+00:00,1.0059137684808874,1.0335464643782222
2026-08-12T19:00:00+00:00,1.005793165420323,1.0334225483222488
2026-08-12T19:05:00+00:00,1.0062174265105135,1.0338584639677835
2026-08-12T19:10:00+00:00,1.0061265470464138,1.0337650880226996
2026-08-12T19:15:00+00:00,1.0062174347200405,1.0338584724028284
2026-08-12T19:20:00+00:00,1.006278023766114,1.033920725844735
2026-08-12T19:25:00+00:00,1.0062180496473807,1.033859104222372
2026-08-12T19:30:00+00:00,1.0062174437846412,1.0338584817164356
2026-08-12T19:35:00+00:00,1.005884230020622,1.0335161144892684
2026-08-12T19:40:00+00:00,1.0056418044666013,1.0332670294463113
2026-08-12T19:45:00+00:00,1.0058236629054291,1.0334538835806886
2026-08-12T19:50:00+00:00,1.00536907479939,1.032986807828803
2026-08-12T19:55:00+00:00,1.0056122200040467,1.0332366322913737
2026-08-12T20:00:00+00:00,1.0058540960057998,1.0334851526857285
2026-08-12T20:05:00+00:00,1.0057328795565341,1.033360606391117
2026-08-12T20:10:00+00:00,1.0056116484958355,1.0332360450836928
2026-08-12T20:15:00+00:00,1.0056116484958355,1.0332360450836928
2026-08-12T20:20:00+00:00,1.0052479114635848,1.0328623161066912
2026-08-12T20:25:00+00:00,1.0052479114635848,1.0328623161066912
2026-08-12T20:30:00+00:00,1.0053085562458883,1.0329246268159158
2026-08-12T20:35:00+00:00,1.0053085562458883,1.0329246268159158
2026-08-12T20:40:00+00:00,1.0053085562458883,1.0329246268159158
2026-08-12T20:45:00+00:00,1.0053085562458883,1.0329246268159158
2026-08-12T20:50:00+00:00,1.005247915121733,1.0328623198653297
2026-08-12T20:55:00+00:00,1.0051266255566846,1.032737698446427
2026-08-12T21:00:00+00:00,1.0051266255566846,1.032737698446427
2026-08-12T21:05:00+00:00,1.0051266255566846,1.032737698446427
2026-08-12T21:10:00+00:00,1.0051266255566846,1.032737698446427
2026-08-12T21:15:00+00:00,1.006703580194898,1.0343579724121283
2026-08-12T21:20:00+00:00,1.006703580194898,1.0343579724121283
2026-08-12T21:25:00+00:00,1.006703580194898,1.0343579724121283
2026-08-12T21:30:00+00:00,1.006703580194898,1.0343579724121283
2026-08-12T21:35:00+00:00,1.006703580194898,1.0343579724121283
2026-08-12T21:40:00+00:00,1.006703580194898,1.0343579724121283
2026-08-12T21:45:00+00:00,1.006703580194898,1.0343579724121283
2026-08-12T21:50:00+00:00,1.0050685025149653,1.0326779787506137
2026-08-12T21:55:00+00:00,1.005371782087239,1.032989589486507
2026-08-12T22:00:00+00:00,1.0050685939744262,1.0326780727224882
2026-08-12T22:05:00+00:00,1.0050685939744262,1.0326780727224882
2026-08-12T22:10:00+00:00,1.0047653143745545,1.032366461958239
2026-08-12T22:15:00+00:00,1.0047046401405948,1.032304120988314
2026-08-12T22:20:00+00:00,1.0047046401405948,1.032304120988314
2026-08-12T22:25:00+00:00,1.0047046401405948,1.032304120988314
2026-08-12T22:30:00+00:00,1.0041585390558463,1.0317430183739345
2026-08-12T22:35:00+00:00,1.0041585390558463,1.0317430183739345
2026-08-12T22:40:00+00:00,1.0041585390558463,1.0317430183739345
2026-08-12T22:45:00+00:00,1.0041002565771586,1.0316831348613806
2026-08-12T22:50:00+00:00,1.0041002565771586,1.0316831348613806
2026-08-12T22:55:00+00:00,1.0041002565771586,1.0316831348613806
2026-08-12T23:00:00+00:00,1.00440140019677,1.0319925509694725
2026-08-12T23:05:00+00:00,1.0043407039555206,1.0319301873877122
2026-08-12T23:10:00+00:00,1.0043407039555206,1.0319301873877122
2026-08-12T23:15:00+00:00,1.0047170433949333,1.0323168649630658
2026-08-12T23:20:00+00:00,1.0047170433949333,1.0323168649630658
2026-08-12T23:25:00+00:00,1.0047170433949333,1.0323168649630658
2026-08-12T23:30:00+00:00,1.0047170433949333,1.0323168649630658
2026-08-12T23:35:00+00:00,1.0052510025927952,1.0328654921499725
2026-08-12T23:40:00+00:00,1.0052510025927952,1.0328654921499725
2026-08-12T23:45:00+00:00,1.0052510025927952,1.0328654921499725
2026-08-12T23:50:00+00:00,1.0052510025927952,1.0328654921499725
2026-08-12T23:55:00+00:00,1.0052510025927952,1.0328654921499725
2026-08-13T00:00:00+00:00,1.0053722925303668,1.0329901139516315
2026-08-13T08:05:00+00:00,1.0004632440798658,1.0279462127461247
2026-08-13T08:10:00+00:00,1.000524181054167,1.0280088236739322
2026-08-13T08:15:00+00:00,1.000280448001535,1.0277583952150593
2026-08-13T08:20:00+00:00,1.0004023442296608,1.0278836399622215
2026-08-13T08:25:00+00:00,1.0004632849182713,1.0279462547063714
2026-08-13T08:30:00+00:00,1.0004632849182713,1.0279462547063714
2026-08-13T08:35:00+00:00,1.0004632849182713,1.0279462547063714
2026-08-13T08:40:00+00:00,1.0004632849182713,1.0279462547063714
2026-08-13T08:45:00+00:00,1.0004632849182713,1.0279462547063714
2026-08-13T08:50:00+00:00,1.0004632849182713,1.0279462547063714
2026-08-13T08:55:00+00:00,1.0004632849182713,1.0279462547063714
2026-08-13T09:00:00+00:00,1.0004632849182713,1.0279462547063714
2026-08-13T09:05:00+00:00,1.0011335916629478,1.0286349749403687
2026-08-13T09:10:00+00:00,1.0011335916629478,1.0286349749403687
2026-08-13T09:15:00+00:00,1.0011335916629478,1.0286349749403687
2026-08-13T09:20:00+00:00,1.0017425537016722,1.02926066531442
2026-08-13T09:25:00+00:00,1.0017425537016722,1.02926066531442
2026-08-13T09:30:00+00:00,1.0017425537016722,1.02926066531442
2026-08-13T09:35:00+00:00,1.0019859905312474,1.029510789412917
2026-08-13T09:40:00+00:00,1.0020468349562248,1.029573305249048
2026-08-13T09:45:00+00:00,1.0020468349562248,1.029573305249048
2026-08-13T09:50:00+00:00,1.0018034720333455,1.029323257087482
2026-08-13T09:55:00+00:00,1.0018844098670112,1.0294064183031257
2026-08-13T10:00:00+00:00,1.0018844098670112,1.0294064183031257
2026-08-13T10:05:00+00:00,1.002594536347798,1.0301360521310698
2026-08-13T10:10:00+00:00,1.002594536347798,1.0301360521310698
2026-08-13T10:15:00+00:00,1.002594536347798,1.0301360521310698
2026-08-13T10:20:00+00:00,1.002594536347798,1.0301360521310698
2026-08-13T10:25:00+00:00,1.002594536347798,1.0301360521310698
2026-08-13T10:30:00+00:00,1.002594536347798,1.0301360521310698
2026-08-13T10:35:00+00:00,1.0028985518723783,1.0304484190360588
2026-08-13T10:40:00+00:00,1.0029593409711706,1.0305108780261811
2026-08-13T10:45:00+00:00,1.0029593409711706,1.0305108780261811
2026-08-13T10:50:00+00:00,1.0029593409711706,1.0305108780261811
2026-08-13T10:55:00+00:00,1.0029593409711706,1.0305108780261811
2026-08-13T11:00:00+00:00,1.0029593409711706,1.0305108780261811
2026-08-13T11:05:00+00:00,1.0029593409711706,1.0305108780261811
2026-08-13T11:10:00+00:00,1.0029593409711706,1.0305108780261811
2026-08-13T11:15:00+00:00,1.0033240534587964,1.0308856092545542
2026-08-13T11:20:00+00:00,1.0033240534587964,1.0308856092545542
2026-08-13T11:25:00+00:00,1.0033240534587964,1.0308856092545542
2026-08-13T11:30:00+00:00,1.0028987101706295,1.0304485816828013
2026-08-13T11:35:00+00:00,1.0028987101706295,1.0304485816828013
2026-08-13T11:40:00+00:00,1.0028987101706295,1.0304485816828013
2026-08-13T11:45:00+00:00,1.0028987101706295,1.0304485816828013
2026-08-13T11:50:00+00:00,1.0022908190867583,1.0298239916829937
2026-08-13T11:55:00+00:00,1.0022908190867583,1.0298239916829937
2026-08-13T12:00:00+00:00,1.0022908190867583,1.0298239916829937
2026-08-13T12:05:00+00:00,1.0026557750835128,1.0301989731097505
2026-08-13T12:10:00+00:00,1.0025949712160123,1.03013649894522
2026-08-13T12:15:00+00:00,1.002838201437074,1.0303864107596172
2026-08-13T12:20:00+00:00,1.0024223786134907,1.029959165181926
2026-08-13T12:25:00+00:00,1.0025342838050322,1.0300741444362989
2026-08-13T12:30:00+00:00,1.0032032518352036,1.030761489180978
2026-08-13T12:35:00+00:00,1.00277785670782,1.0303244083459726
2026-08-13T12:40:00+00:00,1.0030818393247436,1.0306367414393234
2026-08-13T12:45:00+00:00,1.0033857298480484,1.0309489799092213
2026-08-13T12:50:00+00:00,1.0036287686587178,1.0311986950551362
2026-08-13T12:55:00+00:00,1.0035680760959769,1.031136335252934
2026-08-13T13:00:00+00:00,1.0041755628248485,1.031760509790012
2026-08-13T13:05:00+00:00,1.0034470194902718,1.0310119531928246
2026-08-13T13:10:00+00:00,1.0037507997698463,1.03132407839057
2026-08-13T13:15:00+00:00,1.0033256360521658,1.0308872353221485
2026-08-13T13:20:00+00:00,1.0033256360521658,1.0308872353221485
2026-08-13T13:25:00+00:00,1.0029610555158097,1.0305126396697786
2026-08-13T13:30:00+00:00,1.0024747713676807,1.0300129971778174
2026-08-13T13:35:00+00:00,1.0018057692620614,1.0293256174216296
2026-08-13T13:40:00+00:00,1.0022013310103424,1.0297320453473517
2026-08-13T13:45:00+00:00,1.0019884147182914,1.0295132801929685
2026-08-13T13:50:00+00:00,1.0018362977447497,1.0293569845291628
2026-08-13T13:55:00+00:00,1.001440714684602,1.0289505347061316
2026-08-13T14:00:00+00:00,1.0011363476116115,1.028637806595612
2026-08-13T14:05:00+00:00,1.0011363485377074,1.028637807547148
2026-08-13T14:10:00+00:00,1.0007484659471648,1.0282392697274951
2026-08-13T14:15:00+00:00,1.0008928705004163,1.0283876411089492
2026-08-13T14:20:00+00:00,1.0014106509365235,1.0289196450995803
2026-08-13T14:25:00+00:00,1.0012584571670968,1.028763270530288
2026-08-13T14:30:00+00:00,1.0005278643241768,1.0280126081242644
2026-08-13T14:35:00+00:00,1.0012895570401235,1.0287952247243912
2026-08-13T14:40:00+00:00,1.0015635419133215,1.0290767360286996
2026-08-13T14:45:00+00:00,1.002027999022748,1.029553951887896
2026-08-13T14:50:00+00:00,1.0024763973586943,1.0300146678351985
2026-08-13T14:55:00+00:00,1.0023851783715185,1.029920943040257
2026-08-13T15:00:00+00:00,1.002354161702117,1.0298890743354026
2026-08-13T15:05:00+00:00,1.001716133696628,1.0292335195454096
2026-08-13T15:10:00+00:00,1.0008336448492738,1.0283267885147633
2026-08-13T15:15:00+00:00,1.000711201930357,1.0282009820590812
2026-08-13T15:20:00+00:00,1.000468121440864,1.0279512240894149
2026-08-13T15:25:00+00:00,1.0008946674465582,1.028389487417638
2026-08-13T15:30:00+00:00,1.0002283419554847,1.0277048578032486
2026-08-13T15:35:00+00:00,0.9996760740835124,1.0271374189985003
2026-08-13T15:40:00+00:00,1.000773815014058,1.028265315139421
2026-08-13T15:45:00+00:00,1.0006824349809578,1.0281714248745846
2026-08-13T15:50:00+00:00,1.0006519782788774,1.0281401315194896
2026-08-13T15:55:00+00:00,1.0003778176302711,1.0278584396111794
2026-08-13T16:00:00+00:00,1.0002254566500277,1.0277018932377486
2026-08-13T16:05:00+00:00,1.0000121239810287,1.0274827002684415
2026-08-13T16:10:00+00:00,0.9994939049400305,1.026950245624336
2026-08-13T16:15:00+00:00,0.9990668899606748,1.0265115004396308
2026-08-13T16:20:00+00:00,0.9987245285187132,1.026159734245583
2026-08-13T16:25:00+00:00,0.9993417412026216,1.0267939019120484
2026-08-13T16:30:00+00:00,0.999860278580713,1.0273266836380444
2026-08-13T16:35:00+00:00,1.0002870584438515,1.0277651872478326
2026-08-13T16:40:00+00:00,1.0000655452786233,1.0275375890620753
2026-08-13T16:45:00+00:00,1.0002566598744416,1.0277339536223273
2026-08-13T16:50:00+00:00,1.0003176102528386,1.0277965783224445
2026-08-13T16:55:00+00:00,1.0002261939686474,1.0277026508106908
2026-08-13T17:00:00+00:00,1.0003785745588316,1.027859217332752
2026-08-13T17:05:00+00:00,1.0002262227447871,1.0277026803773182
2026-08-13T17:10:00+00:00,1.0009575614101272,1.0284541090936852
2026-08-13T17:15:00+00:00,1.0008661998218276,1.0283602377803323
2026-08-13T17:20:00+00:00,1.000439820722087,1.0279221459430101
2026-08-13T17:25:00+00:00,1.0005306239121419,1.0280154435187827
2026-08-13T17:30:00+00:00,0.9999218786763788,1.027389975903323
2026-08-13T17:35:00+00:00,0.9997389726432353,1.0272020453969593
2026-08-13T17:40:00+00:00,0.9997389763634648,1.0272020492193845
2026-08-13T17:45:00+00:00,0.9992511203301045,1.0267007916621225
2026-08-13T17:50:00+00:00,0.9994646522882376,1.0269201893950846
2026-08-13T17:55:00+00:00,0.9993731578736269,1.0268261816066495
2026-08-13T18:00:00+00:00,0.9990986216229498,1.0265441037783885
2026-08-13T18:05:00+00:00,0.9993426995381807,1.0267948865733199
2026-08-13T18:10:00+00:00,0.9995334915625252,1.0269909197009812
2026-08-13T18:15:00+00:00,0.999800223848843,1.0272649791880837
2026-08-13T18:20:00+00:00,0.9998916913004028,1.027358959272786
2026-08-13T18:25:00+00:00,0.9991294894946159,1.026575819597997
2026-08-13T18:30:00+00:00,0.9992515252352615,1.026701207690122
2026-08-13T18:35:00+00:00,0.9993735451428268,1.0268265795142282
2026-08-13T18:40:00+00:00,0.999465061004581,1.026920609338965
2026-08-13T18:45:00+00:00,0.9993394082763544,1.0267915048997303
2026-08-13T18:50:00+00:00,0.9992210532967393,1.0266698986800367
2026-08-13T18:55:00+00:00,0.9991905483189244,1.026638555723061
2026-08-13T19:00:00+00:00,0.9992210579536462,1.0266699034648699
2026-08-13T19:05:00+00:00,0.99937359215679,1.0268266278196763
2026-08-13T19:10:00+00:00,0.9988550546941718,1.0262938460068314
2026-08-13T19:15:00+00:00,0.9981531195369578,1.025572628520111
2026-08-13T19:20:00+00:00,0.9981225856412024,1.0255412558508121
2026-08-13T19:25:00+00:00,0.9983058235966018,1.025729527397417
2026-08-13T19:30:00+00:00,0.9986111638198244,1.026043255390842
2026-08-13T19:35:00+00:00,0.9985800296959216,1.0260112660049825
2026-08-13T19:40:00+00:00,0.998794325248214,1.0262314483082213
2026-08-13T19:45:00+00:00,0.9986112058339411,1.0260432985590968
2026-08-13T19:50:00+00:00,0.9983975273341906,1.0258237502589833
2026-08-13T19:55:00+00:00,0.9985202661127803,1.0259498607016757
2026-08-13T20:00:00+00:00,0.9985807121483126,1.0260119672045067
2026-08-13T20:05:00+00:00,0.9982754478073526,1.0256983171778484
2026-08-13T20:10:00+00:00,0.998153304720627,1.0255728187908206
2026-08-13T20:15:00+00:00,0.998519778825897,1.0259493600289031
2026-08-13T20:20:00+00:00,0.998519778825897,1.0259493600289031
2026-08-13T20:25:00+00:00,0.998519778825897,1.0259493600289031
2026-08-13T20:30:00+00:00,0.9987029486520239,1.0261375615747077
2026-08-13T20:35:00+00:00,0.9983977215894775,1.0258239498505102
2026-08-13T20:40:00+00:00,0.9984587856703088,1.025886691376495
2026-08-13T20:45:00+00:00,0.9983366649773452,1.0257612159983913
2026-08-13T20:50:00+00:00,0.9985198684269987,1.025949452091369
2026-08-13T20:55:00+00:00,0.9985198684269987,1.025949452091369
2026-08-13T21:00:00+00:00,0.9985198684269987,1.025949452091369
2026-08-13T21:05:00+00:00,1.001094474982498,1.0285947837151919
2026-08-13T21:10:00+00:00,1.001094474982498,1.0285947837151919
2026-08-13T21:15:00+00:00,1.001094474982498,1.0285947837151919
2026-08-13T21:20:00+00:00,1.001094474982498,1.0285947837151919
2026-08-13T21:25:00+00:00,1.001094474982498,1.0285947837151919
2026-08-13T21:30:00+00:00,0.9999282376467689,1.0273965095561761
2026-08-13T21:35:00+00:00,0.9999282376467689,1.0273965095561761
2026-08-13T21:40:00+00:00,0.9999282376467689,1.0273965095561761
2026-08-13T21:45:00+00:00,0.9999282376467689,1.0273965095561761
2026-08-13T21:50:00+00:00,0.9999282376467689,1.0273965095561761
2026-08-13T21:55:00+00:00,0.9999282376467689,1.0273965095561761
2026-08-13T22:00:00+00:00,0.9999282376467689,1.0273965095561761
2026-08-13T22:05:00+00:00,0.9999282376467689,1.0273965095561761
2026-08-13T22:10:00+00:00,0.9999282376467689,1.0273965095561761
2026-08-13T22:15:00+00:00,0.9999282376467689,1.0273965095561761
2026-08-13T22:20:00+00:00,0.9988916670682961,1.0263314641317784
2026-08-13T22:25:00+00:00,0.9993188717287494,1.0267704042081671
2026-08-13T22:30:00+00:00,0.9993188717287494,1.0267704042081671
2026-08-13T22:35:00+00:00,0.9995629056412595,1.0270211417916124
2026-08-13T22:40:00+00:00,0.9996238992283746,1.0270838108874014
2026-08-13T22:45:00+00:00,0.9996238992283746,1.0270838108874014
2026-08-13T22:50:00+00:00,0.9996238992283746,1.0270838108874014
2026-08-13T22:55:00+00:00,0.9996238992283746,1.0270838108874014
2026-08-13T23:00:00+00:00,0.9990140005711272,1.0264571581656885
2026-08-13T23:05:00+00:00,0.998586810711384,1.026018233296589
2026-08-13T23:10:00+00:00,0.998586810711384,1.026018233296589
2026-08-13T23:15:00+00:00,0.9993200601364661,1.026771625261733
2026-08-13T23:20:00+00:00,0.9995110082194368,1.0269678187349887
2026-08-13T23:25:00+00:00,0.9995024686643242,1.02695904459622
2026-08-13T23:30:00+00:00,0.9996854755773171,1.0271470787536272
2026-08-13T23:35:00+00:00,0.9996854755773171,1.0271470787536272
2026-08-13T23:40:00+00:00,0.9996854755773171,1.0271470787536272
2026-08-13T23:45:00+00:00,0.9996854755773171,1.0271470787536272
2026-08-13T23:50:00+00:00,0.9999294203004936,1.0273977246976862
2026-08-13T23:55:00+00:00,0.9999294203004936,1.0273977246976862
2026-08-14T00:00:00+00:00,0.9999294203004936,1.0273977246976862
2026-08-14T08:05:00+00:00,0.998099625030573,1.025517664506624
2026-08-14T08:10:00+00:00,0.998099625030573,1.025517664506624
2026-08-14T08:15:00+00:00,0.998099625030573,1.025517664506624
2026-08-14T08:20:00+00:00,0.998099625030573,1.025517664506624
2026-08-14T08:25:00+00:00,0.9981607157136541,1.0255804333656289
2026-08-14T08:30:00+00:00,0.9980385567715767,1.025454918687699
2026-08-14T08:35:00+00:00,0.9979774698235555,1.0253921536663568
2026-08-14T08:40:00+00:00,0.9984051046355513,1.0258315357106556
2026-08-14T08:45:00+00:00,0.9979776529087961,1.0253923417809936
2026-08-14T08:50:00+00:00,0.9979776678710048,1.0253923571542178
2026-08-14T08:55:00+00:00,0.9982318051811385,1.025653475678077
2026-08-14T09:00:00+00:00,0.9982318051811385,1.025653475678077
2026-08-14T09:05:00+00:00,0.9982318051811385,1.025653475678077
2026-08-14T09:10:00+00:00,0.9983441834582116,1.025768941013756
2026-08-14T09:15:00+00:00,0.9986495024328423,1.0260826471748852
2026-08-14T09:20:00+00:00,0.9986495024328423,1.0260826471748852
2026-08-14T09:25:00+00:00,0.9988326512595508,1.026270827144412
2026-08-14T09:30:00+00:00,0.9988326512595508,1.026270827144412
2026-08-14T09:35:00+00:00,0.9989547280929975,1.0263962574581673
2026-08-14T09:40:00+00:00,0.9990157590514586,1.0264589649519025
2026-08-14T09:45:00+00:00,0.9988937008625282,1.0263335537948328
2026-08-14T09:50:00+00:00,0.9988937008625282,1.0263335537948328
2026-08-14T09:55:00+00:00,0.9988937008625282,1.0263335537948328
2026-08-14T10:00:00+00:00,0.9992599089894484,1.0267098217480757
2026-08-14T10:05:00+00:00,0.9992599089894484,1.0267098217480757
2026-08-14T10:10:00+00:00,0.9992599089894484,1.0267098217480757
2026-08-14T10:15:00+00:00,0.9992599089894484,1.0267098217480757
2026-08-14T10:20:00+00:00,0.9990768720052642,1.0265217566934144
2026-08-14T10:25:00+00:00,0.9990158484973235,1.0264590568548673
2026-08-14T10:30:00+00:00,0.9990158484973235,1.0264590568548673
2026-08-14T10:35:00+00:00,0.9990158484973235,1.0264590568548673
2026-08-14T10:40:00+00:00,0.9990158484973235,1.0264590568548673
2026-08-14T10:45:00+00:00,0.9990158484973235,1.0264590568548673
2026-08-14T10:50:00+00:00,0.9990158484973235,1.0264590568548673
2026-08-14T10:55:00+00:00,0.9990158484973235,1.0264590568548673
2026-08-14T11:00:00+00:00,0.9990158484973235,1.0264590568548673
2026-08-14T11:05:00+00:00,0.998466603375975,1.0258947238364378
2026-08-14T11:10:00+00:00,0.9987719074988273,1.0262084147378066
2026-08-14T11:15:00+00:00,0.9987719074988273,1.0262084147378066
2026-08-14T11:20:00+00:00,0.99926024482067,1.0267101668046628
2026-08-14T11:25:00+00:00,0.9993212571692365,1.026772855177285
2026-08-14T11:30:00+00:00,0.9993822657929953,1.0268355397227782
2026-08-14T11:35:00+00:00,0.999931309889695,1.027399666194363
2026-08-14T11:40:00+00:00,0.999931309889695,1.027399666194363
2026-08-14T11:45:00+00:00,0.999931309889695,1.027399666194363
2026-08-14T11:50:00+00:00,1.0001142241536993,1.0275876051576913
2026-08-14T11:55:00+00:00,1.0003580652421191,1.0278381446201217
2026-08-14T12:00:00+00:00,1.0003580652421191,1.0278381446201217
2026-08-14T12:05:00+00:00,1.0014550827378152,1.0289652974532617
2026-08-14T12:10:00+00:00,1.001637718923117,1.0291529506989978
2026-08-14T12:15:00+00:00,1.001029042623334,1.028527553913206
2026-08-14T12:20:00+00:00,1.001029042623334,1.028527553913206
2026-08-14T12:25:00+00:00,1.0018817079066586,1.029403642119265
2026-08-14T12:30:00+00:00,1.0018817079066586,1.029403642119265
2026-08-14T12:35:00+00:00,1.002246791894213,1.02977875505276
2026-08-14T12:40:00+00:00,1.002246791894213,1.02977875505276
2026-08-14T12:45:00+00:00,1.0012126698098356,1.028716225383186
2026-08-14T12:50:00+00:00,1.0016389250518176,1.0291541899603471
2026-08-14T12:55:00+00:00,1.0014563219420003,1.028966570698687
2026-08-14T13:00:00+00:00,1.0014563219420003,1.028966570698687
2026-08-14T13:05:00+00:00,1.0011519279231729,1.028653814902122
2026-08-14T13:10:00+00:00,1.0018217984345572,1.0293420869193926
2026-08-14T13:15:00+00:00,1.0019453373879543,1.0294690195178888
2026-08-14T13:20:00+00:00,1.0015175680416848,1.029029499243627
2026-08-14T13:25:00+00:00,1.0015175680416848,1.029029499243627
2026-08-14T13:30:00+00:00,1.0025525854608897,1.0300929488430937
2026-08-14T13:35:00+00:00,1.0033736058290774,1.0309365228404996
2026-08-14T13:40:00+00:00,1.003768563040843,1.0313423296229414
2026-08-14T13:45:00+00:00,1.0036167216814706,1.0311863171444933
2026-08-14T13:50:00+00:00,1.0027991369022473,1.0303462731125166
2026-08-14T13:55:00+00:00,1.0025839534119825,1.0301251784794334
2026-08-14T14:00:00+00:00,1.0027353680745132,1.0302807525395739
2026-08-14T14:05:00+00:00,1.003435291183216,1.0309999027063212
2026-08-14T14:10:00+00:00,1.0031314730594,1.0306877386247437
2026-08-14T14:15:00+00:00,1.003211699266273,1.0307701686650337
2026-08-14T14:20:00+00:00,1.0028276848268376,1.03037560525554
2026-08-14T14:25:00+00:00,1.0034052639116253,1.0309690505782765
2026-08-14T14:30:00+00:00,1.0032831456051978,1.0308435776522673
2026-08-14T14:35:00+00:00,1.002676111340374,1.0302198680085344
2026-08-14T14:40:00+00:00,1.0027977326053896,1.030344830239283
2026-08-14T14:45:00+00:00,1.0024937345130502,1.0300324812454031
2026-08-14T14:50:00+00:00,1.002128807974921,1.0296575300865074
2026-08-14T14:55:00+00:00,1.0022809259397314,1.0298138267688122
2026-08-14T15:00:00+00:00,1.002159278980453,1.0296888381379732
2026-08-14T15:05:00+00:00,1.0029805474108022,1.0305326670118684
2026-08-14T15:10:00+00:00,1.002737387181166,1.0302828271115783
2026-08-14T15:15:00+00:00,1.0034365650622508,1.0310012115791236
2026-08-14T15:20:00+00:00,1.0027682149432267,1.0303145017197612
2026-08-14T15:25:00+00:00,1.002433807789254,1.0299709083199282
2026-08-14T15:30:00+00:00,1.0025250636991516,1.0300646710518677
2026-08-14T15:35:00+00:00,1.0029203295098388,1.0304707949105185
2026-08-14T15:40:00+00:00,1.0029507247192433,1.0305020250837187
2026-08-14T15:45:00+00:00,1.0031330968969883,1.0306894070695463
2026-08-14T15:50:00+00:00,1.0035883077113577,1.0311571226357112
2026-08-14T15:55:00+00:00,1.003345901587541,1.0309080575567107
2026-08-14T16:00:00+00:00,1.0033452975847112,1.0309074369617763
2026-08-14T16:05:00+00:00,1.0034370504039936,1.0310017102533222
2026-08-14T16:10:00+00:00,1.003224382405328,1.030783200213004
2026-08-14T16:15:00+00:00,1.003193998239983,1.0307519813872463
2026-08-14T16:20:00+00:00,1.0033459291920295,1.0309080859195008
2026-08-14T16:25:00+00:00,1.0031636416765333,1.0307207909216145
2026-08-14T16:30:00+00:00,1.0029509267397911,1.0305022326538196
2026-08-14T16:35:00+00:00,1.0025551819544187,1.0300956166629327
2026-08-14T16:40:00+00:00,1.0030429318526155,1.0305967651694723
2026-08-14T16:45:00+00:00,1.0028295740826716,1.0303775464096911
2026-08-14T16:50:00+00:00,1.0028599831283302,1.0304087907992308
2026-08-14T16:55:00+00:00,1.0027985810561335,1.0303457019971753
2026-08-14T17:00:00+00:00,1.0027383912555436,1.030283858768123
2026-08-14T17:05:00+00:00,1.002495185242627,1.0300339718268743
2026-08-14T17:10:00+00:00,1.0023437490907765,1.0298783756870975
2026-08-14T17:15:00+00:00,1.0023127281130706,1.0298465025555885
2026-08-14T17:20:00+00:00,1.0022519081659762,1.0297840118697539
2026-08-14T17:25:00+00:00,1.0022823292154843,1.0298152685928914
2026-08-14T17:30:00+00:00,1.0020390060514144,1.029565261282319
2026-08-14T17:35:00+00:00,1.0022513404287399,1.0297834285366376
2026-08-14T17:40:00+00:00,1.002032957053534,1.0295590461169954
2026-08-14T17:45:00+00:00,1.001826087654505,1.0293464939652566
2026-08-14T17:50:00+00:00,1.0017652298424045,1.0292839643742546
2026-08-14T17:55:00+00:00,1.001886361766501,1.0294084238217702
2026-08-14T18:00:00+00:00,1.0017956886425727,1.0293152598850726
2026-08-14T18:05:00+00:00,1.00219123717429,1.029721674231169
2026-08-14T18:10:00+00:00,1.0020397587124372,1.0295660346191235
2026-08-14T18:15:00+00:00,1.0017957744397727,1.0293153480391426
2026-08-14T18:20:00+00:00,1.0019174919264915,1.029440409134828
2026-08-14T18:25:00+00:00,1.0020087671434248,1.029534191704172
2026-08-14T18:30:00+00:00,1.0019175021258997,1.0294404196144165
2026-08-14T18:35:00+00:00,1.0019175105511484,1.0294404282711087
2026-08-14T18:40:00+00:00,1.0023738956910897,1.0299093504218546
2026-08-14T18:45:00+00:00,1.00170479853314,1.0292218730022258
2026-08-14T18:50:00+00:00,1.0014309183872006,1.0289404693020592
2026-08-14T18:55:00+00:00,1.001309156466307,1.0288153625515817
2026-08-14T19:00:00+00:00,1.001309156466307,1.0288153625515817
2026-08-14T19:05:00+00:00,1.0012482681016694,1.028752801568757
2026-08-14T19:10:00+00:00,1.0017049586089226,1.0292220374753291
2026-08-14T19:15:00+00:00,1.0016440933655386,1.0291595002489045
2026-08-14T19:20:00+00:00,1.0015582677780157,1.0290713170116164
2026-08-14T19:25:00+00:00,1.0016751450556132,1.0291914049364586
2026-08-14T19:30:00+00:00,1.0017652269854878,1.0292839614388583
2026-08-14T19:35:00+00:00,1.0017658393260855,1.0292845906006014
2026-08-14T19:40:00+00:00,1.0016745520902373,1.02919079568218
2026-08-14T19:45:00+00:00,1.0016136886944038,1.0291282603540584
2026-08-14T19:50:00+00:00,1.0015832537600768,1.0290969893646826
2026-08-14T19:55:00+00:00,1.001887597555599,1.029409693558296
2026-08-14T20:00:00+00:00,1.001644181426011,1.0291595907284201
2026-08-14T20:05:00+00:00,1.0013404499927758,1.0288475157188348
2026-08-14T20:10:00+00:00,1.0014555254609128,1.0289657523380722
2026-08-14T20:15:00+00:00,1.0012180954283714,1.0287218000447849
2026-08-14T20:20:00+00:00,1.001278989364354,1.0287843667520007
2026-08-14T20:25:00+00:00,1.0013398795972273,1.0288469296543818
2026-08-14T20:30:00+00:00,1.0013398795972273,1.0288469296543818
2026-08-14T20:35:00+00:00,1.0013398795972273,1.0288469296543818
2026-08-14T20:40:00+00:00,1.0013398795972273,1.0288469296543818
2026-08-14T20:45:00+00:00,1.0013398795972273,1.0288469296543818
2026-08-14T20:50:00+00:00,1.0013398795972273,1.0288469296543818
2026-08-14T20:55:00+00:00,1.0017052052848567,1.0292222909275122
2026-08-14T21:00:00+00:00,1.0017052052848567,1.0292222909275122
2026-08-14T21:05:00+00:00,1.0017052052848567,1.0292222909275122
2026-08-14T21:10:00+00:00,1.0017052052848567,1.0292222909275122
2026-08-14T21:15:00+00:00,1.0017052052848567,1.0292222909275122
2026-08-14T21:20:00+00:00,1.0017052052848567,1.0292222909275122
2026-08-14T21:25:00+00:00,1.0017052052848567,1.0292222909275122
2026-08-14T21:30:00+00:00,1.0017052052848567,1.0292222909275122
2026-08-14T21:35:00+00:00,1.0017052052848567,1.0292222909275122
2026-08-14T21:40:00+00:00,1.0017052052848567,1.0292222909275122
2026-08-14T21:45:00+00:00,1.0017052052848567,1.0292222909275122
2026-08-14T21:50:00+00:00,1.0017052052848567,1.0292222909275122
2026-08-14T21:55:00+00:00,1.0017052052848567,1.0292222909275122
2026-08-14T22:00:00+00:00,1.0017052052848567,1.0292222909275122
2026-08-14T22:05:00+00:00,1.003325413849973,1.0308870070160097
2026-08-14T22:10:00+00:00,1.003325413849973,1.0308870070160097
2026-08-14T22:15:00+00:00,1.0017078174419087,1.029224974841154
2026-08-14T22:20:00+00:00,1.0017078174419087,1.029224974841154
2026-08-14T22:25:00+00:00,1.0017078174419087,1.029224974841154
2026-08-14T22:30:00+00:00,1.0017078174419087,1.029224974841154
2026-08-14T22:35:00+00:00,1.0017078174419087,1.029224974841154
2026-08-14T22:40:00+00:00,1.0035337522166843,1.0311010684883306
2026-08-14T22:45:00+00:00,1.0035337522166843,1.0311010684883306
2026-08-14T22:50:00+00:00,1.0026831969115,1.030227148222025
2026-08-14T22:55:00+00:00,1.0026831969115,1.030227148222025
2026-08-14T23:00:00+00:00,1.0026831969115,1.030227148222025
2026-08-14T23:05:00+00:00,1.002865613502812,1.0304145758414711
2026-08-14T23:10:00+00:00,1.002865613502812,1.0304145758414711
2026-08-14T23:15:00+00:00,1.0015013855465194,1.029012872211386
2026-08-14T23:20:00+00:00,1.0015013855465194,1.029012872211386
2026-08-14T23:25:00+00:00,1.0015013855465194,1.029012872211386
2026-08-14T23:30:00+00:00,1.0015013855465194,1.029012872211386
2026-08-14T23:35:00+00:00,1.0015013855465194,1.029012872211386
2026-08-14T23:40:00+00:00,1.0015013855465194,1.029012872211386
2026-08-14T23:45:00+00:00,1.0015013855465194,1.029012872211386
2026-08-14T23:50:00+00:00,1.0015013855465194,1.029012872211386
2026-08-14T23:55:00+00:00,1.0015013855465194,1.029012872211386
2026-08-15T00:00:00+00:00,1.0015013855465194,1.029012872211386
2026-08-17T08:05:00+00:00,1.004084661270634,1.0316671111479947
2026-08-17T08:10:00+00:00,1.004388266937443,1.0319790569363196
2026-08-17T08:15:00+00:00,1.004388266937443,1.0319790569363196
2026-08-17T08:20:00+00:00,1.0045703752899642,1.0321661678495804
2026-08-17T08:25:00+00:00,1.0046310670719416,1.0322285268495712
2026-08-17T08:30:00+00:00,1.0046310670719416,1.0322285268495712
2026-08-17T08:35:00+00:00,1.0044490027248825,1.0320414611506135
2026-08-17T08:40:00+00:00,1.004327604489117,1.0319167280757826
2026-08-17T08:45:00+00:00,1.0040240722101974,1.0316048576913304
2026-08-17T08:50:00+00:00,1.0040240722101974,1.0316048576913304
2026-08-17T08:55:00+00:00,1.0035989985132412,1.0311681071165244
2026-08-17T09:00:00+00:00,1.0035989985132412,1.0311681071165244
2026-08-17T09:05:00+00:00,1.003842000692058,1.0314177846243011
2026-08-17T09:10:00+00:00,1.003842000692058,1.0314177846243011
2026-08-17T09:15:00+00:00,1.003842000692058,1.0314177846243011
2026-08-17T09:20:00+00:00,1.0042064157455524,1.0317922102479546
2026-08-17T09:25:00+00:00,1.0040849881257523,1.031667446981903
2026-08-17T09:30:00+00:00,1.0040849881257523,1.031667446981903
2026-08-17T09:35:00+00:00,1.0038421218846405,1.0314179091460733
2026-08-17T09:40:00+00:00,1.0037206501854772,1.0312931005897874
2026-08-17T09:45:00+00:00,1.0037813925735763,1.0313555115860626
2026-08-17T09:50:00+00:00,1.0037813925735763,1.0313555115860626
2026-08-17T09:55:00+00:00,1.0039028716238696,1.0314803276954159
2026-08-17T10:00:00+00:00,1.003781407271586,1.0313555266878303
2026-08-17T10:05:00+00:00,1.003781407271586,1.0313555266878303
2026-08-17T10:10:00+00:00,1.003842146797622,1.0314179347434207
2026-08-17T10:15:00+00:00,1.003842146797622,1.0314179347434207
2026-08-17T10:20:00+00:00,1.003842146797622,1.0314179347434207
2026-08-17T10:25:00+00:00,1.0039636184997998,1.031542743302804
2026-08-17T10:30:00+00:00,1.0048138175476462,1.032416297525296
2026-08-17T10:35:00+00:00,1.004449754570274,1.032042233649381
2026-08-17T10:40:00+00:00,1.004449754570274,1.032042233649381
2026-08-17T10:45:00+00:00,1.0042069579170059,1.03179276731299
2026-08-17T10:50:00+00:00,1.0042069579170059,1.03179276731299
2026-08-17T10:55:00+00:00,1.0042069579170059,1.03179276731299
2026-08-17T11:00:00+00:00,1.0042069579170059,1.03179276731299
2026-08-17T11:05:00+00:00,1.004604026448129,1.0322007434132459
2026-08-17T11:10:00+00:00,1.004604026448129,1.0322007434132459
2026-08-17T11:15:00+00:00,1.004604026448129,1.0322007434132459
2026-08-17T11:20:00+00:00,1.0040857350856838,1.0316682144610057
2026-08-17T11:25:00+00:00,1.004692947068682,1.0322921067048743
2026-08-17T11:30:00+00:00,1.0047536315907326,1.0323544582455064
2026-08-17T11:35:00+00:00,1.0047536315907326,1.0323544582455064
2026-08-17T11:40:00+00:00,1.004674139667953,1.0322727826602727
2026-08-17T11:45:00+00:00,1.0045715809048175,1.0321674065829676
2026-08-17T11:50:00+00:00,1.0045715809048175,1.0321674065829676
2026-08-17T11:55:00+00:00,1.0045715809048175,1.0321674065829676
2026-08-17T12:00:00+00:00,1.0045715809048175,1.0321674065829676
2026-08-17T12:05:00+00:00,1.0037218949374016,1.0312943795353502
2026-08-17T12:10:00+00:00,1.0034789218328417,1.0310447319005074
2026-08-17T12:15:00+00:00,1.0034789218328417,1.0310447319005074
2026-08-17T12:20:00+00:00,1.0034789218328417,1.0310447319005074
2026-08-17T12:25:00+00:00,1.003600437807876,1.0311695859489334
2026-08-17T12:30:00+00:00,1.0026958608999488,1.030240160093317
2026-08-17T12:35:00+00:00,1.00281078327073,1.0303582394095772
2026-08-17T12:40:00+00:00,1.0024459921527704,1.029983427390876
2026-08-17T12:45:00+00:00,1.0020810682386265,1.0296084789280469
2026-08-17T12:50:00+00:00,1.0020810682386265,1.0296084789280469
2026-08-17T12:55:00+00:00,1.00250696790333,1.030046078160135
2026-08-17T13:00:00+00:00,1.00250696790333,1.030046078160135
2026-08-17T13:05:00+00:00,1.00250696790333,1.030046078160135
2026-08-17T13:10:00+00:00,1.0026286018475066,1.0301710534183441
2026-08-17T13:15:00+00:00,1.0028718402273822,1.03042097361568
2026-08-17T13:20:00+00:00,1.002446276279662,1.0299837193228023
2026-08-17T13:25:00+00:00,1.002446276279662,1.0299837193228023
2026-08-17T13:30:00+00:00,1.0029328372954396,1.0304836462880338
2026-08-17T13:35:00+00:00,1.0030848281360356,1.030639812353991
2026-08-17T13:40:00+00:00,1.0030544389931568,1.0306085884139657
2026-08-17T13:45:00+00:00,1.002780904479131,1.0303275398403051
2026-08-17T13:50:00+00:00,1.0038753456795415,1.0314520456067016
2026-08-17T13:55:00+00:00,1.0045270161275819,1.032121617600461
2026-08-17T14:00:00+00:00,1.005423463584967,1.0330426906875514
2026-08-17T14:05:00+00:00,1.0053021821056443,1.0329180775764912
2026-08-17T14:10:00+00:00,1.005029265852056,1.0326376642470332
2026-08-17T14:15:00+00:00,1.005787596277987,1.0334168261942198
2026-08-17T14:20:00+00:00,1.0065150222155073,1.034164234699182
2026-08-17T14:25:00+00:00,1.0071813477598242,1.0348488643682774
2026-08-17T14:30:00+00:00,1.006454887720265,1.0341024482947283
2026-08-17T14:35:00+00:00,1.0069091880364054,1.0345692283510566
2026-08-17T14:40:00+00:00,1.0063944865920331,1.0340403879328122
2026-08-17T14:45:00+00:00,1.0063641972256758,1.0340092665101934
2026-08-17T14:50:00+00:00,1.0063357227049439,1.033980009787451
2026-08-17T14:55:00+00:00,1.0061824400604258,1.0338225164314037
2026-08-17T15:00:00+00:00,1.0063036303573314,1.0339470358552434
2026-08-17T15:05:00+00:00,1.0064853939126972,1.034133792499687
2026-08-17T15:10:00+00:00,1.0063309227869386,1.0339750780145305
2026-08-17T15:15:00+00:00,1.0067581196119277,1.0344140100402128
2026-08-17T15:20:00+00:00,1.0069101265224323,1.0345701926175228
2026-08-17T15:25:00+00:00,1.0070590830097579,1.0347232409757872
2026-08-17T15:30:00+00:00,1.007272813662961,1.0349428428620213
2026-08-17T15:35:00+00:00,1.007000414162106,1.0346629604806197
2026-08-17T15:40:00+00:00,1.0069095934010512,1.0345696448511676
2026-08-17T15:45:00+00:00,1.006606871788379,1.0342586074021614
2026-08-17T15:50:00+00:00,1.0070308729468327,1.0346942559755712
2026-08-17T15:55:00+00:00,1.007424382636901,1.0350985754725424
2026-08-17T16:00:00+00:00,1.0073941223827065,1.0350674839618048
2026-08-17T16:05:00+00:00,1.0072730968158812,1.0349431337932207
2026-08-17T16:10:00+00:00,1.0075333818771954,1.0352105689484807
2026-08-17T16:15:00+00:00,1.0073337166662308,1.0350054188856048
2026-08-17T16:20:00+00:00,1.007303455499544,1.0349743264373084
2026-08-17T16:25:00+00:00,1.0072423251069165,1.0349115167779264
2026-08-17T16:30:00+00:00,1.0072126647084878,1.0348810416011383
2026-08-17T16:35:00+00:00,1.007091598218349,1.0347566493850673
2026-08-17T16:40:00+00:00,1.0073949162650124,1.0350682996522511
2026-08-17T16:45:00+00:00,1.0072430051977452,1.0349122155510155
2026-08-17T16:50:00+00:00,1.007182474167345,1.0348500217184866
2026-08-17T16:55:00+00:00,1.0070008689610401,1.0346634277729911
2026-08-17T17:00:00+00:00,1.0071213748904475,1.0347872440295909
2026-08-17T17:05:00+00:00,1.007181307358638,1.0348488228572605
2026-08-17T17:10:00+00:00,1.0069101029266552,1.0345701683735637
2026-08-17T17:15:00+00:00,1.007000928303361,1.03466348874546
2026-08-17T17:20:00+00:00,1.0065165467204158,1.034165801082611
2026-08-17T17:25:00+00:00,1.0062445734314838,1.0338863566212777
2026-08-17T17:30:00+00:00,1.0062742651368322,1.033916863964994
2026-08-17T17:35:00+00:00,1.0063348621659263,1.0339791256092168
2026-08-17T17:40:00+00:00,1.0057289839947712,1.033356603817327
2026-08-17T17:45:00+00:00,1.0062746047802247,1.033917212938473
2026-08-17T17:50:00+00:00,1.006486657970272,1.0341350912812306
2026-08-17T17:55:00+00:00,1.0062746458031815,1.0339172550883404
2026-08-17T18:00:00+00:00,1.0058808397561392,1.0335126310933969
2026-08-17T18:05:00+00:00,1.0056086943057645,1.033233009741304
2026-08-17T18:10:00+00:00,1.0056384029555918,1.0332635344949683
2026-08-17T18:15:00+00:00,1.005789986016504,1.0334192815794345
2026-08-17T18:20:00+00:00,1.0060324482069583,1.0336684042652367
2026-08-17T18:25:00+00:00,1.0053658001991101,1.0329834432744585
2026-08-17T18:30:00+00:00,1.0049412662075092,1.032547247230845
2026-08-17T18:35:00+00:00,1.0043953396406258,1.0319863239283789
2026-08-17T18:40:00+00:00,1.0045167505403994,1.0321110700151013
2026-08-17T18:45:00+00:00,1.0045167514572,1.0321110709570867
2026-08-17T18:50:00+00:00,1.0050023184669676,1.0326099766107213
2026-08-17T18:55:00+00:00,1.0050933164838747,1.0327034743652868
2026-08-17T19:00:00+00:00,1.0050629859474367,1.0326723106416351
2026-08-17T19:05:00+00:00,1.0046990085261616,1.0322983346720642
2026-08-17T19:10:00+00:00,1.0047293564690578,1.0323295162803336
2026-08-17T19:15:00+00:00,1.0053058455000692,1.0329218416052515
2026-08-17T19:20:00+00:00,1.0060942292054247,1.0337318824027584
2026-08-17T19:25:00+00:00,1.0061184695193437,1.033756788603997
2026-08-17T19:30:00+00:00,1.0059427365666982,1.033576228224397
2026-08-17T19:35:00+00:00,1.0061548603108148,1.0337941790593612
2026-08-17T19:40:00+00:00,1.0062154601843363,1.0338564436261486
2026-08-17T19:45:00+00:00,1.006579011077932,1.0342299813512208
2026-08-17T19:50:00+00:00,1.0066395899784542,1.0342922243688755
2026-08-17T19:55:00+00:00,1.0064276093866202,1.0340744206186219
2026-08-17T20:00:00+00:00,1.0067002226558817,1.0343545226407
2026-08-17T20:05:00+00:00,1.0065784883611193,1.0342294442752502
2026-08-17T20:10:00+00:00,1.0065784883611193,1.0342294442752502
2026-08-17T20:15:00+00:00,1.006457950775213,1.0341055954925396
2026-08-17T20:20:00+00:00,1.006457950775213,1.0341055954925396
2026-08-17T20:25:00+00:00,1.0063367929624316,1.0339811094451707
2026-08-17T20:30:00+00:00,1.0062156205611117,1.0338566084085128
2026-08-17T20:35:00+00:00,1.0061550270635469,1.0337943503928313
2026-08-17T20:40:00+00:00,1.0060538298282302,1.0336903732448455
2026-08-17T20:45:00+00:00,1.0060538298282302,1.0336903732448455
2026-08-17T20:50:00+00:00,1.0060538298282302,1.0336903732448455
2026-08-17T20:55:00+00:00,1.0060538298282302,1.0336903732448455
2026-08-17T21:00:00+00:00,1.0060538298282302,1.0336903732448455
2026-08-17T21:05:00+00:00,1.0060538298282302,1.0336903732448455
2026-08-17T21:10:00+00:00,1.0060538298282302,1.0336903732448455
2026-08-17T21:15:00+00:00,1.0060538298282302,1.0336903732448455
2026-08-17T21:20:00+00:00,1.0060538298282302,1.0336903732448455
2026-08-17T21:25:00+00:00,1.0060538298282302,1.0336903732448455
2026-08-17T21:30:00+00:00,1.007425281214441,1.0350994987342257
2026-08-17T21:35:00+00:00,1.0071856186356465,1.0348532525660963
2026-08-17T21:40:00+00:00,1.0071856186356465,1.0348532525660963
2026-08-17T21:45:00+00:00,1.0071856186356465,1.0348532525660963
2026-08-17T21:50:00+00:00,1.0071856186356465,1.0348532525660963
2026-08-17T21:55:00+00:00,1.0071856186356465,1.0348532525660963
2026-08-17T22:00:00+00:00,1.0071856186356465,1.0348532525660963
2026-08-17T22:05:00+00:00,1.0063381250269856,1.0339824781018623
2026-08-17T22:10:00+00:00,1.006156366184416,1.0337957262996766
2026-08-17T22:15:00+00:00,1.006156366184416,1.0337957262996766
2026-08-17T22:20:00+00:00,1.006156366184416,1.0337957262996766
2026-08-17T22:25:00+00:00,1.006156366184416,1.0337957262996766
2026-08-17T22:30:00+00:00,1.005974574501776,1.033608940755296
2026-08-17T22:35:00+00:00,1.005974574501776,1.033608940755296
2026-08-17T22:40:00+00:00,1.0062170072224659,1.0338580331617921
2026-08-17T22:45:00+00:00,1.005832843918492,1.0334633167984146
2026-08-17T22:50:00+00:00,1.0058601214482308,1.0334913436485302
2026-08-17T22:55:00+00:00,1.0059746839663566,1.033609053226895
2026-08-17T23:00:00+00:00,1.0059746839663566,1.033609053226895
2026-08-17T23:05:00+00:00,1.0057322694879711,1.0333599795638235
2026-08-17T23:10:00+00:00,1.0057322694879711,1.0333599795638235
2026-08-17T23:15:00+00:00,1.0060353834932418,1.033671420184548
2026-08-17T23:20:00+00:00,1.0060353834932418,1.033671420184548
2026-08-17T23:25:00+00:00,1.0060353834932418,1.033671420184548
2026-08-17T23:30:00+00:00,1.0065808243638106,1.0342318444485037
2026-08-17T23:35:00+00:00,1.0068231112393344,1.0344807870034318
2026-08-17T23:40:00+00:00,1.0068231112393344,1.0344807870034318
2026-08-17T23:45:00+00:00,1.0068231112393344,1.0344807870034318
2026-08-17T23:50:00+00:00,1.0067625540932237,1.0344185663377876
2026-08-17T23:55:00+00:00,1.006944236459819,1.0346052395631853
2026-08-18T00:00:00+00:00,1.006944236459819,1.0346052395631853
2026-08-18T08:05:00+00:00,1.0040977663033168,1.0316805761791124
2026-08-18T08:10:00+00:00,1.0040977663033168,1.0316805761791124
2026-08-18T08:15:00+00:00,1.0040977663033168,1.0316805761791124
2026-08-18T08:20:00+00:00,1.0034905470445459,1.0310566764596039
2026-08-18T08:25:00+00:00,1.003004477513403,1.0305572544802095
2026-08-18T08:30:00+00:00,1.0033084182641647,1.0308695445573246
2026-08-18T08:35:00+00:00,1.003490793764334,1.0310569299568444
2026-08-18T08:40:00+00:00,1.003490793764334,1.0310569299568444
2026-08-18T08:45:00+00:00,1.003490793764334,1.0310569299568444
2026-08-18T08:50:00+00:00,1.003490793764334,1.0310569299568444
2026-08-18T08:55:00+00:00,1.003490793764334,1.0310569299568444
2026-08-18T09:00:00+00:00,1.0036123111769963,1.0311817854823901
2026-08-18T09:05:00+00:00,1.0036123111769963,1.0311817854823901
2026-08-18T09:10:00+00:00,1.0033693057747743,1.0309321046626607
2026-08-18T09:15:00+00:00,1.0034908379096792,1.0310569753148728
2026-08-18T09:20:00+00:00,1.0034300792006752,1.0309945475493536
2026-08-18T09:25:00+00:00,1.0034300792006752,1.0309945475493536
2026-08-18T09:30:00+00:00,1.0034300792006752,1.0309945475493536
2026-08-18T09:35:00+00:00,1.0034908857583156,1.0310570244779231
2026-08-18T09:40:00+00:00,1.0034908857583156,1.0310570244779231
2026-08-18T09:45:00+00:00,1.0034908857583156,1.0310570244779231
2026-08-18T09:50:00+00:00,1.0031263334869092,1.030682457866948
2026-08-18T09:55:00+00:00,1.0037948560757284,1.0313693449338925
2026-08-18T10:00:00+00:00,1.0037948560757284,1.0313693449338925
2026-08-18T10:05:00+00:00,1.0037948560757284,1.0313693449338925
2026-08-18T10:10:00+00:00,1.0037948560757284,1.0313693449338925
2026-08-18T10:15:00+00:00,1.0037948560757284,1.0313693449338925
2026-08-18T10:20:00+00:00,1.0037948560757284,1.0313693449338925
2026-08-18T10:25:00+00:00,1.0037948560757284,1.0313693449338925
2026-08-18T10:30:00+00:00,1.0037948560757284,1.0313693449338925
2026-08-18T10:35:00+00:00,1.0037948560757284,1.0313693449338925
2026-08-18T10:40:00+00:00,1.003855596415561,1.0314317538256348
2026-08-18T10:45:00+00:00,1.003855596415561,1.0314317538256348
2026-08-18T10:50:00+00:00,1.003855596415561,1.0314317538256348
2026-08-18T10:55:00+00:00,1.003855596415561,1.0314317538256348
2026-08-18T11:00:00+00:00,1.003855596415561,1.0314317538256348
2026-08-18T11:05:00+00:00,1.0037948597507247,1.0313693487098419
2026-08-18T11:10:00+00:00,1.0039163404308349,1.0314941664937833
2026-08-18T11:15:00+00:00,1.0037341419049157,1.0313069629300395
2026-08-18T11:20:00+00:00,1.0036733978876133,1.0312445502598067
2026-08-18T11:25:00+00:00,1.0035519024999016,1.031119717364242
2026-08-18T11:30:00+00:00,1.0032481272539577,1.030807597338402
2026-08-18T11:35:00+00:00,1.0032481272539577,1.030807597338402
2026-08-18T11:40:00+00:00,1.0032481272539577,1.030807597338402
2026-08-18T11:45:00+00:00,1.0034304476066207,1.0309949260755
2026-08-18T11:50:00+00:00,1.0034304476066207,1.0309949260755
2026-08-18T11:55:00+00:00,1.0034304476066207,1.0309949260755
2026-08-18T12:00:00+00:00,1.0034304476066207,1.0309949260755
2026-08-18T12:05:00+00:00,1.0034304476066207,1.0309949260755
2026-08-18T12:10:00+00:00,1.0038557844803793,1.031431947056639
2026-08-18T12:15:00+00:00,1.0033698910706597,1.0309327060367666
2026-08-18T12:20:00+00:00,1.0033698910706597,1.0309327060367666
2026-08-18T12:25:00+00:00,1.0041017418314664,1.031684660915987
2026-08-18T12:30:00+00:00,1.003560709947264,1.0311287667543259
2026-08-18T12:35:00+00:00,1.0040387951502625,1.0316199850741394
2026-08-18T12:40:00+00:00,1.0040387951502625,1.0316199850741394
2026-08-18T12:45:00+00:00,1.0033708124027934,1.030933652678118
2026-08-18T12:50:00+00:00,1.0036752508578648,1.0312464541316015
2026-08-18T12:55:00+00:00,1.0036272601492118,1.0311971451065087
2026-08-18T13:00:00+00:00,1.0036138950089835,1.0311834128226274
2026-08-18T13:05:00+00:00,1.0038569007947,1.031433094036386
2026-08-18T13:10:00+00:00,1.0032920490777717,1.0308527257053999
2026-08-18T13:15:00+00:00,1.0036141351535899,1.0311836595640647
2026-08-18T13:20:00+00:00,1.0034221605369382,1.0309864113579978
2026-08-18T13:25:00+00:00,1.0031280671999594,1.0306842392055173
2026-08-18T13:30:00+00:00,1.0032496290113022,1.0308091403493862
2026-08-18T13:35:00+00:00,1.004109156262693,1.0316922790234428
2026-08-18T13:40:00+00:00,1.0046776002033766,1.0322763382574447
2026-08-18T13:45:00+00:00,1.0044044980073576,1.031995733877672
2026-08-18T13:50:00+00:00,1.0037672001709173,1.0313409293146492
2026-08-18T13:55:00+00:00,1.0032812770567245,1.0308416577743142
2026-08-18T14:00:00+00:00,1.0036155218337437,1.0311850843366595
2026-08-18T14:05:00+00:00,1.0048607355080452,1.0324645043334784
2026-08-18T14:10:00+00:00,1.004247279518931,1.031834196559127
2026-08-18T14:15:00+00:00,1.0035253014827394,1.0310923856106682
2026-08-18T14:20:00+00:00,1.0048011632378033,1.0324032955984825
2026-08-18T14:25:00+00:00,1.0040729035050648,1.0316550303937448
2026-08-18T14:30:00+00:00,1.0036782097432682,1.0312494942983068
2026-08-18T14:35:00+00:00,1.003313703446503,1.0308749749249073
2026-08-18T14:40:00+00:00,1.0024020199777428,1.0299382472895038
2026-08-18T14:45:00+00:00,1.0020066551033584,1.029532021645852
2026-08-18T14:50:00+00:00,1.0029497927004618,1.0305010674621553
2026-08-18T14:55:00+00:00,1.00188584066685,1.0294078884073858
2026-08-18T15:00:00+00:00,1.0004558938581438,1.0279386606120262
2026-08-18T15:05:00+00:00,1.0015522755303239,1.0290651601554235
2026-08-18T15:10:00+00:00,1.0003962161292275,1.0278773435213806
2026-08-18T15:15:00+00:00,0.9997257538452563,1.0271884634753865
2026-08-18T15:20:00+00:00,0.9992378782230025,1.026687185791119
2026-08-18T15:25:00+00:00,0.9991158385598938,1.02656179366878
2026-08-18T15:30:00+00:00,0.9991768635161008,1.0266244949953778
2026-08-18T15:35:00+00:00,0.9999091080199601,1.0273768544338684
2026-08-18T15:40:00+00:00,0.9999091414995559,1.0273768888331567
2026-08-18T15:45:00+00:00,0.9996042539701318,1.0270636259691388
2026-08-18T15:50:00+00:00,1.000305638536727,1.0277842777403825
2026-08-18T15:55:00+00:00,1.000244684245227,1.0277216490196686
2026-08-18T16:00:00+00:00,1.0002447176667133,1.027721683359251
2026-08-18T16:05:00+00:00,1.000732318600308,1.0282226788090951
2026-08-18T16:10:00+00:00,1.0010369775313313,1.0285357067950582
2026-08-18T16:15:00+00:00,1.0006411141081832,1.0281289689073871
2026-08-18T16:20:00+00:00,1.0005192593126901,1.028003766731022
2026-08-18T16:25:00+00:00,1.0007630143642814,1.0282542177931713
2026-08-18T16:30:00+00:00,1.0002451323881998,1.0277221094732378
2026-08-18T16:35:00+00:00,1.0004279953456472,1.0279099957206057
2026-08-18T16:40:00+00:00,1.0003670521663197,1.0278473784173183
2026-08-18T16:45:00+00:00,1.0006108443769595,1.028097867659284
2026-08-18T16:50:00+00:00,1.0002147568485462,1.0276908995101215
2026-08-18T16:55:00+00:00,1.0007329433803607,1.028223320752008
2026-08-18T17:00:00+00:00,1.0002753654218577,1.0277531730156844
2026-08-18T17:05:00+00:00,1.0002759786527509,1.0277538030921791
2026-08-18T17:10:00+00:00,1.0003984987452001,1.0278796888413695
2026-08-18T17:15:00+00:00,1.0005502532675719,1.0280356120973833
2026-08-18T17:20:00+00:00,1.0002151301385775,1.0276912830545204
2026-08-18T17:25:00+00:00,1.0005199167366587,1.0280044422145869
2026-08-18T17:30:00+00:00,1.0004285561884863,1.0279105719699335
2026-08-18T17:35:00+00:00,1.000306664192606,1.0277853315712775
2026-08-18T17:40:00+00:00,1.0000933346316254,1.0275661417953668
2026-08-18T17:45:00+00:00,0.9996057814912434,1.0270651954516266
2026-08-18T17:50:00+00:00,0.999575283389538,1.027033859559649
2026-08-18T17:55:00+00:00,0.9996057824218011,1.0270651964077468
2026-08-18T18:00:00+00:00,0.9995447862183338,1.0270025246237338
2026-08-18T18:05:00+00:00,0.9989957868850026,1.0264384441451782
2026-08-18T18:10:00+00:00,0.9991794901264642,1.0266271937593665
2026-08-18T18:15:00+00:00,0.9995754855413147,1.0270340672645843
2026-08-18T18:20:00+00:00,0.9996974789034503,1.0271594118140512
2026-08-18T18:25:00+00:00,0.9994535349708256,1.0269087666822607
2026-08-18T18:30:00+00:00,0.9998500597203771,1.0273161840631326
2026-08-18T18:35:00+00:00,0.9996366250284388,1.027096886268291
2026-08-18T18:40:00+00:00,0.9997891072166801,1.0272535571793329
2026-08-18T18:45:00+00:00,0.999148764065175,1.0265956236456997
2026-08-18T18:50:00+00:00,0.9990877426885958,1.026532925997063
2026-08-18T18:55:00+00:00,0.9992097949407415,1.0266583310542632
2026-08-18T19:00:00+00:00,0.9991792847179951,1.0266269827082768
2026-08-18T19:05:00+00:00,0.9992403144812931,1.0266896889740174
2026-08-18T19:10:00+00:00,0.9992708256355924,1.0267210382771468
2026-08-18T19:15:00+00:00,0.9994843914407248,1.0269404707868937
2026-08-18T19:20:00+00:00,0.9991641132456772,1.026611394471924
2026-08-18T19:25:00+00:00,0.9990573244291451,1.0265016721406266
2026-08-18T19:30:00+00:00,0.999261781333624,1.0267117455260033
2026-08-18T19:35:00+00:00,0.9990878745235109,1.0265330614535155
2026-08-18T19:40:00+00:00,0.9992099275429299,1.026658467299066
2026-08-18T19:45:00+00:00,0.9986302518648826,1.0260628677891432
2026-08-18T19:50:00+00:00,0.9981723326371382,1.025592369408829
2026-08-18T19:55:00+00:00,0.99808070488836,1.0254982246235045
2026-08-18T20:00:00+00:00,0.9982028811397636,1.025623757086252
2026-08-18T20:05:00+00:00,0.9982028811397636,1.025623757086252
2026-08-18T20:10:00+00:00,0.9978974484517368,1.025309934087992
2026-08-18T20:15:00+00:00,0.9978357366942706,1.0252465270935376
2026-08-18T20:20:00+00:00,0.9978357366942706,1.0252465270935376
2026-08-18T20:25:00+00:00,0.9969197798043633,1.0243054086450685
2026-08-18T20:30:00+00:00,0.9972255834178001,1.0246196127581497
2026-08-18T20:35:00+00:00,0.9971032957221345,1.0244939657897392
2026-08-18T20:40:00+00:00,0.9973478936114324,1.0247452828425516
2026-08-18T20:45:00+00:00,0.9966142390102352,1.0239914745710064
2026-08-18T20:50:00+00:00,0.9963695660217678,1.023740080356032
2026-08-18T20:55:00+00:00,0.9969202417959074,1.0243058833276326
2026-08-18T21:00:00+00:00,0.9967979202938465,1.0241802016241568
2026-08-18T21:05:00+00:00,0.9974707711236963,1.024871535829966
2026-08-18T21:10:00+00:00,0.9974707711236963,1.024871535829966
2026-08-18T21:15:00+00:00,0.9974707711236963,1.024871535829966
2026-08-18T21:20:00+00:00,0.9974707711236963,1.024871535829966
2026-08-18T21:25:00+00:00,0.9974707711236963,1.024871535829966
2026-08-18T21:30:00+00:00,0.9974707711236963,1.024871535829966
2026-08-18T21:35:00+00:00,0.9974707711236963,1.024871535829966
2026-08-18T21:40:00+00:00,0.9974707711236963,1.024871535829966
2026-08-18T21:45:00+00:00,0.9974707711236963,1.024871535829966
2026-08-18T21:50:00+00:00,0.9987544386193205,1.0261904659839327
2026-08-18T21:55:00+00:00,0.9987544386193205,1.0261904659839327
2026-08-18T22:00:00+00:00,0.9987544386193205,1.0261904659839327
2026-08-18T22:05:00+00:00,0.9987544386193205,1.0261904659839327
2026-08-18T22:10:00+00:00,0.9977166131024178,1.0251241311476413
2026-08-18T22:15:00+00:00,0.9977166168461161,1.02512413499418
2026-08-18T22:20:00+00:00,0.9975338561424708,1.024936353809551
2026-08-18T22:25:00+00:00,0.9968614987639434,1.0242455266102921
2026-08-18T22:30:00+00:00,0.9968614987639434,1.0242455266102921
2026-08-18T22:35:00+00:00,0.9970449927200296,1.0244340611899847
2026-08-18T22:40:00+00:00,0.9969226859250443,1.0243083945975915
2026-08-18T22:45:00+00:00,0.9969226859250443,1.0243083945975915
2026-08-18T22:50:00+00:00,0.9970450077269983,1.0244340766091986
2026-08-18T22:55:00+00:00,0.9970450077269983,1.0244340766091986
2026-08-18T23:00:00+00:00,0.9970450077269983,1.0244340766091986
2026-08-18T23:05:00+00:00,0.9970450077269983,1.0244340766091986
2026-08-18T23:10:00+00:00,0.9973507747190637,1.0247482430949104
2026-08-18T23:15:00+00:00,0.9969228321284648,1.0243085448172555
2026-08-18T23:20:00+00:00,0.9969228321284648,1.0243085448172555
2026-08-18T23:25:00+00:00,0.9964947057588391,1.0238686577121194
2026-08-18T23:30:00+00:00,0.9963723313629459,1.0237429216618048
2026-08-18T23:35:00+00:00,0.9960663577935555,1.0234285429240386
2026-08-18T23:40:00+00:00,0.9960663577935555,1.0234285429240386
2026-08-18T23:45:00+00:00,0.9960663577935555,1.0234285429240386
2026-08-18T23:50:00+00:00,0.9960663577935555,1.0234285429240386
2026-08-18T23:55:00+00:00,0.9966172794516273,1.023994598534063
2026-08-19T00:00:00+00:00,0.9966172794516273,1.023994598534063
2026-08-19T08:05:00+00:00,0.9990631046590518,1.0265076111548548
2026-08-19T08:10:00+00:00,0.9994903155162671,1.026946557598232
2026-08-19T08:15:00+00:00,1.0000393519444681,1.0275106761906627
2026-08-19T08:20:00+00:00,0.9999174405276762,1.027385415837598
2026-08-19T08:25:00+00:00,0.9994905944437823,1.026946844187954
2026-08-19T08:30:00+00:00,0.9994905944437823,1.026946844187954
2026-08-19T08:35:00+00:00,0.9994905944437823,1.026946844187954
2026-08-19T08:40:00+00:00,0.9997956147667937,1.0272602434934313
2026-08-19T08:45:00+00:00,1.0001005420617697,1.0275735472153702
2026-08-19T08:50:00+00:00,1.000100556924488,1.027573562486371
2026-08-19T08:55:00+00:00,0.9996737888253372,1.0271350709637301
2026-08-19T09:00:00+00:00,0.9996737888253372,1.0271350709637301
2026-08-19T09:05:00+00:00,0.9995518030060785,1.0270097341643447
2026-08-19T09:10:00+00:00,0.9994298022977902,1.0268843820669245
2026-08-19T09:15:00+00:00,0.9994908175455083,1.0269470734183386
2026-08-19T09:20:00+00:00,0.9991857971544116,1.0266336740429058
2026-08-19T09:25:00+00:00,0.9994299066169388,1.0268844892517455
2026-08-19T09:30:00+00:00,0.9994299066169388,1.0268844892517455
2026-08-19T09:35:00+00:00,0.9994299066169388,1.0268844892517455
2026-08-19T09:40:00+00:00,0.9993079021722949,1.0267591333153312
2026-08-19T09:45:00+00:00,0.9993079021722949,1.0267591333153312
2026-08-19T09:50:00+00:00,0.9996739937227305,1.0271352814897048
2026-08-19T09:55:00+00:00,0.9996130008005997,1.0270726130771672
2026-08-19T10:00:00+00:00,0.9996130008005997,1.0270726130771672
2026-08-19T10:05:00+00:00,0.9999789806642074,1.0274486464966488
2026-08-19T10:10:00+00:00,1.0000399549922967,1.027511295804362
2026-08-19T10:15:00+00:00,1.0001618962134884,1.0276365867805606
2026-08-19T10:20:00+00:00,1.0001618962134884,1.0276365867805606
2026-08-19T10:25:00+00:00,1.0006496016364865,1.0281376895901573
2026-08-19T10:30:00+00:00,1.0006496016364865,1.0281376895901573
2026-08-19T10:35:00+00:00,1.0007105351160648,1.028200296927241
2026-08-19T10:40:00+00:00,1.0005886755769613,1.0280750898769575
2026-08-19T10:45:00+00:00,1.0005886755769613,1.0280750898769575
2026-08-19T10:50:00+00:00,1.0008324243408047,1.0283255344786328
2026-08-19T10:55:00+00:00,1.0006496572801142,1.0281377467623292
2026-08-19T11:00:00+00:00,1.0005277903141807,1.0280125320811986
2026-08-19T11:05:00+00:00,1.0005277903141807,1.0280125320811986
2026-08-19T11:10:00+00:00,1.001380962994434,1.028889141622503
2026-08-19T11:15:00+00:00,1.001380962994434,1.028889141622503
2026-08-19T11:20:00+00:00,1.0009547694100995,1.02845124039674
2026-08-19T11:25:00+00:00,1.0011094934311744,1.0286102147243088
2026-08-19T11:30:00+00:00,1.0012593156896001,1.028764152636616
2026-08-19T11:35:00+00:00,1.0007721441456567,1.0282635983718615
2026-08-19T11:40:00+00:00,1.0008330702472121,1.028326198128246
2026-08-19T11:45:00+00:00,1.000345691104165,1.0278254305615901
2026-08-19T11:50:00+00:00,1.0003456948184912,1.0278254343779498
2026-08-19T11:55:00+00:00,1.0002237906392544,1.0277001814612574
2026-08-19T12:00:00+00:00,1.0002841405632386,1.027762189212333
2026-08-19T12:05:00+00:00,1.0001018825970325,1.027574924575463
2026-08-19T12:10:00+00:00,1.0004067173576388,1.0278881332210907
2026-08-19T12:15:00+00:00,1.0007724076405768,1.0282638691050512
2026-08-19T12:20:00+00:00,1.0007724076405768,1.0282638691050512
2026-08-19T12:25:00+00:00,1.0011379458027798,1.0286394486894828
2026-08-19T12:30:00+00:00,1.0011379458027798,1.0286394486894828
2026-08-19T12:35:00+00:00,1.002599831584004,1.0301414928287043
2026-08-19T12:40:00+00:00,1.006309560428273,1.0339531288266752
2026-08-19T12:45:00+00:00,1.0062556336755766,1.0338977206929651
2026-08-19T12:50:00+00:00,1.0064307535271335,1.0340776511294403
2026-08-19T12:55:00+00:00,1.0072789374032098,1.0349491348229036
2026-08-19T13:00:00+00:00,1.0088528107429022,1.0365662428460642
2026-08-19T13:05:00+00:00,1.00782534262748,1.0355105499315913
2026-08-19T13:10:00+00:00,1.0079463445896155,1.035634875847059
2026-08-19T13:15:00+00:00,1.0109710305354493,1.0387426506515456
2026-08-19T13:20:00+00:00,1.0112123016083807,1.0389905494995368
2026-08-19T13:25:00+00:00,1.0110314049533524,1.0388046835693938
2026-08-19T13:30:00+00:00,1.010971095277562,1.0387427171721397
2026-08-19T13:35:00+00:00,1.0114234448309911,1.0392074928778305
2026-08-19T13:40:00+00:00,1.0107904205942233,1.0385570793113028
2026-08-19T13:45:00+00:00,1.0113635174332114,1.039145919259857
2026-08-19T13:50:00+00:00,1.0101877380447963,1.0379378409256472
2026-08-19T13:55:00+00:00,1.0104291868241142,1.0381859223616627
2026-08-19T14:00:00+00:00,1.011213619376136,1.038991903466693
2026-08-19T14:05:00+00:00,1.0112739255292993,1.0390538662445523
2026-08-19T14:10:00+00:00,1.0125701357868822,1.0403856837131995
2026-08-19T14:15:00+00:00,1.0128411269355981,1.0406641190546861
2026-08-19T14:20:00+00:00,1.0125701993230452,1.0403857489947161
2026-08-19T14:25:00+00:00,1.0133229760423361,1.0411592046735905
2026-08-19T14:30:00+00:00,1.0141654060699248,1.0420247764589485
2026-08-19T14:35:00+00:00,1.0142856533317304,1.0421483269422847
2026-08-19T14:40:00+00:00,1.0145862278346074,1.0424571582998672
2026-08-19T14:45:00+00:00,1.0146162789639195,1.042488034941011
2026-08-19T14:50:00+00:00,1.0134444246426375,1.0412839894964832
2026-08-19T14:55:00+00:00,1.014226566740838,1.0420876172283686
2026-08-19T15:00:00+00:00,1.014527159365108,1.042396467205143
2026-08-19T15:05:00+00:00,1.014166527640973,1.0420259288398264
2026-08-19T15:10:00+00:00,1.0138058089876743,1.0416553011573808
2026-08-19T15:15:00+00:00,1.0141065559002493,1.0419643096607976
2026-08-19T15:20:00+00:00,1.014286932580588,1.0421496413324198
2026-08-19T15:25:00+00:00,1.0136857347119794,1.0415319284121258
2026-08-19T15:30:00+00:00,1.0139865057837847,1.0418409617384328
2026-08-19T15:35:00+00:00,1.0141584902106937,1.0420176706193822
2026-08-19T15:40:00+00:00,1.0144013977015272,1.0422672508380733
2026-08-19T15:45:00+00:00,1.0147981995104172,1.042674952889171
2026-08-19T15:50:00+00:00,1.014768158119392,1.042644086253827
2026-08-19T15:55:00+00:00,1.0148282489073406,1.0427058277503372
2026-08-19T16:00:00+00:00,1.0151286717163717,1.0430145032470068
2026-08-19T16:05:00+00:00,1.0150686040424484,1.04295278549947
2026-08-19T16:10:00+00:00,1.0153689770738674,1.0432614098511246
2026-08-19T16:15:00+00:00,1.0155791681983066,1.0434773749768786
2026-08-19T16:20:00+00:00,1.0152489384889158,1.0431380737770461
2026-08-19T16:25:00+00:00,1.0151888814671228,1.0430763669742564
2026-08-19T16:30:00+00:00,1.0147684387875422,1.0426443746319998
2026-08-19T16:35:00+00:00,1.0151890557387213,1.0430765460331382
2026-08-19T16:40:00+00:00,1.01518905929276,1.0430765496848071
2026-08-19T16:45:00+00:00,1.0151890628459572,1.0430765533356114
2026-08-19T16:50:00+00:00,1.015128999595286,1.0430148401328345
2026-08-19T16:55:00+00:00,1.015128999595286,1.0430148401328345
2026-08-19T17:00:00+00:00,1.015068932790576,1.0429531232783886
2026-08-19T17:05:00+00:00,1.015339869701083,1.0432315028917294
2026-08-19T17:10:00+00:00,1.0150089807488882,1.0428915243395327
2026-08-19T17:15:00+00:00,1.0149489059386319,1.0428297992596258
2026-08-19T17:20:00+00:00,1.0145884410732577,1.042459432336721
2026-08-19T17:25:00+00:00,1.014588441963189,1.0424594332510988
2026-08-19T17:30:00+00:00,1.014378096059453,1.042243309094223
2026-08-19T17:35:00+00:00,1.0143780996211818,1.042243312753793
2026-08-19T17:40:00+00:00,1.0144983222107664,1.0423668378871562
2026-08-19T17:45:00+00:00,1.0144983231010405,1.0423668388018863
2026-08-19T17:50:00+00:00,1.0144682710149246,1.042335961177655
2026-08-19T17:55:00+00:00,1.0141977871045917,1.0420580470085132
2026-08-19T18:00:00+00:00,1.014227853444459,1.0420889392780501
2026-08-19T18:05:00+00:00,1.0153099565529162,1.043200768022106
2026-08-19T18:10:00+00:00,1.0145292260764471,1.0423985906895445
2026-08-19T18:15:00+00:00,1.0144691369839134,1.042336850935023
2026-08-19T18:20:00+00:00,1.0141084911654983,1.0419662980882531
2026-08-19T18:25:00+00:00,1.013686962460269,1.041533189886959
2026-08-19T18:30:00+00:00,1.0129657356690183,1.0407921508203224
2026-08-19T18:35:00+00:00,1.0135676560198492,1.041410606069601
2026-08-19T18:40:00+00:00,1.0140488786680304,1.0419050480209795
2026-08-19T18:45:00+00:00,1.014710362261645,1.0425847027298092
2026-08-19T18:50:00+00:00,1.014860591795321,1.042739059105317
2026-08-19T18:55:00+00:00,1.01516099838939,1.0430477179415953
2026-08-19T19:00:00+00:00,1.0152510943284934,1.0431402888380608
2026-08-19T19:05:00+00:00,1.0153712104037387,1.0432637045311102
2026-08-19T19:10:00+00:00,1.0163921064634065,1.0443126448538587
2026-08-19T19:15:00+00:00,1.0161821275726846,1.0440968977919336
2026-08-19T19:20:00+00:00,1.0163621483224574,1.044281863755491
2026-08-19T19:25:00+00:00,1.0163321565234558,1.0442510480744758
2026-08-19T19:30:00+00:00,1.016632136498817,1.0445592685727267
2026-08-19T19:35:00+00:00,1.0168720576495618,1.0448057804158406
2026-08-19T19:40:00+00:00,1.016512272748872,1.0444361121364152
2026-08-19T19:45:00+00:00,1.016572258130245,1.0444977453308053
2026-08-19T19:50:00+00:00,1.0170520783654102,1.0449907463445416
2026-08-19T19:55:00+00:00,1.017112031954416,1.0450523468732207
2026-08-19T20:00:00+00:00,1.0171719890418929,1.0451139509964744
2026-08-19T20:05:00+00:00,1.0168722566075925,1.0448059848392972
2026-08-19T20:10:00+00:00,1.0169825906653918,1.0449193498005018
2026-08-19T20:15:00+00:00,1.0164525649779905,1.0443747641785448
2026-08-19T20:20:00+00:00,1.0170524543576989,1.0449911326654302
2026-08-19T20:25:00+00:00,1.017771897263399,1.0457303388427461
2026-08-19T20:30:00+00:00,1.017951623887931,1.0459150026013704
2026-08-19T20:35:00+00:00,1.0182511271313959,1.046222733271784
2026-08-19T20:40:00+00:00,1.0180714709813345,1.046038141923581
2026-08-19T20:45:00+00:00,1.0181912863833567,1.0461612486838403
2026-08-19T20:50:00+00:00,1.018131399823753,1.0460997170258775
2026-08-19T20:55:00+00:00,1.0184308502354658,1.0464073934132379
2026-08-19T21:00:00+00:00,1.0183111052795297,1.0462843590342357
2026-08-19T21:05:00+00:00,1.0184314631133302,1.0464080231270063
2026-08-19T21:10:00+00:00,1.018136291966374,1.046104743556846
2026-08-19T21:15:00+00:00,1.0188915024256695,1.0468806998311548
2026-08-19T21:20:00+00:00,1.0188406337944222,1.0468284338262341
2026-08-19T21:25:00+00:00,1.0189100579809203,1.046899765112022
2026-08-19T21:30:00+00:00,1.0190895910582103,1.0470842300066145
2026-08-19T21:35:00+00:00,1.0190895910582103,1.0470842300066145
2026-08-19T21:40:00+00:00,1.0192092586945487,1.047207184942031
2026-08-19T21:45:00+00:00,1.019328912282092,1.0473301254427285
2026-08-19T21:50:00+00:00,1.0196280111413298,1.0476374406203819
2026-08-19T21:55:00+00:00,1.0196280111413298,1.0476374406203819
2026-08-19T22:00:00+00:00,1.0196280111413298,1.0476374406203819
2026-08-19T22:05:00+00:00,1.0178339442595563,1.0457940902849796
2026-08-19T22:10:00+00:00,1.0179537599092632,1.0459171972997277
2026-08-19T22:15:00+00:00,1.0181334622324199,1.046101836089412
2026-08-19T22:20:00+00:00,1.0180622090890443,1.0460286256048565
2026-08-19T22:25:00+00:00,1.0177801064767487,1.0457387735651829
2026-08-19T22:30:00+00:00,1.0177801064767487,1.0457387735651829
2026-08-19T22:35:00+00:00,1.0180053718492044,1.045970227032213
2026-08-19T22:40:00+00:00,1.0180053718492044,1.045970227032213
2026-08-19T22:45:00+00:00,1.0176387976248868,1.0455935829247884
2026-08-19T22:50:00+00:00,1.0177742153179998,1.04573272057487
2026-08-19T22:55:00+00:00,1.0177742153179998,1.04573272057487
2026-08-19T23:00:00+00:00,1.0177742153179998,1.04573272057487
2026-08-19T23:05:00+00:00,1.017953949403587,1.0459173919995066
2026-08-19T23:10:00+00:00,1.017953949403587,1.0459173919995066
2026-08-19T23:15:00+00:00,1.0177688559762799,1.0457272140107294
2026-08-19T23:20:00+00:00,1.0177688559762799,1.0457272140107294
2026-08-19T23:25:00+00:00,1.0175346013028217,1.0454865243044116
2026-08-19T23:30:00+00:00,1.0179534806346495,1.0459169103533723
2026-08-19T23:35:00+00:00,1.0175347738437956,1.045486701585128
2026-08-19T23:40:00+00:00,1.0176546248183356,1.0456098448950908
2026-08-19T23:45:00+00:00,1.0174149510960515,1.0453635872773577
2026-08-19T23:50:00+00:00,1.0174748836450087,1.0454251661880125
2026-08-19T23:55:00+00:00,1.0172351675692295,1.0451788650533234
2026-08-20T00:00:00+00:00,1.017025366562365,1.0449633007617685
2026-08-20T08:05:00+00:00,1.0150192205495787,1.0429020454300388
2026-08-20T08:10:00+00:00,1.0147789224386532,1.0426551462715563
2026-08-20T08:15:00+00:00,1.0147789224386532,1.0426551462715563
2026-08-20T08:20:00+00:00,1.0147789224386532,1.0426551462715563
2026-08-20T08:25:00+00:00,1.0147789224386532,1.0426551462715563
2026-08-20T08:30:00+00:00,1.0146588302786852,1.042531755150743
2026-08-20T08:35:00+00:00,1.0143583508809482,1.0422230215108617
2026-08-20T08:40:00+00:00,1.0150196014356292,1.0429024367791215
2026-08-20T08:45:00+00:00,1.0150196014356292,1.0429024367791215
2026-08-20T08:50:00+00:00,1.0150196014356292,1.0429024367791215
2026-08-20T08:55:00+00:00,1.0150196014356292,1.0429024367791215
2026-08-20T09:00:00+00:00,1.0145390050334342,1.0424086382768587
2026-08-20T09:05:00+00:00,1.0146592110766846,1.042532146409356
2026-08-20T09:10:00+00:00,1.0146592110766846,1.042532146409356
2026-08-20T09:15:00+00:00,1.0146592110766846,1.042532146409356
2026-08-20T09:20:00+00:00,1.0146598261985247,1.0425327784287428
2026-08-20T09:25:00+00:00,1.0147193877719722,1.042593976173101
2026-08-20T09:30:00+00:00,1.0147193877719722,1.042593976173101
2026-08-20T09:35:00+00:00,1.0142987413362026,1.0421617744774232
2026-08-20T09:40:00+00:00,1.0139981549382249,1.041852930897979
2026-08-20T09:45:00+00:00,1.014358965573359,1.0422236530890232
2026-08-20T09:50:00+00:00,1.0142988518501412,1.0421618880272068
2026-08-20T09:55:00+00:00,1.01363746188731,1.041482329521221
2026-08-20T10:00:00+00:00,1.013757774939166,1.0416059476018762
2026-08-20T10:05:00+00:00,1.013757774939166,1.0416059476018762
2026-08-20T10:10:00+00:00,1.013757774939166,1.0416059476018762
2026-08-20T10:15:00+00:00,1.013757774939166,1.0416059476018762
2026-08-20T10:20:00+00:00,1.013757774939166,1.0416059476018762
2026-08-20T10:25:00+00:00,1.013757774939166,1.0416059476018762
2026-08-20T10:30:00+00:00,1.0148404639120452,1.0427183783041922
2026-08-20T10:35:00+00:00,1.0150808050521072,1.042965321673832
2026-08-20T10:40:00+00:00,1.0147804497422919,1.042656715530598
2026-08-20T10:45:00+00:00,1.0147804497422919,1.042656715530598
2026-08-20T10:50:00+00:00,1.0146602720481017,1.0425332365259163
2026-08-20T10:55:00+00:00,1.0145400801182216,1.0424097428944872
2026-08-20T11:00:00+00:00,1.0145400801182216,1.0424097428944872
2026-08-20T11:05:00+00:00,1.0145400801182216,1.0424097428944872
2026-08-20T11:10:00+00:00,1.0142906523141642,1.0421534632479819
2026-08-20T11:15:00+00:00,1.0139389627798527,1.0417921127166185
2026-08-20T11:20:00+00:00,1.0136382691372727,1.0414831589465365
2026-08-20T11:25:00+00:00,1.0137585822849446,1.0416067771256399
2026-08-20T11:30:00+00:00,1.0145404180049766,1.0424100900630737
2026-08-20T11:35:00+00:00,1.0145404180049766,1.0424100900630737
2026-08-20T11:40:00+00:00,1.0135787683196638,1.0414220236269949
2026-08-20T11:45:00+00:00,1.0132779674031396,1.0411129596361273
2026-08-20T11:50:00+00:00,1.0119028990128818,1.0397001177827192
2026-08-20T11:55:00+00:00,1.0122554441915221,1.0400623474631696
2026-08-20T12:00:00+00:00,1.011980152155105,1.0397794930875504
2026-08-20T12:05:00+00:00,1.010869646071445,1.038638481131654
2026-08-20T12:10:00+00:00,1.0106947133841548,1.0384587430008936
2026-08-20T12:15:00+00:00,1.0117143251758116,1.039506363776476
2026-08-20T12:20:00+00:00,1.0117806458912249,1.0395745063380732
2026-08-20T12:25:00+00:00,1.0116631245214835,1.0394537566277195
2026-08-20T12:30:00+00:00,1.01111161402719,1.038887096005999
2026-08-20T12:35:00+00:00,1.0103879268407219,1.0381435289564898
2026-08-20T12:40:00+00:00,1.0110952345998052,1.0388702666317597
2026-08-20T12:45:00+00:00,1.0118358205600235,1.0396311966684444
2026-08-20T12:50:00+00:00,1.0120997777306042,1.0399024048067056
2026-08-20T12:55:00+00:00,1.0127396166020148,1.0405598202075474
2026-08-20T13:00:00+00:00,1.0127396166020148,1.0405598202075474
2026-08-20T13:05:00+00:00,1.01328151057047,1.0411166001351257
2026-08-20T13:10:00+00:00,1.012739941982513,1.0405601545263268
2026-08-20T13:15:00+00:00,1.0126797315222287,1.040498290070053
2026-08-20T13:20:00+00:00,1.012739945562633,1.0405601582047936
2026-08-20T13:25:00+00:00,1.012739945562633,1.0405601582047936
2026-08-20T13:30:00+00:00,1.0124991037206441,1.0403127003788235
2026-08-20T13:35:00+00:00,1.0129206414092855,1.0407458178103064
2026-08-20T13:40:00+00:00,1.0138236373454046,1.0416736192644342
2026-08-20T13:45:00+00:00,1.0141243681348402,1.041982611201805
2026-08-20T13:50:00+00:00,1.0136734947802613,1.0415193522465058
2026-08-20T13:55:00+00:00,1.0140043388751208,1.0418592847091253
2026-08-20T14:00:00+00:00,1.013553353140886,1.0413959102870738
2026-08-20T14:05:00+00:00,1.0138240707491406,1.0416740645738762
2026-08-20T14:10:00+00:00,1.0139744486984463,1.041828573442027
2026-08-20T14:15:00+00:00,1.0140045191150742,1.0418594699003139
2026-08-20T14:20:00+00:00,1.01370384169866,1.0415505328021344
2026-08-20T14:25:00+00:00,1.0146662949070138,1.0425394248342275
2026-08-20T14:30:00+00:00,1.0147564394432502,1.0426320456628009
2026-08-20T14:35:00+00:00,1.0151169755595668,1.043002485793929
2026-08-20T14:40:00+00:00,1.015297190723469,1.043187651512219
2026-08-20T14:45:00+00:00,1.0156575446509661,1.0435579044497565
2026-08-20T14:50:00+00:00,1.016648166480294,1.0445757389016936
2026-08-20T14:55:00+00:00,1.0168820855274487,1.044816083761972
2026-08-20T15:00:00+00:00,1.017544699863252,1.0454969002747534
2026-08-20T15:05:00+00:00,1.0197051715432754,1.0477167206373372
2026-08-20T15:10:00+00:00,1.0185689764776336,1.0465493140168756
2026-08-20T15:15:00+00:00,1.0197065107449572,1.047718096627215
2026-08-20T15:20:00+00:00,1.0201849408615102,1.0482096693354426
2026-08-20T15:25:00+00:00,1.0187505999208173,1.0467359267002214
2026-08-20T15:30:00+00:00,1.0192899384716478,1.0472900810122314
2026-08-20T15:35:00+00:00,1.0184520501807306,1.046429175726156
2026-08-20T15:40:00+00:00,1.017853312937826,1.0458139910255526
2026-08-20T15:45:00+00:00,1.0169864302163303,1.0449232948248381
2026-08-20T15:50:00+00:00,1.017973946069165,1.0459379379783524
2026-08-20T15:55:00+00:00,1.017914044106939,1.0458763904946535
2026-08-20T16:00:00+00:00,1.0182135715445881,1.0461841460238714
2026-08-20T16:05:00+00:00,1.0179740200632226,1.0459380140050445
2026-08-20T16:10:00+00:00,1.018033922029803,1.0459995614932172
2026-08-20T16:15:00+00:00,1.0170754702897702,1.0450147808507533
2026-08-20T16:20:00+00:00,1.0170754738244319,1.045014784482513
2026-08-20T16:25:00+00:00,1.0170454981252328,1.0449839853435658
2026-08-20T16:30:00+00:00,1.0167756929762872,1.0447067685815516
2026-08-20T16:35:00+00:00,1.0167457066694283,1.0446759585435494
2026-08-20T16:40:00+00:00,1.016595776019372,1.0445219092620672
2026-08-20T16:45:00+00:00,1.0167457287855466,1.0446759812672028
2026-08-20T16:50:00+00:00,1.0170755790528272,1.0450148926015579
2026-08-20T16:55:00+00:00,1.016896349049754,1.0448307391067047
2026-08-20T17:00:00+00:00,1.016835790992075,1.044768517504451
2026-08-20T17:05:00+00:00,1.0169857101659328,1.0449225549944807
2026-08-20T17:10:00+00:00,1.0168358148566734,1.0447685420246156
2026-08-20T17:15:00+00:00,1.0167158766151603,1.0446453090504342
2026-08-20T17:20:00+00:00,1.016625910604864,1.0445528716519519
2026-08-20T17:25:00+00:00,1.016925809985517,1.0448610093415382
2026-08-20T17:30:00+00:00,1.0171356779255238,1.0450766424049052
2026-08-20T17:35:00+00:00,1.017675225628155,1.0456310116141665
2026-08-20T17:40:00+00:00,1.017555391508933,1.0455078856225415
2026-08-20T17:45:00+00:00,1.0176752493237626,1.0456310359606986
2026-08-20T17:50:00+00:00,1.017795088613603,1.0457541672649804
2026-08-20T17:55:00+00:00,1.017735183075721,1.0456926161074016
2026-08-20T18:00:00+00:00,1.0178550126666612,1.0458157374463521
2026-08-20T18:05:00+00:00,1.0180946383490996,1.0460619457045734
2026-08-20T18:10:00+00:00,1.0174956719470922,1.0454465255498113
2026-08-20T18:15:00+00:00,1.0168592127624958,1.0447925826766025
2026-08-20T18:20:00+00:00,1.0174360987515925,1.0453853158641406
2026-08-20T18:25:00+00:00,1.017496032546288,1.0454468960547547
2026-08-20T18:30:00+00:00,1.0177950704841379,1.0457541486374948
2026-08-20T18:35:00+00:00,1.0178555890450607,1.0458163296580065
2026-08-20T18:40:00+00:00,1.0180652867604427,1.0460317878206367
2026-08-20T18:45:00+00:00,1.018005389997087,1.0459702456786222
2026-08-20T18:50:00+00:00,1.0181251905725501,1.0460933372050336
2026-08-20T18:55:00+00:00,1.0184246567736717,1.0464010298155417
2026-08-20T19:00:00+00:00,1.0182450439512867,1.046216482985237
2026-08-20T19:05:00+00:00,1.0180953231876457,1.046062649355801
2026-08-20T19:10:00+00:00,1.0186343386135055,1.0466164716665187
2026-08-20T19:15:00+00:00,1.0188508463011208,1.0468389268729759
2026-08-20T19:20:00+00:00,1.0186337915096342,1.046615909533571
2026-08-20T19:25:00+00:00,1.018784048463398,1.046770294082403
2026-08-20T19:30:00+00:00,1.0183351394472724,1.0463090534264123
2026-08-20T19:35:00+00:00,1.0184848417787211,1.0464628681173194
2026-08-20T19:40:00+00:00,1.0190536639954166,1.0470473160186673
2026-08-20T19:45:00+00:00,1.0186646928875087,1.0466476597798122
2026-08-20T19:50:00+00:00,1.0190238622223866,1.0470166955836833
2026-08-20T19:55:00+00:00,1.0192632242195028,1.0472626329130823
2026-08-20T20:00:00+00:00,1.0189341699665173,1.0469245394597286
2026-08-20T20:05:00+00:00,1.0187821616972987,1.0467683554863803
2026-08-20T20:10:00+00:00,1.0187827602443582,1.046768970475673
2026-08-20T20:15:00+00:00,1.0187827602443582,1.046768970475673
2026-08-20T20:20:00+00:00,1.018275791182763,1.0462480748506413
2026-08-20T20:25:00+00:00,1.018036253240824,1.0460019567431724
2026-08-20T20:30:00+00:00,1.018036253240824,1.0460019567431724
2026-08-20T20:35:00+00:00,1.018036253240824,1.0460019567431724
2026-08-20T20:40:00+00:00,1.018036253240824,1.0460019567431724
2026-08-20T20:45:00+00:00,1.0177367708945826,1.045694247544034
2026-08-20T20:50:00+00:00,1.0179165195294986,1.0458789339176728
2026-08-20T20:55:00+00:00,1.0179165195294986,1.0458789339176728
2026-08-20T21:00:00+00:00,1.0181561420623446,1.0461251389397817
2026-08-20T21:05:00+00:00,1.0185753828267232,1.0465558963499333
2026-08-20T21:10:00+00:00,1.0185753828267232,1.0465558963499333
2026-08-20T21:15:00+00:00,1.0185753828267232,1.0465558963499333
2026-08-20T21:20:00+00:00,1.0185753828267232,1.0465558963499333
2026-08-20T21:25:00+00:00,1.0171128345369351,1.0450531715028764
2026-08-20T21:30:00+00:00,1.0181578171722674,1.0461268600653812
2026-08-20T21:35:00+00:00,1.0181578171722674,1.0461268600653812
2026-08-20T21:40:00+00:00,1.0181578171722674,1.0461268600653812
2026-08-20T21:45:00+00:00,1.0181578171722674,1.0461268600653812
2026-08-20T21:50:00+00:00,1.0181578171722674,1.0461268600653812
2026-08-20T21:55:00+00:00,1.0181578171722674,1.0461268600653812
2026-08-20T22:00:00+00:00,1.0181578171722674,1.0461268600653812
2026-08-20T22:05:00+00:00,1.0181578171722674,1.0461268600653812
2026-08-20T22:10:00+00:00,1.0181578171722674,1.0461268600653812
2026-08-20T22:15:00+00:00,1.0181578171722674,1.0461268600653812
2026-08-20T22:20:00+00:00,1.0181578171722674,1.0461268600653812
2026-08-20T22:25:00+00:00,1.0181578171722674,1.0461268600653812
2026-08-20T22:30:00+00:00,1.0181578171722674,1.0461268600653812
2026-08-20T22:35:00+00:00,1.0181578171722674,1.0461268600653812
2026-08-20T22:40:00+00:00,1.0181578171722674,1.0461268600653812
2026-08-20T22:45:00+00:00,1.0181578171722674,1.0461268600653812
2026-08-20T22:50:00+00:00,1.0186369502627015,1.0466191550583532
2026-08-20T22:55:00+00:00,1.0186369502627015,1.0466191550583532
2026-08-20T23:00:00+00:00,1.0186369502627015,1.0466191550583532
2026-08-20T23:05:00+00:00,1.0188766752911749,1.046865465391669
2026-08-20T23:10:00+00:00,1.0188766752911749,1.046865465391669
2026-08-20T23:15:00+00:00,1.0191160730062339,1.0471114394201912
2026-08-20T23:20:00+00:00,1.0195349206172628,1.0475417928769752
2026-08-20T23:25:00+00:00,1.0195349206172628,1.0475417928769752
2026-08-20T23:30:00+00:00,1.018817191000496,1.0468043470530561
2026-08-20T23:35:00+00:00,1.018278514304514,1.0462508727772086
2026-08-20T23:40:00+00:00,1.0181587450132528,1.0461278133943839
2026-08-20T23:45:00+00:00,1.0186378785403178,1.0466201088359814
2026-08-20T23:50:00+00:00,1.0186378785403178,1.0466201088359814
2026-08-20T23:55:00+00:00,1.0186378785403178,1.0466201088359814
2026-08-21T00:00:00+00:00,1.0194771652738122,1.0474824509801919
2026-08-21T08:05:00+00:00,1.023151994219741,1.0512582283711263
2026-08-21T08:10:00+00:00,1.022769359104432,1.050865082176128
2026-08-21T08:15:00+00:00,1.0232463414335002,1.0513551673257964
2026-08-21T08:20:00+00:00,1.0239614815672917,1.052089952533013
2026-08-21T08:25:00+00:00,1.024616569173273,1.0527630355548732
2026-08-21T08:30:00+00:00,1.0247355999085392,1.05288533609339
2026-08-21T08:35:00+00:00,1.024914125274377,1.0530687655944517
2026-08-21T08:40:00+00:00,1.0247951290912498,1.0529465005572296
2026-08-21T08:45:00+00:00,1.0247951290912498,1.0529465005572296
2026-08-21T08:50:00+00:00,1.0248546340923583,1.0530076401751927
2026-08-21T08:55:00+00:00,1.0250331387313665,1.0531910483800535
2026-08-21T09:00:00+00:00,1.0250331387313665,1.0531910483800535
2026-08-21T09:05:00+00:00,1.0252116122900545,1.0533744246508103
2026-08-21T09:10:00+00:00,1.0265796714152966,1.0547800646929877
2026-08-21T09:15:00+00:00,1.0270548847801457,1.0552683322845595
2026-08-21T09:20:00+00:00,1.0264611427956503,1.0546582800633288
2026-08-21T09:25:00+00:00,1.0254511972332283,1.0536205910506493
2026-08-21T09:30:00+00:00,1.0256295986245354,1.0538038931715699
2026-08-21T09:35:00+00:00,1.0250944875296009,1.0532540824446976
2026-08-21T09:40:00+00:00,1.0250944875296009,1.0532540824446976
2026-08-21T09:45:00+00:00,1.0250944875296009,1.0532540824446976
2026-08-21T09:50:00+00:00,1.0249755118462758,1.053131838470412
2026-08-21T09:55:00+00:00,1.0251539960891094,1.0533152257188105
2026-08-21T10:00:00+00:00,1.0252134804802018,1.0533763441605952
2026-08-21T10:05:00+00:00,1.0255644180257362,1.0537369220458672
2026-08-21T10:10:00+00:00,1.0250352187469627,1.053193185534184
2026-08-21T10:15:00+00:00,1.0246187795983133,1.0527653067008271
2026-08-21T10:20:00+00:00,1.0247973260863938,1.0529487579043646
2026-08-21T10:25:00+00:00,1.0253923773731701,1.0535601553947282
2026-08-21T10:30:00+00:00,1.025630259840952,1.0538045725517622
2026-08-21T10:35:00+00:00,1.025511346187637,1.0536823923114664
2026-08-21T10:40:00+00:00,1.025511346187637,1.0536823923114664
2026-08-21T10:45:00+00:00,1.026284374571056,1.0544766559726082
2026-08-21T10:50:00+00:00,1.0262249556054137,1.054415604753527
2026-08-21T10:55:00+00:00,1.0259872659804907,1.0541713857367918
2026-08-21T11:00:00+00:00,1.0258683901853902,1.0540492443946847
2026-08-21T11:05:00+00:00,1.0264628208205655,1.0546600041839966
2026-08-21T11:10:00+00:00,1.0262251861821072,1.054415841664218
2026-08-21T11:15:00+00:00,1.025928074084197,1.054110567824709
2026-08-21T11:20:00+00:00,1.0265819100526166,1.0547823648262193
2026-08-21T11:25:00+00:00,1.0270571244537519,1.0552706334825444
2026-08-21T11:30:00+00:00,1.0269977501258265,1.0552096281273888
2026-08-21T11:35:00+00:00,1.026285216996692,1.0544775215398814
2026-08-21T11:40:00+00:00,1.0273547592561838,1.0555764443853954
2026-08-21T11:45:00+00:00,1.0273547592561838,1.0555764443853954
2026-08-21T11:50:00+00:00,1.0268205442785259,1.0550275543923595
2026-08-21T11:55:00+00:00,1.0268757754678184,1.0550843027958563
2026-08-21T12:00:00+00:00,1.0266423927202373,1.0548445089674314
2026-08-21T12:05:00+00:00,1.0265236562476339,1.0547225107750442
2026-08-21T12:10:00+00:00,1.0262266297267288,1.0544173248633617
2026-08-21T12:15:00+00:00,1.0259889397140534,1.0541731054482226
2026-08-21T12:20:00+00:00,1.0255136639997133,1.0536847737944042
2026-08-21T12:25:00+00:00,1.0251568808625222,1.053318189737651
2026-08-21T12:30:00+00:00,1.0254543036549275,1.0536237828065083
2026-08-21T12:35:00+00:00,1.0244433593750542,1.0525850676413662
2026-08-21T12:40:00+00:00,1.0233123643821358,1.0514230039408905
2026-08-21T12:45:00+00:00,1.0242062431071377,1.0523414377318943
2026-08-21T12:50:00+00:00,1.0247421026692796,1.05289201748655
2026-08-21T12:55:00+00:00,1.0244445585047415,1.0525862997114377
2026-08-21T13:00:00+00:00,1.0245040846266766,1.0526474610304215
2026-08-21T13:05:00+00:00,1.0248016979443115,1.052953249858283
2026-08-21T13:10:00+00:00,1.0250992248569653,1.0532589499075973
2026-08-21T13:15:00+00:00,1.025456153556428,1.053625683525253
2026-08-21T13:20:00+00:00,1.024980414213558,1.0531368755069161
2026-08-21T13:25:00+00:00,1.025158899310066,1.0533202636324397
2026-08-21T13:30:00+00:00,1.0250994146344647,1.0532591448983308
2026-08-21T13:35:00+00:00,1.0241477642104666,1.0522813524057075
2026-08-21T13:40:00+00:00,1.0256958504159495,1.0538719649158095
2026-08-21T13:45:00+00:00,1.025695853862543,1.0538719684570816
2026-08-21T13:50:00+00:00,1.0259931087594785,1.05417738901834
2026-08-21T13:55:00+00:00,1.0249231929620335,1.053078082373694
2026-08-21T14:00:00+00:00,1.025042194515703,1.0532003529289888
2026-08-21T14:05:00+00:00,1.0256670578450438,1.0538423814059776
2026-08-21T14:10:00+00:00,1.025667061291141,1.05384238494674
2026-08-21T14:15:00+00:00,1.0259274764397386,1.0541099537628125
2026-08-21T14:20:00+00:00,1.0259346092907846,1.0541172825550118
2026-08-21T14:25:00+00:00,1.0267964879716596,1.0550028372528928
2026-08-21T14:30:00+00:00,1.0273012785768467,1.055521494578789
2026-08-21T14:35:00+00:00,1.0261439278880193,1.0543323511850269
2026-08-21T14:40:00+00:00,1.0250437340255443,1.05320193472954
2026-08-21T14:45:00+00:00,1.0251335666977817,1.0532942351271348
2026-08-21T14:50:00+00:00,1.0261739595827037,1.0543632078576697
2026-08-21T14:55:00+00:00,1.025966552913472,1.0541501036767849
2026-08-21T15:00:00+00:00,1.0260557260406806,1.0542417264114883
2026-08-21T15:05:00+00:00,1.026293446155844,1.054485976756038
2026-08-21T15:10:00+00:00,1.0264657561436792,1.0546630201411513
2026-08-21T15:15:00+00:00,1.0264847709650347,1.0546825573042746
2026-08-21T15:20:00+00:00,1.0266796276851615,1.0548827667859002
2026-08-21T15:25:00+00:00,1.0273032392890304,1.0555235091522137
2026-08-21T15:30:00+00:00,1.0274813157378397,1.055706477404387
2026-08-21T15:35:00+00:00,1.027748438985283,1.055980938592412
2026-08-21T15:40:00+00:00,1.0278077812359314,1.0560419109891204
2026-08-21T15:45:00+00:00,1.0280747751177972,1.0563162392578644
2026-08-21T15:50:00+00:00,1.0279484494572748,1.0561864434007202
2026-08-21T15:55:00+00:00,1.0286383808493287,1.0568953273759318
2026-08-21T16:00:00+00:00,1.0286976640933256,1.0569562391450613
2026-08-21T16:05:00+00:00,1.0289644357004637,1.0572303390331366
2026-08-21T16:10:00+00:00,1.0281353386435028,1.0563784664783524
2026-08-21T16:15:00+00:00,1.0286685256355494,1.0569263002467624
2026-08-21T16:20:00+00:00,1.0287278071999735,1.0569872102901807
2026-08-21T16:25:00+00:00,1.0285499633595365,1.0568044810361887
2026-08-21T16:30:00+00:00,1.0286086597543114,1.056864789835205
2026-08-21T16:35:00+00:00,1.0287574791296061,1.0570176973149377
2026-08-21T16:40:00+00:00,1.0292316733900473,1.0575049178070555
2026-08-21T16:45:00+00:00,1.0294686674037503,1.057748422103961
2026-08-21T16:50:00+00:00,1.0297352310151962,1.0580223082826519
2026-08-21T16:55:00+00:00,1.0300313361540894,1.0583265475017347
2026-08-21T17:00:00+00:00,1.030268744227315,1.0585704772324787
2026-08-21T17:05:00+00:00,1.0300882134989071,1.0583849872810493
2026-08-21T17:10:00+00:00,1.0304457576049504,1.0587523532106542
2026-08-21T17:15:00+00:00,1.0296764775637925,1.057961940859647
2026-08-21T17:20:00+00:00,1.029617252941065,1.0579010893221275
2026-08-21T17:25:00+00:00,1.029143406147099,1.0574142258414732
2026-08-21T17:30:00+00:00,1.0296174618298521,1.0579013039491403
2026-08-21T17:35:00+00:00,1.0293805400885152,1.05765787390994
2026-08-21T17:40:00+00:00,1.0295878855057397,1.05787091515621
2026-08-21T17:45:00+00:00,1.0292034854955612,1.057475955584251
2026-08-21T17:50:00+00:00,1.0291436412627768,1.0574144674158357
2026-08-21T17:55:00+00:00,1.0292621481740036,1.0575362297407391
2026-08-21T18:00:00+00:00,1.029351018977682,1.0576275418470114
2026-08-21T18:05:00+00:00,1.029913828114332,1.058205811487542
2026-08-21T18:10:00+00:00,1.0299138289653074,1.0582058123618938
2026-08-21T18:15:00+00:00,1.0297367842331944,1.0580239041679256
2026-08-21T18:20:00+00:00,1.029943472642513,1.0582362703581227
2026-08-21T18:25:00+00:00,1.0299434734934152,1.0582362712323994
2026-08-21T18:30:00+00:00,1.0298256514870299,1.0581152126268398
2026-08-21T18:35:00+00:00,1.0294993714530483,1.0577799696009609
2026-08-21T18:40:00+00:00,1.0292393393805437,1.0575127943841747
2026-08-21T18:45:00+00:00,1.0293216951146489,1.0575974124503278
2026-08-21T18:50:00+00:00,1.0298252515853823,1.0581148017397966
2026-08-21T18:55:00+00:00,1.0298252515853823,1.0581148017397966
2026-08-21T19:00:00+00:00,1.0297660347458428,1.058053958199271
2026-08-21T19:05:00+00:00,1.0294699377780052,1.0577497273757046
2026-08-21T19:10:00+00:00,1.0294391365720208,1.0577180800530999
2026-08-21T19:15:00+00:00,1.0296180416746985,1.0579018997224647
2026-08-21T19:20:00+00:00,1.029559405216155,1.0578416525061425
2026-08-21T19:25:00+00:00,1.029558221441942,1.0578404362133642
2026-08-21T19:30:00+00:00,1.029114566906981,1.0573845943804137
2026-08-21T19:35:00+00:00,1.02893679620964,1.057201940278776
2026-08-21T19:40:00+00:00,1.0290256952109906,1.0572932813573175
2026-08-21T19:45:00+00:00,1.029025698623522,1.0572932848635919
2026-08-21T19:50:00+00:00,1.0296182881011475,1.0579021529183084
2026-08-21T19:55:00+00:00,1.029558467860505,1.0578406894011048
2026-08-21T20:00:00+00:00,1.028848264545507,1.0571109766282947
2026-08-21T20:05:00+00:00,1.0289075368271376,1.057171877133919
2026-08-21T20:10:00+00:00,1.0287890093336163,1.0570500936613199
2026-08-21T20:15:00+00:00,1.029001216331393,1.0572681300369426
2026-08-21T20:20:00+00:00,1.029001216331393,1.0572681300369426
2026-08-21T20:25:00+00:00,1.0284844388204788,1.056737156522103
2026-08-21T20:30:00+00:00,1.0283148600716563,1.0565629194038022
2026-08-21T20:35:00+00:00,1.0283148600716563,1.0565629194038022
2026-08-21T20:40:00+00:00,1.0278997045244926,1.056136359432776
2026-08-21T20:45:00+00:00,1.0280183585363276,1.0562582728991772
2026-08-21T20:50:00+00:00,1.0275438280661335,1.0557707069615425
2026-08-21T20:55:00+00:00,1.0277218639224621,1.0559536335061497
2026-08-21T21:00:00+00:00,1.027187828311879,1.0554049278074455
2026-08-21T21:05:00+00:00,1.027187828311879,1.0554049278074455
2026-08-21T21:10:00+00:00,1.0287314003576602,1.056990902152781
2026-08-21T21:15:00+00:00,1.0287314003576602,1.056990902152781
2026-08-21T21:20:00+00:00,1.0286128419388108,1.0568690869053277
2026-08-21T21:25:00+00:00,1.0286128419388108,1.0568690869053277
2026-08-21T21:30:00+00:00,1.0283829697146794,1.0566329000352854
2026-08-21T21:35:00+00:00,1.0280153139555483,1.0562551446830228
2026-08-21T21:40:00+00:00,1.0280153139555483,1.0562551446830228
2026-08-21T21:45:00+00:00,1.0280153139555483,1.0562551446830228
2026-08-21T21:50:00+00:00,1.0285539443786056,1.0568085714148172
2026-08-21T21:55:00+00:00,1.0285539443786056,1.0568085714148172
2026-08-21T22:00:00+00:00,1.0281982074829248,1.0564430623400831
2026-08-21T22:05:00+00:00,1.028138897480186,1.0563821230771424
2026-08-21T22:10:00+00:00,1.028138897480186,1.0563821230771424
2026-08-21T22:15:00+00:00,1.028138897480186,1.0563821230771424
2026-08-21T22:20:00+00:00,1.029788403811034,1.0580769417481228
2026-08-21T22:25:00+00:00,1.0300365296132061,1.0583318836264344
2026-08-21T22:30:00+00:00,1.0287932391705186,1.0570544396928698
2026-08-21T22:35:00+00:00,1.029850129205919,1.0581403627546193
2026-08-21T22:40:00+00:00,1.0297624907521299,1.0580503168511877
2026-08-21T22:45:00+00:00,1.029268001986565,1.0575422443589537
2026-08-21T22:50:00+00:00,1.029268001986565,1.0575422443589537
2026-08-21T22:55:00+00:00,1.0289125099296965,1.0571769868488137
2026-08-21T23:00:00+00:00,1.0292088556986856,1.0574814733081594
2026-08-21T23:05:00+00:00,1.0289125952336027,1.0571770744960387
2026-08-21T23:10:00+00:00,1.029801632614277,1.0580905339498083
2026-08-21T23:15:00+00:00,1.0293871063676812,1.0576646205663898
2026-08-21T23:20:00+00:00,1.02837999421251,1.0566298427953476
2026-08-21T23:25:00+00:00,1.0289136938981238,1.0571782033411417
2026-08-21T23:30:00+00:00,1.0289136938981238,1.0571782033411417
2026-08-21T23:35:00+00:00,1.0292100400081174,1.0574826901508596
2026-08-21T23:40:00+00:00,1.0292100400081174,1.0574826901508596
2026-08-21T23:45:00+00:00,1.028913779202128,1.0571782909884675
2026-08-21T23:50:00+00:00,1.028913779202128,1.0571782909884675
2026-08-21T23:55:00+00:00,1.0290915868828654,1.0573609830894446
2026-08-22T00:00:00+00:00,1.028790530198492,1.0570516563047228
2026-08-24T08:05:00+00:00,1.0314077759358695,1.0597407984191214
2026-08-24T08:10:00+00:00,1.0315851563146707,1.0599230514800742
2026-08-24T08:15:00+00:00,1.0312895731753255,1.059619348599994
2026-08-24T08:20:00+00:00,1.03069823741089,1.0590117686982738
2026-08-24T08:25:00+00:00,1.03069823741089,1.0590117686982738
2026-08-24T08:30:00+00:00,1.0310532425443266,1.0593765259090768
2026-08-24T08:35:00+00:00,1.0306984139399589,1.0590119500766388
2026-08-24T08:40:00+00:00,1.0306984139399589,1.0590119500766388
2026-08-24T08:45:00+00:00,1.0306984139399589,1.0590119500766388
2026-08-24T08:50:00+00:00,1.0320001775665868,1.0603494734667296
2026-08-24T08:55:00+00:00,1.0320001775665868,1.0603494734667296
2026-08-24T09:00:00+00:00,1.0312319685475555,1.0595601615590873
2026-08-24T09:05:00+00:00,1.03164589402897,1.0599854576741587
2026-08-24T09:10:00+00:00,1.03164589402897,1.0599854576741587
2026-08-24T09:15:00+00:00,1.0317050073623428,1.0600461948651783
2026-08-24T09:20:00+00:00,1.0317050073623428,1.0600461948651783
2026-08-24T09:25:00+00:00,1.0312321955997799,1.0595603948484917
2026-08-24T09:30:00+00:00,1.0312321955997799,1.0595603948484917
2026-08-24T09:35:00+00:00,1.0311730653133349,1.0594996402386954
2026-08-24T09:40:00+00:00,1.0309365034722442,1.059256579986289
2026-08-24T09:45:00+00:00,1.0312322736419346,1.0595604750344836
2026-08-24T09:50:00+00:00,1.0319419185142653,1.0602896140240705
2026-08-24T09:55:00+00:00,1.0321192078142047,1.0604717735042029
2026-08-24T10:00:00+00:00,1.0321192078142047,1.0604717735042029
2026-08-24T10:05:00+00:00,1.0321192078142047,1.0604717735042029
2026-08-24T10:10:00+00:00,1.0322964666660162,1.0606539016997898
2026-08-24T10:15:00+00:00,1.032525091326998,1.0608888067358193
2026-08-24T10:20:00+00:00,1.0324146434012893,1.0607753247787262
2026-08-24T10:25:00+00:00,1.0321193438485525,1.0604719132754474
2026-08-24T10:30:00+00:00,1.0321193438485525,1.0604719132754474
2026-08-24T10:35:00+00:00,1.0320011983378596,1.0603505222788385
2026-08-24T10:40:00+00:00,1.0324739022219849,1.0608362114536407
2026-08-24T10:45:00+00:00,1.0324739022219849,1.0608362114536407
2026-08-24T10:50:00+00:00,1.0318241760821427,1.0601686371786985
2026-08-24T10:55:00+00:00,1.0321196922283458,1.0604722712253185
2026-08-24T11:00:00+00:00,1.0318242606700025,1.0601687240902071
2026-08-24T11:05:00+00:00,1.0320204834071673,1.0603703371136908
2026-08-24T11:10:00+00:00,1.0317061139743176,1.0600473318760537
2026-08-24T11:15:00+00:00,1.031942554014188,1.0602902669813308
2026-08-24T11:20:00+00:00,1.031942554014188,1.0602902669813308
2026-08-24T11:25:00+00:00,1.0315288787262429,1.059865227932604
2026-08-24T11:30:00+00:00,1.0318244592967667,1.0601689281732964
2026-08-24T11:35:00+00:00,1.0324745949968621,1.0608369232592116
2026-08-24T11:40:00+00:00,1.0342465765672226,1.0626575815943244
2026-08-24T11:45:00+00:00,1.0334210661868384,1.061809394242995
2026-08-24T11:50:00+00:00,1.0327719323512938,1.0611424285430935
2026-08-24T11:55:00+00:00,1.0325947845069798,1.060960414404407
2026-08-24T12:00:00+00:00,1.0334806757085129,1.061870641252729
2026-08-24T12:05:00+00:00,1.0330676138876862,1.0614462325232117
2026-08-24T12:10:00+00:00,1.033244711192924,1.0616281947345012
2026-08-24T12:15:00+00:00,1.0336578674238361,1.0620527004675722
2026-08-24T12:20:00+00:00,1.0336578674238361,1.0620527004675722
2026-08-24T12:25:00+00:00,1.0334222670609186,1.061810628105378
2026-08-24T12:30:00+00:00,1.0338943649444547,1.0622956946326076
2026-08-24T12:35:00+00:00,1.032183791200537,1.0605381310118667
2026-08-24T12:40:00+00:00,1.0337790380444072,1.062177199674564
2026-08-24T12:45:00+00:00,1.033369042363375,1.0617559413124469
2026-08-24T12:50:00+00:00,1.0336021539799467,1.0619954565618277
2026-08-24T12:55:00+00:00,1.0343100636966143,1.062722812730603
2026-08-24T13:00:00+00:00,1.0339562921550467,1.0623593229987376
2026-08-24T13:05:00+00:00,1.0345991970942645,1.0630198886930151
2026-08-24T13:10:00+00:00,1.035135600921425,1.063571027663782
2026-08-24T13:15:00+00:00,1.0356658354352721,1.0641158278486982
2026-08-24T13:20:00+00:00,1.035194757047537,1.0636318088230676
2026-08-24T13:25:00+00:00,1.0350180222267344,1.0634502190537487
2026-08-24T13:30:00+00:00,1.0351948207817592,1.0636318743080841
2026-08-24T13:35:00+00:00,1.035960671719055,1.0644187633569122
2026-08-24T13:40:00+00:00,1.0345773117117565,1.0629974021137265
2026-08-24T13:45:00+00:00,1.0336931079811613,1.0620889090915793
2026-08-24T13:50:00+00:00,1.0352861812352816,1.063725744455487
2026-08-24T13:55:00+00:00,1.034461536965777,1.0628784470073138
2026-08-24T14:00:00+00:00,1.0343141727336946,1.0627270346439313
2026-08-24T14:05:00+00:00,1.034137279537026,1.062545282148123
2026-08-24T14:10:00+00:00,1.0348745032267643,1.0633027575519396
2026-08-24T14:15:00+00:00,1.0344325714830471,1.0628486858357276
2026-08-24T14:20:00+00:00,1.0343441382870353,1.0627578233583108
2026-08-24T14:25:00+00:00,1.0345210256838104,1.0629395698949011
2026-08-24T14:30:00+00:00,1.0350810715276149,1.0635150003342597
2026-08-24T14:35:00+00:00,1.0355818540452133,1.0640295394694264
2026-08-24T14:40:00+00:00,1.0354640780941362,1.0639085281843255
2026-08-24T14:45:00+00:00,1.035051827515323,1.063484952981837
2026-08-24T14:50:00+00:00,1.0344161399642466,1.0628318029391088
2026-08-24T14:55:00+00:00,1.0345517541331015,1.0629711424621688
2026-08-24T15:00:00+00:00,1.0349343014531582,1.0633641984501578
2026-08-24T15:05:00+00:00,1.035523588727469,1.0639696735892312
2026-08-24T15:10:00+00:00,1.0353174564504262,1.0637578788083988
2026-08-24T15:15:00+00:00,1.0351990536518105,1.063636223456105
2026-08-24T15:20:00+00:00,1.0352579655371201,1.0636967536652338
2026-08-24T15:25:00+00:00,1.03490451434093,1.0633335930787113
2026-08-24T15:30:00+00:00,1.035494390214589,1.0639396729861008
2026-08-24T15:35:00+00:00,1.035082136779981,1.063516094849368
2026-08-24T15:40:00+00:00,1.0348465025766145,1.0632739877171196
2026-08-24T15:45:00+00:00,1.0338150106873574,1.062214160494766
2026-08-24T15:50:00+00:00,1.0323696552405368,1.0607291007822548
2026-08-24T15:55:00+00:00,1.0330195050443582,1.0613968021182556
2026-08-24T16:00:00+00:00,1.0325471899601986,1.0609115124238488
2026-08-24T16:05:00+00:00,1.0336991553163195,1.0620951225485051
2026-08-24T16:10:00+00:00,1.03310914774864,1.061488907329429
2026-08-24T16:15:00+00:00,1.0334928335279994,1.0618831330504745
2026-08-24T16:20:00+00:00,1.0335813478165852,1.0619740788480978
2026-08-24T16:25:00+00:00,1.0332863347158234,1.0616709616656994
2026-08-24T16:30:00+00:00,1.0336109435749115,1.0620044876091042
2026-08-24T16:35:00+00:00,1.0337584455080575,1.0621560414562319
2026-08-24T16:40:00+00:00,1.0336994513945146,1.0620954267600404
2026-08-24T16:45:00+00:00,1.0336404536517263,1.0620348083349072
2026-08-24T16:50:00+00:00,1.033374957073892,1.0617620185015006
2026-08-24T16:55:00+00:00,1.0328432364709863,1.0612156914042983
2026-08-24T17:00:00+00:00,1.0320466550636613,1.0603972277119544
2026-08-24T17:05:00+00:00,1.0322239378224702,1.0605793804712698
2026-08-24T17:10:00+00:00,1.032844318814827,1.0612168034803873
2026-08-24T17:15:00+00:00,1.0327852713027459,1.0611561339187865
2026-08-24T17:20:00+00:00,1.0324610865606387,1.0608230437429595
2026-08-24T17:25:00+00:00,1.0311313453939606,1.0594567742629883
2026-08-24T17:30:00+00:00,1.0312496393383277,1.059578317770781
2026-08-24T17:35:00+00:00,1.0312496427292717,1.059578321254875
2026-08-24T17:40:00+00:00,1.0316340808790982,1.0599733200141874
2026-08-24T17:45:00+00:00,1.0313385480747064,1.059669668851774
2026-08-24T17:50:00+00:00,1.0307767846318585,1.0590924736305085
2026-08-24T17:55:00+00:00,1.0308359524174806,1.0591532667695935
2026-08-24T18:00:00+00:00,1.0310820656843571,1.0594061408277755
2026-08-24T18:05:00+00:00,1.0315162140559275,1.0598522153607146
2026-08-24T18:10:00+00:00,1.0306293468652352,1.0589409857125736
2026-08-24T18:15:00+00:00,1.0305997769783612,1.0589106035337146
2026-08-24T18:20:00+00:00,1.0301855615130637,1.058485009468832
2026-08-24T18:25:00+00:00,1.0310736048827776,1.0593974476059185
2026-08-24T18:30:00+00:00,1.0315473829676278,1.0598842404900009
2026-08-24T18:35:00+00:00,1.0306600278496691,1.0589725095111127
2026-08-24T18:40:00+00:00,1.0303647682836556,1.0586691390930023
2026-08-24T18:45:00+00:00,1.031015195441325,1.0593374336429016
2026-08-24T18:50:00+00:00,1.0308081557924196,1.0591247065644807
2026-08-24T18:55:00+00:00,1.030867319435638,1.0591854954473692
2026-08-24T19:00:00+00:00,1.0311926923116645,1.0595198063954436
2026-08-24T19:05:00+00:00,1.031458848106081,1.0597932735542719
2026-08-24T19:10:00+00:00,1.0313417779702685,1.0596729874733526
2026-08-24T19:15:00+00:00,1.0311927743284592,1.0595198906652594
2026-08-24T19:20:00+00:00,1.0318433140188739,1.0601883008392061
2026-08-24T19:25:00+00:00,1.0318433140188739,1.0601883008392061
2026-08-24T19:30:00+00:00,1.0317221544679491,1.0600638130059468
2026-08-24T19:35:00+00:00,1.031636443229423,1.05997574725885
2026-08-24T19:40:00+00:00,1.0321093599604336,1.0604616551274932
2026-08-24T19:45:00+00:00,1.0326411779560225,1.0610080822927799
2026-08-24T19:50:00+00:00,1.0332028108732763,1.0615851434028816
2026-08-24T19:55:00+00:00,1.032966121637019,1.0613419522557321
2026-08-24T20:00:00+00:00,1.0329070814731987,1.0612812902442506
2026-08-24T20:05:00+00:00,1.0329661249784847,1.0613419556889885
2026-08-24T20:10:00+00:00,1.0330842052396847,1.0614632796436851
2026-08-24T20:15:00+00:00,1.0330842052396847,1.0614632796436851
2026-08-24T20:20:00+00:00,1.0330842052396847,1.0614632796436851
2026-08-24T20:25:00+00:00,1.0330842052396847,1.0614632796436851
2026-08-24T20:30:00+00:00,1.0330842052396847,1.0614632796436851
2026-08-24T20:35:00+00:00,1.0330842052396847,1.0614632796436851
2026-08-24T20:40:00+00:00,1.0330842052396847,1.0614632796436851
2026-08-24T20:45:00+00:00,1.0324921004066243,1.0608549095468378
2026-08-24T20:50:00+00:00,1.0327596750787824,1.0611298345603246
2026-08-24T20:55:00+00:00,1.0327596750787824,1.0611298345603246
2026-08-24T21:00:00+00:00,1.0328482530142056,1.0612208457531795
2026-08-24T21:05:00+00:00,1.0328482530142056,1.0612208457531795
2026-08-24T21:10:00+00:00,1.0328482530142056,1.0612208457531795
2026-08-24T21:15:00+00:00,1.0328482530142056,1.0612208457531795
2026-08-24T21:20:00+00:00,1.0328482530142056,1.0612208457531795
2026-08-24T21:25:00+00:00,1.0328482530142056,1.0612208457531795
2026-08-24T21:30:00+00:00,1.033084440586356,1.061463521455387
2026-08-24T21:35:00+00:00,1.0341635710762942,1.06257229592237
2026-08-24T21:40:00+00:00,1.034077472159872,1.0624838318477712
2026-08-24T21:45:00+00:00,1.034077472159872,1.0624838318477712
2026-08-24T21:50:00+00:00,1.034077472159872,1.0624838318477712
2026-08-24T21:55:00+00:00,1.034077472159872,1.0624838318477712
2026-08-24T22:00:00+00:00,1.033085429561704,1.0614645375981284
2026-08-24T22:05:00+00:00,1.033085429561704,1.0614645375981284
2026-08-24T22:10:00+00:00,1.0340689268906469,1.062475051837922
2026-08-24T22:15:00+00:00,1.0340689268906469,1.062475051837922
2026-08-24T22:20:00+00:00,1.0321798820475534,1.0605341144735
2026-08-24T22:25:00+00:00,1.0336788810668334,1.0620742913604542
2026-08-24T22:30:00+00:00,1.0334428813222976,1.0618318086455316
2026-08-24T22:35:00+00:00,1.0334428813222976,1.0618318086455316
2026-08-24T22:40:00+00:00,1.0334428813222976,1.0618318086455316
2026-08-24T22:45:00+00:00,1.0337969617978535,1.0621956157978771
2026-08-24T22:50:00+00:00,1.0337969617978535,1.0621956157978771
2026-08-24T22:55:00+00:00,1.0343868153670133,1.062801672788057
2026-08-24T23:00:00+00:00,1.0345637277117654,1.0629834449579512
2026-08-24T23:05:00+00:00,1.0345637277117654,1.0629834449579512
2026-08-24T23:10:00+00:00,1.0347995257123836,1.0632257203870015
2026-08-24T23:15:00+00:00,1.0348584617828762,1.063286275445686
2026-08-24T23:20:00+00:00,1.0348584617828762,1.063286275445686
2026-08-24T23:25:00+00:00,1.035153125353999,1.063589033496781
2026-08-24T23:30:00+00:00,1.035025918806287,1.063458332554262
2026-08-24T23:35:00+00:00,1.035025918806287,1.063458332554262
2026-08-24T23:40:00+00:00,1.035447808854304,1.063891812024518
2026-08-24T23:45:00+00:00,1.035447808854304,1.063891812024518
2026-08-24T23:50:00+00:00,1.035447808854304,1.063891812024518
2026-08-24T23:55:00+00:00,1.035860069707776,1.0643153977839126
2026-08-25T00:00:00+00:00,1.0360374918751531,1.0644976937813835
2026-08-25T08:05:00+00:00,1.0299706274004794,1.058264171063894
2026-08-25T08:10:00+00:00,1.0301482697991342,1.0584466933424495
2026-08-25T08:15:00+00:00,1.0301482697991342,1.0584466933424495
2026-08-25T08:20:00+00:00,1.0301482697991342,1.0584466933424495
2026-08-25T08:25:00+00:00,1.0319243875056845,1.0602716014344191
2026-08-25T08:30:00+00:00,1.0319243875056845,1.0602716014344191
2026-08-25T08:35:00+00:00,1.0319243875056845,1.0602716014344191
2026-08-25T08:40:00+00:00,1.0304468325407565,1.058753457675206
2026-08-25T08:45:00+00:00,1.0305652066743052,1.0588750835749963
2026-08-25T08:50:00+00:00,1.0305652066743052,1.0588750835749963
2026-08-25T08:55:00+00:00,1.0301509447903774,1.0584494418163524
2026-08-25T09:00:00+00:00,1.0303285570222378,1.058631933099424
2026-08-25T09:05:00+00:00,1.0299141999097963,1.058206193496316
2026-08-25T09:10:00+00:00,1.0304471591898785,1.0587537932974584
2026-08-25T09:15:00+00:00,1.0304471591898785,1.0587537932974584
2026-08-25T09:20:00+00:00,1.0305063462754152,1.0588146062666313
2026-08-25T09:25:00+00:00,1.0305063490289037,1.0588146090957589
2026-08-25T09:30:00+00:00,1.0301512469100103,1.0584497522352847
2026-08-25T09:35:00+00:00,1.0311766618293483,1.0595033355518775
2026-08-25T09:40:00+00:00,1.0305662825413286,1.058876188996348
2026-08-25T09:45:00+00:00,1.0313356268432143,1.059666667373341
2026-08-25T09:50:00+00:00,1.0313356268432143,1.059666667373341
2026-08-25T09:55:00+00:00,1.0313356268432143,1.059666667373341
2026-08-25T10:00:00+00:00,1.0315721717117563,1.0599097101869588
2026-08-25T10:05:00+00:00,1.0308035771317328,1.05912000212687
2026-08-25T10:10:00+00:00,1.0308035771317328,1.05912000212687
2026-08-25T10:15:00+00:00,1.0312863780265438,1.0596160656796973
2026-08-25T10:20:00+00:00,1.031158637591884,1.059484816184226
2026-08-25T10:25:00+00:00,1.031158637591884,1.059484816184226
2026-08-25T10:30:00+00:00,1.031158637591884,1.059484816184226
2026-08-25T10:35:00+00:00,1.031149765629303,1.0594757005066748
2026-08-25T10:40:00+00:00,1.0312177845943231,1.059545587969209
2026-08-25T10:45:00+00:00,1.031631785769602,1.059970961857474
2026-08-25T10:50:00+00:00,1.0314544278694697,1.0597887318926846
2026-08-25T10:55:00+00:00,1.0313952984021533,1.0597279781245184
2026-08-25T11:00:00+00:00,1.0315726969742898,1.0599102498785817
2026-08-25T11:05:00+00:00,1.0314544515940773,1.059788756269013
2026-08-25T11:10:00+00:00,1.0311588042506945,1.0594849874211945
2026-08-25T11:15:00+00:00,1.0311588042506945,1.0594849874211945
2026-08-25T11:20:00+00:00,1.0319277077986617,1.0602750129366514
2026-08-25T11:25:00+00:00,1.0316321958548478,1.0599713832078608
2026-08-25T11:30:00+00:00,1.0316321958548478,1.0599713832078608
2026-08-25T11:35:00+00:00,1.0318337927481354,1.060178518016843
2026-08-25T11:40:00+00:00,1.0318337927481354,1.060178518016843
2026-08-25T11:45:00+00:00,1.0318337927481354,1.060178518016843
2026-08-25T11:50:00+00:00,1.0322192133079662,1.0605745261732016
2026-08-25T11:55:00+00:00,1.0318097492854597,1.0601538140743993
2026-08-25T12:00:00+00:00,1.0321052951577343,1.0604574786636738
2026-08-25T12:05:00+00:00,1.031218911359076,1.0595467456864636
2026-08-25T12:10:00+00:00,1.0311597750526555,1.0594859848913214
2026-08-25T12:15:00+00:00,1.0313372145000088,1.0596682986434536
2026-08-25T12:20:00+00:00,1.0309232603428127,1.0592429730648696
2026-08-25T12:25:00+00:00,1.030864100279669,1.0591821878604013
2026-08-25T12:30:00+00:00,1.0311599175719899,1.0594861313256965
2026-08-25T12:35:00+00:00,1.0309824781001122,1.0593038175483662
2026-08-25T12:40:00+00:00,1.0307458412259134,1.0590606802016738
2026-08-25T12:45:00+00:00,1.0313967140303615,1.0597294326403774
2026-08-25T12:50:00+00:00,1.0315149799074432,1.0598509473098696
2026-08-25T12:55:00+00:00,1.0316332322265889,1.0599724480489858
2026-08-25T13:00:00+00:00,1.0316290938697834,1.0599681960105123
2026-08-25T13:05:00+00:00,1.0306873183217076,1.0590005496590544
2026-08-25T13:10:00+00:00,1.030628144632517,1.0589397504542284
2026-08-25T13:15:00+00:00,1.0298588425034274,1.0581493154085289
2026-08-25T13:20:00+00:00,1.0300957278036007,1.0583927080055175
2026-08-25T13:25:00+00:00,1.0286747427784664,1.0569326881761043
2026-08-25T13:30:00+00:00,1.0283190051152578,1.0565671783127581
2026-08-25T13:35:00+00:00,1.0294466583639614,1.0577258084704926
2026-08-25T13:40:00+00:00,1.0287943873674712,1.0570556194310714
2026-08-25T13:45:00+00:00,1.0284387142435718,1.056690175879945
2026-08-25T13:50:00+00:00,1.0277870592370117,1.0560206197518471
2026-08-25T13:55:00+00:00,1.027905144407065,1.0561419487502446
2026-08-25T14:00:00+00:00,1.0289137970263376,1.0571783093023122
2026-08-25T14:05:00+00:00,1.0291805836868384,1.0574524246572699
2026-08-25T14:10:00+00:00,1.029565775840932,1.0578481981335301
2026-08-25T14:15:00+00:00,1.0296244348558483,1.0579084685258544
2026-08-25T14:20:00+00:00,1.0292696164283341,1.057543903149831
2026-08-25T14:25:00+00:00,1.029980683520858,1.0582745034283456
2026-08-25T14:30:00+00:00,1.0297438246767692,1.0580311380141965
2026-08-25T14:35:00+00:00,1.0304901240071975,1.0587979383687607
2026-08-25T14:40:00+00:00,1.0312537237241586,1.0595825143556838
2026-08-25T14:45:00+00:00,1.0312537237241586,1.0595825143556838
2026-08-25T14:50:00+00:00,1.0312241545727732,1.0595521329325175
2026-08-25T14:55:00+00:00,1.0309875979694663,1.0593090780617782
2026-08-25T15:00:00+00:00,1.0310692345821124,1.059392957252031
2026-08-25T15:05:00+00:00,1.030603132481105,1.058914051212935
2026-08-25T15:10:00+00:00,1.0308102491624285,1.0591268574398733
2026-08-25T15:15:00+00:00,1.0308398382699213,1.0591572593673462
2026-08-25T15:20:00+00:00,1.0314610756172113,1.0597955622556752
2026-08-25T15:25:00+00:00,1.0316384583838196,1.0599778177700283
2026-08-25T15:30:00+00:00,1.0316981718211198,1.0600391715499755
2026-08-25T15:35:00+00:00,1.0325838491176973,1.060949178617321
2026-08-25T15:40:00+00:00,1.0332342016497185,1.0616173964915876
2026-08-25T15:45:00+00:00,1.0333817693833656,1.061769017946772
2026-08-25T15:50:00+00:00,1.0328801142651534,1.0612535822404405
2026-08-25T15:55:00+00:00,1.0327561163529067,1.0611261780753833
2026-08-25T16:00:00+00:00,1.0329687160709713,1.061344617959416
2026-08-25T16:05:00+00:00,1.032496397214359,1.0608593243889264
2026-08-25T16:10:00+00:00,1.0321419638464921,1.0604951546502324
2026-08-25T16:15:00+00:00,1.032112423437135,1.060464802758645
2026-08-25T16:20:00+00:00,1.0319055943025253,1.0602522919773985
2026-08-25T16:25:00+00:00,1.0315805195119494,1.0599182873032547
2026-08-25T16:30:00+00:00,1.0316396451913534,1.0599790371794535
2026-08-25T16:35:00+00:00,1.03137360631437,1.0597056901498083
2026-08-25T16:40:00+00:00,1.0320832475557402,1.0604348254086915
2026-08-25T16:45:00+00:00,1.0319650562689664,1.0603133873785213
2026-08-25T16:50:00+00:00,1.0321423732382382,1.0604955752880694
2026-08-25T16:55:00+00:00,1.0320537367488665,1.0604045039327747
2026-08-25T17:00:00+00:00,1.0319059915014315,1.0602527000874553
2026-08-25T17:05:00+00:00,1.0316695809974832,1.0600097953294594
2026-08-25T17:10:00+00:00,1.03116112944099,1.059487376485034
2026-08-25T17:15:00+00:00,1.0313740832527332,1.0597061801897845
2026-08-25T17:20:00+00:00,1.031847177914984,1.0601922708774822
2026-08-25T17:25:00+00:00,1.031462988203663,1.0597975273813414
2026-08-25T17:30:00+00:00,1.0312560231796375,1.059584876977764
2026-08-25T17:35:00+00:00,1.0314038726580674,1.0597367879173292
2026-08-25T17:40:00+00:00,1.0318178061008267,1.0601620922124457
2026-08-25T17:45:00+00:00,1.0319301123778608,1.060277483570227
2026-08-25T17:50:00+00:00,1.03217421474238,1.0605282914860747
2026-08-25T17:55:00+00:00,1.0321133552201711,1.0604657601379874
2026-08-25T18:00:00+00:00,1.0324383651511062,1.0607996981707801
2026-08-25T18:05:00+00:00,1.0320549994375792,1.0604058013078532
2026-08-25T18:10:00+00:00,1.0322907827879029,1.060648061684162
2026-08-25T18:15:00+00:00,1.0323498653647567,1.0607087672737732
2026-08-25T18:20:00+00:00,1.0325271088688546,1.0608908797000411
2026-08-25T18:25:00+00:00,1.0325566434143743,1.0609212255667102
2026-08-25T18:30:00+00:00,1.0326747756144106,1.061042602887016
2026-08-25T18:35:00+00:00,1.0323499341167761,1.0607088379144274
2026-08-25T18:40:00+00:00,1.032438551225907,1.0607998893571016
2026-08-25T18:45:00+00:00,1.0325891902546664,1.060954666476622
2026-08-25T18:50:00+00:00,1.032777019129009,1.06114765505583
2026-08-25T18:55:00+00:00,1.0327929652174155,1.0611640391871637
2026-08-25T19:00:00+00:00,1.0332063422404885,1.0615887717776098
2026-08-25T19:05:00+00:00,1.0331768271190167,1.061558445868572
2026-08-25T19:10:00+00:00,1.0337376473129456,1.0621346719296412
2026-08-25T19:15:00+00:00,1.034062156991051,1.0624680959675377
2026-08-25T19:20:00+00:00,1.0344974282569706,1.0629153242410065
2026-08-25T19:25:00+00:00,1.0341802353286793,1.0625894179458215
2026-08-25T19:30:00+00:00,1.0339148576125152,1.062316750239244
2026-08-25T19:35:00+00:00,1.033708383087414,1.0621046038087159
2026-08-25T19:40:00+00:00,1.0337378838974338,1.0621349150131625
2026-08-25T19:45:00+00:00,1.0340328761377637,1.0624380107620879
2026-08-25T19:50:00+00:00,1.0343248516939225,1.062738006957794
2026-08-25T19:55:00+00:00,1.034357284762049,1.062771330970191
2026-08-25T20:00:00+00:00,1.0346521078394526,1.0630742529092432
2026-08-25T20:05:00+00:00,1.034574886197402,1.0629949099699023
2026-08-25T20:10:00+00:00,1.0345931613851704,1.063013687181524
2026-08-25T20:15:00+00:00,1.0345931613851704,1.063013687181524
2026-08-25T20:20:00+00:00,1.0345931613851704,1.063013687181524
2026-08-25T20:25:00+00:00,1.0345342102078836,1.0629531166010577
2026-08-25T20:30:00+00:00,1.034019537102395,1.062424305300173
2026-08-25T20:35:00+00:00,1.0342059262117573,1.0626158145637066
2026-08-25T20:40:00+00:00,1.0342059262117573,1.0626158145637066
2026-08-25T20:45:00+00:00,1.0342059262117573,1.0626158145637066
2026-08-25T20:50:00+00:00,1.0342059262117573,1.0626158145637066
2026-08-25T20:55:00+00:00,1.0342059262117573,1.0626158145637066
2026-08-25T21:00:00+00:00,1.0337087815713848,1.062105013239138
2026-08-25T21:05:00+00:00,1.0340037897853036,1.0624081254004507
2026-08-25T21:10:00+00:00,1.034180744227366,1.0625899408240789
2026-08-25T21:15:00+00:00,1.034180744227366,1.0625899408240789
2026-08-25T21:20:00+00:00,1.0336499717194938,1.062044587866311
2026-08-25T21:25:00+00:00,1.033779782767432,1.0621779648553111
2026-08-25T21:30:00+00:00,1.033779782767432,1.0621779648553111
2026-08-25T21:35:00+00:00,1.0337681433888017,1.0621660057401188
2026-08-25T21:40:00+00:00,1.0341811314611522,1.0625903386952713
2026-08-25T21:45:00+00:00,1.0339293092992374,1.0623315989173157
2026-08-25T21:50:00+00:00,1.033042702938774,1.0614206372644732
2026-08-25T21:55:00+00:00,1.033042702938774,1.0614206372644732
2026-08-25T22:00:00+00:00,1.0335917729227335,1.061984790334447
2026-08-25T22:05:00+00:00,1.0335917729227335,1.061984790334447
2026-08-25T22:10:00+00:00,1.0327001554479183,1.0610686799107227
2026-08-25T22:15:00+00:00,1.0341831376713764,1.0625924000165778
2026-08-25T22:20:00+00:00,1.034301132604694,1.0627136362994147
2026-08-25T22:25:00+00:00,1.03447803701734,1.0628954003193063
2026-08-25T22:30:00+00:00,1.03447803701734,1.0628954003193063
2026-08-25T22:35:00+00:00,1.0345959531277946,1.0630165556139968
2026-08-25T22:40:00+00:00,1.0345959531277946,1.0630165556139968
2026-08-25T22:45:00+00:00,1.0347863659442393,1.0632121991168249
2026-08-25T22:50:00+00:00,1.0350085715938753,1.0634405088097052
2026-08-25T22:55:00+00:00,1.0355018672091125,1.0639473553754815
2026-08-25T23:00:00+00:00,1.0355018672091125,1.0639473553754815
2026-08-25T23:05:00+00:00,1.0355018672091125,1.0639473553754815
2026-08-25T23:10:00+00:00,1.0355018672091125,1.0639473553754815
2026-08-25T23:15:00+00:00,1.0345376776717998,1.0629566793170506
2026-08-25T23:20:00+00:00,1.0343018587345598,1.0627143823762444
2026-08-25T23:25:00+00:00,1.0341840836387775,1.0625933719699332
2026-08-25T23:30:00+00:00,1.0341840836387775,1.0625933719699332
2026-08-25T23:35:00+00:00,1.0336533094170195,1.0620480172511986
2026-08-25T23:40:00+00:00,1.0348186623603342,1.063245382723325
2026-08-25T23:45:00+00:00,1.0334188649386593,1.061807132525992
2026-08-25T23:50:00+00:00,1.0334188649386593,1.061807132525992
2026-08-25T23:55:00+00:00,1.0331869211271683,1.0615688171615814
2026-08-26T00:00:00+00:00,1.0331237566148355,1.0615039175047305
2026-08-26T08:05:00+00:00,1.0300607242858246,1.0583567429325937
2026-08-26T08:10:00+00:00,1.0300607242858246,1.0583567429325937
2026-08-26T08:15:00+00:00,1.0304752118157166,1.0587826165357512
2026-08-26T08:20:00+00:00,1.029764947453753,1.0580528410390007
2026-08-26T08:25:00+00:00,1.0297057179042617,1.0579919844393781
2026-08-26T08:30:00+00:00,1.0300611156439894,1.0583571450414626
2026-08-26T08:35:00+00:00,1.0301203281707565,1.0584179841507428
2026-08-26T08:40:00+00:00,1.0301203281707565,1.0584179841507428
2026-08-26T08:45:00+00:00,1.0301203281707565,1.0584179841507428
2026-08-26T08:50:00+00:00,1.0301203281707565,1.0584179841507428
2026-08-26T08:55:00+00:00,1.0301795372941138,1.0584788197631207
2026-08-26T09:00:00+00:00,1.0301203315735796,1.0584179876470423
2026-08-26T09:05:00+00:00,1.0301795406971326,1.0584788232596212
2026-08-26T09:10:00+00:00,1.029883512093484,1.0581746626782247
2026-08-26T09:15:00+00:00,1.029883512093484,1.0581746626782247
2026-08-26T09:20:00+00:00,1.0295873983752282,1.0578704146441023
2026-08-26T09:25:00+00:00,1.0295873983752282,1.0578704146441023
2026-08-26T09:30:00+00:00,1.028995000562584,1.0572617435194507
2026-08-26T09:35:00+00:00,1.0294691918070829,1.0577489609127775
2026-08-26T09:40:00+00:00,1.029368472560647,1.057645474884143
2026-08-26T09:45:00+00:00,1.0294099492498467,1.057688090948084
2026-08-26T09:50:00+00:00,1.0294099492498467,1.057688090948084
2026-08-26T09:55:00+00:00,1.0297654494049922,1.0580533567789627
2026-08-26T10:00:00+00:00,1.0297654494049922,1.0580533567789627
2026-08-26T10:05:00+00:00,1.0297654494049922,1.0580533567789627
2026-08-26T10:10:00+00:00,1.0297654494049922,1.0580533567789627
2026-08-26T10:15:00+00:00,1.0293508423564568,1.0576273603739557
2026-08-26T10:20:00+00:00,1.0293508423564568,1.0576273603739557
2026-08-26T10:25:00+00:00,1.0293508423564568,1.0576273603739557
2026-08-26T10:30:00+00:00,1.0288175613536241,1.0570794300122608
2026-08-26T10:35:00+00:00,1.0288175613536241,1.0570794300122608
2026-08-26T10:40:00+00:00,1.0288175613536241,1.0570794300122608
2026-08-26T10:45:00+00:00,1.0288175613536241,1.0570794300122608
2026-08-26T10:50:00+00:00,1.0288175613536241,1.0570794300122608
2026-08-26T10:55:00+00:00,1.0298253923172642,1.0581149463376156
2026-08-26T11:00:00+00:00,1.0294108088259932,1.0576889741369966
2026-08-26T11:05:00+00:00,1.0294700589013255,1.0577498518263102
2026-08-26T11:10:00+00:00,1.029114578908611,1.0573846067117294
2026-08-26T11:15:00+00:00,1.0290553136822322,1.0573237134551667
2026-08-26T11:20:00+00:00,1.0297031408092077,1.057989336550897
2026-08-26T11:25:00+00:00,1.0292097275417893,1.0574823691010056
2026-08-26T11:30:00+00:00,1.0292097275417893,1.0574823691010056
2026-08-26T11:35:00+00:00,1.0296423379229132,1.0579268633945265
2026-08-26T11:40:00+00:00,1.029292840759573,1.057567765459098
2026-08-26T11:45:00+00:00,1.029292840759573,1.057567765459098
2026-08-26T11:50:00+00:00,1.029292840759573,1.057567765459098
2026-08-26T11:55:00+00:00,1.029292840759573,1.057567765459098
2026-08-26T12:00:00+00:00,1.0294706115438148,1.0577504196500238
2026-08-26T12:05:00+00:00,1.0302408186081604,1.058541784489771
2026-08-26T12:10:00+00:00,1.0302408186081604,1.058541784489771
2026-08-26T12:15:00+00:00,1.0301164934892617,1.0584140441296155
2026-08-26T12:20:00+00:00,1.0298855761132368,1.058176783397103
2026-08-26T12:25:00+00:00,1.030240913287284,1.058541881769753
2026-08-26T12:30:00+00:00,1.030240913287284,1.058541881769753
2026-08-26T12:35:00+00:00,1.029589686414157,1.0578727655360174
2026-08-26T12:40:00+00:00,1.0297816237319923,1.0580699754186602
2026-08-26T12:45:00+00:00,1.029112337461961,1.057382303691995
2026-08-26T12:50:00+00:00,1.0295349141536971,1.05781648866824
2026-08-26T12:55:00+00:00,1.0284051482056205,1.0566556877747668
2026-08-26T13:00:00+00:00,1.028879614248622,1.0571431875153783
2026-08-26T13:05:00+00:00,1.028464647822041,1.056716821860123
2026-08-26T13:10:00+00:00,1.0287018672079993,1.0569605577203147
2026-08-26T13:15:00+00:00,1.028168246642877,1.0564122784684713
2026-08-26T13:20:00+00:00,1.0284648564532402,1.056717036222472
2026-08-26T13:25:00+00:00,1.0284055515947204,1.0566561022450633
2026-08-26T13:30:00+00:00,1.0282276609817,1.0564733249336338
2026-08-26T13:35:00+00:00,1.028909788322673,1.057174190478583
2026-08-26T13:40:00+00:00,1.028613412606412,1.0568696732493061
2026-08-26T13:45:00+00:00,1.029502851937067,1.0577835456947202
2026-08-26T13:50:00+00:00,1.0299474344369492,1.0582403409840138
2026-08-26T13:55:00+00:00,1.029799390522403,1.0580882302671248
2026-08-26T14:00:00+00:00,1.0306576060379415,1.0589700211716264
2026-08-26T14:05:00+00:00,1.0297705156394859,1.0580585621841507
2026-08-26T14:10:00+00:00,1.0296520831477503,1.0579368763230599
2026-08-26T14:15:00+00:00,1.029297279214874,1.0575723258398455
2026-08-26T14:20:00+00:00,1.0296522064660627,1.0579370030289565
2026-08-26T14:25:00+00:00,1.0294152673594597,1.0576935551474624
2026-08-26T14:30:00+00:00,1.0289709035101728,1.0572369845151492
2026-08-26T14:35:00+00:00,1.0291783759486313,1.0574501562719576
2026-08-26T14:40:00+00:00,1.0290462130624478,1.0573143628391435
2026-08-26T14:45:00+00:00,1.0295340120293974,1.0578155617623666
2026-08-26T14:50:00+00:00,1.0284973133683668,1.0567503847369522
2026-08-26T14:55:00+00:00,1.0279932638030784,1.0562324888075012
2026-08-26T15:00:00+00:00,1.0274592575955577,1.055683813319569
2026-08-26T15:05:00+00:00,1.0268655941505025,1.055073841795276
2026-08-26T15:10:00+00:00,1.026865625083169,1.0550738735776704
2026-08-26T15:15:00+00:00,1.0258558653817529,1.054036375531644
2026-08-26T15:20:00+00:00,1.0260342294295275,1.054219639283196
2026-08-26T15:25:00+00:00,1.0261531209287098,1.0543417967607798
2026-08-26T15:30:00+00:00,1.026539473760385,1.054738762798717
2026-08-26T15:35:00+00:00,1.026866256105291,1.0550745219341238
2026-08-26T15:40:00+00:00,1.0270741392276572,1.0552881156564269
2026-08-26T15:45:00+00:00,1.0275788568544686,1.0558066979992138
2026-08-26T15:50:00+00:00,1.027994340859821,1.0562335954512552
2026-08-26T15:55:00+00:00,1.0270449468763037,1.055258121384081
2026-08-26T16:00:00+00:00,1.0266886956871812,1.0548920838881393
2026-08-26T16:05:00+00:00,1.0268966236142096,1.0551057236458992
2026-08-26T16:10:00+00:00,1.0271045472471165,1.0553193589915772
2026-08-26T16:15:00+00:00,1.0271045481055139,1.0553193598735553
2026-08-26T16:20:00+00:00,1.0269857905335316,1.0551973400021841
2026-08-26T16:25:00+00:00,1.026688869992659,1.0548922629818314
2026-08-26T16:30:00+00:00,1.0265700540141853,1.0547701830995282
2026-08-26T16:35:00+00:00,1.026510652041333,1.0547091493400327
2026-08-26T16:40:00+00:00,1.025679276507401,1.0538549357179607
2026-08-26T16:45:00+00:00,1.0257084151066618,1.053884874761631
2026-08-26T16:50:00+00:00,1.0264284790343763,1.054624719020587
2026-08-26T16:55:00+00:00,1.0260060213504674,1.054190656321343
2026-08-26T17:00:00+00:00,1.0261249552992442,1.054312857414622
2026-08-26T17:05:00+00:00,1.0263329926153335,1.0545266095663872
2026-08-26T17:10:00+00:00,1.0264518542410057,1.0546487363498285
2026-08-26T17:15:00+00:00,1.0265112786026567,1.0547097931131482
2026-08-26T17:20:00+00:00,1.0265409894932003,1.0547403201690817
2026-08-26T17:25:00+00:00,1.0267328962615452,1.0549374986630322
2026-08-26T17:30:00+00:00,1.0268677487640878,1.055076055596621
2026-08-26T17:35:00+00:00,1.0272835216244494,1.0555032498385888
2026-08-26T17:40:00+00:00,1.0267491438619147,1.054954192588936
2026-08-26T17:45:00+00:00,1.0267788719313338,1.0549847372956531
2026-08-26T17:50:00+00:00,1.02680857337397,1.0550152546441431
2026-08-26T17:55:00+00:00,1.0268382842642256,1.0550457816997811
2026-08-26T18:00:00+00:00,1.0268085851836992,1.0550152667782888
2026-08-26T18:05:00+00:00,1.0274026149028945,1.0556256146383616
2026-08-26T18:10:00+00:00,1.0274162719183004,1.0556396468153029
2026-08-26T18:15:00+00:00,1.0271057761764746,1.0553206216799245
2026-08-26T18:20:00+00:00,1.026601044734831,1.0548020251428087
2026-08-26T18:25:00+00:00,1.0263336938362344,1.0545273300499975
2026-08-26T18:30:00+00:00,1.0265119730625152,1.0547105066499887
2026-08-26T18:35:00+00:00,1.0264228454890263,1.0546189307203768
2026-08-26T18:40:00+00:00,1.0264228463491403,1.0546189316041183
2026-08-26T18:45:00+00:00,1.0267496758318542,1.05495473917222
2026-08-26T18:50:00+00:00,1.0267199735153814,1.054924220925889
2026-08-26T18:55:00+00:00,1.026660576120488,1.0548631918701101
2026-08-26T19:00:00+00:00,1.0265120516461925,1.0547105873923788
2026-08-26T19:05:00+00:00,1.0261852505183822,1.0543748089580967
2026-08-26T19:10:00+00:00,1.0263041225673617,1.054496946451176
2026-08-26T19:15:00+00:00,1.0264229808498364,1.0546190697995812
2026-08-26T19:20:00+00:00,1.0263071091412148,1.0545000150669392
2026-08-26T19:25:00+00:00,1.0264824524174978,1.054680175065672
2026-08-26T19:30:00+00:00,1.0268983648363752,1.0551075126998621
2026-08-26T19:35:00+00:00,1.0268686685273862,1.0550770006260421
2026-08-26T19:40:00+00:00,1.0266904694154,1.054893906341105
2026-08-26T19:45:00+00:00,1.0265716532518292,1.05477182626862
2026-08-26T19:50:00+00:00,1.0265419474918531,1.054741304484192
2026-08-26T19:55:00+00:00,1.0263637033383672,1.054558163920454
2026-08-26T20:00:00+00:00,1.026452842116853,1.0546497513628668
2026-08-26T20:05:00+00:00,1.026393420278129,1.0545886971917793
2026-08-26T20:10:00+00:00,1.026749971952612,1.0549550434274875
2026-08-26T20:15:00+00:00,1.0263341394020642,1.0545277878556294
2026-08-26T20:20:00+00:00,1.0263341394020642,1.0545277878556294
2026-08-26T20:25:00+00:00,1.025680423389706,1.0538561141054028
2026-08-26T20:30:00+00:00,1.0262750069951707,1.0544670310671351
2026-08-26T20:35:00+00:00,1.0260967104338443,1.0542838366559004
2026-08-26T20:40:00+00:00,1.0264331325410558,1.054629500360228
2026-08-26T20:45:00+00:00,1.0262156442258332,1.0544060375880846
2026-08-26T20:50:00+00:00,1.0260967729592718,1.0542839008989167
2026-08-26T20:55:00+00:00,1.0263345430375848,1.0545282025791158
2026-08-26T21:00:00+00:00,1.0263345430375848,1.0545282025791158
2026-08-26T21:05:00+00:00,1.0261455596069617,1.0543340277276856
2026-08-26T21:10:00+00:00,1.0263940175474167,1.0545893108681994
2026-08-26T21:15:00+00:00,1.026750569429381,1.0549556573170884
2026-08-26T21:20:00+00:00,1.026750569429381,1.0549556573170884
2026-08-26T21:25:00+00:00,1.0261673054624536,1.054356370947117
2026-08-26T21:30:00+00:00,1.026869868288447,1.055078233344831
2026-08-26T21:35:00+00:00,1.026869868288447,1.055078233344831
2026-08-26T21:40:00+00:00,1.026869868288447,1.055078233344831
2026-08-26T21:45:00+00:00,1.026869868288447,1.055078233344831
2026-08-26T21:50:00+00:00,1.026869868288447,1.055078233344831
2026-08-26T21:55:00+00:00,1.0268288837784332,1.055036122980358
2026-08-26T22:00:00+00:00,1.0268288837784332,1.055036122980358
2026-08-26T22:05:00+00:00,1.027226271193236,1.0554444267241057
2026-08-26T22:10:00+00:00,1.027226271193236,1.0554444267241057
2026-08-26T22:15:00+00:00,1.027582507188556,1.0558104486088675
2026-08-26T22:20:00+00:00,1.027582507188556,1.0558104486088675
2026-08-26T22:25:00+00:00,1.0282354304544452,1.0564813078356867
2026-08-26T22:30:00+00:00,1.0282354304544452,1.0564813078356867
2026-08-26T22:35:00+00:00,1.0282354304544452,1.0564813078356867
2026-08-26T22:40:00+00:00,1.0282354304544452,1.0564813078356867
2026-08-26T22:45:00+00:00,1.028176111461111,1.056420359335177
2026-08-26T22:50:00+00:00,1.028176111461111,1.056420359335177
2026-08-26T22:55:00+00:00,1.0281172414695126,1.0563598721705898
2026-08-26T23:00:00+00:00,1.0281172414695126,1.0563598721705898
2026-08-26T23:05:00+00:00,1.0280780863985737,1.0563196415003282
2026-08-26T23:10:00+00:00,1.0280780863985737,1.0563196415003282
2026-08-26T23:15:00+00:00,1.0285325398331002,1.0567865788812418
2026-08-26T23:20:00+00:00,1.0277616148436035,1.0559944763947648
2026-08-26T23:25:00+00:00,1.0277616148436035,1.0559944763947648
2026-08-26T23:30:00+00:00,1.0299729010002714,1.0582665071200268
2026-08-26T23:35:00+00:00,1.0295417854704538,1.0578235487417411
2026-08-26T23:40:00+00:00,1.0295417854704538,1.0578235487417411
2026-08-26T23:45:00+00:00,1.0296010294447586,1.0578844201624304
2026-08-26T23:50:00+00:00,1.030091541327601,1.058388406526006
2026-08-26T23:55:00+00:00,1.0290680995110235,1.0573368505137866
2026-08-27T00:00:00+00:00,1.028771743071814,1.0570323530911065
2026-08-27T08:05:00+00:00,1.026637763433207,1.0548397525127604
2026-08-27T08:10:00+00:00,1.026637763433207,1.0548397525127604
2026-08-27T08:15:00+00:00,1.027469530139692,1.0556943680529907
2026-08-27T08:20:00+00:00,1.0274101662888635,1.0556333734627403
2026-08-27T08:25:00+00:00,1.0274101662888635,1.0556333734627403
2026-08-27T08:30:00+00:00,1.0274101662888635,1.0556333734627403
2026-08-27T08:35:00+00:00,1.026875860759186,1.0550843904301987
2026-08-27T08:40:00+00:00,1.0268164625719602,1.055023360560322
2026-08-27T08:45:00+00:00,1.026638257701677,1.0548402603589058
2026-08-27T08:50:00+00:00,1.026638257701677,1.0548402603589058
2026-08-27T08:55:00+00:00,1.026638257701677,1.0548402603589058
2026-08-27T09:00:00+00:00,1.0267570815740963,1.054962348352003
2026-08-27T09:05:00+00:00,1.0266382714512574,1.0548402744861904
2026-08-27T09:10:00+00:00,1.0264006133850812,1.0545960878951286
2026-08-27T09:15:00+00:00,1.0264006133850812,1.0545960878951286
2026-08-27T09:20:00+00:00,1.0265194647761633,1.0547182041628331
2026-08-27T09:25:00+00:00,1.0265194647761633,1.0547182041628331
2026-08-27T09:30:00+00:00,1.0265194647761633,1.0547182041628331
2026-08-27T09:35:00+00:00,1.0262224532128734,1.0544130336196549
2026-08-27T09:40:00+00:00,1.024974296632457,1.0531305898743744
2026-08-27T09:45:00+00:00,1.024974296632457,1.0531305898743744
2026-08-27T09:50:00+00:00,1.024974296632457,1.0531305898743744
2026-08-27T09:55:00+00:00,1.024974296632457,1.0531305898743744
2026-08-27T10:00:00+00:00,1.024795771151158,1.0529471602546796
2026-08-27T10:05:00+00:00,1.023724431629685,1.0518463907759605
2026-08-27T10:10:00+00:00,1.023724431629685,1.0518463907759605
2026-08-27T10:15:00+00:00,1.0247968934949705,1.0529483134295499
2026-08-27T10:20:00+00:00,1.0247968934949705,1.0529483134295499
2026-08-27T10:25:00+00:00,1.0247968934949705,1.0529483134295499
2026-08-27T10:30:00+00:00,1.0248564124224588,1.0530094673564536
2026-08-27T10:35:00+00:00,1.0248564124224588,1.0530094673564536
2026-08-27T10:40:00+00:00,1.0248564124224588,1.0530094673564536
2026-08-27T10:45:00+00:00,1.0249159278935636,1.053070617732026
2026-08-27T10:50:00+00:00,1.025356316806954,1.0535231042359867
2026-08-27T10:55:00+00:00,1.025356316806954,1.0535231042359867
2026-08-27T11:00:00+00:00,1.025356316806954,1.0535231042359867
2026-08-27T11:05:00+00:00,1.0258679004143834,1.0540487411695492
2026-08-27T11:10:00+00:00,1.026018920726604,1.0542039100464804
2026-08-27T11:15:00+00:00,1.026018920726604,1.0542039100464804
2026-08-27T11:20:00+00:00,1.0259868187711583,1.0541709262425103
2026-08-27T11:25:00+00:00,1.0264624181772406,1.0546595904799618
2026-08-27T11:30:00+00:00,1.0264624181772406,1.0546595904799618
2026-08-27T11:35:00+00:00,1.026521840570327,1.0547206452206401
2026-08-27T11:40:00+00:00,1.026403002663338,1.0545985428074403
2026-08-27T11:45:00+00:00,1.026403002663338,1.0545985428074403
2026-08-27T11:50:00+00:00,1.0266977547993505,1.0549013918563244
2026-08-27T11:55:00+00:00,1.0266977547993505,1.0549013918563244
2026-08-27T12:00:00+00:00,1.0266977547993505,1.0549013918563244
2026-08-27T12:05:00+00:00,1.026937766263898,1.055147996494183
2026-08-27T12:10:00+00:00,1.0263438172955557,1.054537731603209
2026-08-27T12:15:00+00:00,1.0263438172955557,1.054537731603209
2026-08-27T12:20:00+00:00,1.0261061001404206,1.0542934843000005
2026-08-27T12:25:00+00:00,1.0267004584829498,1.0549041698107697
2026-08-27T12:30:00+00:00,1.0265816411633708,1.0547820885505208
2026-08-27T12:35:00+00:00,1.0265816411633708,1.0547820885505208
2026-08-27T12:40:00+00:00,1.0257498236511422,1.053927420808901
2026-08-27T12:45:00+00:00,1.0255714323774638,1.0537441290835428
2026-08-27T12:50:00+00:00,1.0251551136563641,1.0533163739859097
2026-08-27T12:55:00+00:00,1.0251902479046704,1.0533524733805628
2026-08-27T13:00:00+00:00,1.0253342287811937,1.053500409446786
2026-08-27T13:05:00+00:00,1.025274146025948,1.0534386762036392
2026-08-27T13:10:00+00:00,1.025809568290903,1.053988806648448
2026-08-27T13:15:00+00:00,1.0257489187569557,1.053926491057051
2026-08-27T13:20:00+00:00,1.0254527888172105,1.0536222263558306
2026-08-27T13:25:00+00:00,1.0254527888172105,1.0536222263558306
2026-08-27T13:30:00+00:00,1.0258733196302579,1.0540543092526018
2026-08-27T13:35:00+00:00,1.0242341911837731,1.0523701535489927
2026-08-27T13:40:00+00:00,1.0241448667033806,1.0522783753033964
2026-08-27T13:45:00+00:00,1.024591559233199,1.0527373385856618
2026-08-27T13:50:00+00:00,1.0243236532455355,1.0524620731553522
2026-08-27T13:55:00+00:00,1.0238175059379457,1.0519420218581081
2026-08-27T14:00:00+00:00,1.0239366557972593,1.0520644447930392
2026-08-27T14:05:00+00:00,1.0242047488316623,1.0523399024083078
2026-08-27T14:10:00+00:00,1.0241452020439397,1.052278719855842
2026-08-27T14:15:00+00:00,1.0239963039076716,1.052125731451553
2026-08-27T14:20:00+00:00,1.0246813110331987,1.0528295558894385
2026-08-27T14:25:00+00:00,1.0244432353831556,1.0525849402433796
2026-08-27T14:30:00+00:00,1.0248004859311137,1.0529520045507874
2026-08-27T14:35:00+00:00,1.0253361581563072,1.053502391822303
2026-08-27T14:40:00+00:00,1.0257525745584362,1.053930247284287
2026-08-27T14:45:00+00:00,1.026347213732093,1.0545412213406837
2026-08-27T14:50:00+00:00,1.0261689252757413,1.0543580352570694
2026-08-27T14:55:00+00:00,1.025960892817115,1.054144288096203
2026-08-27T15:00:00+00:00,1.0258717150145291,1.0540526605576885
2026-08-27T15:05:00+00:00,1.0261987080452684,1.0543886361665196
2026-08-27T15:10:00+00:00,1.0260203997850021,1.0542054297349723
2026-08-27T15:15:00+00:00,1.0259609504969347,1.0541443473605014
2026-08-27T15:20:00+00:00,1.0265851365972192,1.0547856800047872
2026-08-27T15:25:00+00:00,1.0257835237709276,1.0539620466791741
2026-08-27T15:30:00+00:00,1.02605050227321,1.0542363591458537
2026-08-27T15:35:00+00:00,1.026585508176252,1.0547860617911866
2026-08-27T15:40:00+00:00,1.0268291066043886,1.0550363519273969
2026-08-27T15:45:00+00:00,1.0270013680042471,1.0552133453898103
2026-08-27T15:50:00+00:00,1.0273576907653081,1.055579456423789
2026-08-27T15:55:00+00:00,1.0279514198813504,1.0561894954230668
2026-08-27T16:00:00+00:00,1.0280404285669937,1.0562809491989553
2026-08-27T16:05:00+00:00,1.028129426122419,1.0563723915388756
2026-08-27T16:10:00+00:00,1.0276845059563324,1.0559152493076047
2026-08-27T16:15:00+00:00,1.027387744620509,1.0556103358657025
2026-08-27T16:20:00+00:00,1.0272096363723806,1.0554273349406753
2026-08-27T16:25:00+00:00,1.0275659052048833,1.0557933905646653
2026-08-27T16:30:00+00:00,1.0277143150335455,1.05594587724742
2026-08-27T16:35:00+00:00,1.027862691436155,1.0560983295859
2026-08-27T16:40:00+00:00,1.0281890638428566,1.056433667522
2026-08-27T16:45:00+00:00,1.0281297406796992,1.0563727147371211
2026-08-27T16:50:00+00:00,1.0280704209392955,1.0563117654690195
2026-08-27T16:55:00+00:00,1.0286636902318231,1.056921332013319
2026-08-27T17:00:00+00:00,1.0285450986143188,1.0567994826552358
2026-08-27T17:05:00+00:00,1.0284852055228355,1.0567379442859612
2026-08-27T17:10:00+00:00,1.0280706355657103,1.0563119859912744
2026-08-27T17:15:00+00:00,1.0280409756910949,1.0562815113526889
2026-08-27T17:20:00+00:00,1.0279519780883053,1.0561900689641028
2026-08-27T17:25:00+00:00,1.0282189940142692,1.0564644198825015
2026-08-27T17:30:00+00:00,1.0280706904317347,1.0563120423644816
2026-08-27T17:35:00+00:00,1.0279816936805755,1.0562206008509207
2026-08-27T17:40:00+00:00,1.0281247031026843,1.0563675387766405
2026-08-27T17:45:00+00:00,1.028130043226579,1.0563730255950374
2026-08-27T17:50:00+00:00,1.0280113900190513,1.056251112955038
2026-08-27T17:55:00+00:00,1.0277740562108972,1.0560072595294454
2026-08-27T18:00:00+00:00,1.027596020738146,1.0558243333789525
2026-08-27T18:05:00+00:00,1.027180546076611,1.0553974455274058
2026-08-27T18:10:00+00:00,1.027447750732428,1.0556719903601124
2026-08-27T18:15:00+00:00,1.0275362044253038,1.0557628738974467
2026-08-27T18:20:00+00:00,1.027685205356477,1.0559159679204422
2026-08-27T18:25:00+00:00,1.0272697666227852,1.0554891169836853
2026-08-27T18:30:00+00:00,1.0270619494917999,1.0552755910655625
2026-08-27T18:35:00+00:00,1.0270916436617286,1.0553061009415619
2026-08-27T18:40:00+00:00,1.0273588834649363,1.055580681887167
2026-08-27T18:45:00+00:00,1.0273588834649363,1.055580681887167
2026-08-27T18:50:00+00:00,1.0275666774455483,1.0557941840189697
2026-08-27T18:55:00+00:00,1.0279525240848246,1.0561906299592798
2026-08-27T19:00:00+00:00,1.028041538004561,1.0562820891130429
2026-08-27T19:05:00+00:00,1.0284266011765846,1.0566777300640642
2026-08-27T19:10:00+00:00,1.0288127318178795,1.0570744678079975
2026-08-27T19:15:00+00:00,1.0286941571931094,1.056952635909443
2026-08-27T19:20:00+00:00,1.0281604953434702,1.056404314238987
2026-08-27T19:25:00+00:00,1.0277452336152535,1.0559776451700884
2026-08-27T19:30:00+00:00,1.0275677760797577,1.055795312832928
2026-08-27T19:35:00+00:00,1.027715577052418,1.0559471739342583
2026-08-27T19:40:00+00:00,1.027774930257119,1.0560081575859295
2026-08-27T19:45:00+00:00,1.0279826403414374,1.0562215735167872
2026-08-27T19:50:00+00:00,1.0280716414552225,1.0563130195128165
2026-08-27T19:55:00+00:00,1.0278046560912713,1.0560386999959763
2026-08-27T20:00:00+00:00,1.027953024973055,1.056191144607032
2026-08-27T20:05:00+00:00,1.0277750141744566,1.056008243808497
2026-08-27T20:10:00+00:00,1.0277750141744566,1.056008243808497
2026-08-27T20:15:00+00:00,1.027531690606024,1.0557582360824538
2026-08-27T20:20:00+00:00,1.027531690606024,1.0557582360824538
2026-08-27T20:25:00+00:00,1.027531690606024,1.0557582360824538
2026-08-27T20:30:00+00:00,1.0272408080419988,1.0554593629036408
2026-08-27T20:35:00+00:00,1.0272408080419988,1.0554593629036408
2026-08-27T20:40:00+00:00,1.0272408080419988,1.0554593629036408
2026-08-27T20:45:00+00:00,1.0272408080419988,1.0554593629036408
2026-08-27T20:50:00+00:00,1.0280459748256432,1.0562866478146797
2026-08-27T20:55:00+00:00,1.0273007697688417,1.055520971793705
2026-08-27T21:00:00+00:00,1.0273007697688417,1.055520971793705
2026-08-27T21:05:00+00:00,1.0273007697688417,1.055520971793705
2026-08-27T21:10:00+00:00,1.0273007697688417,1.055520971793705
2026-08-27T21:15:00+00:00,1.0273007697688417,1.055520971793705
2026-08-27T21:20:00+00:00,1.0273007697688417,1.055520971793705
2026-08-27T21:25:00+00:00,1.0273007697688417,1.055520971793705
2026-08-27T21:30:00+00:00,1.0272413950855814,1.0554599660734534
2026-08-27T21:35:00+00:00,1.0272413950855814,1.0554599660734534
2026-08-27T21:40:00+00:00,1.0272413950855814,1.0554599660734534
2026-08-27T21:45:00+00:00,1.0272413950855814,1.0554599660734534
2026-08-27T21:50:00+00:00,1.0272413950855814,1.0554599660734534
2026-08-27T21:55:00+00:00,1.0269266910743704,1.0551366170665062
2026-08-27T22:00:00+00:00,1.0269266910743704,1.0551366170665062
2026-08-27T22:05:00+00:00,1.0269266910743704,1.0551366170665062
2026-08-27T22:10:00+00:00,1.0266475283823133,1.0548497857073953
2026-08-27T22:15:00+00:00,1.0262919015109808,1.0544843896794052
2026-08-27T22:20:00+00:00,1.0262919015109808,1.0544843896794052
2026-08-27T22:25:00+00:00,1.0278965969789442,1.0561331665221976
2026-08-27T22:30:00+00:00,1.0278965969789442,1.0561331665221976
2026-08-27T22:35:00+00:00,1.0277779159262967,1.0560112252721663
2026-08-27T22:40:00+00:00,1.0277779159262967,1.0560112252721663
2026-08-27T22:45:00+00:00,1.0277779159262967,1.0560112252721663
2026-08-27T22:50:00+00:00,1.0277779159262967,1.0560112252721663
2026-08-27T22:55:00+00:00,1.0277779159262967,1.0560112252721663
2026-08-27T23:00:00+00:00,1.0279316256388644,1.0561691574279264
2026-08-27T23:05:00+00:00,1.0281339699453618,1.056377060181741
2026-08-27T23:10:00+00:00,1.0281339699453618,1.056377060181741
2026-08-27T23:15:00+00:00,1.0281339699453618,1.056377060181741
2026-08-27T23:20:00+00:00,1.0281339699453618,1.056377060181741
2026-08-27T23:25:00+00:00,1.0271254138294315,1.0553407987839862
2026-08-27T23:30:00+00:00,1.0271254138294315,1.0553407987839862
2026-08-27T23:35:00+00:00,1.0276004949644126,1.0558289305133035
2026-08-27T23:40:00+00:00,1.0276004949644126,1.0558289305133035
2026-08-27T23:45:00+00:00,1.027006845907678,1.055218973772582
2026-08-27T23:50:00+00:00,1.0266504937751633,1.0548528325603084
2026-08-27T23:55:00+00:00,1.025502641486984,1.0536734484905708
2026-08-28T00:00:00+00:00,1.0265923007941407,1.0547930410039426
2026-08-28T08:05:00+00:00,1.0284329771159249,1.0566842811520099
2026-08-28T08:10:00+00:00,1.0283742602865313,1.0566239513570308
2026-08-28T08:15:00+00:00,1.0283742602865313,1.0566239513570308
2026-08-28T08:20:00+00:00,1.0283742602865313,1.0566239513570308
2026-08-28T08:25:00+00:00,1.0283742602865313,1.0566239513570308
2026-08-28T08:30:00+00:00,1.0283742602865313,1.0566239513570308
2026-08-28T08:35:00+00:00,1.0280777142503645,1.0563192591291188
2026-08-28T08:40:00+00:00,1.0280777142503645,1.0563192591291188
2026-08-28T08:45:00+00:00,1.0276030707996489,1.0558315771073603
2026-08-28T08:50:00+00:00,1.0276030707996489,1.0558315771073603
2026-08-28T08:55:00+00:00,1.0276030707996489,1.0558315771073603
2026-08-28T09:00:00+00:00,1.0276030707996489,1.0558315771073603
2026-08-28T09:05:00+00:00,1.0276030707996489,1.0558315771073603
2026-08-28T09:10:00+00:00,1.0276030707996489,1.0558315771073603
2026-08-28T09:15:00+00:00,1.0276030707996489,1.0558315771073603
2026-08-28T09:20:00+00:00,1.0276030707996489,1.0558315771073603
2026-08-28T09:25:00+00:00,1.0276030707996489,1.0558315771073603
2026-08-28T09:30:00+00:00,1.0276030707996489,1.0558315771073603
2026-08-28T09:35:00+00:00,1.0276030707996489,1.0558315771073603
2026-08-28T09:40:00+00:00,1.0276030707996489,1.0558315771073603
2026-08-28T09:45:00+00:00,1.0276030707996489,1.0558315771073603
2026-08-28T09:50:00+00:00,1.0276030707996489,1.0558315771073603
2026-08-28T09:55:00+00:00,1.0276030707996489,1.0558315771073603
2026-08-28T10:00:00+00:00,1.0277217864963677,1.0559535539531442
2026-08-28T10:05:00+00:00,1.0277217864963677,1.0559535539531442
2026-08-28T10:10:00+00:00,1.02784048848141,1.0560755167105886
2026-08-28T10:15:00+00:00,1.02784048848141,1.0560755167105886
2026-08-28T10:20:00+00:00,1.027719426437732,1.0559511290631238
2026-08-28T10:25:00+00:00,1.0275437470916589,1.0557706237626818
2026-08-28T10:30:00+00:00,1.0274843858122198,1.0557096318144576
2026-08-28T10:35:00+00:00,1.0278405740670655,1.0560756046473028
2026-08-28T10:40:00+00:00,1.0278405740670655,1.0560756046473028
2026-08-28T10:45:00+00:00,1.0273658209150716,1.0555878099107452
2026-08-28T10:50:00+00:00,1.0273658209150716,1.0555878099107452
2026-08-28T10:55:00+00:00,1.0273658209150716,1.0555878099107452
2026-08-28T11:00:00+00:00,1.0273658209150716,1.0555878099107452
2026-08-28T11:05:00+00:00,1.0273658209150716,1.0555878099107452
2026-08-28T11:10:00+00:00,1.026653361954659,1.0548557795293925
2026-08-28T11:15:00+00:00,1.0265939491443605,1.0547947346347437
2026-08-28T11:20:00+00:00,1.0265939491443605,1.0547947346347437
2026-08-28T11:25:00+00:00,1.026834584952558,1.0550419807671243
2026-08-28T11:30:00+00:00,1.0270692140148385,1.0552830551468166
2026-08-28T11:35:00+00:00,1.0268910477350857,1.055099994596022
2026-08-28T11:40:00+00:00,1.0267722496036957,1.0549779330510665
2026-08-28T11:45:00+00:00,1.0267722496036957,1.0549779330510665
2026-08-28T11:50:00+00:00,1.026356408030725,1.0545506682089374
2026-08-28T11:55:00+00:00,1.0264752680663973,1.054672793358701
2026-08-28T12:00:00+00:00,1.0264752680663973,1.054672793358701
2026-08-28T12:05:00+00:00,1.0264158449294245,1.0546117378537017
2026-08-28T12:10:00+00:00,1.0264158449294245,1.0546117378537017
2026-08-28T12:15:00+00:00,1.0264158449294245,1.0546117378537017
2026-08-28T12:20:00+00:00,1.0262969917746156,1.0544896197738205
2026-08-28T12:25:00+00:00,1.0271288951253144,1.0553443757119139
2026-08-28T12:30:00+00:00,1.0271823419341495,1.0553992907175882
2026-08-28T12:35:00+00:00,1.0266538429689747,1.0548562737572886
2026-08-28T12:40:00+00:00,1.026059714587627,1.05424582452479
2026-08-28T12:45:00+00:00,1.0259408200668172,1.054123663942574
2026-08-28T12:50:00+00:00,1.0259408200668172,1.054123663942574
2026-08-28T12:55:00+00:00,1.0264164532703715,1.0546123629059223
2026-08-28T13:00:00+00:00,1.0264164532703715,1.0546123629059223
2026-08-28T13:05:00+00:00,1.0269527894059067,1.0551634323255585
2026-08-28T13:10:00+00:00,1.027069798793689,1.0552836559896843
2026-08-28T13:15:00+00:00,1.0270395121059186,1.055252537319234
2026-08-28T13:20:00+00:00,1.0266546609272629,1.05485711418509
2026-08-28T13:25:00+00:00,1.0267140738127332,1.0549181591569758
2026-08-28T13:30:00+00:00,1.0272487588413362,1.0554675321133706
2026-08-28T13:35:00+00:00,1.0276050129356633,1.0558335725943235
2026-08-28T13:40:00+00:00,1.0276940498764793,1.055925055401561
2026-08-28T13:45:00+00:00,1.0274863098701879,1.0557116087267662
2026-08-28T13:50:00+00:00,1.0281386675898911,1.0563818868717085
2026-08-28T13:55:00+00:00,1.0281985879972428,1.056443453307225
2026-08-28T14:00:00+00:00,1.027664660035536,1.0558948582145384
2026-08-28T14:05:00+00:00,1.024406095299718,1.0525467799128188
2026-08-28T14:10:00+00:00,1.0241322683624678,1.052265430882997
2026-08-28T14:15:00+00:00,1.0209453726106865,1.048990990329738
2026-08-28T14:20:00+00:00,1.0219310857666934,1.0500037812659042
2026-08-28T14:25:00+00:00,1.0221400487006913,1.0502184844625269
2026-08-28T14:30:00+00:00,1.0215733738736892,1.0496362429401898
2026-08-28T14:35:00+00:00,1.0236930073948602,1.0518141033097643
2026-08-28T14:40:00+00:00,1.02315678511629,1.0512631508747716
2026-08-28T14:45:00+00:00,1.0226798445335532,1.0507731086182166
2026-08-28T14:50:00+00:00,1.0217851149872528,1.0498538006336464
2026-08-28T14:55:00+00:00,1.02375538190753,1.0518781912654687
2026-08-28T15:00:00+00:00,1.0244107950841672,1.0525516088014901
2026-08-28T15:05:00+00:00,1.0248276095206696,1.0529798732319486
2026-08-28T15:10:00+00:00,1.0239645392337824,1.0520930941943485
2026-08-28T15:15:00+00:00,1.0225045443894485,1.0505929929365134
2026-08-28T15:20:00+00:00,1.0220875064943316,1.050164498908978
2026-08-28T15:25:00+00:00,1.0231616432331043,1.0512681424452366
2026-08-28T15:30:00+00:00,1.0232814855809402,1.051391276891518
2026-08-28T15:35:00+00:00,1.0222675039938518,1.0503494409835925
2026-08-28T15:40:00+00:00,1.0212531434121725,1.049307215670003
2026-08-28T15:45:00+00:00,1.0200584297831217,1.0480796829669616
2026-08-28T15:50:00+00:00,1.0197894305313209,1.0478032942402828
2026-08-28T15:55:00+00:00,1.0202380322902538,1.0482642191986509
2026-08-28T16:00:00+00:00,1.0185041537778057,1.0464827106217194
2026-08-28T16:05:00+00:00,1.0182645797269496,1.0462365554134125
2026-08-28T16:10:00+00:00,1.0168864975846543,1.0448206170194656
2026-08-28T16:15:00+00:00,1.0156266523472872,1.0435261635269848
2026-08-28T16:20:00+00:00,1.0137044963821478,1.0415512054699403
2026-08-28T16:25:00+00:00,1.0122603014448823,1.040067338146464
2026-08-28T16:30:00+00:00,1.0136463072870812,1.0414914179062782
2026-08-28T16:35:00+00:00,1.0128941245200385,1.040718572495665
2026-08-28T16:40:00+00:00,1.014158775174878,1.042017963411605
2026-08-28T16:45:00+00:00,1.0124144265809192,1.040225697137477
2026-08-28T16:50:00+00:00,1.0136496303200493,1.0414948322237705
2026-08-28T16:55:00+00:00,1.013530529897421,1.0413724600835628
2026-08-28T17:00:00+00:00,1.0134691614736369,1.04130940585425
2026-08-28T17:05:00+00:00,1.0130478642487717,1.0408765354921419
2026-08-28T17:10:00+00:00,1.0134091509335965,1.0412477468100778
2026-08-28T17:15:00+00:00,1.0135596298299283,1.0414023593982942
2026-08-28T17:20:00+00:00,1.0136487023349665,1.0414938787467116
2026-08-28T17:25:00+00:00,1.01407115676168,1.041927938099284
2026-08-28T17:30:00+00:00,1.0132892085480167,1.0411245095779915
2026-08-28T17:35:00+00:00,1.0134698045792538,1.0413100666261348
2026-08-28T17:40:00+00:00,1.012626504002,1.0404436003769004
2026-08-28T17:45:00+00:00,1.0121150431703563,1.0399180895918045
2026-08-28T17:50:00+00:00,1.012928714045025,1.0407541122033166
2026-08-28T17:55:00+00:00,1.0126878165692395,1.0405065972152756
2026-08-28T18:00:00+00:00,1.0123866221809716,1.0401971289438998
2026-08-28T18:05:00+00:00,1.0113924035566317,1.0391755988921167
2026-08-28T18:10:00+00:00,1.011513034494859,1.0392995435915593
2026-08-28T18:15:00+00:00,1.0113622640270794,1.0391446314223565
2026-08-28T18:20:00+00:00,1.0111512010131778,1.0389277704561244
2026-08-28T18:25:00+00:00,1.0106384018643513,1.038400884589947
2026-08-28T18:30:00+00:00,1.0107892974690253,1.0385559253335852
2026-08-28T18:35:00+00:00,1.011000512721669,1.0387729427205947
2026-08-28T18:40:00+00:00,1.0105038906877788,1.038262678358636
2026-08-28T18:45:00+00:00,1.010276298331003,1.03802883398446
2026-08-28T18:50:00+00:00,1.010517817885947,1.0382769881403255
2026-08-28T18:55:00+00:00,1.010638546103652,1.0384010327915367
2026-08-28T19:00:00+00:00,1.0109753561005046,1.0387470950409283
2026-08-28T19:05:00+00:00,1.0110912105704166,1.038866132061309
2026-08-28T19:10:00+00:00,1.0115136147573314,1.0393001397939832
2026-08-28T19:15:00+00:00,1.0109708448981012,1.0387424599146973
2026-08-28T19:20:00+00:00,1.0113328873440024,1.0391144477546503
2026-08-28T19:25:00+00:00,1.011182694768804,1.038960129352879
2026-08-28T19:30:00+00:00,1.0115440466799235,1.0393314076888915
2026-08-28T19:35:00+00:00,1.0116043581542067,1.0393933759340432
2026-08-28T19:40:00+00:00,1.011996339594186,1.0397961251995238
2026-08-28T19:45:00+00:00,1.0118757849048543,1.0396722588435527
2026-08-28T19:50:00+00:00,1.0110619204443845,1.0388360373283905
2026-08-28T19:55:00+00:00,1.0110619204443845,1.0388360373283905
2026-08-28T20:00:00+00:00,1.0112429260148903,1.039022015165946
2026-08-28T20:05:00+00:00,1.0115403149211928,1.039327573417841
2026-08-28T20:10:00+00:00,1.0114239296096952,1.0392079909735272
2026-08-28T20:15:00+00:00,1.0111826835918993,1.038960117868942
2026-08-28T20:20:00+00:00,1.0114239871794406,1.0392080501247276
2026-08-28T20:25:00+00:00,1.0107605605927397,1.0385263990483191
2026-08-28T20:30:00+00:00,1.0109977404950046,1.0387700943401905
2026-08-28T20:35:00+00:00,1.0109416271174363,1.0387124395144915
2026-08-28T20:40:00+00:00,1.0109416271174363,1.0387124395144915
2026-08-28T20:45:00+00:00,1.0107569857554344,1.0385227260093637
2026-08-28T20:50:00+00:00,1.0112434175489022,1.0390225202025172
2026-08-28T20:55:00+00:00,1.0112434175489022,1.0390225202025172
2026-08-28T21:00:00+00:00,1.0110021282581485,1.0387746026362557
2026-08-28T21:05:00+00:00,1.0111228017038703,1.0388985910108839
2026-08-28T21:10:00+00:00,1.0105195064761234,1.038278723116486
2026-08-28T21:15:00+00:00,1.0105195064761234,1.038278723116486
2026-08-28T21:20:00+00:00,1.0105195064761234,1.038278723116486
2026-08-28T21:25:00+00:00,1.0105195064761234,1.038278723116486
2026-08-28T21:30:00+00:00,1.0105195064761234,1.038278723116486
2026-08-28T21:35:00+00:00,1.0105195064761234,1.038278723116486
2026-08-28T21:40:00+00:00,1.0110024309714527,1.0387749136651678
2026-08-28T21:45:00+00:00,1.0110026072684297,1.0387750948050656
2026-08-28T21:50:00+00:00,1.0113803153324965,1.0391631786015254
2026-08-28T21:55:00+00:00,1.0113803153324965,1.0391631786015254
2026-08-28T22:00:00+00:00,1.0110630625004846,1.0388372107570498
2026-08-28T22:05:00+00:00,1.0111233956585284,1.0388992012816205
2026-08-28T22:10:00+00:00,1.0111233956585284,1.0388992012816205
2026-08-28T22:15:00+00:00,1.0111233956585284,1.0388992012816205
2026-08-28T22:20:00+00:00,1.0138382257781366,1.0416886084449661
2026-08-28T22:25:00+00:00,1.0138382257781366,1.0416886084449661
2026-08-28T22:30:00+00:00,1.0135289599929438,1.0413708470534286
2026-08-28T22:35:00+00:00,1.0135289599929438,1.0413708470534286
2026-08-28T22:40:00+00:00,1.0135289599929438,1.0413708470534286
2026-08-28T22:45:00+00:00,1.0135289599929438,1.0413708470534286
2026-08-28T22:50:00+00:00,1.0135289599929438,1.0413708470534286
2026-08-28T22:55:00+00:00,1.0113706611313626,1.039153259197138
2026-08-28T23:00:00+00:00,1.0120944473869433,1.0398969280372121
2026-08-28T23:05:00+00:00,1.0116604859754863,1.0394510456002262
2026-08-28T23:10:00+00:00,1.0123358267538412,1.0401449381540313
2026-08-28T23:15:00+00:00,1.0122755686689153,1.0400830247648556
2026-08-28T23:20:00+00:00,1.0122755686689153,1.0400830247648556
2026-08-28T23:25:00+00:00,1.0122755686689153,1.0400830247648556
2026-08-28T23:30:00+00:00,1.0122755686689153,1.0400830247648556
2026-08-28T23:35:00+00:00,1.0122153787881372,1.040021181453412
2026-08-28T23:40:00+00:00,1.0122153787881372,1.040021181453412
2026-08-28T23:45:00+00:00,1.0122153787881372,1.040021181453412
2026-08-28T23:50:00+00:00,1.0117935219382017,1.0395877360931967
2026-08-28T23:55:00+00:00,1.0117935219382017,1.0395877360931967
2026-08-29T00:00:00+00:00,1.0117332315364655,1.0395257894994598
2026-08-31T08:05:00+00:00,1.0095618420799415,1.0372947514463993
2026-08-31T08:10:00+00:00,1.009622265939295,1.0373568351638667
2026-08-31T08:15:00+00:00,1.0088972230194106,1.0366118751386144
2026-08-31T08:20:00+00:00,1.0088972230194106,1.0366118751386144
2026-08-31T08:25:00+00:00,1.0089577591438648,1.036674074205132
2026-08-31T08:30:00+00:00,1.0091391393738163,1.0368604369941188
2026-08-31T08:35:00+00:00,1.008715994892229,1.0364256686306972
2026-08-31T08:40:00+00:00,1.008836944052288,1.0365499402936025
2026-08-31T08:45:00+00:00,1.0085346073991917,1.0362392983791056
2026-08-31T08:50:00+00:00,1.0085346073991917,1.0362392983791056
2026-08-31T08:55:00+00:00,1.0085950928620318,1.0363014453923223
2026-08-31T09:00:00+00:00,1.0086555746977754,1.0363635886788054
2026-08-31T09:05:00+00:00,1.0087765311163743,1.0364878677996445
2026-08-31T09:10:00+00:00,1.0087765311163743,1.0364878677996445
2026-08-31T09:15:00+00:00,1.00932076974364,1.037047056794381
2026-08-31T09:20:00+00:00,1.0095020848519771,1.037233352672847
2026-08-31T09:25:00+00:00,1.0095020848519771,1.037233352672847
2026-08-31T09:30:00+00:00,1.0095020848519771,1.037233352672847
2026-08-31T09:35:00+00:00,1.0092603747873652,1.0369850027739669
2026-08-31T09:40:00+00:00,1.009623026736624,1.0373576168604828
2026-08-31T09:45:00+00:00,1.0092605050035048,1.0369851365671756
2026-08-31T09:50:00+00:00,1.0092605050035048,1.0369851365671756
2026-08-31T09:55:00+00:00,1.0095627150002122,1.0372956483460016
2026-08-31T10:00:00+00:00,1.0095627150002122,1.0372956483460016
2026-08-31T10:05:00+00:00,1.0097983682554492,1.03753777505348
2026-08-31T10:10:00+00:00,1.0103480975625194,1.038102605558331
2026-08-31T10:15:00+00:00,1.0104688514883664,1.038226676623893
2026-08-31T10:20:00+00:00,1.0099255237512774,1.037668423541708
2026-08-31T10:25:00+00:00,1.0099255237512774,1.037668423541708
2026-08-31T10:30:00+00:00,1.0099255237512774,1.037668423541708
2026-08-31T10:35:00+00:00,1.0099255237512774,1.037668423541708
2026-08-31T10:40:00+00:00,1.0102879372167384,1.038040792593218
2026-08-31T10:45:00+00:00,1.0102275566323962,1.037978753339537
2026-08-31T10:50:00+00:00,1.0102275566323962,1.037978753339537
2026-08-31T10:55:00+00:00,1.010771014373561,1.0385371399970418
2026-08-31T11:00:00+00:00,1.0106503108848612,1.0384131207541474
2026-08-31T11:05:00+00:00,1.0108434595348155,1.038611575244497
2026-08-31T11:10:00+00:00,1.011066745264597,1.0388409946875876
2026-08-31T11:15:00+00:00,1.011072778674384,1.038847193836609
2026-08-31T11:20:00+00:00,1.0109527145360881,1.0387238315072298
2026-08-31T11:25:00+00:00,1.011130713215583,1.0389067198537465
2026-08-31T11:30:00+00:00,1.0117967595376358,1.0395910626302745
2026-08-31T11:35:00+00:00,1.011555597159007,1.0393432754624445
2026-08-31T11:40:00+00:00,1.0110731573845184,1.0388475829500028
2026-08-31T11:45:00+00:00,1.0110731573845184,1.0388475829500028
2026-08-31T11:50:00+00:00,1.010771488582339,1.0385376272324498
2026-08-31T11:55:00+00:00,1.0105904332643458,1.0383515982808318
2026-08-31T12:00:00+00:00,1.0107202128266155,1.0384849429192444
2026-08-31T12:05:00+00:00,1.0109525789504388,1.0387236921970096
2026-08-31T12:10:00+00:00,1.0109525789504388,1.0387236921970096
2026-08-31T12:15:00+00:00,1.0111426529998417,1.0389189876267828
2026-08-31T12:20:00+00:00,1.0111336035557417,1.038909689592252
2026-08-31T12:25:00+00:00,1.010349311381146,1.03810385272085
2026-08-31T12:30:00+00:00,1.010047426203848,1.0377936746843013
2026-08-31T12:35:00+00:00,1.0098662409444237,1.0376075122217294
2026-08-31T12:40:00+00:00,1.0097454290960035,1.037483381642447
2026-08-31T12:45:00+00:00,1.0092017107244668,1.0369247271949908
2026-08-31T12:50:00+00:00,1.008718144979031,1.0364278777809062
2026-08-31T12:55:00+00:00,1.0090005618697415,1.036718052732299
2026-08-31T13:00:00+00:00,1.008778681791676,1.0364900775545192
2026-08-31T13:05:00+00:00,1.00889962396669,1.0366143420404987
2026-08-31T13:10:00+00:00,1.009529052534681,1.0372610611643536
2026-08-31T13:15:00+00:00,1.009685556300572,1.0374218641267614
2026-08-31T13:20:00+00:00,1.0096052019569937,1.0373393024298199
2026-08-31T13:25:00+00:00,1.0092626114360577,1.0369873008639423
2026-08-31T13:30:00+00:00,1.0097461484399797,1.037484120746977
2026-08-31T13:35:00+00:00,1.0089003637039404,1.0366151020985113
2026-08-31T13:40:00+00:00,1.008779435936506,1.0364908524158913
2026-08-31T13:45:00+00:00,1.0082956822798352,1.0359938099286041
2026-08-31T13:50:00+00:00,1.00744868002663,1.0351235403174797
2026-08-31T13:55:00+00:00,1.0073275778893507,1.0349991114750325
2026-08-31T14:00:00+00:00,1.0066312305026748,1.0342836352562659
2026-08-31T14:05:00+00:00,1.0068736252337511,1.0345326886295645
2026-08-31T14:10:00+00:00,1.007570306024943,1.03524850741155
2026-08-31T14:15:00+00:00,1.0075703096625197,1.0352485111490517
2026-08-31T14:20:00+00:00,1.0076005924856575,1.035279625848707
2026-08-31T14:25:00+00:00,1.0066621641208284,1.0343154186284338
2026-08-31T14:30:00+00:00,1.0068142663380173,1.0344716991305258
2026-08-31T14:35:00+00:00,1.0073589821671942,1.035031378436026
2026-08-31T14:40:00+00:00,1.008327859499882,1.0360268710647114
2026-08-31T14:45:00+00:00,1.0082673637604942,1.035964713492648
2026-08-31T14:50:00+00:00,1.0078136125913157,1.0354984976684825
2026-08-31T14:55:00+00:00,1.0082978800826246,1.03599606810557
2026-08-31T15:00:00+00:00,1.0081466239046852,1.0358406568836311
2026-08-31T15:05:00+00:00,1.00784406887955,1.0355297905983623
2026-08-31T15:10:00+00:00,1.0084190641529136,1.0361205811317464
2026-08-31T15:15:00+00:00,1.0086005932003874,1.036307096826309
2026-08-31T15:20:00+00:00,1.0081167361662673,1.0358099481217689
2026-08-31T15:25:00+00:00,1.008298261621417,1.0359964601253255
2026-08-31T15:30:00+00:00,1.008328513594136,1.0360275431270938
2026-08-31T15:35:00+00:00,1.0080562794143801,1.0357478306082022
2026-08-31T15:40:00+00:00,1.0080562803226296,1.0357478315414015
2026-08-31T15:45:00+00:00,1.0077536833882466,1.0354369221956274
2026-08-31T15:50:00+00:00,1.0082064768107546,1.0359021539635886
2026-08-31T15:55:00+00:00,1.0076933605520806,1.035374942276479
2026-08-31T16:00:00+00:00,1.007572315437919,1.0352505720235885
2026-08-31T16:05:00+00:00,1.0080264259445388,1.0357171570562824
2026-08-31T16:10:00+00:00,1.0083895378642544,1.0360902437487556
2026-08-31T16:15:00+00:00,1.008413736006897,1.0361151066202625
2026-08-31T16:20:00+00:00,1.00859521748562,1.0363015734393495
2026-08-31T16:25:00+00:00,1.0086617548403263,1.036369938591374
2026-08-31T16:30:00+00:00,1.008964139436367,1.0366806297658198
2026-08-31T16:35:00+00:00,1.0086920872950207,1.036401104285977
2026-08-31T16:40:00+00:00,1.0082687634844347,1.0359661516673455
2026-08-31T16:45:00+00:00,1.0086015363447158,1.0363080658790418
2026-08-31T16:50:00+00:00,1.0085410588824604,1.036245927086188
2026-08-31T16:55:00+00:00,1.0084805730327013,1.0361837796754234
2026-08-31T17:00:00+00:00,1.0083898477589102,1.0360905621562935
2026-08-31T17:05:00+00:00,1.0082688579157573,1.0359662486927197
2026-08-31T17:10:00+00:00,1.0082386340454483,1.0359351945653417
2026-08-31T17:15:00+00:00,1.0084806500401786,1.0361838587983148
2026-08-31T17:20:00+00:00,1.0086318955192644,1.0363392590274998
2026-08-31T17:25:00+00:00,1.008359766281152,1.0360596543330245
2026-08-31T17:30:00+00:00,1.008057274383069,1.0357488529089232
2026-08-31T17:35:00+00:00,1.0082993339999216,1.035997561962329
2026-08-31T17:40:00+00:00,1.0084203456466165,1.0361218978283935
2026-08-31T17:45:00+00:00,1.0087228112571884,1.0364326722428592
2026-08-31T17:50:00+00:00,1.009115887807493,1.0368365467016123
2026-08-31T17:55:00+00:00,1.0089949813057077,1.0367123188688139
2026-08-31T18:00:00+00:00,1.0087833650409086,1.0364948894537473
2026-08-31T18:05:00+00:00,1.0082995687172869,1.0359978031274375
2026-08-31T18:10:00+00:00,1.008148314101553,1.0358423935106185
2026-08-31T18:15:00+00:00,1.0083903456345455,1.0360910737086937
2026-08-31T18:20:00+00:00,1.0082088973176953,1.0359046409624442
2026-08-31T18:25:00+00:00,1.0083601588804887,1.03606005771716
2026-08-31T18:30:00+00:00,1.0079965551079868,1.0356864656605849
2026-08-31T18:35:00+00:00,1.0076945529146528,1.0353761673935413
2026-08-31T18:40:00+00:00,1.0077550896533836,1.03543836709121
2026-08-31T18:45:00+00:00,1.0079366816895017,1.0356249475047306
2026-08-31T18:50:00+00:00,1.0081787706263157,1.0358736866835243
2026-08-31T18:55:00+00:00,1.0084207876859013,1.0361223520106049
2026-08-31T19:00:00+00:00,1.0080880662957266,1.0357804906829111
2026-08-31T19:05:00+00:00,1.0081183283034392,1.0358115839953363
2026-08-31T19:10:00+00:00,1.008481377970283,1.0361846067248361
2026-08-31T19:15:00+00:00,1.008481386132288,1.0361846151110534
2026-08-31T19:20:00+00:00,1.0084511413690285,1.0361535395167902
2026-08-31T19:25:00+00:00,1.0090560408434504,1.0367750557269095
2026-08-31T19:30:00+00:00,1.0092374124733468,1.0369614096795958
2026-08-31T19:35:00+00:00,1.0092071903552275,1.0369303573525408
2026-08-31T19:40:00+00:00,1.0094792066154556,1.0372098459656023
2026-08-31T19:45:00+00:00,1.0095094214974256,1.0372408908577293
2026-08-31T19:50:00+00:00,1.010113740843892,1.037861811003637
2026-08-31T19:55:00+00:00,1.010325103221713,1.0380789795573884
2026-08-31T20:00:00+00:00,1.01059681862968,1.0383581590537039
2026-08-31T20:05:00+00:00,1.0107779003250792,1.0385442151073219
2026-08-31T20:10:00+00:00,1.010596843858577,1.0383581849756451
2026-08-31T20:15:00+00:00,1.010415754948556,1.038172121509218
2026-08-31T20:20:00+00:00,1.0102950073678976,1.0380480569631483
2026-08-31T20:25:00+00:00,1.0099931023334223,1.037737858523941
2026-08-31T20:30:00+00:00,1.0099931059449425,1.0377378622346705
2026-08-31T20:35:00+00:00,1.0101139040678875,1.0378619787114356
2026-08-31T20:40:00+00:00,1.0101742959071838,1.037924029529247
2026-08-31T20:45:00+00:00,1.010053519449041,1.0377999353124212
2026-08-31T20:50:00+00:00,1.010113914899857,1.0378619898409616
2026-08-31T20:55:00+00:00,1.0099931312199695,1.0377378882040083
2026-08-31T21:00:00+00:00,1.0101743284089217,1.0379240629238151
2026-08-31T21:05:00+00:00,1.0113690422964126,1.0391515958923958
2026-08-31T21:10:00+00:00,1.0113690422964126,1.0391515958923958
2026-08-31T21:15:00+00:00,1.0113690422964126,1.0391515958923958
2026-08-31T21:20:00+00:00,1.0113690422964126,1.0391515958923958
2026-08-31T21:25:00+00:00,1.012105518228722,1.0399083029977052
2026-08-31T21:30:00+00:00,1.012105518228722,1.0399083029977052
2026-08-31T21:35:00+00:00,1.012105518228722,1.0399083029977052
2026-08-31T21:40:00+00:00,1.012105518228722,1.0399083029977052
2026-08-31T21:45:00+00:00,1.012105518228722,1.0399083029977052
2026-08-31T21:50:00+00:00,1.0091183596004691,1.0368390863953416
2026-08-31T21:55:00+00:00,1.0091183596004691,1.0368390863953416
2026-08-31T22:00:00+00:00,1.0091183596004691,1.0368390863953416
2026-08-31T22:05:00+00:00,1.0091183596004691,1.0368390863953416
2026-08-31T22:10:00+00:00,1.0091183596004691,1.0368390863953416
2026-08-31T22:15:00+00:00,1.0091183596004691,1.0368390863953416
2026-08-31T22:20:00+00:00,1.0091183596004691,1.0368390863953416
2026-08-31T22:25:00+00:00,1.0102445902276374,1.037996254851781
2026-08-31T22:30:00+00:00,1.0102445902276374,1.037996254851781
2026-08-31T22:35:00+00:00,1.0102445902276374,1.037996254851781
2026-08-31T22:40:00+00:00,1.0102989369180861,1.0380520944590355
2026-08-31T22:45:00+00:00,1.0102989369180861,1.0380520944590355
2026-08-31T22:50:00+00:00,1.0100030652969276,1.0377480951724765
2026-08-31T22:55:00+00:00,1.0098218591009192,1.0375619111981873
2026-08-31T23:00:00+00:00,1.0101239115833016,1.0378722611357316
2026-08-31T23:05:00+00:00,1.0100635263687965,1.037810217124696
2026-08-31T23:10:00+00:00,1.0100635263687965,1.037810217124696
2026-08-31T23:15:00+00:00,1.0098219421721046,1.0375619965513583
2026-08-31T23:20:00+00:00,1.0094594791634284,1.0371895765956687
2026-08-31T23:25:00+00:00,1.0090394753691165,1.036758035194966
2026-08-31T23:30:00+00:00,1.0090394753691165,1.036758035194966
2026-08-31T23:35:00+00:00,1.0090394753691165,1.036758035194966
2026-08-31T23:40:00+00:00,1.0090394753691165,1.036758035194966
2026-08-31T23:45:00+00:00,1.0096410261555062,1.0373761107277781
2026-08-31T23:50:00+00:00,1.0096410261555062,1.0373761107277781
2026-08-31T23:55:00+00:00,1.0096410261555062,1.0373761107277781
2026-09-01T00:00:00+00:00,1.0117557739661251,1.0395489511751432
2026-09-01T08:05:00+00:00,1.0059621525955054,1.0335961776162397
2026-09-01T08:10:00+00:00,1.0042033751261812,1.0317890861020307
2026-09-01T08:15:00+00:00,1.0051146304575116,1.0327253738389652
2026-09-01T08:20:00+00:00,1.0041435052106928,1.031727571545401
2026-09-01T08:25:00+00:00,1.0030499316934014,1.0306039572975902
2026-09-01T08:30:00+00:00,1.0027458297252674,1.030291501574422
2026-09-01T08:35:00+00:00,1.0015898916859045,1.029103809635949
2026-09-01T08:40:00+00:00,1.0017726116975558,1.029291549010765
2026-09-01T08:45:00+00:00,1.0013463254798123,1.0288535526069307
2026-09-01T08:50:00+00:00,1.00189464118493,1.0294169306778398
2026-09-01T08:55:00+00:00,1.0016565587705,1.0291723080815744
2026-09-01T09:00:00+00:00,1.001346551712074,1.028853785053848
2026-09-01T09:05:00+00:00,1.000806765240416,1.0282991705165165
2026-09-01T09:10:00+00:00,1.0011034779180714,1.0286040339635991
2026-09-01T09:15:00+00:00,1.00171277748675,1.0292300711396345
2026-09-01T09:20:00+00:00,1.00171277748675,1.0292300711396345
2026-09-01T09:25:00+00:00,1.00171277748675,1.0292300711396345
2026-09-01T09:30:00+00:00,1.0014691702937815,1.0289797719978204
2026-09-01T09:35:00+00:00,1.0012255038289897,1.0287294119559718
2026-09-01T09:40:00+00:00,1.0009817780490897,1.0284789909696146
2026-09-01T09:45:00+00:00,1.0009817780490897,1.0284789909696146
2026-09-01T09:50:00+00:00,1.0012255631874356,1.0287294729450087
2026-09-01T09:55:00+00:00,1.0012255631874356,1.0287294729450087
2026-09-01T10:00:00+00:00,1.0007381115987368,1.0282286309426012
2026-09-01T10:05:00+00:00,1.0007381115987368,1.0282286309426012
2026-09-01T10:10:00+00:00,1.0007381115987368,1.0282286309426012
2026-09-01T10:15:00+00:00,1.0007381115987368,1.0282286309426012
2026-09-01T10:20:00+00:00,1.0007381115987368,1.0282286309426012
2026-09-01T10:25:00+00:00,1.0028107904361125,1.0303582467717953
2026-09-01T10:30:00+00:00,1.0028716258395607,1.0304207533385736
2026-09-01T10:35:00+00:00,1.0028716258395607,1.0304207533385736
2026-09-01T10:40:00+00:00,1.0028716258395607,1.0304207533385736
2026-09-01T10:45:00+00:00,1.0028716258395607,1.0304207533385736
2026-09-01T10:50:00+00:00,1.0020807299711325,1.0296081313682635
2026-09-01T10:55:00+00:00,1.0020807299711325,1.0296081313682635
2026-09-01T11:00:00+00:00,1.0022024894765966,1.0297332356369593
2026-09-01T11:05:00+00:00,1.0019589852548703,1.0294830422950323
2026-09-01T11:10:00+00:00,1.00262509070569,1.0301674458246086
2026-09-01T11:15:00+00:00,1.00195942749584,1.0294834966844693
2026-09-01T11:20:00+00:00,1.0018985403162401,1.0294209369192358
2026-09-01T11:25:00+00:00,1.002020322076337,1.0295460640539045
2026-09-01T11:30:00+00:00,1.0023898848029746,1.0299257787585347
2026-09-01T11:35:00+00:00,1.0024464855721766,1.0299839343646342
2026-09-01T11:40:00+00:00,1.0022760842754548,1.0298088521028432
2026-09-01T11:45:00+00:00,1.002927371387498,1.0304780302302725
2026-09-01T11:50:00+00:00,1.0029334542328223,1.0304842801728376
2026-09-01T11:55:00+00:00,1.002690141895551,1.0302342839864784
2026-09-01T12:00:00+00:00,1.001716656320895,1.0292340565262974
2026-09-01T12:05:00+00:00,1.0014078830081794,1.0289168011355758
2026-09-01T12:10:00+00:00,1.0012299942186176,1.0287340256976953
2026-09-01T12:15:00+00:00,1.0009856583258414,1.0284829778385125
2026-09-01T12:20:00+00:00,1.0014732304925855,1.0289839437312736
2026-09-01T12:25:00+00:00,1.0008086275154155,1.0283010839486637
2026-09-01T12:30:00+00:00,1.0008086275154155,1.0283010839486637
2026-09-01T12:35:00+00:00,1.0000106958972839,1.0274812329548941
2026-09-01T12:40:00+00:00,1.0000106958972839,1.0274812329548941
2026-09-01T12:45:00+00:00,1.0003157260021818,1.0277946423109687
2026-09-01T12:50:00+00:00,1.000568823811163,1.0280546927783258
2026-09-01T12:55:00+00:00,1.0003767620088189,1.0278573549915546
2026-09-01T13:00:00+00:00,0.9999498760460012,1.0274187423675032
2026-09-01T13:05:00+00:00,0.9977492542016462,1.0251576689058073
2026-09-01T13:10:00+00:00,0.9966529312691149,1.024031229715651
2026-09-01T13:15:00+00:00,0.9967753551643697,1.0241570166250866
2026-09-01T13:20:00+00:00,0.9967753551643697,1.0241570166250866
2026-09-01T13:25:00+00:00,0.9972099066209377,1.0246035053158664
2026-09-01T13:30:00+00:00,0.9980119472017771,1.025427578146549
2026-09-01T13:35:00+00:00,0.9992826844395091,1.026733222845294
2026-09-01T13:40:00+00:00,0.9993437382319994,1.0267959538003146
2026-09-01T13:45:00+00:00,1.0002594761195185,1.027736847230347
2026-09-01T13:50:00+00:00,1.000137493182569,1.0276115133924488
2026-09-01T13:55:00+00:00,0.9997818598477825,1.0272461107234518
2026-09-01T14:00:00+00:00,1.000686751713691,1.0281758601890219
2026-09-01T14:05:00+00:00,0.999498085283623,1.0269545408029903
2026-09-01T14:10:00+00:00,1.0007494874839395,1.028240319326139
2026-09-01T14:15:00+00:00,1.0011762871911072,1.0286788433250766
2026-09-01T14:20:00+00:00,1.001328623148856,1.028835363988639
2026-09-01T14:25:00+00:00,1.001572323050136,1.0290857583854844
2026-09-01T14:30:00+00:00,1.0007499900019212,1.0282408356484118
2026-09-01T14:35:00+00:00,1.0014206401684618,1.0289299087381556
2026-09-01T14:40:00+00:00,1.0007809688750093,1.0282726655186794
2026-09-01T14:45:00+00:00,1.0007510984556423,1.0282419745516267
2026-09-01T14:50:00+00:00,1.0002628465200252,1.0277403102165763
2026-09-01T14:55:00+00:00,0.9999273832185466,1.0273956316566084
2026-09-01T15:00:00+00:00,1.0000494074278599,1.0275210079006325
2026-09-01T15:05:00+00:00,0.9997139208598664,1.0271763054350131
2026-09-01T15:10:00+00:00,0.9999885265613087,1.0274584546218688
2026-09-01T15:15:00+00:00,0.9998055265095481,1.0272704275141737
2026-09-01T15:20:00+00:00,1.000415786384147,1.0278974513759667
2026-09-01T15:25:00+00:00,1.0003243165456268,1.0278034688387332
2026-09-01T15:30:00+00:00,1.000659774429483,1.0281481418322551
2026-09-01T15:35:00+00:00,1.0007817066680489,1.028273423579073
2026-09-01T15:40:00+00:00,1.0005379221074897,1.0280229421973375
2026-09-01T15:45:00+00:00,1.0012994415243701,1.0288053807378308
2026-09-01T15:50:00+00:00,1.0012391296956797,1.0287434121285361
2026-09-01T15:55:00+00:00,1.0014828587924898,1.0289938365229199
2026-09-01T16:00:00+00:00,1.0016046900384614,1.0291190145028526
2026-09-01T16:05:00+00:00,1.0014725152526804,1.0289832088435562
2026-09-01T16:10:00+00:00,1.0009955317294474,1.0284931224669194
2026-09-01T16:15:00+00:00,1.0003555516910079,1.0278355620211557
2026-09-01T16:20:00+00:00,0.9999286961505082,1.0273969806551304
2026-09-01T16:25:00+00:00,0.99971514233284,1.0271775604621463
2026-09-01T16:30:00+00:00,0.9993484404270866,1.0268007851658456
2026-09-01T16:35:00+00:00,0.9987690427700906,1.0262054713142799
2026-09-01T16:40:00+00:00,0.9995019983496761,1.0269585613619197
2026-09-01T16:45:00+00:00,0.9994104446420142,1.0268644926516388
2026-09-01T16:50:00+00:00,0.9995935911965097,1.0271153757429292
2026-09-01T16:55:00+00:00,0.9995326326535993,1.0271153757429292
2026-09-01T17:00:00+00:00,0.9990748910806527,1.0271153757429292
2026-09-01T17:05:00+00:00,0.9986169228977558,1.0271153757429292
2026-09-01T17:10:00+00:00,0.9985252842470556,1.0271153757429292
2026-09-01T17:15:00+00:00,0.9985252845195819,1.0271153757429292
2026-09-01T17:20:00+00:00,0.9985252854542601,1.0271153757429292
2026-09-01T17:25:00+00:00,0.9985863834953451,1.0271153757429292
2026-09-01T17:30:00+00:00,0.9988307691181395,1.0271153757429292
2026-09-01T17:35:00+00:00,0.9987086402718818,1.0271153757429292
2026-09-01T17:40:00+00:00,0.9988613517519258,1.0271153757429292
2026-09-01T17:45:00+00:00,0.9988613517519258,1.0271153757429292
2026-09-01T17:50:00+00:00,0.9988613517519258,1.0271153757429292
2026-09-01T17:55:00+00:00,0.9988613517519258,1.0271153757429292
2026-09-01T18:00:00+00:00,0.9988613517519258,1.0271153757429292
2026-09-01T18:05:00+00:00,0.9988613517519258,1.0271153757429292
2026-09-01T18:10:00+00:00,0.9988613517519258,1.0271153757429292
2026-09-01T18:15:00+00:00,0.9988613517519258,1.0271153757429292
2026-09-01T18:20:00+00:00,0.9988613517519258,1.0271153757429292
2026-09-01T18:25:00+00:00,0.9988613517519258,1.0271153757429292
2026-09-01T18:30:00+00:00,0.9988613517519258,1.0271153757429292
2026-09-01T18:35:00+00:00,0.9988613517519258,1.0271153757429292
2026-09-01T18:40:00+00:00,0.9988613517519258,1.0271153757429292
2026-09-01T18:45:00+00:00,0.9988613517519258,1.0271153757429292
2026-09-01T18:50:00+00:00,0.9988613517519258,1.0271153757429292
2026-09-01T18:55:00+00:00,0.9988613517519258,1.0271153757429292
2026-09-01T19:00:00+00:00,0.9988613517519258,1.0271153757429292
2026-09-01T19:05:00+00:00,0.9988613517519258,1.0271153757429292
2026-09-01T19:10:00+00:00,0.9988613517519258,1.0271153757429292
2026-09-01T19:15:00+00:00,0.9988613517519258,1.0271153757429292
2026-09-01T19:20:00+00:00,0.9988613517519258,1.0271153757429292
2026-09-01T19:25:00+00:00,0.9988613517519258,1.0271153757429292
2026-09-01T19:30:00+00:00,0.9988613517519258,1.0271153757429292
2026-09-01T19:35:00+00:00,0.9988613517519258,1.0271153757429292
2026-09-01T19:40:00+00:00,0.9988613517519258,1.0271153757429292
2026-09-01T19:45:00+00:00,0.9988613517519258,1.0271153757429292
2026-09-01T19:50:00+00:00,0.9988613517519258,1.0271153757429292
2026-09-01T19:55:00+00:00,0.9988613517519258,1.0271153757429292
2026-09-01T20:00:00+00:00,0.9988613517519258,1.0271153757429292
2026-09-01T20:05:00+00:00,0.9988613517519258,1.0271153757429292
2026-09-01T20:10:00+00:00,0.9988613517519258,1.0271153757429292
2026-09-01T20:15:00+00:00,0.9988613517519258,1.0271153757429292
2026-09-01T20:20:00+00:00,0.9988613517519258,1.0271153757429292
2026-09-01T20:25:00+00:00,0.9988613517519258,1.0271153757429292
2026-09-01T20:30:00+00:00,0.9988613517519258,1.0271153757429292
2026-09-01T20:35:00+00:00,0.9988613517519258,1.0271153757429292
2026-09-01T20:40:00+00:00,0.9988613517519258,1.0271153757429292
2026-09-01T20:45:00+00:00,0.9988613517519258,1.0271153757429292
2026-09-01T20:50:00+00:00,0.9988613517519258,1.0271153757429292
2026-09-01T20:55:00+00:00,0.9988613517519258,1.0271153757429292
2026-09-01T21:00:00+00:00,0.9988613517519258,1.0271153757429292
2026-09-01T21:05:00+00:00,0.9988613517519258,1.0271153757429292
2026-09-01T21:10:00+00:00,0.9988613517519258,1.0271153757429292
2026-09-01T21:15:00+00:00,0.9988613517519258,1.0271153757429292
2026-09-01T21:20:00+00:00,0.9988613517519258,1.0271153757429292
2026-09-01T21:25:00+00:00,0.9988613517519258,1.0271153757429292
2026-09-01T21:30:00+00:00,0.9988613517519258,1.0271153757429292
2026-09-01T21:35:00+00:00,0.9988613517519258,1.0271153757429292
2026-09-01T21:40:00+00:00,0.9988613517519258,1.0271153757429292
2026-09-01T21:45:00+00:00,0.9988613517519258,1.0271153757429292
2026-09-01T21:50:00+00:00,0.9988613517519258,1.0271153757429292
2026-09-01T21:55:00+00:00,0.9988613517519258,1.0271153757429292
2026-09-01T22:00:00+00:00,0.9988613517519258,1.0271153757429292
2026-09-01T22:05:00+00:00,0.9988613517519258,1.0271153757429292
2026-09-01T22:10:00+00:00,0.9988613517519258,1.0271153757429292
2026-09-01T22:15:00+00:00,0.9988613517519258,1.0271153757429292
2026-09-01T22:20:00+00:00,0.9988613517519258,1.0271153757429292
2026-09-01T22:25:00+00:00,0.9988613517519258,1.0271153757429292
2026-09-01T22:30:00+00:00,0.9988613517519258,1.0271153757429292
2026-09-01T22:35:00+00:00,0.9988613517519258,1.0271153757429292
2026-09-01T22:40:00+00:00,0.9988613517519258,1.0271153757429292
2026-09-01T22:45:00+00:00,0.9988613517519258,1.0271153757429292
2026-09-01T22:50:00+00:00,0.9988613517519258,1.0271153757429292
2026-09-01T22:55:00+00:00,0.9988613517519258,1.0271153757429292
2026-09-01T23:00:00+00:00,0.9988613517519258,1.0271153757429292
2026-09-01T23:05:00+00:00,0.9988613517519258,1.0271153757429292
2026-09-01T23:10:00+00:00,0.9988613517519258,1.0271153757429292
2026-09-01T23:15:00+00:00,0.9988613517519258,1.0271153757429292
2026-09-01T23:20:00+00:00,0.9988613517519258,1.0271153757429292
2026-09-01T23:25:00+00:00,0.9988613517519258,1.0271153757429292
2026-09-01T23:30:00+00:00,0.9988613517519258,1.0271153757429292
2026-09-01T23:35:00+00:00,0.9988613517519258,1.0271153757429292
2026-09-01T23:40:00+00:00,0.9988613517519258,1.0271153757429292
2026-09-01T23:45:00+00:00,0.9988613517519258,1.0271153757429292
2026-09-01T23:50:00+00:00,0.9988613517519258,1.0271153757429292
2026-09-01T23:55:00+00:00,0.9988613517519258,1.0271153757429292
2026-09-02T00:00:00+00:00,0.9988613517519258,1.0271153757429292
2026-09-02T08:05:00+00:00,0.9988613517519258,1.0271153757429292
2026-09-02T08:10:00+00:00,0.9988613517519258,1.0271153757429292
2026-09-02T08:15:00+00:00,0.9988613517519258,1.0271153757429292
2026-09-02T08:20:00+00:00,0.9988613517519258,1.0271153757429292
2026-09-02T08:25:00+00:00,0.9988613517519258,1.0271153757429292
2026-09-02T08:30:00+00:00,0.9988613517519258,1.0271153757429292
2026-09-02T08:35:00+00:00,0.9988613517519258,1.0271153757429292
2026-09-02T08:40:00+00:00,0.9988613517519258,1.0271153757429292
2026-09-02T08:45:00+00:00,0.9988613517519258,1.0271153757429292
2026-09-02T08:50:00+00:00,0.9988613517519258,1.0271153757429292
2026-09-02T08:55:00+00:00,0.9988613517519258,1.0271153757429292
2026-09-02T09:00:00+00:00,0.9988613517519258,1.0271153757429292
2026-09-02T09:05:00+00:00,0.9988613517519258,1.0271153757429292
2026-09-02T09:10:00+00:00,0.9988613517519258,1.0271153757429292
2026-09-02T09:15:00+00:00,0.9988613517519258,1.0271153757429292
2026-09-02T09:20:00+00:00,0.9988613517519258,1.0271153757429292
2026-09-02T09:25:00+00:00,0.9988613517519258,1.0271153757429292
2026-09-02T09:30:00+00:00,0.9988613517519258,1.0271153757429292
2026-09-02T09:35:00+00:00,0.9988613517519258,1.0271153757429292
2026-09-02T09:40:00+00:00,0.9988613517519258,1.0271153757429292
2026-09-02T09:45:00+00:00,0.9988613517519258,1.0271153757429292
2026-09-02T09:50:00+00:00,0.9988613517519258,1.0271153757429292
2026-09-02T09:55:00+00:00,0.9988613517519258,1.0271153757429292
2026-09-02T10:00:00+00:00,0.9988613517519258,1.0271153757429292
2026-09-02T10:05:00+00:00,0.9988613517519258,1.0271153757429292
2026-09-02T10:10:00+00:00,0.9988613517519258,1.0271153757429292
2026-09-02T10:15:00+00:00,0.9988613517519258,1.0271153757429292
2026-09-02T10:20:00+00:00,0.9988613517519258,1.0271153757429292
2026-09-02T10:25:00+00:00,0.9988613517519258,1.0271153757429292
2026-09-02T10:30:00+00:00,0.9988613517519258,1.0271153757429292
2026-09-02T10:35:00+00:00,0.9988613517519258,1.0271153757429292
2026-09-02T10:40:00+00:00,0.9988613517519258,1.0271153757429292
2026-09-02T10:45:00+00:00,0.9988613517519258,1.0271153757429292
2026-09-02T10:50:00+00:00,0.9988613517519258,1.0271153757429292
2026-09-02T10:55:00+00:00,0.9988613517519258,1.0271153757429292
2026-09-02T11:00:00+00:00,0.9988613517519258,1.0271153757429292
2026-09-02T11:05:00+00:00,0.9988613517519258,1.0271153757429292
2026-09-02T11:10:00+00:00,0.9988613517519258,1.0271153757429292
2026-09-02T11:15:00+00:00,0.9988613517519258,1.0271153757429292
2026-09-02T11:20:00+00:00,0.9988613517519258,1.0271153757429292
2026-09-02T11:25:00+00:00,0.9988613517519258,1.0271153757429292
2026-09-02T11:30:00+00:00,0.9988613517519258,1.0271153757429292
2026-09-02T11:35:00+00:00,0.9988613517519258,1.0271153757429292
2026-09-02T11:40:00+00:00,0.9988613517519258,1.0271153757429292
2026-09-02T11:45:00+00:00,0.9988613517519258,1.0271153757429292
2026-09-02T11:50:00+00:00,0.9988613517519258,1.0271153757429292
2026-09-02T11:55:00+00:00,0.9988613517519258,1.0271153757429292
2026-09-02T12:00:00+00:00,0.9988613517519258,1.0271153757429292
2026-09-02T12:05:00+00:00,0.9988613517519258,1.0271153757429292
2026-09-02T12:10:00+00:00,0.9988613517519258,1.0271153757429292
2026-09-02T12:15:00+00:00,0.9988613517519258,1.0271153757429292
2026-09-02T12:20:00+00:00,0.9988613517519258,1.0271153757429292
2026-09-02T12:25:00+00:00,0.9988613517519258,1.0271153757429292
2026-09-02T12:30:00+00:00,0.9988613517519258,1.0271153757429292
2026-09-02T12:35:00+00:00,0.9988613517519258,1.0271153757429292
2026-09-02T12:40:00+00:00,0.9988613517519258,1.0271153757429292
2026-09-02T12:45:00+00:00,0.9988613517519258,1.0271153757429292
2026-09-02T12:50:00+00:00,0.9988613517519258,1.0271153757429292
2026-09-02T12:55:00+00:00,0.9988613517519258,1.0271153757429292
2026-09-02T13:00:00+00:00,0.9988613517519258,1.0271153757429292
2026-09-02T13:05:00+00:00,0.9988613517519258,1.0271153757429292
2026-09-02T13:10:00+00:00,0.9988613517519258,1.0271153757429292
2026-09-02T13:15:00+00:00,0.9988613517519258,1.0271153757429292
2026-09-02T13:20:00+00:00,0.9988613517519258,1.0271153757429292
2026-09-02T13:25:00+00:00,0.9988613517519258,1.0271153757429292
2026-09-02T13:30:00+00:00,0.9988613517519258,1.0271153757429292
2026-09-02T13:35:00+00:00,0.9988613517519258,1.0271153757429292
2026-09-02T13:40:00+00:00,0.9988613517519258,1.0271153757429292
2026-09-02T13:45:00+00:00,0.9988613517519258,1.0271153757429292
2026-09-02T13:50:00+00:00,0.9988613517519258,1.0271153757429292
2026-09-02T13:55:00+00:00,0.9988613517519258,1.0271153757429292
2026-09-02T14:00:00+00:00,0.9988613517519258,1.0271153757429292
2026-09-02T14:05:00+00:00,0.9988613517519258,1.0271153757429292
2026-09-02T14:10:00+00:00,0.9988613517519258,1.0271153757429292
2026-09-02T14:15:00+00:00,0.9988613517519258,1.0271153757429292
2026-09-02T14:20:00+00:00,0.9988613517519258,1.0271153757429292
2026-09-02T14:25:00+00:00,0.9988613517519258,1.0271153757429292
2026-09-02T14:30:00+00:00,0.9988613517519258,1.0271153757429292
2026-09-02T14:35:00+00:00,0.9988613517519258,1.0271153757429292
2026-09-02T14:40:00+00:00,0.9988613517519258,1.0271153757429292
2026-09-02T14:45:00+00:00,0.9988613517519258,1.0271153757429292
2026-09-02T14:50:00+00:00,0.9988613517519258,1.0271153757429292
2026-09-02T14:55:00+00:00,0.9988613517519258,1.0271153757429292
2026-09-02T15:00:00+00:00,0.9988613517519258,1.0271153757429292
2026-09-02T15:05:00+00:00,0.9988613517519258,1.0271153757429292
2026-09-02T15:10:00+00:00,0.9988613517519258,1.0271153757429292
2026-09-02T15:15:00+00:00,0.9988613517519258,1.0271153757429292
2026-09-02T15:20:00+00:00,0.9988613517519258,1.0271153757429292
2026-09-02T15:25:00+00:00,0.9988613517519258,1.0271153757429292
2026-09-02T15:30:00+00:00,0.9988613517519258,1.0271153757429292
2026-09-02T15:35:00+00:00,0.9988613517519258,1.0271153757429292
2026-09-02T15:40:00+00:00,0.9988613517519258,1.0271153757429292
2026-09-02T15:45:00+00:00,0.9988613517519258,1.0271153757429292
2026-09-02T15:50:00+00:00,0.9988613517519258,1.0271153757429292
2026-09-02T15:55:00+00:00,0.9988613517519258,1.0271153757429292
2026-09-02T16:00:00+00:00,0.9988613517519258,1.0271153757429292
2026-09-02T16:05:00+00:00,0.9988613517519258,1.0271153757429292
2026-09-02T16:10:00+00:00,0.9988613517519258,1.0271153757429292
2026-09-02T16:15:00+00:00,0.9988613517519258,1.0271153757429292
2026-09-02T16:20:00+00:00,0.9988613517519258,1.0271153757429292
2026-09-02T16:25:00+00:00,0.9988613517519258,1.0271153757429292
2026-09-02T16:30:00+00:00,0.9988613517519258,1.0271153757429292
2026-09-02T16:35:00+00:00,0.9988613517519258,1.0271153757429292
2026-09-02T16:40:00+00:00,0.9988613517519258,1.0271153757429292
2026-09-02T16:45:00+00:00,0.9988613517519258,1.0271153757429292
2026-09-02T16:50:00+00:00,0.9988613517519258,1.0271153757429292
2026-09-02T16:55:00+00:00,0.9988613517519258,1.0271153757429292
2026-09-02T17:00:00+00:00,0.9988613517519258,1.0271153757429292
2026-09-02T17:05:00+00:00,0.9988613517519258,1.0271153757429292
2026-09-02T17:10:00+00:00,0.9988613517519258,1.0271153757429292
2026-09-02T17:15:00+00:00,0.9988613517519258,1.0271153757429292
2026-09-02T17:20:00+00:00,0.9988613517519258,1.0271153757429292
2026-09-02T17:25:00+00:00,0.9988613517519258,1.0271153757429292
2026-09-02T17:30:00+00:00,0.9988613517519258,1.0271153757429292
2026-09-02T17:35:00+00:00,0.9988613517519258,1.0271153757429292
2026-09-02T17:40:00+00:00,0.9988613517519258,1.0271153757429292
2026-09-02T17:45:00+00:00,0.9988613517519258,1.0271153757429292
2026-09-02T17:50:00+00:00,0.9988613517519258,1.0271153757429292
2026-09-02T17:55:00+00:00,0.9988613517519258,1.0271153757429292
2026-09-02T18:00:00+00:00,0.9988613517519258,1.0271153757429292
2026-09-02T18:05:00+00:00,0.9988613517519258,1.0271153757429292
2026-09-02T18:10:00+00:00,0.9988613517519258,1.0271153757429292
2026-09-02T18:15:00+00:00,0.9988613517519258,1.0271153757429292
2026-09-02T18:20:00+00:00,0.9988613517519258,1.0271153757429292
2026-09-02T18:25:00+00:00,0.9988613517519258,1.0271153757429292
2026-09-02T18:30:00+00:00,0.9988613517519258,1.0271153757429292
2026-09-02T18:35:00+00:00,0.9988613517519258,1.0271153757429292
2026-09-02T18:40:00+00:00,0.9988613517519258,1.0271153757429292
2026-09-02T18:45:00+00:00,0.9988613517519258,1.0271153757429292
2026-09-02T18:50:00+00:00,0.9988613517519258,1.0271153757429292
2026-09-02T18:55:00+00:00,0.9988613517519258,1.0271153757429292
2026-09-02T19:00:00+00:00,0.9988613517519258,1.0271153757429292
2026-09-02T19:05:00+00:00,0.9988613517519258,1.0271153757429292
2026-09-02T19:10:00+00:00,0.9988613517519258,1.0271153757429292
2026-09-02T19:15:00+00:00,0.9988613517519258,1.0271153757429292
2026-09-02T19:20:00+00:00,0.9988613517519258,1.0271153757429292
2026-09-02T19:25:00+00:00,0.9988613517519258,1.0271153757429292
2026-09-02T19:30:00+00:00,0.9988613517519258,1.0271153757429292
2026-09-02T19:35:00+00:00,0.9988613517519258,1.0271153757429292
2026-09-02T19:40:00+00:00,0.9988613517519258,1.0271153757429292
2026-09-02T19:45:00+00:00,0.9988613517519258,1.0271153757429292
2026-09-02T19:50:00+00:00,0.9988613517519258,1.0271153757429292
2026-09-02T19:55:00+00:00,0.9988613517519258,1.0271153757429292
2026-09-02T20:00:00+00:00,0.9988613517519258,1.0271153757429292
2026-09-02T20:05:00+00:00,0.9988613517519258,1.0271153757429292
2026-09-02T20:10:00+00:00,0.9988613517519258,1.0271153757429292
2026-09-02T20:15:00+00:00,0.9988613517519258,1.0271153757429292
2026-09-02T20:20:00+00:00,0.9988613517519258,1.0271153757429292
2026-09-02T20:25:00+00:00,0.9988613517519258,1.0271153757429292
2026-09-02T20:30:00+00:00,0.9988613517519258,1.0271153757429292
2026-09-02T20:35:00+00:00,0.9988613517519258,1.0271153757429292
2026-09-02T20:40:00+00:00,0.9988613517519258,1.0271153757429292
2026-09-02T20:45:00+00:00,0.9988613517519258,1.0271153757429292
2026-09-02T20:50:00+00:00,0.9988613517519258,1.0271153757429292
2026-09-02T20:55:00+00:00,0.9988613517519258,1.0271153757429292
2026-09-02T21:00:00+00:00,0.9988613517519258,1.0271153757429292
2026-09-02T21:05:00+00:00,0.9988613517519258,1.0271153757429292
2026-09-02T21:10:00+00:00,0.9988613517519258,1.0271153757429292
2026-09-02T21:15:00+00:00,0.9988613517519258,1.0271153757429292
2026-09-02T21:20:00+00:00,0.9988613517519258,1.0271153757429292
2026-09-02T21:25:00+00:00,0.9988613517519258,1.0271153757429292
2026-09-02T21:30:00+00:00,0.9988613517519258,1.0271153757429292
2026-09-02T21:35:00+00:00,0.9988613517519258,1.0271153757429292
2026-09-02T21:40:00+00:00,0.9988613517519258,1.0271153757429292
2026-09-02T21:45:00+00:00,0.9988613517519258,1.0271153757429292
2026-09-02T21:50:00+00:00,0.9988613517519258,1.0271153757429292
2026-09-02T21:55:00+00:00,0.9988613517519258,1.0271153757429292
2026-09-02T22:00:00+00:00,0.9988613517519258,1.0271153757429292
2026-09-02T22:05:00+00:00,0.9988613517519258,1.0271153757429292
2026-09-02T22:10:00+00:00,0.9988613517519258,1.0271153757429292
2026-09-02T22:15:00+00:00,0.9988613517519258,1.0271153757429292
2026-09-02T22:20:00+00:00,0.9988613517519258,1.0271153757429292
2026-09-02T22:25:00+00:00,0.9988613517519258,1.0271153757429292
2026-09-02T22:30:00+00:00,0.9988613517519258,1.0271153757429292
2026-09-02T22:35:00+00:00,0.9988613517519258,1.0271153757429292
2026-09-02T22:40:00+00:00,0.9988613517519258,1.0271153757429292
2026-09-02T22:45:00+00:00,0.9988613517519258,1.0271153757429292
2026-09-02T22:50:00+00:00,0.9988613517519258,1.0271153757429292
2026-09-02T22:55:00+00:00,0.9988613517519258,1.0271153757429292
2026-09-02T23:00:00+00:00,0.9988613517519258,1.0271153757429292
2026-09-02T23:05:00+00:00,0.9988613517519258,1.0271153757429292
2026-09-02T23:10:00+00:00,0.9988613517519258,1.0271153757429292
2026-09-02T23:15:00+00:00,0.9988613517519258,1.0271153757429292
2026-09-02T23:20:00+00:00,0.9988613517519258,1.0271153757429292
2026-09-02T23:25:00+00:00,0.9988613517519258,1.0271153757429292
2026-09-02T23:30:00+00:00,0.9988613517519258,1.0271153757429292
2026-09-02T23:35:00+00:00,0.9988613517519258,1.0271153757429292
2026-09-02T23:40:00+00:00,0.9988613517519258,1.0271153757429292
2026-09-02T23:45:00+00:00,0.9988613517519258,1.0271153757429292
2026-09-02T23:50:00+00:00,0.9988613517519258,1.0271153757429292
2026-09-02T23:55:00+00:00,0.9988613517519258,1.0271153757429292
2026-09-03T00:00:00+00:00,0.9988613517519258,1.0271153757429292
2026-09-03T08:05:00+00:00,0.9988613517519258,1.0271153757429292
2026-09-03T08:10:00+00:00,0.9988613517519258,1.0271153757429292
2026-09-03T08:15:00+00:00,0.9988613517519258,1.0271153757429292
2026-09-03T08:20:00+00:00,0.9988613517519258,1.0271153757429292
2026-09-03T08:25:00+00:00,0.9988613517519258,1.0271153757429292
2026-09-03T08:30:00+00:00,0.9988613517519258,1.0271153757429292
2026-09-03T08:35:00+00:00,0.9988613517519258,1.0271153757429292
2026-09-03T08:40:00+00:00,0.9988613517519258,1.0271153757429292
2026-09-03T08:45:00+00:00,0.9988613517519258,1.0271153757429292
2026-09-03T08:50:00+00:00,0.9988613517519258,1.0271153757429292
2026-09-03T08:55:00+00:00,0.9988613517519258,1.0271153757429292
2026-09-03T09:00:00+00:00,0.9988613517519258,1.0271153757429292
2026-09-03T09:05:00+00:00,0.9988613517519258,1.0271153757429292
2026-09-03T09:10:00+00:00,0.9988613517519258,1.0271153757429292
2026-09-03T09:15:00+00:00,0.9988613517519258,1.0271153757429292
2026-09-03T09:20:00+00:00,0.9988613517519258,1.0271153757429292
2026-09-03T09:25:00+00:00,0.9988613517519258,1.0271153757429292
2026-09-03T09:30:00+00:00,0.9988613517519258,1.0271153757429292
2026-09-03T09:35:00+00:00,0.9988613517519258,1.0271153757429292
2026-09-03T09:40:00+00:00,0.9988613517519258,1.0271153757429292
2026-09-03T09:45:00+00:00,0.9988613517519258,1.0271153757429292
2026-09-03T09:50:00+00:00,0.9988613517519258,1.0271153757429292
2026-09-03T09:55:00+00:00,0.9988613517519258,1.0271153757429292
2026-09-03T10:00:00+00:00,0.9988613517519258,1.0271153757429292
2026-09-03T10:05:00+00:00,0.9988613517519258,1.0271153757429292
2026-09-03T10:10:00+00:00,0.9988613517519258,1.0271153757429292
2026-09-03T10:15:00+00:00,0.9988613517519258,1.0271153757429292
2026-09-03T10:20:00+00:00,0.9988613517519258,1.0271153757429292
2026-09-03T10:25:00+00:00,0.9988613517519258,1.0271153757429292
2026-09-03T10:30:00+00:00,0.9988613517519258,1.0271153757429292
2026-09-03T10:35:00+00:00,0.9988613517519258,1.0271153757429292
2026-09-03T10:40:00+00:00,0.9988613517519258,1.0271153757429292
2026-09-03T10:45:00+00:00,0.9988613517519258,1.0271153757429292
2026-09-03T10:50:00+00:00,0.9988613517519258,1.0271153757429292
2026-09-03T10:55:00+00:00,0.9988613517519258,1.0271153757429292
2026-09-03T11:00:00+00:00,0.9988613517519258,1.0271153757429292
2026-09-03T11:05:00+00:00,0.9988613517519258,1.0271153757429292
2026-09-03T11:10:00+00:00,0.9988613517519258,1.0271153757429292
2026-09-03T11:15:00+00:00,0.9988613517519258,1.0271153757429292
2026-09-03T11:20:00+00:00,0.9988613517519258,1.0271153757429292
2026-09-03T11:25:00+00:00,0.9988613517519258,1.0271153757429292
2026-09-03T11:30:00+00:00,0.9988613517519258,1.0271153757429292
2026-09-03T11:35:00+00:00,0.9988613517519258,1.0271153757429292
2026-09-03T11:40:00+00:00,0.9988613517519258,1.0271153757429292
2026-09-03T11:45:00+00:00,0.9988613517519258,1.0271153757429292
2026-09-03T11:50:00+00:00,0.9988613517519258,1.0271153757429292
2026-09-03T11:55:00+00:00,0.9988613517519258,1.0271153757429292
2026-09-03T12:00:00+00:00,0.9988613517519258,1.0271153757429292
2026-09-03T12:05:00+00:00,0.9988613517519258,1.0271153757429292
2026-09-03T12:10:00+00:00,0.9988613517519258,1.0271153757429292
2026-09-03T12:15:00+00:00,0.9988613517519258,1.0271153757429292
2026-09-03T12:20:00+00:00,0.9988613517519258,1.0271153757429292
2026-09-03T12:25:00+00:00,0.9988613517519258,1.0271153757429292
2026-09-03T12:30:00+00:00,0.9988613517519258,1.0271153757429292
2026-09-03T12:35:00+00:00,0.9988613517519258,1.0271153757429292
2026-09-03T12:40:00+00:00,0.9988613517519258,1.0271153757429292
2026-09-03T12:45:00+00:00,0.9988613517519258,1.0271153757429292
2026-09-03T12:50:00+00:00,0.9988613517519258,1.0271153757429292
2026-09-03T12:55:00+00:00,0.9988613517519258,1.0271153757429292
2026-09-03T13:00:00+00:00,0.9988613517519258,1.0271153757429292
2026-09-03T13:05:00+00:00,0.9988613517519258,1.0271153757429292
2026-09-03T13:10:00+00:00,0.9988613517519258,1.0271153757429292
2026-09-03T13:15:00+00:00,0.9988613517519258,1.0271153757429292
2026-09-03T13:20:00+00:00,0.9988613517519258,1.0271153757429292
2026-09-03T13:25:00+00:00,0.9988613517519258,1.0271153757429292
2026-09-03T13:30:00+00:00,0.9988613517519258,1.0271153757429292
2026-09-03T13:35:00+00:00,0.9988613517519258,1.0271153757429292
2026-09-03T13:40:00+00:00,0.9988613517519258,1.0271153757429292
2026-09-03T13:45:00+00:00,0.9988613517519258,1.0271153757429292
2026-09-03T13:50:00+00:00,0.9988613517519258,1.0271153757429292
2026-09-03T13:55:00+00:00,0.9988613517519258,1.0271153757429292
2026-09-03T14:00:00+00:00,0.9988613517519258,1.0271153757429292
2026-09-03T14:05:00+00:00,0.9988613517519258,1.0271153757429292
2026-09-03T14:10:00+00:00,0.9988613517519258,1.0271153757429292
2026-09-03T14:15:00+00:00,0.9988613517519258,1.0271153757429292
2026-09-03T14:20:00+00:00,0.9988613517519258,1.0271153757429292
2026-09-03T14:25:00+00:00,0.9988613517519258,1.0271153757429292
2026-09-03T14:30:00+00:00,0.9988613517519258,1.0271153757429292
2026-09-03T14:35:00+00:00,0.9988613517519258,1.0271153757429292
2026-09-03T14:40:00+00:00,0.9988613517519258,1.0271153757429292
2026-09-03T14:45:00+00:00,0.9988613517519258,1.0271153757429292
2026-09-03T14:50:00+00:00,0.9988613517519258,1.0271153757429292
2026-09-03T14:55:00+00:00,0.9988613517519258,1.0271153757429292
2026-09-03T15:00:00+00:00,0.9988613517519258,1.0271153757429292
2026-09-03T15:05:00+00:00,0.9988613517519258,1.0271153757429292
2026-09-03T15:10:00+00:00,0.9988613517519258,1.0271153757429292
2026-09-03T15:15:00+00:00,0.9988613517519258,1.0271153757429292
2026-09-03T15:20:00+00:00,0.9988613517519258,1.0271153757429292
2026-09-03T15:25:00+00:00,0.9988613517519258,1.0271153757429292
2026-09-03T15:30:00+00:00,0.9988613517519258,1.0271153757429292
2026-09-03T15:35:00+00:00,0.9988613517519258,1.0271153757429292
2026-09-03T15:40:00+00:00,0.9988613517519258,1.0271153757429292
2026-09-03T15:45:00+00:00,0.9988613517519258,1.0271153757429292
2026-09-03T15:50:00+00:00,0.9988613517519258,1.0271153757429292
2026-09-03T15:55:00+00:00,0.9988613517519258,1.0271153757429292
2026-09-03T16:00:00+00:00,0.9988613517519258,1.0271153757429292
2026-09-03T16:05:00+00:00,0.9988613517519258,1.0271153757429292
2026-09-03T16:10:00+00:00,0.9988613517519258,1.0271153757429292
2026-09-03T16:15:00+00:00,0.9988613517519258,1.0271153757429292
2026-09-03T16:20:00+00:00,0.9988613517519258,1.0271153757429292
2026-09-03T16:25:00+00:00,0.9988613517519258,1.0271153757429292
2026-09-03T16:30:00+00:00,0.9988613517519258,1.0271153757429292
2026-09-03T16:35:00+00:00,0.9988613517519258,1.0271153757429292
2026-09-03T16:40:00+00:00,0.9988613517519258,1.0271153757429292
2026-09-03T16:45:00+00:00,0.9988613517519258,1.0271153757429292
2026-09-03T16:50:00+00:00,0.9988613517519258,1.0271153757429292
2026-09-03T16:55:00+00:00,0.9988613517519258,1.0271153757429292
2026-09-03T17:00:00+00:00,0.9988613517519258,1.0271153757429292
2026-09-03T17:05:00+00:00,0.9988613517519258,1.0271153757429292
2026-09-03T17:10:00+00:00,0.9988613517519258,1.0271153757429292
2026-09-03T17:15:00+00:00,0.9988613517519258,1.0271153757429292
2026-09-03T17:20:00+00:00,0.9988613517519258,1.0271153757429292
2026-09-03T17:25:00+00:00,0.9988613517519258,1.0271153757429292
2026-09-03T17:30:00+00:00,0.9988613517519258,1.0271153757429292
2026-09-03T17:35:00+00:00,0.9988613517519258,1.0271153757429292
2026-09-03T17:40:00+00:00,0.9988613517519258,1.0271153757429292
2026-09-03T17:45:00+00:00,0.9988613517519258,1.0271153757429292
2026-09-03T17:50:00+00:00,0.9988613517519258,1.0271153757429292
2026-09-03T17:55:00+00:00,0.9988613517519258,1.0271153757429292
2026-09-03T18:00:00+00:00,0.9988613517519258,1.0271153757429292
2026-09-03T18:05:00+00:00,0.9988613517519258,1.0271153757429292
2026-09-03T18:10:00+00:00,0.9988613517519258,1.0271153757429292
2026-09-03T18:15:00+00:00,0.9988613517519258,1.0271153757429292
2026-09-03T18:20:00+00:00,0.9988613517519258,1.0271153757429292
2026-09-03T18:25:00+00:00,0.9988613517519258,1.0271153757429292
2026-09-03T18:30:00+00:00,0.9988613517519258,1.0271153757429292
2026-09-03T18:35:00+00:00,0.9988613517519258,1.0271153757429292
2026-09-03T18:40:00+00:00,0.9988613517519258,1.0271153757429292
2026-09-03T18:45:00+00:00,0.9988613517519258,1.0271153757429292
2026-09-03T18:50:00+00:00,0.9988613517519258,1.0271153757429292
2026-09-03T18:55:00+00:00,0.9988613517519258,1.0271153757429292
2026-09-03T19:00:00+00:00,0.9988613517519258,1.0271153757429292
2026-09-03T19:05:00+00:00,0.9988613517519258,1.0271153757429292
2026-09-03T19:10:00+00:00,0.9988613517519258,1.0271153757429292
2026-09-03T19:15:00+00:00,0.9988613517519258,1.0271153757429292
2026-09-03T19:20:00+00:00,0.9988613517519258,1.0271153757429292
2026-09-03T19:25:00+00:00,0.9988613517519258,1.0271153757429292
2026-09-03T19:30:00+00:00,0.9988613517519258,1.0271153757429292
2026-09-03T19:35:00+00:00,0.9988613517519258,1.0271153757429292
2026-09-03T19:40:00+00:00,0.9988613517519258,1.0271153757429292
2026-09-03T19:45:00+00:00,0.9988613517519258,1.0271153757429292
2026-09-03T19:50:00+00:00,0.9988613517519258,1.0271153757429292
2026-09-03T19:55:00+00:00,0.9988613517519258,1.0271153757429292
2026-09-03T20:00:00+00:00,0.9988613517519258,1.0271153757429292
2026-09-03T20:05:00+00:00,0.9988613517519258,1.0271153757429292
2026-09-03T20:10:00+00:00,0.9988613517519258,1.0271153757429292
2026-09-03T20:15:00+00:00,0.9988613517519258,1.0271153757429292
2026-09-03T20:20:00+00:00,0.9988613517519258,1.0271153757429292
2026-09-03T20:25:00+00:00,0.9988613517519258,1.0271153757429292
2026-09-03T20:30:00+00:00,0.9988613517519258,1.0271153757429292
2026-09-03T20:35:00+00:00,0.9988613517519258,1.0271153757429292
2026-09-03T20:40:00+00:00,0.9988613517519258,1.0271153757429292
2026-09-03T20:45:00+00:00,0.9988613517519258,1.0271153757429292
2026-09-03T20:50:00+00:00,0.9988613517519258,1.0271153757429292
2026-09-03T20:55:00+00:00,0.9988613517519258,1.0271153757429292
2026-09-03T21:00:00+00:00,0.9988613517519258,1.0271153757429292
2026-09-03T21:05:00+00:00,0.9988613517519258,1.0271153757429292
2026-09-03T21:10:00+00:00,0.9988613517519258,1.0271153757429292
2026-09-03T21:15:00+00:00,0.9988613517519258,1.0271153757429292
2026-09-03T21:20:00+00:00,0.9988613517519258,1.0271153757429292
2026-09-03T21:25:00+00:00,0.9988613517519258,1.0271153757429292
2026-09-03T21:30:00+00:00,0.9988613517519258,1.0271153757429292
2026-09-03T21:35:00+00:00,0.9988613517519258,1.0271153757429292
2026-09-03T21:40:00+00:00,0.9988613517519258,1.0271153757429292
2026-09-03T21:45:00+00:00,0.9988613517519258,1.0271153757429292
2026-09-03T21:50:00+00:00,0.9988613517519258,1.0274818536362722
2026-09-03T21:55:00+00:00,0.9988613517519258,1.0274818536362722
2026-09-03T22:00:00+00:00,0.9988613517519258,1.0281534902175653
2026-09-03T22:05:00+00:00,0.9988613517519258,1.0281534902175653
2026-09-03T22:10:00+00:00,0.9988613517519258,1.0281534902175653
2026-09-03T22:15:00+00:00,0.9988613517519258,1.0275433101046765
2026-09-03T22:20:00+00:00,0.9988613517519258,1.0275433101046765
2026-09-03T22:25:00+00:00,0.9988613517519258,1.0275433101046765
2026-09-03T22:30:00+00:00,0.9988613517519258,1.0275433101046765
2026-09-03T22:35:00+00:00,0.9988613517519258,1.026756320605731
2026-09-03T22:40:00+00:00,0.9988613517519258,1.027238440572277
2026-09-03T22:45:00+00:00,0.9988613517519258,1.027238440572277
2026-09-03T22:50:00+00:00,0.9988613517519258,1.026764518437982
2026-09-03T22:55:00+00:00,0.9988613517519258,1.026764518437982
2026-09-03T23:00:00+00:00,0.9988613517519258,1.026764518437982
2026-09-03T23:05:00+00:00,0.9988613517519258,1.0273609461036095
2026-09-03T23:10:00+00:00,0.9988613517519258,1.0273609461036095
2026-09-03T23:15:00+00:00,0.9988613517519258,1.0273609461036095
2026-09-03T23:20:00+00:00,0.9988613517519258,1.0273609461036095
2026-09-03T23:25:00+00:00,0.9988613517519258,1.0273609461036095
2026-09-03T23:30:00+00:00,0.9988613517519258,1.0269334896947455
2026-09-03T23:35:00+00:00,0.9988613517519258,1.0269334896947455
2026-09-03T23:40:00+00:00,0.9988613517519258,1.0269334896947455
2026-09-03T23:45:00+00:00,0.9988613517519258,1.0269334896947455
2026-09-03T23:50:00+00:00,0.9988613517519258,1.0272389428445654
2026-09-03T23:55:00+00:00,0.9988613517519258,1.0272389428445654
2026-09-04T00:00:00+00:00,0.9988613517519258,1.027849580462528
2026-09-04T08:05:00+00:00,0.9988613517519258,1.0285828131760584
2026-09-04T08:10:00+00:00,0.9988613517519258,1.028277849106687
2026-09-04T08:15:00+00:00,0.9988613517519258,1.0279727945650037
2026-09-04T08:20:00+00:00,0.9988613517519258,1.0283999976973923
2026-09-04T08:25:00+00:00,0.9988613517519258,1.0283999976973923
2026-09-04T08:30:00+00:00,0.9988613517519258,1.0280949793091796
2026-09-04T08:35:00+00:00,0.9988613517519258,1.0281498989127753
2026-09-04T08:40:00+00:00,0.9988613517519258,1.0277898896305533
2026-09-04T08:45:00+00:00,0.9988613517519258,1.0276678061986486
2026-09-04T08:50:00+00:00,0.9988613517519258,1.0276067590437121
2026-09-04T08:55:00+00:00,0.9988613517519258,1.0276067916989502
2026-09-04T09:00:00+00:00,0.9988613517519258,1.027668452990515
2026-09-04T09:05:00+00:00,0.9988613517519258,1.0277288896401364
2026-09-04T09:10:00+00:00,0.9988613517519258,1.0274236719846244
2026-09-04T09:15:00+00:00,0.9988613517519258,1.026813055277157
2026-09-04T09:20:00+00:00,0.9988613517519258,1.0266297612651476
2026-09-04T09:25:00+00:00,0.9988613517519258,1.0262631077789814
2026-09-04T09:30:00+00:00,0.9988613517519258,1.026079715515261
2026-09-04T09:35:00+00:00,0.9988613517519258,1.0265077072926778
2026-09-04T09:40:00+00:00,0.9988613517519258,1.0266910558948377
2026-09-04T09:45:00+00:00,0.9988613517519258,1.0266910558948377
2026-09-04T09:50:00+00:00,0.9988613517519258,1.0267521611832495
2026-09-04T09:55:00+00:00,0.9988613517519258,1.0265688562270754
2026-09-04T10:00:00+00:00,0.9988613517519258,1.0265688562270754
2026-09-04T10:05:00+00:00,0.9988613517519258,1.0264588536112158
2026-09-04T10:10:00+00:00,0.9988613517519258,1.0268133168284657
2026-09-04T10:15:00+00:00,0.9988613517519258,1.0271188069262962
2026-09-04T10:20:00+00:00,0.9988613517519258,1.0271188069262962
2026-09-04T10:25:00+00:00,0.9988613517519258,1.0271188069262962
2026-09-04T10:30:00+00:00,0.9988613517519258,1.0271188069262962
2026-09-04T10:35:00+00:00,0.9988613517519258,1.0271188069262962
2026-09-04T10:40:00+00:00,0.9988613517519258,1.0271188069262962
2026-09-04T10:45:00+00:00,0.9988613517519258,1.0271188069262962
2026-09-04T10:50:00+00:00,0.9988613517519258,1.0271188069262962
2026-09-04T10:55:00+00:00,0.9988613517519258,1.0274242061909629
2026-09-04T11:00:00+00:00,0.9988613517519258,1.0274242061909629
2026-09-04T11:05:00+00:00,0.9988613517519258,1.0271188976784849
2026-09-04T11:10:00+00:00,0.9988613517519258,1.0269967343291462
2026-09-04T11:15:00+00:00,0.9988613517519258,1.0269967343291462
2026-09-04T11:20:00+00:00,0.9988613517519258,1.0265691244587973
2026-09-04T11:25:00+00:00,0.9988613517519258,1.0266913496194663
2026-09-04T11:30:00+00:00,0.9988613517519258,1.0266913496194663
2026-09-04T11:35:00+00:00,0.9988613517519258,1.0266913496194663
2026-09-04T11:40:00+00:00,0.9988613517519258,1.0266913496194663
2026-09-04T11:45:00+00:00,0.9988613517519258,1.02663031701471
2026-09-04T11:50:00+00:00,0.9988613517519258,1.0265692153412773
2026-09-04T11:55:00+00:00,0.9988613517519258,1.0266040495151518
2026-09-04T12:00:00+00:00,0.9988613517519258,1.0263248089755217
2026-09-04T12:05:00+00:00,0.9988613517519258,1.0262728716470002
2026-09-04T12:10:00+00:00,0.9988613517519258,1.0268138743044506
2026-09-04T12:15:00+00:00,0.9988613517519258,1.0262028937770766
2026-09-04T12:20:00+00:00,0.9988613517519258,1.0265697004828231
2026-09-04T12:25:00+00:00,0.9988613517519258,1.0265697004828231
2026-09-04T12:30:00+00:00,0.9988613517519258,1.0273030518583317
2026-09-04T12:35:00+00:00,0.9988613517519258,1.018692320059971
2026-09-04T12:40:00+00:00,0.9988613517519258,1.017886111930008
2026-09-04T12:45:00+00:00,0.9988613517519258,1.0183847669138648
2026-09-04T12:50:00+00:00,0.9988613517519258,1.0180767497692245
2026-09-04T12:55:00+00:00,0.9988613517519258,1.019247661285303
2026-09-04T13:00:00+00:00,0.9988613517519258,1.0193086019293827
2026-09-04T13:05:00+00:00,0.9988613517519258,1.0171548790395295
2026-09-04T13:10:00+00:00,0.9988613517519258,1.017037681085001
2026-09-04T13:15:00+00:00,0.9988613517519258,1.0174633437604197
2026-09-04T13:20:00+00:00,0.9988613517519258,1.0178949948759544
2026-09-04T13:25:00+00:00,0.9988613517519258,1.019558573109735
2026-09-04T13:30:00+00:00,0.9988613517519258,1.0204201025655255
2026-09-04T13:35:00+00:00,0.9988613517519258,1.020327890383843
2026-09-04T13:40:00+00:00,0.9988613517519258,1.0196822503750231
2026-09-04T13:45:00+00:00,0.9988613517519258,1.0215293390198423
2026-09-04T13:50:00+00:00,0.9988613517519258,1.0222037050390862
2026-09-04T13:55:00+00:00,0.9988613517519258,1.021344456132034
2026-09-04T14:00:00+00:00,0.9988613517519258,1.0203616641774518
2026-09-04T14:05:00+00:00,0.9988613517519258,1.0206691233451037
2026-09-04T14:10:00+00:00,0.9988613517519258,1.0215295631688392
2026-09-04T14:15:00+00:00,0.9988613517519258,1.0227272439337378
2026-09-04T14:20:00+00:00,0.9988613517519258,1.0225738747231425
2026-09-04T14:25:00+00:00,0.9988613517519258,1.0222364026415154
2026-09-04T14:30:00+00:00,0.9988613517519258,1.0222057527481891
2026-09-04T14:35:00+00:00,0.9988613517519258,1.023310574625784
2026-09-04T14:40:00+00:00,0.9988613517519258,1.0222069782666543
2026-09-04T14:45:00+00:00,0.9988613517519258,1.0220842247397353
2026-09-04T14:50:00+00:00,0.9988613517519258,1.0219614629191778
2026-09-04T14:55:00+00:00,0.9988613517519258,1.0208564083430716
2026-09-04T15:00:00+00:00,0.9988613517519258,1.0220235061773708
2026-09-04T15:05:00+00:00,0.9988613517519258,1.022279496600038
2026-09-04T15:10:00+00:00,0.9988613517519258,1.02300616066952
2026-09-04T15:15:00+00:00,0.9988613517519258,1.0238034042135216
2026-09-04T15:20:00+00:00,0.9988613517519258,1.0242936590581315
2026-09-04T15:25:00+00:00,0.9988613517519258,1.0238036405820252
2026-09-04T15:30:00+00:00,0.9988613517519258,1.0234972143819032
2026-09-04T15:35:00+00:00,0.9988613517519258,1.0234359115224887
2026-09-04T15:40:00+00:00,0.9988613517519258,1.0233439567743552
2026-09-04T15:45:00+00:00,0.9988613517519258,1.0237431197759916
2026-09-04T15:50:00+00:00,0.9988613517519258,1.023803796866861
2026-09-04T15:55:00+00:00,0.9988613517519258,1.0233748584403988
2026-09-04T16:00:00+00:00,0.9988613517519258,1.0230070439457344
2026-09-04T16:05:00+00:00,0.9988613517519258,1.023344344354591
2026-09-04T16:10:00+00:00,0.9988613517519258,1.0227619729296995
2026-09-04T16:15:00+00:00,0.9988613517519258,1.0233754531249717
2026-09-04T16:20:00+00:00,0.9988613517519258,1.023682009911241
2026-09-04T16:25:00+00:00,0.9988613517519258,1.02318553899758
2026-09-04T16:30:00+00:00,0.9988613517519258,1.0228237609859525
2026-09-04T16:35:00+00:00,0.9988613517519258,1.02319182755311
2026-09-04T16:40:00+00:00,0.9988613517519258,1.0231918312276294
2026-09-04T16:45:00+00:00,0.9988613517519258,1.0232838099576116
2026-09-04T16:50:00+00:00,0.9988613517519258,1.0234800175309753
2026-09-04T16:55:00+00:00,0.9988613517519258,1.0230079923615993
2026-09-04T17:00:00+00:00,0.9988613517519258,1.0231306524328776
2026-09-04T17:05:00+00:00,0.9988613517519258,1.0226707091015226
2026-09-04T17:10:00+00:00,0.9988613517519258,1.0226400608891846
2026-09-04T17:15:00+00:00,0.9988613517519258,1.0227627651194113
2026-09-04T17:20:00+00:00,0.9988613517519258,1.0232872583857613
2026-09-04T17:25:00+00:00,0.9988613517519258,1.02264040642343
2026-09-04T17:30:00+00:00,0.9988613517519258,1.022149630738218
2026-09-04T17:35:00+00:00,0.9988613517519258,1.0215972012928105
2026-09-04T17:40:00+00:00,0.9988613517519258,1.0214682387008085
2026-09-04T17:45:00+00:00,0.9988613517519258,1.0207987043241136
2026-09-04T17:50:00+00:00,0.9988613517519258,1.0211367411929624
2026-09-04T17:55:00+00:00,0.9988613517519258,1.0210439608524364
2026-09-04T18:00:00+00:00,0.9988613517519258,1.0207988079840353
2026-09-04T18:05:00+00:00,0.9988613517519258,1.0203071270259467
2026-09-04T18:10:00+00:00,0.9988613517519258,1.0208605565588436
2026-09-04T18:15:00+00:00,0.9988613517519258,1.0211063924815806
2026-09-04T18:20:00+00:00,0.9988613517519258,1.0210756714275917
2026-09-04T18:25:00+00:00,0.9988613517519258,1.0216286707367794
2026-09-04T18:30:00+00:00,0.9988613517519258,1.0216593834774086
2026-09-04T18:35:00+00:00,0.9988613517519258,1.0217515004750417
2026-09-04T18:40:00+00:00,0.9988613517519258,1.0214481497681274
2026-09-04T18:45:00+00:00,0.9988613517519258,1.0215366024289942
2026-09-04T18:50:00+00:00,0.9988613517519258,1.0216594423282763
2026-09-04T18:55:00+00:00,0.9988613517519258,1.0217822674595975
2026-09-04T19:00:00+00:00,0.9988613517519258,1.0216594543230846
2026-09-04T19:05:00+00:00,0.9988613517519258,1.0216287480398938
2026-09-04T19:10:00+00:00,0.9988613517519258,1.0217822840705582
2026-09-04T19:15:00+00:00,0.9988613517519258,1.0221814067052921
2026-09-04T19:20:00+00:00,0.9988613517519258,1.0222734789413195
2026-09-04T19:25:00+00:00,0.9988613517519258,1.0224269236919448
2026-09-04T19:30:00+00:00,0.9988613517519258,1.0229792220121674
2026-09-04T19:35:00+00:00,0.9988613517519258,1.023255231355753
2026-09-04T19:40:00+00:00,0.9988613517519258,1.0230712762775713
2026-09-04T19:45:00+00:00,0.9988613517519258,1.0231019402050465
2026-09-04T19:50:00+00:00,0.9988613517519258,1.0228873064973176
2026-09-04T19:55:00+00:00,0.9988613517519258,1.0230713158074893
2026-09-04T20:00:00+00:00,0.9988613517519258,1.02294866009285
2026-09-04T20:05:00+00:00,0.9988613517519258,1.0226419840345418
2026-09-04T20:10:00+00:00,0.9988613517519258,1.0226419840345418
2026-09-04T20:15:00+00:00,0.9988613517519258,1.0226358486734664
2026-09-04T20:20:00+00:00,0.9988613517519258,1.0224579221348018
2026-09-04T20:25:00+00:00,0.9988613517519258,1.0224579221348018
2026-09-04T20:30:00+00:00,0.9988613517519258,1.0223351928199376
2026-09-04T20:35:00+00:00,0.9988613517519258,1.0223756983564523
2026-09-04T20:40:00+00:00,0.9988613517519258,1.0224579336119008
2026-09-04T20:45:00+00:00,0.9988613517519258,1.0223965689537797
2026-09-04T20:50:00+00:00,0.9988613517519258,1.0223965689537797
2026-09-04T20:55:00+00:00,0.9988613517519258,1.0223965689537797
2026-09-04T21:00:00+00:00,0.9988613517519258,1.0223965689537797
2026-09-04T21:05:00+00:00,0.9988613517519258,1.0223965689537797
2026-09-04T21:10:00+00:00,0.9988613517519258,1.0223965689537797
2026-09-04T21:15:00+00:00,0.9988613517519258,1.0211673610740593
2026-09-04T21:20:00+00:00,0.9988613517519258,1.0211673610740593
2026-09-04T21:25:00+00:00,0.9988613517519258,1.0211673610740593
2026-09-04T21:30:00+00:00,0.9988613517519258,1.0211673610740593
2026-09-04T21:35:00+00:00,0.9988613517519258,1.0211673610740593
2026-09-04T21:40:00+00:00,0.9988613517519258,1.0211673610740593
2026-09-04T21:45:00+00:00,0.9988613517519258,1.0211673610740593
2026-09-04T21:50:00+00:00,0.9988613517519258,1.0211673610740593
2026-09-04T21:55:00+00:00,0.9988613517519258,1.0211673610740593
2026-09-04T22:00:00+00:00,0.9988613517519258,1.0211673610740593
2026-09-04T22:05:00+00:00,0.9988613517519258,1.0211673610740593
2026-09-04T22:10:00+00:00,0.9988613517519258,1.0211673610740593
2026-09-04T22:15:00+00:00,0.9988613517519258,1.0230124733821095
2026-09-04T22:20:00+00:00,0.9988613517519258,1.0230124733821095
2026-09-04T22:25:00+00:00,0.9988613517519258,1.0230124733821095
2026-09-04T22:30:00+00:00,0.9988613517519258,1.0224604882346011
2026-09-04T22:35:00+00:00,0.9988613517519258,1.023074136349014
2026-09-04T22:40:00+00:00,0.9988613517519258,1.023074136349014
2026-09-04T22:45:00+00:00,0.9988613517519258,1.022522184111444
2026-09-04T22:50:00+00:00,0.9988613517519258,1.022522184111444
2026-09-04T22:55:00+00:00,0.9988613517519258,1.022522184111444
2026-09-04T23:00:00+00:00,0.9988613517519258,1.022522184111444
2026-09-04T23:05:00+00:00,0.9988613517519258,1.022522184111444
2026-09-04T23:10:00+00:00,0.9988613517519258,1.022522184111444
2026-09-04T23:15:00+00:00,0.9988613517519258,1.022522184111444
2026-09-04T23:20:00+00:00,0.9988613517519258,1.022399461813783
2026-09-04T23:25:00+00:00,0.9988613517519258,1.022399461813783
2026-09-04T23:30:00+00:00,0.9988613517519258,1.022399461813783
2026-09-04T23:35:00+00:00,0.9988613517519258,1.022399461813783
2026-09-04T23:40:00+00:00,0.9988613517519258,1.022399461813783
2026-09-04T23:45:00+00:00,0.9988613517519258,1.022399461813783
2026-09-04T23:50:00+00:00,0.9988613517519258,1.022399461813783
2026-09-04T23:55:00+00:00,0.9988613517519258,1.0227658318490187
2026-09-05T00:00:00+00:00,0.9988613517519258,1.0223995930060203
2026-09-08T08:05:00+00:00,0.9988613517519258,1.01767706475338
2026-09-08T08:10:00+00:00,0.9988613517519258,1.01767706475338
2026-09-08T08:15:00+00:00,0.9988613517519258,1.017615409775508
2026-09-08T08:20:00+00:00,0.9988613517519258,1.0178620446300342
2026-09-08T08:25:00+00:00,0.9988613517519258,1.0178620446300342
2026-09-08T08:30:00+00:00,0.9988613517519258,1.0178620446300342
2026-09-08T08:35:00+00:00,0.9988613517519258,1.0178620446300342
2026-09-08T08:40:00+00:00,0.9988613517519258,1.0178620446300342
2026-09-08T08:45:00+00:00,0.9988613517519258,1.0179236884069618
2026-09-08T08:50:00+00:00,0.9988613517519258,1.0181702485833957
2026-09-08T08:55:00+00:00,0.9988613517519258,1.0181702485833957
2026-09-08T09:00:00+00:00,0.9988613517519258,1.0181702485833957
2026-09-08T09:05:00+00:00,0.9988613517519258,1.0181702485833957
2026-09-08T09:10:00+00:00,0.9988613517519258,1.0181702485833957
2026-09-08T09:15:00+00:00,0.9988613517519258,1.0181702485833957
2026-09-08T09:20:00+00:00,0.9988613517519258,1.0181702485833957
2026-09-08T09:25:00+00:00,0.9988613517519258,1.0181702485833957
2026-09-08T09:30:00+00:00,0.9988613517519258,1.0181702485833957
2026-09-08T09:35:00+00:00,0.9988613517519258,1.0181702485833957
2026-09-08T09:40:00+00:00,0.9988613517519258,1.0184783741882206
2026-09-08T09:45:00+00:00,0.9988613517519258,1.018971170173675
2026-09-08T09:50:00+00:00,0.9988613517519258,1.018971170173675
2026-09-08T09:55:00+00:00,0.9988613517519258,1.018971170173675
2026-09-08T10:00:00+00:00,0.9988613517519258,1.018971170173675
2026-09-08T10:05:00+00:00,0.9988613517519258,1.018971170173675
2026-09-08T10:10:00+00:00,0.9988613517519258,1.018971170173675
2026-09-08T10:15:00+00:00,0.9988613517519258,1.018971170173675
2026-09-08T10:20:00+00:00,0.9988613517519258,1.018971170173675
2026-09-08T10:25:00+00:00,0.9988613517519258,1.019279053655115
2026-09-08T10:30:00+00:00,0.9988613517519258,1.019279053655115
2026-09-08T10:35:00+00:00,0.9988613517519258,1.0184787983285348
2026-09-08T10:40:00+00:00,0.9988613517519258,1.0184787983285348
2026-09-08T10:45:00+00:00,0.9988613517519258,1.0184787983285348
2026-09-08T10:50:00+00:00,0.9988613517519258,1.0184787983285348
2026-09-08T10:55:00+00:00,0.9988613517519258,1.0184787983285348
2026-09-08T11:00:00+00:00,0.9988613517519258,1.0184787983285348
2026-09-08T11:05:00+00:00,0.9988613517519258,1.0183555853115582
2026-09-08T11:10:00+00:00,0.9988613517519258,1.0186636551280248
2026-09-08T11:15:00+00:00,0.9988613517519258,1.017986106439767
2026-09-08T11:20:00+00:00,0.9988613517519258,1.0188490154667806
2026-09-08T11:25:00+00:00,0.9988613517519258,1.0188490154667806
2026-09-08T11:30:00+00:00,0.9988613517519258,1.0188490154667806
2026-09-08T11:35:00+00:00,0.9988613517519258,1.019280104871294
2026-09-08T11:40:00+00:00,0.9988613517519258,1.019445696336574
2026-09-08T11:45:00+00:00,0.9988613517519258,1.0194032281005936
2026-09-08T11:50:00+00:00,0.9988613517519258,1.0194032281005936
2026-09-08T11:55:00+00:00,0.9988613517519258,1.0194032281005936
2026-09-08T12:00:00+00:00,0.9988613517519258,1.019587880297448
2026-09-08T12:05:00+00:00,0.9988613517519258,1.0192801823615785
2026-09-08T12:10:00+00:00,0.9988613517519258,1.0190339496807326
2026-09-08T12:15:00+00:00,0.9988613517519258,1.01854136529418
2026-09-08T12:20:00+00:00,0.9988613517519258,1.0171861028025582
2026-09-08T12:25:00+00:00,0.9988613517519258,1.0181730632419057
2026-09-08T12:30:00+00:00,0.9988613517519258,1.0184195644071985
2026-09-08T12:35:00+00:00,0.9988613517519258,1.0190356681969184
2026-09-08T12:40:00+00:00,0.9988613517519258,1.0190356681969184
2026-09-08T12:45:00+00:00,0.9988613517519258,1.018244453191702
2026-09-08T12:50:00+00:00,0.9988613517519258,1.0186049362409793
2026-09-08T12:55:00+00:00,0.9988613517519258,1.0191592995760455
2026-09-08T13:00:00+00:00,0.9988613517519258,1.0191592995760455
2026-09-08T13:05:00+00:00,0.9988613517519258,1.0193439968032247
2026-09-08T13:10:00+00:00,0.9988613517519258,1.0191593330356878
2026-09-08T13:15:00+00:00,0.9988613517519258,1.019344030268931
2026-09-08T13:20:00+00:00,0.9988613517519258,1.0197256687343699
2026-09-08T13:25:00+00:00,0.9988613517519258,1.0193441730459871
2026-09-08T13:30:00+00:00,0.9988613517519258,1.018851736247414
2026-09-08T13:35:00+00:00,0.9988613517519258,1.0186663598254095
2026-09-08T13:40:00+00:00,0.9988613517519258,1.0189749636858951
2026-09-08T13:45:00+00:00,0.9988613517519258,1.01848105687875
2026-09-08T13:50:00+00:00,0.9988613517519258,1.0191292023563134
2026-09-08T13:55:00+00:00,0.9988613517519258,1.01928251134943
2026-09-08T14:00:00+00:00,0.9988613517519258,1.018328972538581
2026-09-08T14:05:00+00:00,0.9988613517519258,1.0189759618966379
2026-09-08T14:10:00+00:00,0.9988613517519258,1.0188220324543285
2026-09-08T14:15:00+00:00,0.9988613517519258,1.0181136858110722
2026-09-08T14:20:00+00:00,0.9988613517519258,1.0187607565311019
2026-09-08T14:25:00+00:00,0.9988613517519258,1.0189763160660996
2026-09-08T14:30:00+00:00,0.9988613517519258,1.0183913582711703
2026-09-08T14:35:00+00:00,0.9988613517519258,1.0184837750073956
2026-09-08T14:40:00+00:00,0.9988613517519258,1.018298961099845
2026-09-08T14:45:00+00:00,0.9988613517519258,1.018514624077205
2026-09-08T14:50:00+00:00,0.9988613517519258,1.0180217479612395
2026-09-08T14:55:00+00:00,0.9988613517519258,1.0181759133211215
2026-09-08T15:00:00+00:00,0.9988613517519258,1.018576635567818
2026-09-08T15:05:00+00:00,0.9988613517519258,1.0191925782156221
2026-09-08T15:10:00+00:00,0.9988613517519258,1.0191617961987627
2026-09-08T15:15:00+00:00,0.9988613517519258,1.0193465784214042
2026-09-08T15:20:00+00:00,0.9988613517519258,1.019500466452367
2026-09-08T15:25:00+00:00,0.9988613517519258,1.0186387817727496
2026-09-08T15:30:00+00:00,0.9988613517519258,1.018669585074613
2026-09-08T15:35:00+00:00,0.9988613517519258,1.0191931205420992
2026-09-08T15:40:00+00:00,0.9988613517519258,1.0187621860212603
2026-09-08T15:45:00+00:00,0.9988613517519258,1.0188237835897966
2026-09-08T15:50:00+00:00,0.9988613517519258,1.018485036059412
2026-09-08T15:55:00+00:00,0.9988613517519258,1.0185164597974776
2026-09-08T16:00:00+00:00,0.9988613517519258,1.0182392576117956
2026-09-08T16:05:00+00:00,0.9988613517519258,1.0179859764176584
2026-09-08T16:10:00+00:00,0.9988613517519258,1.0166672258688216
2026-09-08T16:15:00+00:00,0.9988613517519258,1.0171918069752457
2026-09-08T16:20:00+00:00,0.9988613517519258,1.0171301290852337
2026-09-08T16:25:00+00:00,0.9988613517519258,1.0178463397110633
2026-09-08T16:30:00+00:00,0.9988613517519258,1.0180861275216506
2026-09-08T16:35:00+00:00,0.9988613517519258,1.0182093946261201
2026-09-08T16:40:00+00:00,0.9988613517519258,1.0181785827648944
2026-09-08T16:45:00+00:00,0.9988613517519258,1.0181175808173828
2026-09-08T16:50:00+00:00,0.9988613517519258,1.0181169656731373
2026-09-08T16:55:00+00:00,0.9988613517519258,1.0181477859478385
2026-09-08T17:00:00+00:00,0.9988613517519258,1.0180861584564065
2026-09-08T17:05:00+00:00,0.9988613517519258,1.019040686340121
2026-09-08T17:10:00+00:00,0.9988613517519258,1.0185487141348384
2026-09-08T17:15:00+00:00,0.9988613517519258,1.0183639191814655
2026-09-08T17:20:00+00:00,0.9988613517519258,1.0184563408272012
2026-09-08T17:25:00+00:00,0.9988613517519258,1.0182407041680879
2026-09-08T17:30:00+00:00,0.9988613517519258,1.0181174565865263
2026-09-08T17:35:00+00:00,0.9988613517519258,1.0178709574698497
2026-09-08T17:40:00+00:00,0.9988613517519258,1.0176860170522155
2026-09-08T17:45:00+00:00,0.9988613517519258,1.0172235595517303
2026-09-08T17:50:00+00:00,0.9988613517519258,1.017346946309156
2026-09-08T17:55:00+00:00,0.9988613517519258,1.0175936440877944
2026-09-08T18:00:00+00:00,0.9988613517519258,1.0176861526008933
2026-09-08T18:05:00+00:00,0.9988613517519258,1.0174395239498504
2026-09-08T18:10:00+00:00,0.9988613517519258,1.0170694711781716
2026-09-08T18:15:00+00:00,0.9988613517519258,1.017347098671921
2026-09-08T18:20:00+00:00,0.9988613517519258,1.0171620769459797
2026-09-08T18:25:00+00:00,0.9988613517519258,1.0172546079130136
2026-09-08T18:30:00+00:00,0.9988613517519258,1.0171312445116174
2026-09-08T18:35:00+00:00,0.9988613517519258,1.0170078708227395
2026-09-08T18:40:00+00:00,0.9988613517519258,1.0170078708227395
2026-09-08T18:45:00+00:00,0.9988613517519258,1.0171621124920587
2026-09-08T18:50:00+00:00,0.9988613517519258,1.0171621124920587
2026-09-08T18:55:00+00:00,0.9988613517519258,1.0171621124920587
2026-09-08T19:00:00+00:00,0.9988613517519258,1.0171621124920587
2026-09-08T19:05:00+00:00,0.9988613517519258,1.0171621124920587
2026-09-08T19:10:00+00:00,0.9988613517519258,1.0171621124920587
2026-09-08T19:15:00+00:00,0.9988613517519258,1.0171621124920587
2026-09-08T19:20:00+00:00,0.9988613517519258,1.0171621124920587
2026-09-08T19:25:00+00:00,0.9988613517519258,1.0171621124920587
2026-09-08T19:30:00+00:00,0.9988613517519258,1.0171621124920587
2026-09-08T19:35:00+00:00,0.9988613517519258,1.0171621124920587
2026-09-08T19:40:00+00:00,0.9988613517519258,1.0171621124920587
2026-09-08T19:45:00+00:00,0.9988613517519258,1.0171621124920587
2026-09-08T19:50:00+00:00,0.9988613517519258,1.0171621124920587
2026-09-08T19:55:00+00:00,0.9988613517519258,1.0171621124920587
2026-09-08T20:00:00+00:00,0.9988613517519258,1.0171621124920587
2026-09-08T20:05:00+00:00,0.9988613517519258,1.0171621124920587
2026-09-08T20:10:00+00:00,0.9988613517519258,1.0171621124920587
2026-09-08T20:15:00+00:00,0.9988613517519258,1.0171621124920587
2026-09-08T20:20:00+00:00,0.9988613517519258,1.0171621124920587
2026-09-08T20:25:00+00:00,0.9988613517519258,1.0171621124920587
2026-09-08T20:30:00+00:00,0.9988613517519258,1.0171621124920587
2026-09-08T20:35:00+00:00,0.9988613517519258,1.0171621124920587
2026-09-08T20:40:00+00:00,0.9988613517519258,1.0171621124920587
2026-09-08T20:45:00+00:00,0.9988613517519258,1.0171621124920587
2026-09-08T20:50:00+00:00,0.9988613517519258,1.0171621124920587
2026-09-08T20:55:00+00:00,0.9988613517519258,1.0171621124920587
2026-09-08T21:00:00+00:00,0.9988613517519258,1.0171621124920587
2026-09-08T21:05:00+00:00,0.9988613517519258,1.0171621124920587
2026-09-08T21:10:00+00:00,0.9988613517519258,1.0171621124920587
2026-09-08T21:15:00+00:00,0.9988613517519258,1.0171621124920587
2026-09-08T21:20:00+00:00,0.9988613517519258,1.0171621124920587
2026-09-08T21:25:00+00:00,0.9988613517519258,1.0171621124920587
2026-09-08T21:30:00+00:00,0.9988613517519258,1.0171621124920587
2026-09-08T21:35:00+00:00,0.9988613517519258,1.0171621124920587
2026-09-08T21:40:00+00:00,0.9988613517519258,1.0171621124920587
2026-09-08T21:45:00+00:00,0.9988613517519258,1.0171621124920587
2026-09-08T21:50:00+00:00,0.9988613517519258,1.0171621124920587
2026-09-08T21:55:00+00:00,0.9988613517519258,1.0171621124920587
2026-09-08T22:00:00+00:00,0.9988613517519258,1.0171621124920587
2026-09-08T22:05:00+00:00,0.9988613517519258,1.0171621124920587
2026-09-08T22:10:00+00:00,0.9988613517519258,1.0171621124920587
2026-09-08T22:15:00+00:00,0.9988613517519258,1.0171621124920587
2026-09-08T22:20:00+00:00,0.9988613517519258,1.0171621124920587
2026-09-08T22:25:00+00:00,0.9988613517519258,1.0171621124920587
2026-09-08T22:30:00+00:00,0.9988613517519258,1.0171621124920587
2026-09-08T22:35:00+00:00,0.9988613517519258,1.0171621124920587
2026-09-08T22:40:00+00:00,0.9988613517519258,1.0171621124920587
2026-09-08T22:45:00+00:00,0.9988613517519258,1.0171621124920587
2026-09-08T22:50:00+00:00,0.9988613517519258,1.0171621124920587
2026-09-08T22:55:00+00:00,0.9988613517519258,1.0171621124920587
2026-09-08T23:00:00+00:00,0.9988613517519258,1.0171621124920587
2026-09-08T23:05:00+00:00,0.9988613517519258,1.0171621124920587
2026-09-08T23:10:00+00:00,0.9988613517519258,1.0171621124920587
2026-09-08T23:15:00+00:00,0.9988613517519258,1.0171621124920587
2026-09-08T23:20:00+00:00,0.9988613517519258,1.0171621124920587
2026-09-08T23:25:00+00:00,0.9988613517519258,1.0171621124920587
2026-09-08T23:30:00+00:00,0.9988613517519258,1.0171621124920587
2026-09-08T23:35:00+00:00,0.9988613517519258,1.0171621124920587
2026-09-08T23:40:00+00:00,0.9988613517519258,1.0171621124920587
2026-09-08T23:45:00+00:00,0.9988613517519258,1.0171621124920587
2026-09-08T23:50:00+00:00,0.9988613517519258,1.0171621124920587
2026-09-08T23:55:00+00:00,0.9988613517519258,1.0171621124920587
2026-09-09T00:00:00+00:00,0.9988613517519258,1.0171621124920587
2026-09-09T08:05:00+00:00,0.9988613517519258,1.0171621124920587
2026-09-09T08:10:00+00:00,0.9988613517519258,1.0171621124920587
2026-09-09T08:15:00+00:00,0.9988613517519258,1.0171621124920587
2026-09-09T08:20:00+00:00,0.9988613517519258,1.0171621124920587
2026-09-09T08:25:00+00:00,0.9988613517519258,1.0171621124920587
2026-09-09T08:30:00+00:00,0.9988613517519258,1.0171621124920587
2026-09-09T08:35:00+00:00,0.9988613517519258,1.0171621124920587
2026-09-09T08:40:00+00:00,0.9988613517519258,1.0171621124920587
2026-09-09T08:45:00+00:00,0.9988613517519258,1.0171621124920587
2026-09-09T08:50:00+00:00,0.9988613517519258,1.0171621124920587
2026-09-09T08:55:00+00:00,0.9988613517519258,1.0171621124920587
2026-09-09T09:00:00+00:00,0.9988613517519258,1.0171621124920587
2026-09-09T09:05:00+00:00,0.9988613517519258,1.0171621124920587
2026-09-09T09:10:00+00:00,0.9988613517519258,1.0171621124920587
2026-09-09T09:15:00+00:00,0.9988613517519258,1.0171621124920587
2026-09-09T09:20:00+00:00,0.9988613517519258,1.0171621124920587
2026-09-09T09:25:00+00:00,0.9988613517519258,1.0171621124920587
2026-09-09T09:30:00+00:00,0.9988613517519258,1.0171621124920587
2026-09-09T09:35:00+00:00,0.9988613517519258,1.0171621124920587
2026-09-09T09:40:00+00:00,0.9988613517519258,1.0171621124920587
2026-09-09T09:45:00+00:00,0.9988613517519258,1.0171621124920587
2026-09-09T09:50:00+00:00,0.9988613517519258,1.0171621124920587
2026-09-09T09:55:00+00:00,0.9988613517519258,1.0171621124920587
2026-09-09T10:00:00+00:00,0.9988613517519258,1.0171621124920587
2026-09-09T10:05:00+00:00,0.9988613517519258,1.0171621124920587
2026-09-09T10:10:00+00:00,0.9988613517519258,1.0171621124920587
2026-09-09T10:15:00+00:00,0.9988613517519258,1.0171621124920587
2026-09-09T10:20:00+00:00,0.9988613517519258,1.0171621124920587
2026-09-09T10:25:00+00:00,0.9988613517519258,1.0171621124920587
2026-09-09T10:30:00+00:00,0.9988613517519258,1.0171621124920587
2026-09-09T10:35:00+00:00,0.9988613517519258,1.0171621124920587
2026-09-09T10:40:00+00:00,0.9988613517519258,1.0171621124920587
2026-09-09T10:45:00+00:00,0.9988613517519258,1.0171621124920587
2026-09-09T10:50:00+00:00,0.9988613517519258,1.0171621124920587
2026-09-09T10:55:00+00:00,0.9988613517519258,1.0171621124920587
2026-09-09T11:00:00+00:00,0.9988613517519258,1.0171621124920587
2026-09-09T11:05:00+00:00,0.9988613517519258,1.0171621124920587
2026-09-09T11:10:00+00:00,0.9988613517519258,1.0171621124920587
2026-09-09T11:15:00+00:00,0.9988613517519258,1.0171621124920587
2026-09-09T11:20:00+00:00,0.9988613517519258,1.0171621124920587
2026-09-09T11:25:00+00:00,0.9988613517519258,1.0171621124920587
2026-09-09T11:30:00+00:00,0.9988613517519258,1.0171621124920587
2026-09-09T11:35:00+00:00,0.9988613517519258,1.0171621124920587
2026-09-09T11:40:00+00:00,0.9988613517519258,1.0171621124920587
2026-09-09T11:45:00+00:00,0.9988613517519258,1.0171621124920587
2026-09-09T11:50:00+00:00,0.9988613517519258,1.0171621124920587
2026-09-09T11:55:00+00:00,0.9988613517519258,1.0171621124920587
2026-09-09T12:00:00+00:00,0.9988613517519258,1.0171621124920587
2026-09-09T12:05:00+00:00,0.9988613517519258,1.0171621124920587
2026-09-09T12:10:00+00:00,0.9988613517519258,1.0171621124920587
2026-09-09T12:15:00+00:00,0.9988613517519258,1.0171621124920587
2026-09-09T12:20:00+00:00,0.9988613517519258,1.0171621124920587
2026-09-09T12:25:00+00:00,0.9988613517519258,1.0171621124920587
2026-09-09T12:30:00+00:00,0.9988613517519258,1.0171621124920587
2026-09-09T12:35:00+00:00,0.9988613517519258,1.0171621124920587
2026-09-09T12:40:00+00:00,0.9988613517519258,1.0171621124920587
2026-09-09T12:45:00+00:00,0.9988613517519258,1.0171621124920587
2026-09-09T12:50:00+00:00,0.9988613517519258,1.0171621124920587
2026-09-09T12:55:00+00:00,0.9988613517519258,1.0171621124920587
2026-09-09T13:00:00+00:00,0.9988613517519258,1.0171621124920587
2026-09-09T13:05:00+00:00,0.9988613517519258,1.0171621124920587
2026-09-09T13:10:00+00:00,0.9988613517519258,1.0171621124920587
2026-09-09T13:15:00+00:00,0.9988613517519258,1.0171621124920587
2026-09-09T13:20:00+00:00,0.9988613517519258,1.0171621124920587
2026-09-09T13:25:00+00:00,0.9988613517519258,1.0171621124920587
2026-09-09T13:30:00+00:00,0.9988613517519258,1.0171621124920587
2026-09-09T13:35:00+00:00,0.9988613517519258,1.0171621124920587
2026-09-09T13:40:00+00:00,0.9988613517519258,1.0171621124920587
2026-09-09T13:45:00+00:00,0.9988613517519258,1.0171621124920587
2026-09-09T13:50:00+00:00,0.9988613517519258,1.0171621124920587
2026-09-09T13:55:00+00:00,0.9988613517519258,1.0171621124920587
2026-09-09T14:00:00+00:00,0.9988613517519258,1.0171621124920587
2026-09-09T14:05:00+00:00,0.9988613517519258,1.0171621124920587
2026-09-09T14:10:00+00:00,0.9988613517519258,1.0171621124920587
2026-09-09T14:15:00+00:00,0.9988613517519258,1.0171621124920587
2026-09-09T14:20:00+00:00,0.9988613517519258,1.0171621124920587
2026-09-09T14:25:00+00:00,0.9988613517519258,1.0171621124920587
2026-09-09T14:30:00+00:00,0.9988613517519258,1.0171621124920587
2026-09-09T14:35:00+00:00,0.9988613517519258,1.0171621124920587
2026-09-09T14:40:00+00:00,0.9988613517519258,1.0171621124920587
2026-09-09T14:45:00+00:00,0.9988613517519258,1.0171621124920587
2026-09-09T14:50:00+00:00,0.9988613517519258,1.0171621124920587
2026-09-09T14:55:00+00:00,0.9988613517519258,1.0171621124920587
2026-09-09T15:00:00+00:00,0.9988613517519258,1.0171621124920587
2026-09-09T15:05:00+00:00,0.9988613517519258,1.0171621124920587
2026-09-09T15:10:00+00:00,0.9988613517519258,1.0171621124920587
2026-09-09T15:15:00+00:00,0.9988613517519258,1.0171621124920587
2026-09-09T15:20:00+00:00,0.9988613517519258,1.0171621124920587
2026-09-09T15:25:00+00:00,0.9988613517519258,1.0171621124920587
2026-09-09T15:30:00+00:00,0.9988613517519258,1.0171621124920587
2026-09-09T15:35:00+00:00,0.9988613517519258,1.0171621124920587
2026-09-09T15:40:00+00:00,0.9988613517519258,1.0171621124920587
2026-09-09T15:45:00+00:00,0.9988613517519258,1.0171621124920587
2026-09-09T15:50:00+00:00,0.9988613517519258,1.0171621124920587
2026-09-09T15:55:00+00:00,0.9988613517519258,1.0171621124920587
2026-09-09T16:00:00+00:00,0.9988613517519258,1.0171621124920587
2026-09-09T16:05:00+00:00,0.9988613517519258,1.0171621124920587
2026-09-09T16:10:00+00:00,0.9988613517519258,1.0171621124920587
2026-09-09T16:15:00+00:00,0.9988613517519258,1.0171621124920587
2026-09-09T16:20:00+00:00,0.9988613517519258,1.0171621124920587
2026-09-09T16:25:00+00:00,0.9988613517519258,1.0171621124920587
2026-09-09T16:30:00+00:00,0.9988613517519258,1.0171621124920587
2026-09-09T16:35:00+00:00,0.9988613517519258,1.0171621124920587
2026-09-09T16:40:00+00:00,0.9988613517519258,1.0171621124920587
2026-09-09T16:45:00+00:00,0.9988613517519258,1.0171621124920587
2026-09-09T16:50:00+00:00,0.9988613517519258,1.0171621124920587
2026-09-09T16:55:00+00:00,0.9988613517519258,1.0171621124920587
2026-09-09T17:00:00+00:00,0.9988613517519258,1.0171621124920587
2026-09-09T17:05:00+00:00,0.9988613517519258,1.0171621124920587
2026-09-09T17:10:00+00:00,0.9988613517519258,1.0171621124920587
2026-09-09T17:15:00+00:00,0.9988613517519258,1.0171621124920587
2026-09-09T17:20:00+00:00,0.9988613517519258,1.0171621124920587
2026-09-09T17:25:00+00:00,0.9988613517519258,1.0171621124920587
2026-09-09T17:30:00+00:00,0.9988613517519258,1.0171621124920587
2026-09-09T17:35:00+00:00,0.9988613517519258,1.0171621124920587
2026-09-09T17:40:00+00:00,0.9988613517519258,1.0171621124920587
2026-09-09T17:45:00+00:00,0.9988613517519258,1.0171621124920587
2026-09-09T17:50:00+00:00,0.9988613517519258,1.0171621124920587
2026-09-09T17:55:00+00:00,0.9988613517519258,1.0171621124920587
2026-09-09T18:00:00+00:00,0.9988613517519258,1.0171621124920587
2026-09-09T18:05:00+00:00,0.9988613517519258,1.0171621124920587
2026-09-09T18:10:00+00:00,0.9988613517519258,1.0171621124920587
2026-09-09T18:15:00+00:00,0.9988613517519258,1.0171621124920587
2026-09-09T18:20:00+00:00,0.9988613517519258,1.0171621124920587
2026-09-09T18:25:00+00:00,0.9988613517519258,1.0171621124920587
2026-09-09T18:30:00+00:00,0.9988613517519258,1.0171621124920587
2026-09-09T18:35:00+00:00,0.9988613517519258,1.0171621124920587
2026-09-09T18:40:00+00:00,0.9988613517519258,1.0171621124920587
2026-09-09T18:45:00+00:00,0.9988613517519258,1.0171621124920587
2026-09-09T18:50:00+00:00,0.9988613517519258,1.0171621124920587
2026-09-09T18:55:00+00:00,0.9988613517519258,1.0171621124920587
2026-09-09T19:00:00+00:00,0.9988613517519258,1.0171621124920587
2026-09-09T19:05:00+00:00,0.9988613517519258,1.0171621124920587
2026-09-09T19:10:00+00:00,0.9988613517519258,1.0171621124920587
2026-09-09T19:15:00+00:00,0.9988613517519258,1.0171621124920587
2026-09-09T19:20:00+00:00,0.9988613517519258,1.0171621124920587
2026-09-09T19:25:00+00:00,0.9988613517519258,1.0171621124920587
2026-09-09T19:30:00+00:00,0.9988613517519258,1.0171621124920587
2026-09-09T19:35:00+00:00,0.9988613517519258,1.0171621124920587
2026-09-09T19:40:00+00:00,0.9988613517519258,1.0171621124920587
2026-09-09T19:45:00+00:00,0.9988613517519258,1.0171621124920587
2026-09-09T19:50:00+00:00,0.9988613517519258,1.0171621124920587
2026-09-09T19:55:00+00:00,0.9988613517519258,1.0171621124920587
2026-09-09T20:00:00+00:00,0.9988613517519258,1.0171621124920587
2026-09-09T20:05:00+00:00,0.9988613517519258,1.0171621124920587
2026-09-09T20:10:00+00:00,0.9988613517519258,1.0171621124920587
2026-09-09T20:15:00+00:00,0.9988613517519258,1.0171621124920587
2026-09-09T20:20:00+00:00,0.9988613517519258,1.0171621124920587
2026-09-09T20:25:00+00:00,0.9988613517519258,1.0171621124920587
2026-09-09T20:30:00+00:00,0.9988613517519258,1.0171621124920587
2026-09-09T20:35:00+00:00,0.9988613517519258,1.0171621124920587
2026-09-09T20:40:00+00:00,0.9988613517519258,1.0171621124920587
2026-09-09T20:45:00+00:00,0.9988613517519258,1.0171621124920587
2026-09-09T20:50:00+00:00,0.9988613517519258,1.0171621124920587
2026-09-09T20:55:00+00:00,0.9988613517519258,1.0171621124920587
2026-09-09T21:00:00+00:00,0.9988613517519258,1.0171621124920587
2026-09-09T21:05:00+00:00,0.9988613517519258,1.0171621124920587
2026-09-09T21:10:00+00:00,0.9988613517519258,1.0171621124920587
2026-09-09T21:15:00+00:00,0.9988613517519258,1.0171621124920587
2026-09-09T21:20:00+00:00,0.9988613517519258,1.0171621124920587
2026-09-09T21:25:00+00:00,0.9988613517519258,1.0171621124920587
2026-09-09T21:30:00+00:00,0.9988613517519258,1.0171621124920587
2026-09-09T21:35:00+00:00,0.9988613517519258,1.0171621124920587
2026-09-09T21:40:00+00:00,0.9988613517519258,1.0171621124920587
2026-09-09T21:45:00+00:00,0.9988613517519258,1.0171621124920587
2026-09-09T21:50:00+00:00,0.9988613517519258,1.0171621124920587
2026-09-09T21:55:00+00:00,0.9988613517519258,1.0171621124920587
2026-09-09T22:00:00+00:00,0.9988613517519258,1.0171621124920587
2026-09-09T22:05:00+00:00,0.9988613517519258,1.0171621124920587
2026-09-09T22:10:00+00:00,0.9988613517519258,1.0171621124920587
2026-09-09T22:15:00+00:00,0.9988613517519258,1.0171621124920587
2026-09-09T22:20:00+00:00,0.9988613517519258,1.0171621124920587
2026-09-09T22:25:00+00:00,0.9988613517519258,1.0171621124920587
2026-09-09T22:30:00+00:00,0.9988613517519258,1.0171621124920587
2026-09-09T22:35:00+00:00,0.9988613517519258,1.0171621124920587
2026-09-09T22:40:00+00:00,0.9988613517519258,1.0171621124920587
2026-09-09T22:45:00+00:00,0.9988613517519258,1.0171621124920587
2026-09-09T22:50:00+00:00,0.9988613517519258,1.0171621124920587
2026-09-09T22:55:00+00:00,0.9988613517519258,1.0171621124920587
2026-09-09T23:00:00+00:00,0.9988613517519258,1.0171621124920587
2026-09-09T23:05:00+00:00,0.9988613517519258,1.0171621124920587
2026-09-09T23:10:00+00:00,0.9988613517519258,1.0171621124920587
2026-09-09T23:15:00+00:00,0.9988613517519258,1.0171621124920587
2026-09-09T23:20:00+00:00,0.9988613517519258,1.0171621124920587
2026-09-09T23:25:00+00:00,0.9988613517519258,1.0171621124920587
2026-09-09T23:30:00+00:00,0.9988613517519258,1.0171621124920587
2026-09-09T23:35:00+00:00,0.9988613517519258,1.0171621124920587
2026-09-09T23:40:00+00:00,0.9988613517519258,1.0171621124920587
2026-09-09T23:45:00+00:00,0.9988613517519258,1.0171621124920587
2026-09-09T23:50:00+00:00,0.9988613517519258,1.0171621124920587
2026-09-09T23:55:00+00:00,0.9988613517519258,1.0171621124920587
2026-09-10T00:00:00+00:00,0.9988613517519258,1.0171621124920587
2026-09-10T08:05:00+00:00,0.9988613517519258,1.0171621124920587
2026-09-10T08:10:00+00:00,0.9988613517519258,1.0171621124920587
2026-09-10T08:15:00+00:00,0.9988613517519258,1.0171621124920587
2026-09-10T08:20:00+00:00,0.9988613517519258,1.0171621124920587
2026-09-10T08:25:00+00:00,0.9988613517519258,1.0171621124920587
2026-09-10T08:30:00+00:00,0.9988613517519258,1.0171621124920587
2026-09-10T08:35:00+00:00,0.9988613517519258,1.0171621124920587
2026-09-10T08:40:00+00:00,0.9988613517519258,1.0171621124920587
2026-09-10T08:45:00+00:00,0.9988613517519258,1.0171621124920587
2026-09-10T08:50:00+00:00,0.9988613517519258,1.0171621124920587
2026-09-10T08:55:00+00:00,0.9988613517519258,1.0171621124920587
2026-09-10T09:00:00+00:00,0.9988613517519258,1.0171621124920587
2026-09-10T09:05:00+00:00,0.9988613517519258,1.0171621124920587
2026-09-10T09:10:00+00:00,0.9988613517519258,1.0171621124920587
2026-09-10T09:15:00+00:00,0.9988613517519258,1.0171621124920587
2026-09-10T09:20:00+00:00,0.9988613517519258,1.0171621124920587
2026-09-10T09:25:00+00:00,0.9988613517519258,1.0171621124920587
2026-09-10T09:30:00+00:00,0.9988613517519258,1.0171621124920587
2026-09-10T09:35:00+00:00,0.9988613517519258,1.0171621124920587
2026-09-10T09:40:00+00:00,0.9988613517519258,1.0171621124920587
2026-09-10T09:45:00+00:00,0.9988613517519258,1.0171621124920587
2026-09-10T09:50:00+00:00,0.9988613517519258,1.0171621124920587
2026-09-10T09:55:00+00:00,0.9988613517519258,1.0171621124920587
2026-09-10T10:00:00+00:00,0.9988613517519258,1.0171621124920587
2026-09-10T10:05:00+00:00,0.9988613517519258,1.0171621124920587
2026-09-10T10:10:00+00:00,0.9988613517519258,1.0171621124920587
2026-09-10T10:15:00+00:00,0.9988613517519258,1.0171621124920587
2026-09-10T10:20:00+00:00,0.9988613517519258,1.0171621124920587
2026-09-10T10:25:00+00:00,0.9988613517519258,1.0171621124920587
2026-09-10T10:30:00+00:00,0.9988613517519258,1.0171621124920587
2026-09-10T10:35:00+00:00,0.9988613517519258,1.0171621124920587
2026-09-10T10:40:00+00:00,0.9988613517519258,1.0171621124920587
2026-09-10T10:45:00+00:00,0.9988613517519258,1.0171621124920587
2026-09-10T10:50:00+00:00,0.9988613517519258,1.0171621124920587
2026-09-10T10:55:00+00:00,0.9988613517519258,1.0171621124920587
2026-09-10T11:00:00+00:00,0.9988613517519258,1.0171621124920587
2026-09-10T11:05:00+00:00,0.9988613517519258,1.0171621124920587
2026-09-10T11:10:00+00:00,0.9988613517519258,1.0171621124920587
2026-09-10T11:15:00+00:00,0.9988613517519258,1.0171621124920587
2026-09-10T11:20:00+00:00,0.9988613517519258,1.0171621124920587
2026-09-10T11:25:00+00:00,0.9988613517519258,1.0171621124920587
2026-09-10T11:30:00+00:00,0.9988613517519258,1.0171621124920587
2026-09-10T11:35:00+00:00,0.9988613517519258,1.0171621124920587
2026-09-10T11:40:00+00:00,0.9988613517519258,1.0171621124920587
2026-09-10T11:45:00+00:00,0.9988613517519258,1.0171621124920587
2026-09-10T11:50:00+00:00,0.9988613517519258,1.0171621124920587
2026-09-10T11:55:00+00:00,0.9988613517519258,1.0171621124920587
2026-09-10T12:00:00+00:00,0.9988613517519258,1.0171621124920587
2026-09-10T12:05:00+00:00,0.9988613517519258,1.0171621124920587
2026-09-10T12:10:00+00:00,0.9988613517519258,1.0171621124920587
2026-09-10T12:15:00+00:00,0.9988613517519258,1.0171621124920587
2026-09-10T12:20:00+00:00,0.9988613517519258,1.0171621124920587
2026-09-10T12:25:00+00:00,0.9988613517519258,1.0171621124920587
2026-09-10T12:30:00+00:00,0.9988613517519258,1.0171621124920587
2026-09-10T12:35:00+00:00,0.9988613517519258,1.0171621124920587
2026-09-10T12:40:00+00:00,0.9988613517519258,1.0171621124920587
2026-09-10T12:45:00+00:00,0.9988613517519258,1.0171621124920587
2026-09-10T12:50:00+00:00,0.9988613517519258,1.0171621124920587
2026-09-10T12:55:00+00:00,0.9988613517519258,1.0171621124920587
2026-09-10T13:00:00+00:00,0.9988613517519258,1.0171621124920587
2026-09-10T13:05:00+00:00,0.9988613517519258,1.0171621124920587
2026-09-10T13:10:00+00:00,0.9988613517519258,1.0171621124920587
2026-09-10T13:15:00+00:00,0.9988613517519258,1.0171621124920587
2026-09-10T13:20:00+00:00,0.9988613517519258,1.0171621124920587
2026-09-10T13:25:00+00:00,0.9988613517519258,1.0171621124920587
2026-09-10T13:30:00+00:00,0.9988613517519258,1.0171621124920587
2026-09-10T13:35:00+00:00,0.9988613517519258,1.0171621124920587
2026-09-10T13:40:00+00:00,0.9988613517519258,1.0171621124920587
2026-09-10T13:45:00+00:00,0.9988613517519258,1.0171621124920587
2026-09-10T13:50:00+00:00,0.9988613517519258,1.0171621124920587
2026-09-10T13:55:00+00:00,0.9988613517519258,1.0171621124920587
2026-09-10T14:00:00+00:00,0.9988613517519258,1.0171621124920587
2026-09-10T14:05:00+00:00,0.9988613517519258,1.0171621124920587
2026-09-10T14:10:00+00:00,0.9988613517519258,1.0171621124920587
2026-09-10T14:15:00+00:00,0.9988613517519258,1.0171621124920587
2026-09-10T14:20:00+00:00,0.9988613517519258,1.0171621124920587
2026-09-10T14:25:00+00:00,0.9988613517519258,1.0171621124920587
2026-09-10T14:30:00+00:00,0.9988613517519258,1.0171621124920587
2026-09-10T14:35:00+00:00,0.9988613517519258,1.0171621124920587
2026-09-10T14:40:00+00:00,0.9988613517519258,1.0171621124920587
2026-09-10T14:45:00+00:00,0.9988613517519258,1.0171621124920587
2026-09-10T14:50:00+00:00,0.9988613517519258,1.0171621124920587
2026-09-10T14:55:00+00:00,0.9988613517519258,1.0171621124920587
2026-09-10T15:00:00+00:00,0.9988613517519258,1.0171621124920587
2026-09-10T15:05:00+00:00,0.9988613517519258,1.0171621124920587
2026-09-10T15:10:00+00:00,0.9988613517519258,1.0171621124920587
2026-09-10T15:15:00+00:00,0.9988613517519258,1.0171621124920587
2026-09-10T15:20:00+00:00,0.9988613517519258,1.0171621124920587
2026-09-10T15:25:00+00:00,0.9988613517519258,1.0171621124920587
2026-09-10T15:30:00+00:00,0.9988613517519258,1.0171621124920587
2026-09-10T15:35:00+00:00,0.9988613517519258,1.0171621124920587
2026-09-10T15:40:00+00:00,0.9988613517519258,1.0171621124920587
2026-09-10T15:45:00+00:00,0.9988613517519258,1.0171621124920587
2026-09-10T15:50:00+00:00,0.9988613517519258,1.0171621124920587
2026-09-10T15:55:00+00:00,0.9988613517519258,1.0171621124920587
2026-09-10T16:00:00+00:00,0.9988613517519258,1.0171621124920587
2026-09-10T16:05:00+00:00,0.9988613517519258,1.0171621124920587
2026-09-10T16:10:00+00:00,0.9998043625298619,1.0171621124920587
2026-09-10T16:15:00+00:00,0.9999263709473251,1.0171621124920587
2026-09-10T16:20:00+00:00,0.9998354352418878,1.0171621124920587
2026-09-10T16:25:00+00:00,0.9996517721855135,1.0171621124920587
2026-09-10T16:30:00+00:00,0.9994383554798519,1.0171621124920587
2026-09-10T16:35:00+00:00,1.0000173337332245,1.0171621124920587
2026-09-10T16:40:00+00:00,0.9997425787882721,1.0171621124920587
2026-09-10T16:45:00+00:00,1.0001391176742982,1.0171621124920587
2026-09-10T16:50:00+00:00,0.9997733183090338,1.0171621124920587
2026-09-10T16:55:00+00:00,0.999620191991516,1.0171621124920587
2026-09-10T17:00:00+00:00,0.999406644535109,1.0171621124920587
2026-09-10T17:05:00+00:00,0.999345638204507,1.0171621124920587
2026-09-10T17:10:00+00:00,0.9995588036171472,1.0171621124920587
2026-09-10T17:15:00+00:00,0.9994886293348497,1.0171621124920587
2026-09-10T17:20:00+00:00,0.9992234930294953,1.0171621124920587
2026-09-10T17:25:00+00:00,0.9994549624892659,1.0171621124920587
2026-09-10T17:30:00+00:00,0.9990710972954219,1.0171621124920587
2026-09-10T17:35:00+00:00,0.9993450989981175,1.0171621124920587
2026-09-10T17:40:00+00:00,0.9998936343626298,1.0171621124920587
2026-09-10T17:45:00+00:00,0.9998936092149903,1.0171621124920587
2026-09-10T17:50:00+00:00,1.00001563302038,1.0171621124920587
2026-09-10T17:55:00+00:00,0.9997104226637037,1.0171621124920587
2026-09-10T18:00:00+00:00,1.0005644300550605,1.0171621124920587
2026-09-10T18:05:00+00:00,1.000717292535761,1.0171621124920587
2026-09-10T18:10:00+00:00,1.0016655787761661,1.0171621124920587
2026-09-10T18:15:00+00:00,1.0018496210797005,1.0171621124920587
2026-09-10T18:20:00+00:00,1.0016961119679317,1.0171621124920587
2026-09-10T18:25:00+00:00,1.0015120471439594,1.0171621124920587
2026-09-10T18:30:00+00:00,1.002217226541724,1.0171621124920587
2026-09-10T18:35:00+00:00,1.0025859904098098,1.0171621124920587
2026-09-10T18:40:00+00:00,1.0026161030935539,1.0171621124920587
2026-09-10T18:45:00+00:00,1.0027090118666435,1.0171621124920587
2026-09-10T18:50:00+00:00,1.0029244515421856,1.0173182147192674
2026-09-10T18:55:00+00:00,1.0030784330158675,1.0174744061030403
2026-09-10T19:00:00+00:00,1.002831996266628,1.0172244325448205
2026-09-10T19:05:00+00:00,1.0047412857730371,1.019161123777202
2026-09-10T19:10:00+00:00,1.0037814978560102,1.0181875611835716
2026-09-10T19:15:00+00:00,1.004059348427478,1.0184693994086638
2026-09-10T19:20:00+00:00,1.0042446904133269,1.0186574013841527
2026-09-10T19:25:00+00:00,1.0031628518547453,1.0175600365035395
2026-09-10T19:30:00+00:00,1.0035018718093962,1.0179039220020827
2026-09-10T19:35:00+00:00,1.003471019512313,1.0178726269192473
2026-09-10T19:40:00+00:00,1.0036246383545835,1.0180284504671981
2026-09-10T19:45:00+00:00,1.0038409830193573,1.0182479000656133
2026-09-10T19:50:00+00:00,1.0039342057151546,1.0183424606741556
2026-09-10T19:55:00+00:00,1.0038717923646376,1.0182791515802103
2026-09-10T20:00:00+00:00,1.0038717923646376,1.0182791515802103
2026-09-10T20:05:00+00:00,1.0039953154103327,1.0184044474029714
2026-09-10T20:10:00+00:00,1.0040941612063796,1.018504711813329
2026-09-10T20:15:00+00:00,1.0039334744976653,1.0183417189623851
2026-09-10T20:20:00+00:00,1.0039334744976653,1.0183417189623851
2026-09-10T20:25:00+00:00,1.0046747495219066,1.019093632611631
2026-09-10T20:30:00+00:00,1.004489019656947,1.0189052371902707
2026-09-10T20:35:00+00:00,1.0046758840674042,1.0190947834398896
2026-09-10T20:40:00+00:00,1.004674645863854,1.0190935274658997
2026-09-10T20:45:00+00:00,1.004736555812453,1.0191563259332073
2026-09-10T20:50:00+00:00,1.004798133962503,1.019218787840062
2026-09-10T20:55:00+00:00,1.004921999610181,1.0193444311817585
2026-09-10T21:00:00+00:00,1.0047355128519302,1.019155268004332
2026-09-10T21:05:00+00:00,1.0047355128519302,1.019155268004332
2026-09-10T21:10:00+00:00,1.0043646045378776,1.0187790364912843
2026-09-10T21:15:00+00:00,1.0040553408956379,1.0184653343615604
2026-09-10T21:20:00+00:00,1.0040553408956379,1.0184653343615604
2026-09-10T21:25:00+00:00,1.0038699540158564,1.0182772868478305
2026-09-10T21:30:00+00:00,1.0038699540158564,1.0182772868478305
2026-09-10T21:35:00+00:00,1.0038699540158564,1.0182772868478305
2026-09-10T21:40:00+00:00,1.0038699540158564,1.0182772868478305
2026-09-10T21:45:00+00:00,1.0038699540158564,1.0182772868478305
2026-09-10T21:50:00+00:00,1.0038699540158564,1.0182772868478305
2026-09-10T21:55:00+00:00,1.0038699540158564,1.0182772868478305
2026-09-10T22:00:00+00:00,1.0043022838840803,1.018715821424423
2026-09-10T22:05:00+00:00,1.0040549187895276,1.018464906197471
2026-09-10T22:10:00+00:00,1.0040549187895276,1.018464906197471
2026-09-10T22:15:00+00:00,1.0040549187895276,1.018464906197471
2026-09-10T22:20:00+00:00,1.0041167143901424,1.018527588675696
2026-09-10T22:25:00+00:00,1.004240328413827,1.018652976782144
2026-09-10T22:30:00+00:00,1.0041166687255603,1.0185275423557454
2026-09-10T22:35:00+00:00,1.0046111247978122,1.0190290947587275
2026-09-10T22:40:00+00:00,1.0046111247978122,1.0190290947587275
2026-09-10T22:45:00+00:00,1.004858718420683,1.0192802417937883
2026-09-10T22:50:00+00:00,1.005044551003303,1.0194687414069914
2026-09-10T22:55:00+00:00,1.0043008081189888,1.0187143244794579
2026-09-10T23:00:00+00:00,1.0044863316672865,1.0189025106231424
2026-09-10T23:05:00+00:00,1.0044863316672865,1.0189025106231424
2026-09-10T23:10:00+00:00,1.0044863316672865,1.0189025106231424
2026-09-10T23:15:00+00:00,1.0044863316672865,1.0189025106231424
2026-09-10T23:20:00+00:00,1.0044863316672865,1.0189025106231424
2026-09-10T23:25:00+00:00,1.0044244562002624,1.0188397471322823
2026-09-10T23:30:00+00:00,1.0044244562002624,1.0188397471322823
2026-09-10T23:35:00+00:00,1.0044244562002624,1.0188397471322823
2026-09-10T23:40:00+00:00,1.0044244562002624,1.0188397471322823
2026-09-10T23:45:00+00:00,1.0044244562002624,1.0188397471322823
2026-09-10T23:50:00+00:00,1.0049193684723494,1.0193417622823846
2026-09-10T23:55:00+00:00,1.0050432796151945,1.0194674517721851
2026-09-11T00:00:00+00:00,1.005105258110484,1.019530319769951
2026-09-11T08:05:00+00:00,1.0010862078594138,1.0154535889454122
2026-09-11T08:10:00+00:00,1.0014537138094357,1.0158263692644083
2026-09-11T08:15:00+00:00,1.0014537138094357,1.0158263692644083
2026-09-11T08:20:00+00:00,1.0014537138094357,1.0158263692644083
2026-09-11T08:25:00+00:00,1.0003507912171345,1.0147076177564078
2026-09-11T08:30:00+00:00,1.0007787170569984,1.0151416850989412
2026-09-11T08:35:00+00:00,1.0002891591667908,1.0146451011756936
2026-09-11T08:40:00+00:00,1.0001669491290184,1.014521137204872
2026-09-11T08:45:00+00:00,1.0001058441238038,1.0144591552333289
2026-09-11T08:50:00+00:00,1.0001058441238038,1.0144591552333289
2026-09-11T08:55:00+00:00,1.0001058441238038,1.0144591552333289
2026-09-11T09:00:00+00:00,1.0011440585443034,1.015512269891302
2026-09-11T09:05:00+00:00,1.0011440585443034,1.015512269891302
2026-09-11T09:10:00+00:00,1.0011440585443034,1.015512269891302
2026-09-11T09:15:00+00:00,1.0011440585443034,1.015512269891302
2026-09-11T09:20:00+00:00,1.0011440585443034,1.015512269891302
2026-09-11T09:25:00+00:00,1.0011440585443034,1.015512269891302
2026-09-11T09:30:00+00:00,1.0011440585443034,1.015512269891302
2026-09-11T09:35:00+00:00,1.0016954167946337,1.0160715411205896
2026-09-11T09:40:00+00:00,1.0016954167946337,1.0160715411205896
2026-09-11T09:45:00+00:00,1.0016954167946337,1.0160715411205896
2026-09-11T09:50:00+00:00,1.0016954167946337,1.0160715411205896
2026-09-11T09:55:00+00:00,1.0016954167946337,1.0160715411205896
2026-09-11T10:00:00+00:00,1.0015113267278373,1.015884809031435
2026-09-11T10:05:00+00:00,1.0012044199548429,1.0155734975962538
2026-09-11T10:10:00+00:00,1.0012044199548429,1.0155734975962538
2026-09-11T10:15:00+00:00,1.0012044199548429,1.0155734975962538
2026-09-11T10:20:00+00:00,1.0012044199548429,1.0155734975962538
2026-09-11T10:25:00+00:00,1.0012044199548429,1.0155734975962538
2026-09-11T10:30:00+00:00,1.0012044199548429,1.0155734975962538
2026-09-11T10:35:00+00:00,1.0012044199548429,1.0155734975962538
2026-09-11T10:40:00+00:00,1.0012044199548429,1.0155734975962538
2026-09-11T10:45:00+00:00,1.0012044199548429,1.0155734975962538
2026-09-11T10:50:00+00:00,1.0012044199548429,1.0155734975962538
2026-09-11T10:55:00+00:00,1.0018171521579977,1.0161950236045747
2026-09-11T11:00:00+00:00,1.0021240814325558,1.0165063578642575
2026-09-11T11:05:00+00:00,1.0016989006450934,1.0160750749705467
2026-09-11T11:10:00+00:00,1.0021849048752935,1.0165680542323974
2026-09-11T11:15:00+00:00,1.0023692656009882,1.0167550608648905
2026-09-11T11:20:00+00:00,1.0023692656009882,1.0167550608648905
2026-09-11T11:25:00+00:00,1.002071051213909,1.0164525665669397
2026-09-11T11:30:00+00:00,1.002071051213909,1.0164525665669397
2026-09-11T11:35:00+00:00,1.002071051213909,1.0164525665669397
2026-09-11T11:40:00+00:00,1.0025723416850374,1.0169610514546696
2026-09-11T11:45:00+00:00,1.0025723416850374,1.0169610514546696
2026-09-11T11:50:00+00:00,1.0025723416850374,1.0169610514546696
2026-09-11T11:55:00+00:00,1.0026763188403691,1.0170665208685132
2026-09-11T12:00:00+00:00,1.0026763188403691,1.0170665208685132
2026-09-11T12:05:00+00:00,1.003107195476848,1.0175035813568807
2026-09-11T12:10:00+00:00,1.0032920659515028,1.0176911050541453
2026-09-11T12:15:00+00:00,1.003415381102185,1.0178161899982276
2026-09-11T12:20:00+00:00,1.003415381102185,1.0178161899982276
2026-09-11T12:25:00+00:00,1.0031069795220577,1.0175033623027525
2026-09-11T12:30:00+00:00,1.0018128864780744,1.0161906967044998
2026-09-11T12:35:00+00:00,1.0024267424134163,1.0168133625725784
2026-09-11T12:40:00+00:00,1.0006979173014858,1.015059725722139
2026-09-11T12:45:00+00:00,1.0000867059910283,1.014439742434051
2026-09-11T12:50:00+00:00,0.999353251178617,1.013695761230689
2026-09-11T12:55:00+00:00,0.9975251659630463,1.0118414397162425
2026-09-11T13:00:00+00:00,0.9963131062231155,1.010611984746964
2026-09-11T13:05:00+00:00,0.9961319583856204,1.0104282371133735
2026-09-11T13:10:00+00:00,0.9970372037131245,1.0113464743335783
2026-09-11T13:15:00+00:00,0.9963105334727352,1.0106093750730052
2026-09-11T13:20:00+00:00,0.9966728282121798,1.0109768693912136
2026-09-11T13:25:00+00:00,0.9969750700936124,1.0112834489852793
2026-09-11T13:30:00+00:00,0.9959465122472966,1.010240129490635
2026-09-11T13:35:00+00:00,0.9957048952873603,1.0099950448943322
2026-09-11T13:40:00+00:00,0.9965485488340396,1.0108508063812813
2026-09-11T13:45:00+00:00,0.9957634698277247,1.0100544600843198
2026-09-11T13:50:00+00:00,0.9961853150185592,1.0104823595096133
2026-09-11T13:55:00+00:00,0.9962730867826749,1.010571390955836
2026-09-11T14:00:00+00:00,0.9947964052470857,1.0090735163939142
2026-09-11T14:05:00+00:00,0.9961192291555137,1.0104153251960035
2026-09-11T14:10:00+00:00,0.9964512140438946,1.0107520746624683
2026-09-11T14:15:00+00:00,0.9970252341508,1.0113343329865843
2026-09-11T14:20:00+00:00,0.9970857479426276,1.0113957152597688
2026-09-11T14:25:00+00:00,0.9974485993304388,1.0117637742152452
2026-09-11T14:30:00+00:00,0.9978122003856575,1.0121325935972
2026-09-11T14:35:00+00:00,0.998297536042848,1.0126248946908203
2026-09-11T14:40:00+00:00,0.9988443375459868,1.0131795437754283
2026-09-11T14:45:00+00:00,0.9984191585897387,1.0127482627392133
2026-09-11T14:50:00+00:00,0.997416266554033,1.0117309774055558
2026-09-11T14:55:00+00:00,0.9975071445470983,1.0118231596606801
2026-09-11T15:00:00+00:00,0.9983557146433719,1.0126839082585208
2026-09-11T15:05:00+00:00,0.9985076232805117,1.0128379970568326
2026-09-11T15:10:00+00:00,0.9993585263512293,1.0137011121114816
2026-09-11T15:15:00+00:00,0.9993469386820628,1.013689358138497
2026-09-11T15:20:00+00:00,0.9993280478733254,1.0136701962128007
2026-09-11T15:25:00+00:00,0.9989928739276864,1.0133302119203913
2026-09-11T15:30:00+00:00,0.9984145212704135,1.0127435588660458
2026-09-11T15:35:00+00:00,0.9981106158194433,1.0124352918272383
2026-09-11T15:40:00+00:00,0.9979588350080353,1.0122813326891869
2026-09-11T15:45:00+00:00,0.9981712644506564,1.0124968108749952
2026-09-11T15:50:00+00:00,0.9981105188825098,1.0124351934990863
2026-09-11T15:55:00+00:00,0.9986264683545227,1.0129585477706335
2026-09-11T16:00:00+00:00,0.9987608508969975,1.013094858943414
2026-09-11T16:05:00+00:00,0.9982006700747862,1.012526638522528
2026-09-11T16:10:00+00:00,0.9987777275064731,1.0131119777624793
2026-09-11T16:15:00+00:00,0.9995077379103898,1.0138524651239122
2026-09-11T16:20:00+00:00,0.9997016158295403,1.0140491255386428
2026-09-11T16:25:00+00:00,1.0004528246975726,1.01481111560014
2026-09-11T16:30:00+00:00,1.0001165987468892,1.0144700642045283
2026-09-11T16:35:00+00:00,0.9990775746520809,1.0134161282519696
2026-09-11T16:40:00+00:00,0.9995648255759938,1.013910372099822
2026-09-11T16:45:00+00:00,0.9991684967210438,1.0135083552155595
2026-09-11T16:50:00+00:00,0.9993512157390361,1.0136936965789027
2026-09-11T16:55:00+00:00,0.9994730618133607,1.0138172913627488
2026-09-11T17:00:00+00:00,0.9994425473238414,1.0137863389356212
2026-09-11T17:05:00+00:00,0.9992596918060878,1.0136008591135004
2026-09-11T17:10:00+00:00,0.9991073842076538,1.013446365628085
2026-09-11T17:15:00+00:00,0.9989855604195179,1.0133227934502742
2026-09-11T17:20:00+00:00,0.998620322873816,1.012952314091265
2026-09-11T17:25:00+00:00,0.9986202534307435,1.01295224365156
2026-09-11T17:30:00+00:00,0.998802627611753,1.0131372352288917
2026-09-11T17:35:00+00:00,0.9985592444600007,1.0128903590927554
2026-09-11T17:40:00+00:00,0.9993495689246529,1.0136920261297815
2026-09-11T17:45:00+00:00,0.9993495243428093,1.0136919809081086
2026-09-11T17:50:00+00:00,0.9993799774487009,1.0137228710706434
2026-09-11T17:55:00+00:00,0.9992885595949277,1.0136301412068425
2026-09-11T18:00:00+00:00,0.9997454788742013,1.014093618096599
2026-09-11T18:05:00+00:00,0.9997454677025387,1.014093606764603
2026-09-11T18:10:00+00:00,1.0002943315734436,1.0146503478156506
2026-09-11T18:15:00+00:00,1.001088868000954,1.01545628726475
2026-09-11T18:20:00+00:00,1.0007825072659962,1.0151455297042296
2026-09-11T18:25:00+00:00,1.00084370971874,1.0152076105218484
2026-09-11T18:30:00+00:00,1.0007212823536367,1.0150834261046593
2026-09-11T18:35:00+00:00,1.001118941134431,1.0154867920015849
2026-09-11T18:40:00+00:00,1.0010882918644324,1.0154557028596365
2026-09-11T18:45:00+00:00,1.0011029939321134,1.0154706159283358
2026-09-11T18:50:00+00:00,1.0012720460341176,1.0156420942309548
2026-09-11T18:55:00+00:00,1.0012107452283945,1.015579913648815
2026-09-11T19:00:00+00:00,1.0010575030694102,1.0154244721902306
2026-09-11T19:05:00+00:00,1.0009350055355817,1.0153002165972693
2026-09-11T19:10:00+00:00,1.0009962388463556,1.0153623287157865
2026-09-11T19:15:00+00:00,1.000536902214895,1.014896399780507
2026-09-11T19:20:00+00:00,1.0007813986164715,1.0151444051435974
2026-09-11T19:25:00+00:00,1.0005672183367869,1.0149271509930757
2026-09-11T19:30:00+00:00,1.0010870542500108,1.0154544474832299
2026-09-11T19:35:00+00:00,1.0012094813864274,1.0155786316684505
2026-09-11T19:40:00+00:00,1.001117548590481,1.0154853794721335
2026-09-11T19:45:00+00:00,1.001164110810138,1.0155326099430846
2026-09-11T19:50:00+00:00,1.001515857755859,1.0155786024796498
2026-09-11T19:55:00+00:00,1.0013011263951606,1.0155786024796498
2026-09-11T20:00:00+00:00,1.0010865935776523,1.0155786024796498
2026-09-11T20:05:00+00:00,1.000841559531984,1.0155786024796498
2026-09-11T20:10:00+00:00,1.000841559531984,1.0155786024796498
2026-09-11T20:15:00+00:00,1.0009027730830258,1.0155786024796498
2026-09-11T20:20:00+00:00,1.0010864474358059,1.0155786024796498
2026-09-11T20:25:00+00:00,1.0010864474358059,1.0155786024796498
2026-09-11T20:30:00+00:00,1.0010864474358059,1.0155786024796498
2026-09-11T20:35:00+00:00,1.0010582685246676,1.0155786024796498
2026-09-11T20:40:00+00:00,1.0007801784074117,1.0155786024796498
2026-09-11T20:45:00+00:00,1.001147392269352,1.0155786024796498
2026-09-11T20:50:00+00:00,1.0009023133483559,1.0155786024796498
2026-09-11T20:55:00+00:00,1.0009023133483559,1.0155786024796498
2026-09-11T21:00:00+00:00,1.0010247628606324,1.0155786024796498
2026-09-11T21:05:00+00:00,1.000534785003138,1.0155786024796498
2026-09-11T21:10:00+00:00,1.000534785003138,1.0155786024796498
2026-09-11T21:15:00+00:00,1.000534785003138,1.0155786024796498
2026-09-11T21:20:00+00:00,1.0015200304424046,1.0155786024796498
2026-09-11T21:25:00+00:00,1.0015200304424046,1.0155786024796498
2026-09-11T21:30:00+00:00,1.0010839143619303,1.0155786024796498
2026-09-11T21:35:00+00:00,0.9993074222852875,1.0155786024796498
2026-09-11T21:40:00+00:00,0.9993074222852875,1.0155786024796498
2026-09-11T21:45:00+00:00,0.9993074222852875,1.0155786024796498
2026-09-11T21:50:00+00:00,1.001712462770507,1.0155786024796498
2026-09-11T21:55:00+00:00,1.001712462770507,1.0155786024796498
2026-09-11T22:00:00+00:00,1.001712462770507,1.0155786024796498
2026-09-11T22:05:00+00:00,1.001712462770507,1.0155786024796498
2026-09-11T22:10:00+00:00,1.001712462770507,1.0155786024796498
2026-09-11T22:15:00+00:00,1.001712462770507,1.0155786024796498
2026-09-11T22:20:00+00:00,1.001712462770507,1.0155786024796498
2026-09-11T22:25:00+00:00,1.0010070310224062,1.0148634058383905
2026-09-11T22:30:00+00:00,1.0010070310224062,1.0148634058383905
2026-09-11T22:35:00+00:00,1.0010070310224062,1.0148634058383905
2026-09-11T22:40:00+00:00,1.0010070310224062,1.0148634058383905
2026-09-11T22:45:00+00:00,0.9992921388987751,1.0131247754319126
2026-09-11T22:50:00+00:00,0.9992921388987751,1.0131247754319126
2026-09-11T22:55:00+00:00,0.9992921388987751,1.0131247754319126
2026-09-11T23:00:00+00:00,0.9992921388987751,1.0131247754319126
2026-09-11T23:05:00+00:00,0.9992921388987751,1.0131247754319126
2026-09-11T23:10:00+00:00,0.9992921388987751,1.0131247754319126
2026-09-11T23:15:00+00:00,1.0008154500861208,1.014669172955437
2026-09-11T23:20:00+00:00,1.0008154500861208,1.014669172955437
2026-09-11T23:25:00+00:00,1.0008154500861208,1.014669172955437
2026-09-11T23:30:00+00:00,1.0008154500861208,1.014669172955437
2026-09-11T23:35:00+00:00,1.0008154500861208,1.014669172955437
2026-09-11T23:40:00+00:00,1.0007542381319872,1.0146071136788035
2026-09-11T23:45:00+00:00,1.0007542381319872,1.0146071136788035
2026-09-11T23:50:00+00:00,1.0007542381319872,1.0146071136788035
2026-09-11T23:55:00+00:00,1.0007542381319872,1.0146071136788035
2026-09-12T00:00:00+00:00,1.0007542381319872,1.0146071136788035
2026-09-14T08:05:00+00:00,1.0049684319013068,1.018879642151682
2026-09-14T08:10:00+00:00,1.0046709279250186,1.0185780199959236
2026-09-14T08:15:00+00:00,1.0046709279250186,1.0185780199959236
2026-09-14T08:20:00+00:00,1.0052282527740894,1.019143059578022
2026-09-14T08:25:00+00:00,1.0049671142485939,1.018878306259447
2026-09-14T08:30:00+00:00,1.0050421098517817,1.0189543399844014
2026-09-14T08:35:00+00:00,1.0050421098517817,1.0189543399844014
2026-09-14T08:40:00+00:00,1.0050421098517817,1.0189543399844014
2026-09-14T08:45:00+00:00,1.005290084712342,1.0192057474208642
2026-09-14T08:50:00+00:00,1.0051722094246998,1.0190862404522083
2026-09-14T08:55:00+00:00,1.0057864235352556,1.019708956781699
2026-09-14T09:00:00+00:00,1.0059728183505885,1.0198979317551575
2026-09-14T09:05:00+00:00,1.0054133229010054,1.0193306915261502
2026-09-14T09:10:00+00:00,1.0052891977994127,1.0192048482309002
2026-09-14T09:15:00+00:00,1.0057855143621377,1.0197080350234111
2026-09-14T09:20:00+00:00,1.0078358554774052,1.0217867578524062
2026-09-14T09:25:00+00:00,1.0076479908136498,1.021596292684244
2026-09-14T09:30:00+00:00,1.00852268525012,1.0224830950216435
2026-09-14T09:35:00+00:00,1.008084197126098,1.0220385371542429
2026-09-14T09:40:00+00:00,1.0087723519087954,1.0227362176748271
2026-09-14T09:45:00+00:00,1.0082080448327801,1.0221640992147614
2026-09-14T09:50:00+00:00,1.0085835413113025,1.022544793478901
2026-09-14T09:55:00+00:00,1.0083955831410991,1.0223542335099336
2026-09-14T10:00:00+00:00,1.0080724757634905,1.022026653539435
2026-09-14T10:05:00+00:00,1.008770618088424,1.0227344598541601
2026-09-14T10:10:00+00:00,1.008770618088424,1.0227344598541601
2026-09-14T10:15:00+00:00,1.008770618088424,1.0227344598541601
2026-09-14T10:20:00+00:00,1.0077049270302894,1.0216540170367652
2026-09-14T10:25:00+00:00,1.0077674164837824,1.0217173714964598
2026-09-14T10:30:00+00:00,1.0077674164837824,1.0217173714964598
2026-09-14T10:35:00+00:00,1.0077674164837824,1.0217173714964598
2026-09-14T10:40:00+00:00,1.0072049067623514,1.0211470752707423
2026-09-14T10:45:00+00:00,1.0072049067623514,1.0211470752707423
2026-09-14T10:50:00+00:00,1.007204895164482,1.02114706351233
2026-09-14T10:55:00+00:00,1.007204895164482,1.02114706351233
2026-09-14T11:00:00+00:00,1.0069553090177432,1.0208940224855645
2026-09-14T11:05:00+00:00,1.006942103904376,1.020880634581273
2026-09-14T11:10:00+00:00,1.0070798923983983,1.0210203304035752
2026-09-14T11:15:00+00:00,1.0073917590812915,1.021336514080772
2026-09-14T11:20:00+00:00,1.007454190400025,1.0213998096009802
2026-09-14T11:25:00+00:00,1.007454190400025,1.0213998096009802
2026-09-14T11:30:00+00:00,1.0068922040535764,1.0208300439950295
2026-09-14T11:35:00+00:00,1.0070792196932594,1.021019648386559
2026-09-14T11:40:00+00:00,1.0070168463983447,1.0209564116933603
2026-09-14T11:45:00+00:00,1.0070168463983447,1.0209564116933603
2026-09-14T11:50:00+00:00,1.0072039315196721,1.0211460865283293
2026-09-14T11:55:00+00:00,1.0072039315196721,1.0211460865283293
2026-09-14T12:00:00+00:00,1.0082646716284465,1.0222215098631688
2026-09-14T12:05:00+00:00,1.0081394835639286,1.0220945888909982
2026-09-14T12:10:00+00:00,1.0081394835639286,1.0220945888909982
2026-09-14T12:15:00+00:00,1.0081394835639286,1.0220945888909982
2026-09-14T12:20:00+00:00,1.0081394835639286,1.0220945888909982
2026-09-14T12:25:00+00:00,1.0080975611797436,1.0220520861989328
2026-09-14T12:30:00+00:00,1.0080769154169664,1.0220311546485252
2026-09-14T12:35:00+00:00,1.0080769154169664,1.0220311546485252
2026-09-14T12:40:00+00:00,1.0089527424503433,1.0229191052607305
2026-09-14T12:45:00+00:00,1.0082627959026027,1.0222196081727117
2026-09-14T12:50:00+00:00,1.009076516808161,1.0230445929570577
2026-09-14T12:55:00+00:00,1.0101431938872396,1.0241260354443276
2026-09-14T13:00:00+00:00,1.0103949743443401,1.0243813011560534
2026-09-14T13:05:00+00:00,1.0103943975501335,1.0243807163776106
2026-09-14T13:10:00+00:00,1.0115282565997534,1.0255302707974858
2026-09-14T13:15:00+00:00,1.0102650503418462,1.0242495786889931
2026-09-14T13:20:00+00:00,1.0098740165620768,1.023853132049523
2026-09-14T13:25:00+00:00,1.009321389096389,1.023292854874032
2026-09-14T13:30:00+00:00,1.0093841812694073,1.0233565162436273
2026-09-14T13:35:00+00:00,1.0096977789212462,1.023674454850595
2026-09-14T13:40:00+00:00,1.010074915878171,1.0240568123013527
2026-09-14T13:45:00+00:00,1.0094455857125149,1.0234187706737508
2026-09-14T13:50:00+00:00,1.0092571391190401,1.0232277155205447
2026-09-14T13:55:00+00:00,1.0096651236314678,1.0236413475320887
2026-09-14T14:00:00+00:00,1.0096651206968046,1.0236413445568024
2026-09-14T14:05:00+00:00,1.0103251134720435,1.0243104732391692
2026-09-14T14:10:00+00:00,1.0098842534923462,1.0238635106838347
2026-09-14T14:15:00+00:00,1.0086579672093532,1.022620249612611
2026-09-14T14:20:00+00:00,1.0092532645508572,1.023223787318903
2026-09-14T14:25:00+00:00,1.010540485564634,1.0245288266059638
2026-09-14T14:30:00+00:00,1.0100049308560255,1.0239858585160833
2026-09-14T14:35:00+00:00,1.0098161920388706,1.0237945070941097
2026-09-14T14:40:00+00:00,1.0097533064869937,1.023730751053065
2026-09-14T14:45:00+00:00,1.0093442919034574,1.02331607471172
2026-09-14T14:50:00+00:00,1.0090617265630741,1.0230295979789639
2026-09-14T14:55:00+00:00,1.0091870845082687,1.0231566911833732
2026-09-14T15:00:00+00:00,1.0088373886893978,1.0228021547228408
2026-09-14T15:05:00+00:00,1.0096290026582886,1.0236047265566843
2026-09-14T15:10:00+00:00,1.0087774582059066,1.0227413946555244
2026-09-14T15:15:00+00:00,1.0091220306791389,1.0230907368508388
2026-09-14T15:20:00+00:00,1.0092475550792515,1.0232179988143077
2026-09-14T15:25:00+00:00,1.0089333749594216,1.0228994696765739
2026-09-14T15:30:00+00:00,1.0083688840745133,1.0223271648632524
2026-09-14T15:35:00+00:00,1.0072109535751665,1.0211532057861707
2026-09-14T15:40:00+00:00,1.0067429477420822,1.0206787216127369
2026-09-14T15:45:00+00:00,1.007023400678547,1.0209630567007604
2026-09-14T15:50:00+00:00,1.0077470215683828,1.0216966942657677
2026-09-14T15:55:00+00:00,1.0076157389267846,1.0215635943527295
2026-09-14T16:00:00+00:00,1.0078031906951574,1.0217536409100318
2026-09-14T16:05:00+00:00,1.0080225811689623,1.0219760682822219
2026-09-14T16:10:00+00:00,1.0070526473598063,1.0209927082273054
2026-09-14T16:15:00+00:00,1.0070214615352255,1.0209610907149733
2026-09-14T16:20:00+00:00,1.0065343360597119,1.0204672222367015
2026-09-14T16:25:00+00:00,1.0058063481874473,1.0197291572395946
2026-09-14T16:30:00+00:00,1.0063346289420454,1.0202647506862286
2026-09-14T16:35:00+00:00,1.0062418417460646,1.0201706790895135
2026-09-14T16:40:00+00:00,1.005992308825276,1.0199176920254749
2026-09-14T16:45:00+00:00,1.0056503460503354,1.0195709956530312
2026-09-14T16:50:00+00:00,1.0047494503126997,1.0186576293246563
2026-09-14T16:55:00+00:00,1.0044396560833044,1.0183435467887607
2026-09-14T17:00:00+00:00,1.0045634317648922,1.018469035827182
2026-09-14T17:05:00+00:00,1.0046284145640612,1.0185349181465282
2026-09-14T17:10:00+00:00,1.004749171645214,1.0186573467997342
2026-09-14T17:15:00+00:00,1.005058897037213,1.0189713595453567
2026-09-14T17:20:00+00:00,1.0051829018363538,1.019097080872876
2026-09-14T17:25:00+00:00,1.0050588597374255,1.018971321729249
2026-09-14T17:30:00+00:00,1.004996857340156,1.018908461067822
2026-09-14T17:35:00+00:00,1.00530681195937,1.0192227062137225
2026-09-14T17:40:00+00:00,1.0050585928444569,1.018971051141832
2026-09-14T17:45:00+00:00,1.0052135990821927,1.0191282030433466
2026-09-14T17:50:00+00:00,1.0053066342143664,1.0192225260082952
2026-09-14T17:55:00+00:00,1.0049033202332287,1.018813629179567
2026-09-14T18:00:00+00:00,1.005120228134605,1.019033539614481
2026-09-14T18:05:00+00:00,1.005182173115758,1.0190963420650125
2026-09-14T18:10:00+00:00,1.0051201478058038,1.0190334581737337
2026-09-14T18:15:00+00:00,1.004872092487984,1.0187819691662872
2026-09-14T18:20:00+00:00,1.0049650501283622,1.0188762135667653
2026-09-14T18:25:00+00:00,1.0053989460977015,1.0193161157128805
2026-09-14T18:30:00+00:00,1.0053368806031588,1.0192531910807605
2026-09-14T18:35:00+00:00,1.0050570747251923,1.0189695120081004
2026-09-14T18:40:00+00:00,1.0050576499995958,1.0189700952457026
2026-09-14T18:45:00+00:00,1.0052126656394744,1.0191272566795084
2026-09-14T18:50:00+00:00,1.0054298029193143,1.0193473996680427
2026-09-14T18:55:00+00:00,1.0055539568792184,1.0194732722210733
2026-09-14T19:00:00+00:00,1.0054608040306625,1.0193788299102613
2026-09-14T19:05:00+00:00,1.0056160079729055,1.019536182252995
2026-09-14T19:10:00+00:00,1.0059259155741769,1.0198503797301097
2026-09-14T19:15:00+00:00,1.0056157207009035,1.0195358910044492
2026-09-14T19:20:00+00:00,1.0061436652995048,1.020071143641869
2026-09-14T19:25:00+00:00,1.0067047911648839,1.020640036855597
2026-09-14T19:30:00+00:00,1.0067658437951095,1.0207019346028916
2026-09-14T19:35:00+00:00,1.0071085991117836,1.0210494344877765
2026-09-14T19:40:00+00:00,1.007264567809622,1.021207562172185
2026-09-14T19:45:00+00:00,1.0072957737259678,1.021239200054401
2026-09-14T19:50:00+00:00,1.0077639465930337,1.0217138535739738
2026-09-14T19:55:00+00:00,1.0079514753561112,1.021903978191775
2026-09-14T20:00:00+00:00,1.0082329270468888,1.022189325859303
2026-09-14T20:05:00+00:00,1.0084207032314643,1.0223797013235183
2026-09-14T20:10:00+00:00,1.0084207032314643,1.0223797013235183
2026-09-14T20:15:00+00:00,1.0077380684242836,1.0216876171883533
2026-09-14T20:20:00+00:00,1.0073843182247475,1.0213289702246546
2026-09-14T20:25:00+00:00,1.0073843182247475,1.0213289702246546
2026-09-14T20:30:00+00:00,1.006482767473643,1.0204149398158295
2026-09-14T20:35:00+00:00,1.006482767473643,1.0204149398158295
2026-09-14T20:40:00+00:00,1.006482767473643,1.0204149398158295
2026-09-14T20:45:00+00:00,1.006482767473643,1.0204149398158295
2026-09-14T20:50:00+00:00,1.0068563690948282,1.0207937129931923
2026-09-14T20:55:00+00:00,1.0068563690948282,1.0207937129931923
2026-09-14T21:00:00+00:00,1.0062953421432526,1.0202249200624756
2026-09-14T21:05:00+00:00,1.0063575743845725,1.0202880137495542
2026-09-14T21:10:00+00:00,1.0063575743845725,1.0202880137495542
2026-09-14T21:15:00+00:00,1.0063575743845725,1.0202880137495542
2026-09-14T21:20:00+00:00,1.0063575743845725,1.0202880137495542
2026-09-14T21:25:00+00:00,1.0063575743845725,1.0202880137495542
2026-09-14T21:30:00+00:00,1.0063575743845725,1.0202880137495542
2026-09-14T21:35:00+00:00,1.0063575743845725,1.0202880137495542
2026-09-14T21:40:00+00:00,1.0063575743845725,1.0202880137495542
2026-09-14T21:45:00+00:00,1.0059841116528612,1.019909381384234
2026-09-14T21:50:00+00:00,1.0062589231345365,1.0201879969259966
2026-09-14T21:55:00+00:00,1.0062589231345365,1.0201879969259966
2026-09-14T22:00:00+00:00,1.0066061415648218,1.0205400217048528
2026-09-14T22:05:00+00:00,1.0066061415648218,1.0205400217048528
2026-09-14T22:10:00+00:00,1.0066061415648218,1.0205400217048528
2026-09-14T22:15:00+00:00,1.0066684315488295,1.0206031739339188
2026-09-14T22:20:00+00:00,1.0067307330980033,1.0206663378882408
2026-09-14T22:25:00+00:00,1.0067307330980033,1.0206663378882408
2026-09-14T22:30:00+00:00,1.0070422986875978,1.0209822163042745
2026-09-14T22:35:00+00:00,1.006605701630072,1.020539575680335
2026-09-14T22:40:00+00:00,1.006605701630072,1.020539575680335
2026-09-14T22:45:00+00:00,1.006605701630072,1.020539575680335
2026-09-14T22:50:00+00:00,1.0069171514139923,1.020855336687662
2026-09-14T22:55:00+00:00,1.006730107980293,1.0206657041173794
2026-09-14T23:00:00+00:00,1.006917047217972,1.020855231049315
2026-09-14T23:05:00+00:00,1.006917047217972,1.020855231049315
2026-09-14T23:10:00+00:00,1.0072287862418787,1.021171285300414
2026-09-14T23:15:00+00:00,1.0072287862418787,1.021171285300414
2026-09-14T23:20:00+00:00,1.0072287862418787,1.021171285300414
2026-09-14T23:25:00+00:00,1.0075408149860674,1.0214876332822294
2026-09-14T23:30:00+00:00,1.0078531338995784,1.021804275450017
2026-09-14T23:35:00+00:00,1.0078531338995784,1.021804275450017
2026-09-14T23:40:00+00:00,1.0078531338995784,1.021804275450017
2026-09-14T23:45:00+00:00,1.0078531338995784,1.021804275450017
2026-09-14T23:50:00+00:00,1.0078531338995784,1.021804275450017
2026-09-14T23:55:00+00:00,1.0078531338995784,1.021804275450017
2026-09-15T00:00:00+00:00,1.0075080129753151,1.0214543772117735
2026-09-15T08:05:00+00:00,1.0104191455212692,1.0244058069209296
2026-09-15T08:10:00+00:00,1.0106081502248834,1.0245974279098786
2026-09-15T08:15:00+00:00,1.0104190394183292,1.0244056993492667
2026-09-15T08:20:00+00:00,1.0097890238057725,1.0237669627865098
2026-09-15T08:25:00+00:00,1.0097890238057725,1.0237669627865098
2026-09-15T08:30:00+00:00,1.0097890238057725,1.0237669627865098
2026-09-15T08:35:00+00:00,1.009537488365791,1.0235119454835364
2026-09-15T08:40:00+00:00,1.0097259990383354,1.0237030656028225
2026-09-15T08:45:00+00:00,1.010291847979266,1.0242767472709686
2026-09-15T08:50:00+00:00,1.010291847979266,1.0242767472709686
2026-09-15T08:55:00+00:00,1.010291847979266,1.0242767472709686
2026-09-15T09:00:00+00:00,1.010291847979266,1.0242767472709686
2026-09-15T09:05:00+00:00,1.010291847979266,1.0242767472709686
2026-09-15T09:10:00+00:00,1.010291847979266,1.0242767472709686
2026-09-15T09:15:00+00:00,1.010291847979266,1.0242767472709686
2026-09-15T09:20:00+00:00,1.0108492026017952,1.0248418170386626
2026-09-15T09:25:00+00:00,1.0103540067904073,1.0243397665114162
2026-09-15T09:30:00+00:00,1.0103540067904073,1.0243397665114162
2026-09-15T09:35:00+00:00,1.0103540067904073,1.0243397665114162
2026-09-15T09:40:00+00:00,1.0103540067904073,1.0243397665114162
2026-09-15T09:45:00+00:00,1.0103540067904073,1.0243397665114162
2026-09-15T09:50:00+00:00,1.009787099928742,1.0237650122783364
2026-09-15T09:55:00+00:00,1.009787099928742,1.0237650122783364
2026-09-15T10:00:00+00:00,1.009787099928742,1.0237650122783364
2026-09-15T10:05:00+00:00,1.009787099928742,1.0237650122783364
2026-09-15T10:10:00+00:00,1.009787099928742,1.0237650122783364
2026-09-15T10:15:00+00:00,1.0094726812278052,1.023446241256952
2026-09-15T10:20:00+00:00,1.0094726812278052,1.023446241256952
2026-09-15T10:25:00+00:00,1.0097239813724972,1.0237010200075762
2026-09-15T10:30:00+00:00,1.0097239813724972,1.0237010200075762
2026-09-15T10:35:00+00:00,1.0094724934568378,1.0234460508867773
2026-09-15T10:40:00+00:00,1.0094724934568378,1.0234460508867773
2026-09-15T10:45:00+00:00,1.0090327182854288,1.0230001881561197
2026-09-15T10:50:00+00:00,1.0090327182854288,1.0230001881561197
2026-09-15T10:55:00+00:00,1.0085307743887566,1.0224912961336567
2026-09-15T11:00:00+00:00,1.0085307743887566,1.0224912961336567
2026-09-15T11:05:00+00:00,1.0086560732798473,1.0226183294665097
2026-09-15T11:10:00+00:00,1.0085934004779782,1.022554789120451
2026-09-15T11:15:00+00:00,1.008453039567375,1.0224124852730585
2026-09-15T11:20:00+00:00,1.0081548971226564,1.022110215810912
2026-09-15T11:25:00+00:00,1.0081548971226564,1.022110215810912
2026-09-15T11:30:00+00:00,1.0082794417613472,1.0222364844506755
2026-09-15T11:35:00+00:00,1.0082794417613472,1.0222364844506755
2026-09-15T11:40:00+00:00,1.008593081009481,1.022554465229732
2026-09-15T11:45:00+00:00,1.008593081009481,1.022554465229732
2026-09-15T11:50:00+00:00,1.008279705483598,1.0222367518234843
2026-09-15T11:55:00+00:00,1.008279705483598,1.0222367518234843
2026-09-15T12:00:00+00:00,1.008279705483598,1.0222367518234843
2026-09-15T12:05:00+00:00,1.0082171027451474,1.0221732825106924
2026-09-15T12:10:00+00:00,1.0082171027451474,1.0221732825106924
2026-09-15T12:15:00+00:00,1.0082171027451474,1.0221732825106924
2026-09-15T12:20:00+00:00,1.0087898111192546,1.0227539185632735
2026-09-15T12:25:00+00:00,1.0095327807993457,1.0235071727529088
2026-09-15T12:30:00+00:00,1.0095327807993457,1.0235071727529088
2026-09-15T12:35:00+00:00,1.0095327807993457,1.0235071727529088
2026-09-15T12:40:00+00:00,1.0085273952340035,1.0224878702031734
2026-09-15T12:45:00+00:00,1.0087147164485488,1.0226777843994654
2026-09-15T12:50:00+00:00,1.0078377650848844,1.0217886938935037
2026-09-15T12:55:00+00:00,1.0077752441317154,1.0217253074981008
2026-09-15T13:00:00+00:00,1.0078377534509146,1.0217886820984914
2026-09-15T13:05:00+00:00,1.0074000137927783,1.0213448830575664
2026-09-15T13:10:00+00:00,1.0081492886263914,1.0221045296794018
2026-09-15T13:15:00+00:00,1.0078420252491627,1.021793013028829
2026-09-15T13:20:00+00:00,1.0078420252491627,1.021793013028829
2026-09-15T13:25:00+00:00,1.0077738763611774,1.0217239207942879
2026-09-15T13:30:00+00:00,1.007836385595538,1.0217872953086653
2026-09-15T13:35:00+00:00,1.0079614273307234,1.0219140679259493
2026-09-15T13:40:00+00:00,1.00796141568955,1.0219140561236337
2026-09-15T13:45:00+00:00,1.0075861508289061,1.0215335966835282
2026-09-15T13:50:00+00:00,1.0069612795852805,1.0209000757002953
2026-09-15T13:55:00+00:00,1.0069007920672475,1.0208387508877221
2026-09-15T14:00:00+00:00,1.0068989216563506,1.0208368545857838
2026-09-15T14:05:00+00:00,1.006961271234342,1.0209000672337594
2026-09-15T14:10:00+00:00,1.0069924503670902,1.02052073849934
2026-09-15T14:15:00+00:00,1.0069924503670902,1.020931343382999
2026-09-15T14:20:00+00:00,1.0069924503670902,1.0210894116531704
2026-09-15T14:25:00+00:00,1.0069924503670902,1.0216620920360273
2026-09-15T14:30:00+00:00,1.0069924503670902,1.0221334236075967
2026-09-15T14:35:00+00:00,1.0069924503670902,1.0221333970153468
2026-09-15T14:40:00+00:00,1.0069924503670902,1.0229267745454045
2026-09-15T14:45:00+00:00,1.0069924503670902,1.0229903765397332
2026-09-15T14:50:00+00:00,1.0069924503670902,1.022990364674981
2026-09-15T14:55:00+00:00,1.0069924503670902,1.0227359418717052
2026-09-15T15:00:00+00:00,1.0069924503670902,1.0229584139535295
2026-09-15T15:05:00+00:00,1.0069924503670902,1.0223543092727243
2026-09-15T15:10:00+00:00,1.0069924503670902,1.0224495182734816
2026-09-15T15:15:00+00:00,1.0069924503670902,1.0220684900615649
2026-09-15T15:20:00+00:00,1.0069924503670902,1.02194161171881
2026-09-15T15:25:00+00:00,1.0069924503670902,1.0221001445637699
2026-09-15T15:30:00+00:00,1.0069924503670902,1.0222904797862211
2026-09-15T15:35:00+00:00,1.0069924503670902,1.0221635305474217
2026-09-15T15:40:00+00:00,1.0069924503670902,1.0218145708468758
2026-09-15T15:45:00+00:00,1.0069924503670902,1.0217511346840278
2026-09-15T15:50:00+00:00,1.0069924503670902,1.0220680353523126
2026-09-15T15:55:00+00:00,1.0069924503670902,1.021497274963793
2026-09-15T16:00:00+00:00,1.0069924503670902,1.0215606108666777
2026-09-15T16:05:00+00:00,1.0069924503670902,1.0214294241433521
2026-09-15T16:10:00+00:00,1.0069924503670902,1.0214021963930269
2026-09-15T16:15:00+00:00,1.0069924503670902,1.0219087186823366
2026-09-15T16:20:00+00:00,1.0069924503670902,1.0217183910474157
2026-09-15T16:25:00+00:00,1.0069924503670902,1.0208312322440856
2026-09-15T16:30:00+00:00,1.0069924503670902,1.020862831055723
2026-09-15T16:35:00+00:00,1.0069924503670902,1.0211156395307825
2026-09-15T16:40:00+00:00,1.0069924503670902,1.0208625246428218
2026-09-15T16:45:00+00:00,1.0069924503670902,1.0207677018186863
2026-09-15T16:50:00+00:00,1.0069924503670902,1.0207993006207485
2026-09-15T16:55:00+00:00,1.0069924503670902,1.0205780356275753
2026-09-15T17:00:00+00:00,1.0069924503670902,1.0208622664210105
2026-09-15T17:05:00+00:00,1.0069924503670902,1.0213362806144695
2026-09-15T17:10:00+00:00,1.0069924503670902,1.0211773892010356
2026-09-15T17:15:00+00:00,1.0069924503670902,1.0208932597710703
2026-09-15T17:20:00+00:00,1.0069924503670902,1.0208616492539853
2026-09-15T17:25:00+00:00,1.0069924503670902,1.0210828142608233
2026-09-15T17:30:00+00:00,1.0069924503670902,1.0213162617465854
2026-09-15T17:35:00+00:00,1.0069924503670902,1.0206398920528126
2026-09-15T17:40:00+00:00,1.0069924503670902,1.0208926087681185
2026-09-15T17:45:00+00:00,1.0069924503670902,1.0210886185172376
2026-09-15T17:50:00+00:00,1.0069924503670902,1.0210190283011917
2026-09-15T17:55:00+00:00,1.0069924503670902,1.0209241498182309
2026-09-15T18:00:00+00:00,1.0069924503670902,1.02093488464245
2026-09-15T18:05:00+00:00,1.0069924503670902,1.0208608598435993
2026-09-15T18:10:00+00:00,1.0069924503670902,1.0206711939522481
2026-09-15T18:15:00+00:00,1.0069924503670902,1.020008371036165
2026-09-15T18:20:00+00:00,1.0069924503670902,1.0197240428281895
2026-09-15T18:25:00+00:00,1.0069924503670902,1.0197549091380709
2026-09-15T18:30:00+00:00,1.0069924503670902,1.019724028462944
2026-09-15T18:35:00+00:00,1.0069924503670902,1.019913055856579
2026-09-15T18:40:00+00:00,1.0069924503670902,1.0198424551915635
2026-09-15T18:45:00+00:00,1.0069924503670902,1.0196924310428184
