time_utc,pm_normalized,analysis_direct_normalized
2026-06-04T16:20:00+00:00,1.0,1.0
2026-06-04T16:25:00+00:00,1.0,0.9983716619069092
2026-06-04T16:30:00+00:00,1.0,0.9972251580030275
2026-06-04T16:35:00+00:00,1.001673684859425,0.9991297568656803
2026-06-04T16:40:00+00:00,1.0005134994381715,0.997972517941091
2026-06-04T16:45:00+00:00,0.9995392976791967,0.9970007903402813
2026-06-04T16:50:00+00:00,0.9993152903663243,0.9967773519337131
2026-06-04T16:55:00+00:00,0.9986646308982908,0.9961283449308088
2026-06-04T17:00:00+00:00,0.9988715332899998,0.996334721857195
2026-06-04T17:05:00+00:00,0.9996459453069337,0.9971071671174512
2026-06-04T17:10:00+00:00,0.9985006093019826,0.9959647398964376
2026-06-04T17:15:00+00:00,0.998632893056225,0.9960966876926224
2026-06-04T17:20:00+00:00,0.9989311762289357,0.9963942133223082
2026-06-04T17:25:00+00:00,0.9989638438672787,0.996426797995389
2026-06-04T17:30:00+00:00,0.9981024431702402,0.9955675849782111
2026-06-04T17:35:00+00:00,0.9965989035928844,0.9940678639063011
2026-06-04T17:40:00+00:00,0.9970183467611315,0.9944862418242242
2026-06-04T17:45:00+00:00,0.9965241884532886,0.9939933385190548
2026-06-04T17:50:00+00:00,0.9959403629621502,0.9934109957563066
2026-06-04T17:55:00+00:00,0.9956252443872271,0.9930966774808985
2026-06-04T18:00:00+00:00,0.9953249913009199,0.9927971869405611
2026-06-04T18:05:00+00:00,0.9932853978028167,0.9907627733519174
2026-06-04T18:10:00+00:00,0.9925933628412047,0.9900724959358397
2026-06-04T18:15:00+00:00,0.9928371234902326,0.9903156375114626
2026-06-04T18:20:00+00:00,0.9936012846669162,0.9910778579652956
2026-06-04T18:25:00+00:00,0.9947098617384672,0.9921836196087404
2026-06-04T18:30:00+00:00,0.9940064122777517,0.991481956682704
2026-06-04T18:35:00+00:00,0.9951495605286407,0.9926222017058448
2026-06-04T18:40:00+00:00,0.9966728515294074,0.9941416240389225
2026-06-04T18:45:00+00:00,0.9962531894777399,0.9937230277934723
2026-06-04T18:50:00+00:00,0.9949304930020831,0.9924036905401277
2026-06-04T18:55:00+00:00,0.9947749843805933,0.9922485768603653
2026-06-04T19:00:00+00:00,0.9963782313669252,0.9938477521166008
2026-06-04T19:05:00+00:00,0.9957536096036648,0.9932247166910999
2026-06-04T19:10:00+00:00,0.9957700149217757,0.9932410803449957
2026-06-04T19:15:00+00:00,0.9967461504144027,0.994214736768398
2026-06-04T19:20:00+00:00,0.9989601745266876,0.9964231379737389
2026-06-04T19:25:00+00:00,0.9960944987606212,0.9935647400995773
2026-06-04T19:30:00+00:00,0.9941726919913837,0.9916478140995092
2026-06-04T19:35:00+00:00,0.9939114219167962,0.9913872075666187
2026-06-04T19:40:00+00:00,0.9937564292204685,0.9912326085017351
2026-06-04T19:45:00+00:00,0.9966342867510969,0.9941031572027069
2026-06-04T19:50:00+00:00,0.9968975334557616,0.9943657353456719
2026-06-04T19:55:00+00:00,0.9979020970175477,0.9953677476401092
2026-06-04T20:00:00+00:00,0.9991656540882229,0.9966280956834809
2026-06-04T20:05:00+00:00,0.9991656466627038,0.9966280882768203
2026-06-04T20:10:00+00:00,1.0014202014799678,0.9988769172522259
2026-06-04T20:15:00+00:00,1.0014202014799678,0.9988769172522259
2026-06-04T20:20:00+00:00,1.0018374598972513,0.9992931159677477
2026-06-04T20:25:00+00:00,1.0027935921786195,1.0002468199815944
2026-06-04T20:30:00+00:00,1.0022536960002755,0.9997082949653588
2026-06-04T20:35:00+00:00,1.0022534984467983,0.9997080979136038
2026-06-04T20:40:00+00:00,1.0022531807327972,0.9997077810064938
2026-06-04T20:45:00+00:00,1.0022531807327972,0.9997077810064938
2026-06-04T20:50:00+00:00,1.0038176326927057,1.0012682597631566
2026-06-04T20:55:00+00:00,1.0026662915127607,1.0001198426183562
2026-06-04T21:00:00+00:00,1.0024903851458284,0.9999443829968442
2026-06-04T21:05:00+00:00,1.0037461981251663,1.0011970066163722
2026-06-04T21:10:00+00:00,1.0033680348416008,1.0008198037455418
2026-06-04T21:15:00+00:00,1.002825600358926,1.0002787468714498
2026-06-04T21:20:00+00:00,1.003920182644339,1.0013705492709981
2026-06-04T21:25:00+00:00,1.0039285906860695,1.0013789359590155
2026-06-04T21:30:00+00:00,1.0031697458535813,1.000622018347579
2026-06-04T21:35:00+00:00,1.0039268725073134,1.001377222143879
2026-06-04T21:40:00+00:00,1.0039100560301109,1.0013604483751033
2026-06-04T21:45:00+00:00,1.0039268716622785,1.0013772213009902
2026-06-04T21:50:00+00:00,1.0031280889958358,1.0005804672848124
2026-06-04T21:55:00+00:00,1.00391657981737,1.0013669555940472
2026-06-04T22:00:00+00:00,1.0040847400484951,1.0015346887524383
2026-06-04T22:05:00+00:00,1.0034958833812415,1.0009473275911391
2026-06-04T22:10:00+00:00,1.00475655660157,1.0022047991082135
2026-06-04T22:15:00+00:00,1.0055994731759,1.0030455749463913
2026-06-04T22:20:00+00:00,1.0070191430203834,1.004461639287492
2026-06-04T22:25:00+00:00,1.007021604049436,1.0044640940663248
2026-06-04T22:30:00+00:00,1.0070783352530486,1.004520681190983
2026-06-04T22:35:00+00:00,1.0069425303363688,1.0043852211749775
2026-06-04T22:40:00+00:00,1.0062807491280454,1.0037251206774156
2026-06-04T22:45:00+00:00,1.0060182514149993,1.0034632896238722
2026-06-04T22:50:00+00:00,1.005688035326163,1.0031339121773653
2026-06-04T22:55:00+00:00,1.0055950553770248,1.0030411683673
2026-06-04T23:00:00+00:00,1.005172536446194,1.002619722498238
2026-06-04T23:05:00+00:00,1.0055945232373134,1.0030406375790517
2026-06-04T23:10:00+00:00,1.0059781702234896,1.0034233102256573
2026-06-04T23:15:00+00:00,1.0069476923320195,1.0043903700608245
2026-06-04T23:20:00+00:00,1.0075840344025024,1.005025096027749
2026-06-04T23:25:00+00:00,1.0080431963050152,1.0054830918071667
2026-06-04T23:30:00+00:00,1.0072856019013474,1.0047274214488648
2026-06-04T23:35:00+00:00,1.0075340260485282,1.0049752146788598
2026-06-04T23:40:00+00:00,1.0076769013029991,1.0051177270762797
2026-06-04T23:45:00+00:00,1.0081355551246376,1.0055752160651847
2026-06-04T23:50:00+00:00,1.0093115442960259,1.006748218603482
2026-06-04T23:55:00+00:00,1.00803841250147,1.0054783201529391
2026-06-05T00:00:00+00:00,1.0084214640338085,1.0058603988579677
2026-06-05T08:05:00+00:00,1.0143775795887275,1.011801387800974
2026-06-05T08:10:00+00:00,1.0139434615476135,1.0113683722796267
2026-06-05T08:15:00+00:00,1.014056187448138,1.011480811892732
2026-06-05T08:20:00+00:00,1.0129285523877625,1.0103560406616057
2026-06-05T08:25:00+00:00,1.0120121566197657,1.0094419722432066
2026-06-05T08:30:00+00:00,1.0112275708690084,1.0086593790871285
2026-06-05T08:35:00+00:00,1.010823286283853,1.008256121254387
2026-06-05T08:40:00+00:00,1.0110552565418098,1.0084875023827282
2026-06-05T08:45:00+00:00,1.0122674911606229,1.0096966583167075
2026-06-05T08:50:00+00:00,1.0116203606108602,1.0090511712697603
2026-06-05T08:55:00+00:00,1.0126279506114686,1.0100562023168418
2026-06-05T09:00:00+00:00,1.0132930507718065,1.010719613337351
2026-06-05T09:05:00+00:00,1.0128343513210813,1.0102620788352425
2026-06-05T09:10:00+00:00,1.0132059987628133,1.0106327824123755
2026-06-05T09:15:00+00:00,1.009779614685016,1.0072151002446958
2026-06-05T09:20:00+00:00,1.0113898899162512,1.00882128589636
2026-06-05T09:25:00+00:00,1.012190285264648,1.0096196484988003
2026-06-05T09:30:00+00:00,1.011888344925568,1.0093184749907678
2026-06-05T09:35:00+00:00,1.0122324052068596,1.0096616614699476
2026-06-05T09:40:00+00:00,1.0117838288755765,1.0092142243778235
2026-06-05T09:45:00+00:00,1.0118872268687167,1.00931735977342
2026-06-05T09:50:00+00:00,1.0120552139390036,1.0094849202107452
2026-06-05T09:55:00+00:00,1.0111110339602152,1.0085431381444863
2026-06-05T10:00:00+00:00,1.0113345905985727,1.0087661270211075
2026-06-05T10:05:00+00:00,1.0113776158602379,1.0088090430124892
2026-06-05T10:10:00+00:00,1.0118853787504825,1.00931551634881
2026-06-05T10:15:00+00:00,1.0118853787504825,1.00931551634881
2026-06-05T10:20:00+00:00,1.011282039938621,1.0087137098228778
2026-06-05T10:25:00+00:00,1.0104044598120792,1.0078383584667272
2026-06-05T10:30:00+00:00,1.0102499952085613,1.007684286153468
2026-06-05T10:35:00+00:00,1.0101470660190341,1.0075816183708748
2026-06-05T10:40:00+00:00,1.0110216967678538,1.008454027839771
2026-06-05T10:45:00+00:00,1.0103340530766889,1.00776813054173
2026-06-05T10:50:00+00:00,1.009956624844468,1.0073916608554512
2026-06-05T10:55:00+00:00,1.011396383796456,1.0088277632842044
2026-06-05T11:00:00+00:00,1.0114480242953223,1.0088792726328641
2026-06-05T11:05:00+00:00,1.0119731164611268,1.0094030312339757
2026-06-05T11:10:00+00:00,1.012481784302385,1.0099104072230265
2026-06-05T11:15:00+00:00,1.012481784302385,1.0099104072230265
2026-06-05T11:20:00+00:00,1.013345234570424,1.010771664605956
2026-06-05T11:25:00+00:00,1.0132673248906774,1.01069395279166
2026-06-05T11:30:00+00:00,1.0130855775613523,1.0105126670419151
2026-06-05T11:35:00+00:00,1.0134229267547,1.0108491594771494
2026-06-05T11:40:00+00:00,1.0139770788309828,1.0114019041859423
2026-06-05T11:45:00+00:00,1.0135260908560677,1.0109520615749832
2026-06-05T11:50:00+00:00,1.0138085353160895,1.0112337887172003
2026-06-05T11:55:00+00:00,1.0137859104560634,1.0112112213170192
2026-06-05T12:00:00+00:00,1.01507743476956,1.0124994655754387
2026-06-05T12:05:00+00:00,1.0161205676932958,1.0135399492780899
2026-06-05T12:10:00+00:00,1.0159634626407408,1.013383243221682
2026-06-05T12:15:00+00:00,1.0159372906067716,1.0133571376562354
2026-06-05T12:20:00+00:00,1.0142502844362573,1.0116744159371223
2026-06-05T12:25:00+00:00,1.0150893824139724,1.0125113828766885
2026-06-05T12:30:00+00:00,1.0154611149145463,1.0128821712966414
2026-06-05T12:35:00+00:00,1.0183445122640937,1.0157582457471794
2026-06-05T12:40:00+00:00,1.016464351053267,1.0138828595392395
2026-06-05T12:45:00+00:00,1.0148833537637219,1.0123058774727394
2026-06-05T12:50:00+00:00,1.0154312436271908,1.0128523758727186
2026-06-05T12:55:00+00:00,1.0166681721914692,1.0140861630375086
2026-06-05T13:00:00+00:00,1.0174899836267506,1.014905887336882
2026-06-05T13:05:00+00:00,1.0174899836267506,1.014905887336882
2026-06-05T13:10:00+00:00,1.0179281791408017,1.0153429699757006
2026-06-05T13:15:00+00:00,1.0183055145865176,1.0157193471111226
2026-06-05T13:20:00+00:00,1.0191349072710263,1.016546633405796
2026-06-05T13:25:00+00:00,1.0196861067061542,1.0170964329721899
2026-06-05T13:30:00+00:00,1.019280349258849,1.0166917060178928
2026-06-05T13:35:00+00:00,1.0209472646325366,1.018354387964321
2026-06-05T13:40:00+00:00,1.022842320679875,1.020244631180693
2026-06-05T13:45:00+00:00,1.0263495868278323,1.023742990004169
2026-06-05T13:50:00+00:00,1.030000909087188,1.0273850390829966
2026-06-05T13:55:00+00:00,1.0244679606745404,1.0218661425742452
2026-06-05T14:00:00+00:00,1.0311853414991419,1.0285664634187528
2026-06-05T14:05:00+00:00,1.0286122102984654,1.0259998671411674
2026-06-05T14:10:00+00:00,1.0245967942824818,1.0219946489863876
2026-06-05T14:15:00+00:00,1.0240818935210194,1.0214810559067389
2026-06-05T14:20:00+00:00,1.0199021367722072,1.0173119143915714
2026-06-05T14:25:00+00:00,1.0230706662564455,1.0204723968331693
2026-06-05T14:30:00+00:00,1.0263783723937832,1.0237717024640693
2026-06-05T14:35:00+00:00,1.022700128620432,1.0201028002432062
2026-06-05T14:40:00+00:00,1.0214294972549955,1.0188353958714993
2026-06-05T14:45:00+00:00,1.023545775778104,1.0209462997299248
2026-06-05T14:50:00+00:00,1.0247412145464345,1.0221387024694633
2026-06-05T14:55:00+00:00,1.0230579055768598,1.0204596685615923
2026-06-05T15:00:00+00:00,1.0230935591039612,1.0204952315402378
2026-06-05T15:05:00+00:00,1.0253493554976785,1.0227452989388932
2026-06-05T15:10:00+00:00,1.0274668945345722,1.0248574601098062
2026-06-05T15:15:00+00:00,1.0296258069046247,1.0270108895389598
2026-06-05T15:20:00+00:00,1.028298187535602,1.0256866418948103
2026-06-05T15:25:00+00:00,1.0303254522287786,1.0277087579897142
2026-06-05T15:30:00+00:00,1.0298338956026138,1.027218449758791
2026-06-05T15:35:00+00:00,1.030734355901678,1.0281166231792074
2026-06-05T15:40:00+00:00,1.0322840782281826,1.0296624097109832
2026-06-05T15:45:00+00:00,1.031175508331374,1.0285566552240593
2026-06-05T15:50:00+00:00,1.0307280669967722,1.028110350246091
2026-06-05T15:55:00+00:00,1.0296070072725316,1.0269921376518674
2026-06-05T16:00:00+00:00,1.0304659968613863,1.0278489456842985
2026-06-05T16:05:00+00:00,1.0329666298769191,1.0303432278987406
2026-06-05T16:10:00+00:00,1.0343157330072397,1.0316889047423656
2026-06-05T16:15:00+00:00,1.0338273545415473,1.0312017666004125
2026-06-05T16:20:00+00:00,1.0364132709424296,1.0337811156079202
2026-06-05T16:25:00+00:00,1.0347728260441231,1.0321448369104056
2026-06-05T16:30:00+00:00,1.036433418259227,1.0338012117570328
2026-06-05T16:35:00+00:00,1.0375083538529593,1.034873417361159
2026-06-05T16:40:00+00:00,1.0390147883202812,1.0363760259709482
2026-06-05T16:45:00+00:00,1.0412089059571865,1.038564571256935
2026-06-05T16:50:00+00:00,1.0398884715958583,1.0372474903728783
2026-06-05T16:55:00+00:00,1.0367841130093671,1.0341510158556506
2026-06-05T17:00:00+00:00,1.0377581099910118,1.0351225391991985
2026-06-05T17:05:00+00:00,1.0398704005380506,1.0372294652097274
2026-06-05T17:10:00+00:00,1.041279610318688,1.0386350960521695
2026-06-05T17:15:00+00:00,1.0416131739434882,1.0389678125329787
2026-06-05T17:20:00+00:00,1.0412086295633298,1.0385642955650294
2026-06-05T17:25:00+00:00,1.0393204426124916,1.0366809039998681
2026-06-05T17:30:00+00:00,1.0388998013454476,1.0362613310259325
2026-06-05T17:35:00+00:00,1.0380222631938645,1.035386021538138
2026-06-05T17:40:00+00:00,1.0364856387124473,1.0338532995871488
2026-06-05T17:45:00+00:00,1.0402795997362617,1.0376376251739923
2026-06-05T17:50:00+00:00,1.0396487197468551,1.0370083474162206
2026-06-05T17:55:00+00:00,1.0382363074486,1.0355995221895224
2026-06-05T18:00:00+00:00,1.0373787955405926,1.0347441880851058
2026-06-05T18:05:00+00:00,1.0411882654237106,1.038543983143754
2026-06-05T18:10:00+00:00,1.0420553453423795,1.0394088609591718
2026-06-05T18:15:00+00:00,1.043261585127586,1.0406120372844878
2026-06-05T18:20:00+00:00,1.0437957645115956,1.0411448600252022
2026-06-05T18:25:00+00:00,1.0444729035663718,1.0418202793652418
2026-06-05T18:30:00+00:00,1.0452036615329092,1.0425491814423056
2026-06-05T18:35:00+00:00,1.046706085374876,1.0440477896124345
2026-06-05T18:40:00+00:00,1.0483288046144947,1.0456663876687158
2026-06-05T18:45:00+00:00,1.048760584179727,1.0460970706531554
2026-06-05T18:50:00+00:00,1.0497403057615293,1.0470743040582233
2026-06-05T18:55:00+00:00,1.048459098755743,1.045796350904881
2026-06-05T19:00:00+00:00,1.0442269112183558,1.041574911758426
2026-06-05T19:05:00+00:00,1.0431744328919714,1.0405251063874341
2026-06-05T19:10:00+00:00,1.0476263455328187,1.0449657126064757
2026-06-05T19:15:00+00:00,1.0496853007432307,1.0470194387349254
2026-06-05T19:20:00+00:00,1.0517180713680363,1.0490470467781683
2026-06-05T19:25:00+00:00,1.049160487780885,1.0464959586281861
2026-06-05T19:30:00+00:00,1.044655304401381,1.0420022169609775
2026-06-05T19:35:00+00:00,1.0469193185849843,1.0442604812789837
2026-06-05T19:40:00+00:00,1.0445879580459712,1.0419350416435826
2026-06-05T19:45:00+00:00,1.046353811830431,1.04369641072914
2026-06-05T19:50:00+00:00,1.0452849856840813,1.0426302990563714
2026-06-05T19:55:00+00:00,1.0474066608028114,1.044746585804807
2026-06-05T20:00:00+00:00,1.054490640883911,1.0518125748619753
2026-06-05T20:05:00+00:00,1.0562194725949179,1.053537015898202
2026-06-05T20:10:00+00:00,1.056003615142453,1.0533217066540252
2026-06-05T20:15:00+00:00,1.0586033044703556,1.0559147936097617
2026-06-05T20:20:00+00:00,1.0585637114460005,1.0558753011389148
2026-06-05T20:25:00+00:00,1.0574865896171735,1.0548009148520257
2026-06-05T20:30:00+00:00,1.0572895546647574,1.0546043803048202
2026-06-05T20:35:00+00:00,1.0610803581527992,1.0583855563750135
2026-06-05T20:40:00+00:00,1.059258974553306,1.0565687985022378
2026-06-05T20:45:00+00:00,1.0591401525026158,1.0564502782212213
2026-06-05T20:50:00+00:00,1.0594272091794623,1.0567366058667205
2026-06-05T20:55:00+00:00,1.0589120681228397,1.0562227731021838
2026-06-05T21:00:00+00:00,1.0590604499495482,1.0562227731021838
2026-06-05T21:05:00+00:00,1.0590802425123416,1.0562227731021838
2026-06-05T21:10:00+00:00,1.0581499399033243,1.0562227731021838
2026-06-05T21:15:00+00:00,1.056669319651594,1.0562227731021838
2026-06-05T21:20:00+00:00,1.0532290009364491,1.0562227731021838
2026-06-05T21:25:00+00:00,1.0513697889292508,1.0562227731021838
2026-06-05T21:30:00+00:00,1.0521540897609103,1.0562227731021838
2026-06-05T21:35:00+00:00,1.0518726613473053,1.0562227731021838
2026-06-05T21:40:00+00:00,1.0532156466862368,1.0562227731021838
2026-06-05T21:45:00+00:00,1.0544372487385203,1.0562227731021838
2026-06-05T21:50:00+00:00,1.054193052988465,1.055978163844865
2026-06-05T21:55:00+00:00,1.0532071872629851,1.0549906287101583
2026-06-05T22:00:00+00:00,1.053012513007932,1.0547956248047388
2026-06-05T22:05:00+00:00,1.0512724424954034,1.0530526077552793
2026-06-05T22:10:00+00:00,1.0522404650023054,1.0540222694567114
2026-06-05T22:15:00+00:00,1.0536965173062753,1.0554807873572511
2026-06-05T22:20:00+00:00,1.0540474245645828,1.055832288822051
2026-06-05T22:25:00+00:00,1.0533647359946425,1.0551484442259216
2026-06-05T22:30:00+00:00,1.054046412012685,1.0558312745555551
2026-06-05T22:35:00+00:00,1.0542513123593753,1.0560365218688967
2026-06-05T22:40:00+00:00,1.0558133686442408,1.0576012232514742
2026-06-05T22:45:00+00:00,1.0580982544475037,1.0598899781510487
2026-06-05T22:50:00+00:00,1.0566078361973026,1.0583970361109292
2026-06-05T22:55:00+00:00,1.0570992725595085,1.0588893046436592
2026-06-05T23:00:00+00:00,1.0558645024972546,1.0576524436916608
2026-06-05T23:05:00+00:00,1.0566982087927703,1.0584875617382357
2026-06-05T23:10:00+00:00,1.0564622508749155,1.0582512042625962
2026-06-05T23:15:00+00:00,1.0568351095016986,1.0586246942670767
2026-06-05T23:20:00+00:00,1.0569437907462718,1.058733559546319
2026-06-05T23:25:00+00:00,1.0577702198482237,1.0595613880765424
2026-06-05T23:30:00+00:00,1.0585690058843567,1.0603615267317437
2026-06-05T23:35:00+00:00,1.059162041741995,1.060955566802742
2026-06-05T23:40:00+00:00,1.0600530922538363,1.061848126169093
2026-06-05T23:45:00+00:00,1.059844654848056,1.0616393358072058
2026-06-05T23:50:00+00:00,1.0587634033984537,1.0605562534275894
2026-06-05T23:55:00+00:00,1.0586546195628719,1.0604472853836169
2026-06-06T00:00:00+00:00,1.0584766645083143,1.0602690289900407
2026-06-08T08:05:00+00:00,1.04110340319907,1.04237194016879
2026-06-08T08:10:00+00:00,1.0416114237276317,1.0428805796971743
2026-06-08T08:15:00+00:00,1.0417430685470102,1.0430123849197555
2026-06-08T08:20:00+00:00,1.04330380274718,1.0445750208032996
2026-06-08T08:25:00+00:00,1.0428157063802987,1.0440863297132774
2026-06-08T08:30:00+00:00,1.042590289575951,1.043860638248844
2026-06-08T08:35:00+00:00,1.0452113266167844,1.0464848689036597
2026-06-08T08:40:00+00:00,1.043393372221299,1.044664699413734
2026-06-08T08:45:00+00:00,1.0416097938072455,1.0428789477908047
2026-06-08T08:50:00+00:00,1.0405570543724565,1.0418249256410723
2026-06-08T08:55:00+00:00,1.0406229445845,1.0418908961373314
2026-06-08T09:00:00+00:00,1.0408111904138388,1.0420793713356198
2026-06-08T09:05:00+00:00,1.0410840975071662,1.042352610953782
2026-06-08T09:10:00+00:00,1.0400209795851154,1.041288197671075
2026-06-08T09:15:00+00:00,1.041395971100432,1.0426648645507837
2026-06-08T09:20:00+00:00,1.041067725016553,1.0423362185140361
2026-06-08T09:25:00+00:00,1.0426379700077533,1.0439083767770754
2026-06-08T09:30:00+00:00,1.0417549198655691,1.0430242506786047
2026-06-08T09:35:00+00:00,1.0408147078440297,1.0420828930516384
2026-06-08T09:40:00+00:00,1.0414078250639716,1.0426767329578366
2026-06-08T09:45:00+00:00,1.0420379780928835,1.0433076537994472
2026-06-08T09:50:00+00:00,1.0420285785080188,1.0432982427616175
2026-06-08T09:55:00+00:00,1.0422259715707538,1.0434958763387885
2026-06-08T10:00:00+00:00,1.041380161494637,1.0426490356817055
2026-06-08T10:05:00+00:00,1.0406277191814182,1.0418956765518776
2026-06-08T10:10:00+00:00,1.0417666116743716,1.0430359567333427
2026-06-08T10:15:00+00:00,1.0417572096183467,1.0430265432213417
2026-06-08T10:20:00+00:00,1.0404409098950023,1.0417086396468742
2026-06-08T10:25:00+00:00,1.0409210264929452,1.042189341244974
2026-06-08T10:30:00+00:00,1.0406293254586003,1.0418972847862353
2026-06-08T10:35:00+00:00,1.0424929705964512,1.0437632006906101
2026-06-08T10:40:00+00:00,1.04263390389036,1.043904305705304
2026-06-08T10:45:00+00:00,1.0422300564896319,1.0434999662349538
2026-06-08T10:50:00+00:00,1.0420890875910984,1.0433588255722528
2026-06-08T10:55:00+00:00,1.0426906362661756,1.0439611072069295
2026-06-08T11:00:00+00:00,1.0423242789010485,1.0435943034520774
2026-06-08T11:05:00+00:00,1.0422485384242368,1.0435184706889524
2026-06-08T11:10:00+00:00,1.0430418037196294,1.0443127025418943
2026-06-08T11:15:00+00:00,1.046456703617828,1.0477317633397265
2026-06-08T11:20:00+00:00,1.0469714493153939,1.0482471362314265
2026-06-08T11:25:00+00:00,1.0469246719295788,1.048200301849502
2026-06-08T11:30:00+00:00,1.0483280562083048,1.0496053960879064
2026-06-08T11:35:00+00:00,1.0492810817139488,1.0505595828116228
2026-06-08T11:40:00+00:00,1.0500092045954628,1.0512885928776285
2026-06-08T11:45:00+00:00,1.0494925023047508,1.050771261008763
2026-06-08T11:50:00+00:00,1.0486935011812009,1.0499712863388189
2026-06-08T11:55:00+00:00,1.0488896353744548,1.0501676595126337
2026-06-08T12:00:00+00:00,1.0492258179498952,1.0505042517111953
2026-06-08T12:05:00+00:00,1.0492631596047444,1.0505416388651463
2026-06-08T12:10:00+00:00,1.0494591963160584,1.0507379144382438
2026-06-08T12:15:00+00:00,1.0494405316319684,1.0507192270120884
2026-06-08T12:20:00+00:00,1.050252546486839,1.0515322312699908
2026-06-08T12:25:00+00:00,1.0505323352872744,1.051812360980307
2026-06-08T12:30:00+00:00,1.0519216336447617,1.0532033521344204
2026-06-08T12:35:00+00:00,1.052061306341094,1.0533431950155572
2026-06-08T12:40:00+00:00,1.0519309624624322,1.0532126923188296
2026-06-08T12:45:00+00:00,1.0534114799626229,1.0546950137620077
2026-06-08T12:50:00+00:00,1.0529466290456257,1.054229596445389
2026-06-08T12:55:00+00:00,1.0524070857601355,1.0536893957510358
2026-06-08T13:00:00+00:00,1.0533657316896445,1.054649209746847
2026-06-08T13:05:00+00:00,1.055225487571865,1.056511231656711
2026-06-08T13:10:00+00:00,1.057063406700465,1.0583513902058668
2026-06-08T13:15:00+00:00,1.0571273442290092,1.0584154056393706
2026-06-08T13:20:00+00:00,1.0551043534527478,1.0563899499411993
2026-06-08T13:25:00+00:00,1.0552383150469484,1.056524074761487
2026-06-08T13:30:00+00:00,1.057094788921523,1.0583828106647284
2026-06-08T13:35:00+00:00,1.0519495329344473,1.053231285418117
2026-06-08T13:40:00+00:00,1.0526758310135176,1.0539584684582406
2026-06-08T13:45:00+00:00,1.0571510825209929,1.0584391728553795
2026-06-08T13:50:00+00:00,1.055591823903622,1.0568780143525647
2026-06-08T13:55:00+00:00,1.05516753703822,1.0564532105129862
2026-06-08T14:00:00+00:00,1.0487801272250943,1.050058017932593
2026-06-08T14:05:00+00:00,1.0484158260692298,1.0496932728924007
2026-06-08T14:10:00+00:00,1.0538999350549538,1.0551840640145704
2026-06-08T14:15:00+00:00,1.0527705674111343,1.054053320287833
2026-06-08T14:20:00+00:00,1.0514352330239527,1.0527163588566597
2026-06-08T14:25:00+00:00,1.053345439604789,1.0546288929370125
2026-06-08T14:30:00+00:00,1.0559965031455394,1.0572831866776644
2026-06-08T14:35:00+00:00,1.0574995925337691,1.058788107511697
2026-06-08T14:40:00+00:00,1.0598596524217843,1.0611510430249471
2026-06-08T14:45:00+00:00,1.05883624773734,1.0601263913686143
2026-06-08T14:50:00+00:00,1.0600481899859258,1.0613398103135039
2026-06-08T14:55:00+00:00,1.061597715196422,1.062891223549732
2026-06-08T15:00:00+00:00,1.0617557870289744,1.0630494879855963
2026-06-08T15:05:00+00:00,1.0633813403373138,1.064677021956434
2026-06-08T15:10:00+00:00,1.0645513760491807,1.065848483303403
2026-06-08T15:15:00+00:00,1.064993080236449,1.0662907256870593
2026-06-08T15:20:00+00:00,1.0667958680279497,1.0680957100931856
2026-06-08T15:25:00+00:00,1.0656112742335344,1.0669096729253094
2026-06-08T15:30:00+00:00,1.062862276984079,1.0641573261481991
2026-06-08T15:35:00+00:00,1.0612221675380884,1.0625152183037208
2026-06-08T15:40:00+00:00,1.064102348808599,1.0653989089436273
2026-06-08T15:45:00+00:00,1.0659804527545045,1.0672793012734543
2026-06-08T15:50:00+00:00,1.0640990100306726,1.0653955660975527
2026-06-08T15:55:00+00:00,1.0644647799414184,1.0657617816822371
2026-06-08T16:00:00+00:00,1.0632683180916582,1.0645638619983326
2026-06-08T16:05:00+00:00,1.0641712369048126,1.0654678809768419
2026-06-08T16:10:00+00:00,1.0633702577409967,1.0646659258564801
2026-06-08T16:15:00+00:00,1.063922997976248,1.0652193395804748
2026-06-08T16:20:00+00:00,1.0651475871653315,1.0664454208755818
2026-06-08T16:25:00+00:00,1.0637312049066696,1.0650273128197965
2026-06-08T16:30:00+00:00,1.0618432468946095,1.0631370544170853
2026-06-08T16:35:00+00:00,1.0615018943635328,1.0627952859635323
2026-06-08T16:40:00+00:00,1.0611142544951002,1.0624071737736158
2026-06-08T16:45:00+00:00,1.0619583490408506,1.0632522968100366
2026-06-08T16:50:00+00:00,1.0630698519231987,1.0643651540079062
2026-06-08T16:55:00+00:00,1.0637850055470957,1.0650811790138468
2026-06-08T17:00:00+00:00,1.0625739664993061,1.0638686643702624
2026-06-08T17:05:00+00:00,1.060093752050082,1.0613854278929553
2026-06-08T17:10:00+00:00,1.0601954188258218,1.0614872185450202
2026-06-08T17:15:00+00:00,1.0601584563247297,1.0614502110068078
2026-06-08T17:20:00+00:00,1.0589477644060197,1.0602380439152637
2026-06-08T17:25:00+00:00,1.0592900707372304,1.0605807673311123
2026-06-08T17:30:00+00:00,1.0618796594569697,1.0631735113464902
2026-06-08T17:35:00+00:00,1.0606480146798996,1.0619403658664845
2026-06-08T17:40:00+00:00,1.0611514395059651,1.0624444040927192
2026-06-08T17:45:00+00:00,1.0603805290422068,1.0616725543097534
2026-06-08T17:50:00+00:00,1.062815042019999,1.064110033630472
2026-06-08T17:55:00+00:00,1.063755375715519,1.065051513079673
2026-06-08T18:00:00+00:00,1.0628804185481804,1.0641754898169684
2026-06-08T18:05:00+00:00,1.063705364646293,1.0650014410742423
2026-06-08T18:10:00+00:00,1.0644099258371622,1.065706860740759
2026-06-08T18:15:00+00:00,1.0636321781650981,1.064928165418661
2026-06-08T18:20:00+00:00,1.0637288907400648,1.0650249958334854
2026-06-08T18:25:00+00:00,1.0631118145150908,1.0644071677293012
2026-06-08T18:30:00+00:00,1.0635633424174302,1.0648592457977772
2026-06-08T18:35:00+00:00,1.0638028367127725,1.0650990319059854
2026-06-08T18:40:00+00:00,1.062200310761482,1.0634945533499796
2026-06-08T18:45:00+00:00,1.0610520972699289,1.0623449408127037
2026-06-08T18:50:00+00:00,1.06143526362492,1.0627285740384067
2026-06-08T18:55:00+00:00,1.061869067923398,1.063162906907619
2026-06-08T19:00:00+00:00,1.0612001949126055,1.0624932189055973
2026-06-08T19:05:00+00:00,1.06029548786382,1.0615874095125732
2026-06-08T19:10:00+00:00,1.058193404482046,1.0594827648381604
2026-06-08T19:15:00+00:00,1.056897211859172,1.0581849928637475
2026-06-08T19:20:00+00:00,1.0565727728516743,1.05786015854213
2026-06-08T19:25:00+00:00,1.0556454955661674,1.0569317514115815
2026-06-08T19:30:00+00:00,1.0570561784499801,1.0583441531480895
2026-06-08T19:35:00+00:00,1.0584416638432792,1.0597313266920918
2026-06-08T19:40:00+00:00,1.0574674446973356,1.0587559205045927
2026-06-08T19:45:00+00:00,1.0562907760083877,1.057577818098563
2026-06-08T19:50:00+00:00,1.0558896201730925,1.0571761734731957
2026-06-08T19:55:00+00:00,1.0572998671243317,1.0585881387459664
2026-06-08T20:00:00+00:00,1.0581708742753997,1.0594602071794859
2026-06-08T20:05:00+00:00,1.0584958223760523,1.059785551214565
2026-06-08T20:10:00+00:00,1.0572277747399423,1.058515958520298
2026-06-08T20:15:00+00:00,1.0579320619520478,1.05922110387422
2026-06-08T20:20:00+00:00,1.0564966423053228,1.0577839352341833
2026-06-08T20:25:00+00:00,1.0568304836711238,1.0581181833704485
2026-06-08T20:30:00+00:00,1.0574794146698692,1.0587679050619918
2026-06-08T20:35:00+00:00,1.0574794146698692,1.0587679050619918
2026-06-08T20:40:00+00:00,1.0578943406500094,1.0591833366104972
2026-06-08T20:45:00+00:00,1.0578943406500094,1.0591833366104972
2026-06-08T20:50:00+00:00,1.0573872937387423,1.0586756718857158
2026-06-08T20:55:00+00:00,1.0573872937387423,1.0586756718857158
2026-06-08T21:00:00+00:00,1.059472047866776,1.060762966191484
2026-06-08T21:05:00+00:00,1.0595114181270302,1.0608023154330508
2026-06-08T21:10:00+00:00,1.059148471996984,1.060438927093347
2026-06-08T21:15:00+00:00,1.0591947230219618,1.060485234470076
2026-06-08T21:20:00+00:00,1.058223493907323,1.0595128220203391
2026-06-08T21:25:00+00:00,1.058566050943846,1.0598557964246678
2026-06-08T21:30:00+00:00,1.0590565820147189,1.0603469251533169
2026-06-08T21:35:00+00:00,1.0590565820147189,1.0603469251533169
2026-06-08T21:40:00+00:00,1.059029661551287,1.0603199718902823
2026-06-08T21:45:00+00:00,1.0582332211350907,1.0595225610996566
2026-06-08T21:50:00+00:00,1.0589738788461613,1.0602641212201092
2026-06-08T21:55:00+00:00,1.0584835360635887,1.0597731810091688
2026-06-08T22:00:00+00:00,1.0583169273710047,1.0596063693223474
2026-06-08T22:05:00+00:00,1.0577618013077272,1.0590505668994505
2026-06-08T22:10:00+00:00,1.0567429414290597,1.058030465652875
2026-06-08T22:15:00+00:00,1.0559177955983245,1.0572043144733425
2026-06-08T22:20:00+00:00,1.055208635854932,1.0564942906973527
2026-06-08T22:25:00+00:00,1.055026932473774,1.0563123659307512
2026-06-08T22:30:00+00:00,1.0548969229934937,1.0561821980483197
2026-06-08T22:35:00+00:00,1.054609009375026,1.0558939336389987
2026-06-08T22:40:00+00:00,1.054609009375026,1.0558939336389987
2026-06-08T22:45:00+00:00,1.0552611724516479,1.0565468913040925
2026-06-08T22:50:00+00:00,1.0557513853129912,1.057037701435509
2026-06-08T22:55:00+00:00,1.055853465593905,1.0571399060899382
2026-06-08T23:00:00+00:00,1.056373096785887,1.0576601703949708
2026-06-08T23:05:00+00:00,1.056373096785887,1.0576601703949708
2026-06-08T23:10:00+00:00,1.0576715360620066,1.0589601916755265
2026-06-08T23:15:00+00:00,1.0584218548080306,1.0597114246018335
2026-06-08T23:20:00+00:00,1.057877842525518,1.0591667495006123
2026-06-08T23:25:00+00:00,1.0578942351946647,1.0591831621424108
2026-06-08T23:30:00+00:00,1.0579498027036043,1.0592387973542052
2026-06-08T23:35:00+00:00,1.0572922883829463,1.0585804819251772
2026-06-08T23:40:00+00:00,1.058672595471848,1.0599624707653768
2026-06-08T23:45:00+00:00,1.058672595471848,1.0599624707653768
2026-06-08T23:50:00+00:00,1.056895740176815,1.0581834505689802
2026-06-08T23:55:00+00:00,1.0569420903741704,1.058229857238917
2026-06-09T00:00:00+00:00,1.056914281475264,1.0582020144579476
2026-06-09T08:05:00+00:00,1.0669203178723539,1.0662766333936973
2026-06-09T08:10:00+00:00,1.0678570345693446,1.0662766333936973
2026-06-09T08:15:00+00:00,1.0688571584438962,1.0662766333936973
2026-06-09T08:20:00+00:00,1.0687929903469053,1.0662766333936973
2026-06-09T08:25:00+00:00,1.0690221758816922,1.0662766333936973
2026-06-09T08:30:00+00:00,1.0695904341801994,1.0662766333936973
2026-06-09T08:35:00+00:00,1.0698652518662681,1.0662766333936973
2026-06-09T08:40:00+00:00,1.069773669495795,1.0662766333936973
2026-06-09T08:45:00+00:00,1.0698652597072247,1.0662766333936973
2026-06-09T08:50:00+00:00,1.0698652597072247,1.0662766333936973
2026-06-09T08:55:00+00:00,1.0687296383050358,1.0662766333936973
2026-06-09T09:00:00+00:00,1.068922160514697,1.0662766333936973
2026-06-09T09:05:00+00:00,1.0696004687785252,1.0662766333936973
2026-06-09T09:10:00+00:00,1.0690874797388412,1.0662766333936973
2026-06-09T09:15:00+00:00,1.0693990868911012,1.0662766333936973
2026-06-09T09:20:00+00:00,1.0697564145045693,1.0662766333936973
2026-06-09T09:25:00+00:00,1.0697564145045693,1.0662766333936973
2026-06-09T09:30:00+00:00,1.0705990597161723,1.0662766333936973
2026-06-09T09:35:00+00:00,1.0699035089507558,1.0662766333936973
2026-06-09T09:40:00+00:00,1.0701507732601823,1.0662766333936973
2026-06-09T09:45:00+00:00,1.070608564354303,1.0662766333936973
2026-06-09T09:50:00+00:00,1.0703980704579759,1.0662766333936973
2026-06-09T09:55:00+00:00,1.0706269095738719,1.0662766333936973
2026-06-09T10:00:00+00:00,1.0705536955544457,1.0662766333936973
2026-06-09T10:05:00+00:00,1.0707458954997875,1.0662766333936973
2026-06-09T10:10:00+00:00,1.0682751968382405,1.0662766333936973
2026-06-09T10:15:00+00:00,1.0697335366649565,1.0662766333936973
2026-06-09T10:20:00+00:00,1.068872547261356,1.0662766333936973
2026-06-09T10:25:00+00:00,1.0686892103465069,1.0662766333936973
2026-06-09T10:30:00+00:00,1.0697802521614315,1.0662766333936973
2026-06-09T10:35:00+00:00,1.0689192988763014,1.0662766333936973
2026-06-09T10:40:00+00:00,1.0680484851230578,1.0662766333936973
2026-06-09T10:45:00+00:00,1.068401314869479,1.0662766333936973
2026-06-09T10:50:00+00:00,1.0682687034855023,1.0662766333936973
2026-06-09T10:55:00+00:00,1.0694518979797896,1.0662766333936973
2026-06-09T11:00:00+00:00,1.0692320120436687,1.0662766333936973
2026-06-09T11:05:00+00:00,1.0703683230609247,1.0662766333936973
2026-06-09T11:10:00+00:00,1.0708903802710383,1.0662766333936973
2026-06-09T11:15:00+00:00,1.0705149713598954,1.0662766333936973
2026-06-09T11:20:00+00:00,1.0706980279555454,1.0662766333936973
2026-06-09T11:25:00+00:00,1.0701672545741656,1.0662766333936973
2026-06-09T11:30:00+00:00,1.0707898493973327,1.0662766333936973
2026-06-09T11:35:00+00:00,1.071100965914847,1.0662766333936973
2026-06-09T11:40:00+00:00,1.0704240265916225,1.0662766333936973
2026-06-09T11:45:00+00:00,1.0722547500850237,1.0662766333936973
2026-06-09T11:50:00+00:00,1.0714780187593271,1.0662766333936973
2026-06-09T11:55:00+00:00,1.0716151884297325,1.0662766333936973
2026-06-09T12:00:00+00:00,1.0707008409993315,1.0662766333936973
2026-06-09T12:05:00+00:00,1.0711641707735178,1.0662766333936973
2026-06-09T12:10:00+00:00,1.0711492606214121,1.0662766333936973
2026-06-09T12:15:00+00:00,1.070920574123645,1.0662766333936973
2026-06-09T12:20:00+00:00,1.0699873339267973,1.0662766333936973
2026-06-09T12:25:00+00:00,1.069437889881441,1.0662766333936973
2026-06-09T12:30:00+00:00,1.0697860499840375,1.0662766333936973
2026-06-09T12:35:00+00:00,1.0714346928692868,1.0662766333936973
2026-06-09T12:40:00+00:00,1.0714438379247055,1.0662766333936973
2026-06-09T12:45:00+00:00,1.0706482248940348,1.0662766333936973
2026-06-09T12:50:00+00:00,1.070016752200103,1.0662766333936973
2026-06-09T12:55:00+00:00,1.070529554409116,1.0662766333936973
2026-06-09T13:00:00+00:00,1.0716095845678024,1.067352372888067
2026-06-09T13:05:00+00:00,1.071856461295932,1.067598268842503
2026-06-09T13:10:00+00:00,1.07206671526695,1.067807687532021
2026-06-09T13:15:00+00:00,1.0717194072550476,1.067461759279824
2026-06-09T13:20:00+00:00,1.0710839932644636,1.0668288696151709
2026-06-09T13:25:00+00:00,1.0714682123886499,1.0672115623419018
2026-06-09T13:30:00+00:00,1.0704854365327434,1.0662326907855766
2026-06-09T13:35:00+00:00,1.0648964971423611,1.0606659547222201
2026-06-09T13:40:00+00:00,1.0667915759675985,1.0625535049177914
2026-06-09T13:45:00+00:00,1.0713058712454118,1.067049866135608
2026-06-09T13:50:00+00:00,1.073743087675098,1.0694774001712581
2026-06-09T13:55:00+00:00,1.0699923790854435,1.0657415921206106
2026-06-09T14:00:00+00:00,1.0687285181996826,1.0644827522083478
2026-06-09T14:05:00+00:00,1.0688203376770942,1.064574206912098
2026-06-09T14:10:00+00:00,1.0650248570888385,1.0607938047297498
2026-06-09T14:15:00+00:00,1.0603737005732319,1.0561611259863914
2026-06-09T14:20:00+00:00,1.0579940573969782,1.0537909364813902
2026-06-09T14:25:00+00:00,1.0619769111043424,1.0577579674007112
2026-06-09T14:30:00+00:00,1.0589500767667057,1.054743157847735
2026-06-09T14:35:00+00:00,1.0584411136968115,1.0542362167488617
2026-06-09T14:40:00+00:00,1.0581355584498244,1.0539318753892688
2026-06-09T14:45:00+00:00,1.0516160957752567,1.0474383127561373
2026-06-09T14:50:00+00:00,1.0465742751963434,1.0424165219509072
2026-06-09T14:55:00+00:00,1.05187567135046,1.0476968571086018
2026-06-09T15:00:00+00:00,1.051614778592522,1.047437000806209
2026-06-09T15:05:00+00:00,1.0487539204169039,1.044587508037372
2026-06-09T15:10:00+00:00,1.052635631262199,1.0484537979075417
2026-06-09T15:15:00+00:00,1.0519375723608777,1.0477585122032416
2026-06-09T15:20:00+00:00,1.0486343306444348,1.0444683933623484
2026-06-09T15:25:00+00:00,1.0428586082648008,1.0387156163474514
2026-06-09T15:30:00+00:00,1.0374083590862047,1.0332870195176163
2026-06-09T15:35:00+00:00,1.0381074031205613,1.0339832864412877
2026-06-09T15:40:00+00:00,1.0393063631115227,1.035177483292249
2026-06-09T15:45:00+00:00,1.0414191579627217,1.0372818845875793
2026-06-09T15:50:00+00:00,1.0413062180258423,1.0371693933301682
2026-06-09T15:55:00+00:00,1.037296095991417,1.0331752024133887
2026-06-09T16:00:00+00:00,1.0302103131068332,1.0261175694054865
2026-06-09T16:05:00+00:00,1.0310523613235196,1.0269562723949983
2026-06-09T16:10:00+00:00,1.0254285925888957,1.0213548453548553
2026-06-09T16:15:00+00:00,1.0251322419812234,1.021059672067064
2026-06-09T16:20:00+00:00,1.0179116825457846,1.020888238273903
2026-06-09T16:25:00+00:00,1.0223606065977398,1.020888238273903
2026-06-09T16:30:00+00:00,1.0217469221061812,1.020888238273903
2026-06-09T16:35:00+00:00,1.0197746931594474,1.020888238273903
2026-06-09T16:40:00+00:00,1.01274837192434,1.020888238273903
2026-06-09T16:45:00+00:00,1.017650983072248,1.020888238273903
2026-06-09T16:50:00+00:00,1.0168031618256077,1.020888238273903
2026-06-09T16:55:00+00:00,1.0129412292792541,1.020888238273903
2026-06-09T17:00:00+00:00,1.0209696321259785,1.020888238273903
2026-06-09T17:05:00+00:00,1.0275228263454264,1.020888238273903
2026-06-09T17:10:00+00:00,1.0282241568039514,1.020888238273903
2026-06-09T17:15:00+00:00,1.029697331285064,1.020888238273903
2026-06-09T17:20:00+00:00,1.03320613310879,1.020888238273903
2026-06-09T17:25:00+00:00,1.0322997842134063,1.020888238273903
2026-06-09T17:30:00+00:00,1.0329314499899482,1.020888238273903
2026-06-09T17:35:00+00:00,1.0353139923729355,1.020888238273903
2026-06-09T17:40:00+00:00,1.0358575510881567,1.020888238273903
2026-06-09T17:45:00+00:00,1.037179069715947,1.020888238273903
2026-06-09T17:50:00+00:00,1.0306141769643808,1.020888238273903
2026-06-09T17:55:00+00:00,1.0333397605864427,1.020888238273903
2026-06-09T18:00:00+00:00,1.035721882005268,1.020888238273903
2026-06-09T18:05:00+00:00,1.0343491571954013,1.020888238273903
2026-06-09T18:10:00+00:00,1.0365322226176363,1.020888238273903
2026-06-09T18:15:00+00:00,1.0367896268269785,1.020888238273903
2026-06-09T18:20:00+00:00,1.0395471779142331,1.020888238273903
2026-06-09T18:25:00+00:00,1.0413015501334053,1.020888238273903
2026-06-09T18:30:00+00:00,1.0416782098245463,1.020888238273903
2026-06-09T18:35:00+00:00,1.0427419296478395,1.020888238273903
2026-06-09T18:40:00+00:00,1.0428359767764634,1.020888238273903
2026-06-09T18:45:00+00:00,1.0394043128912327,1.020888238273903
2026-06-09T18:50:00+00:00,1.0416211960351451,1.020888238273903
2026-06-09T18:55:00+00:00,1.0419271623638409,1.020888238273903
2026-06-09T19:00:00+00:00,1.045300927058147,1.020888238273903
2026-06-09T19:05:00+00:00,1.0477586729094646,1.020888238273903
2026-06-09T19:10:00+00:00,1.043664037631234,1.020888238273903
2026-06-09T19:15:00+00:00,1.0399191863165937,1.020888238273903
2026-06-09T19:20:00+00:00,1.0359118554162552,1.020888238273903
2026-06-09T19:25:00+00:00,1.0373605150869436,1.020888238273903
2026-06-09T19:30:00+00:00,1.041642755197095,1.020888238273903
2026-06-09T19:35:00+00:00,1.0434408690533448,1.020888238273903
2026-06-09T19:40:00+00:00,1.041005828074412,1.020888238273903
2026-06-09T19:45:00+00:00,1.0412422993042343,1.020888238273903
2026-06-09T19:50:00+00:00,1.040121773322819,1.020888238273903
2026-06-09T19:55:00+00:00,1.0431104695260107,1.020888238273903
2026-06-09T20:00:00+00:00,1.0500565854685024,1.020888238273903
2026-06-09T20:05:00+00:00,1.052260540749309,1.020888238273903
2026-06-09T20:10:00+00:00,1.0499211484045077,1.020888238273903
2026-06-09T20:15:00+00:00,1.0492672313675224,1.020888238273903
2026-06-09T20:20:00+00:00,1.049874781564737,1.020888238273903
2026-06-09T20:25:00+00:00,1.0495244745541248,1.020888238273903
2026-06-09T20:30:00+00:00,1.0503888536900774,1.020888238273903
2026-06-09T20:35:00+00:00,1.0503048210878692,1.020888238273903
2026-06-09T20:40:00+00:00,1.050454224334112,1.020888238273903
2026-06-09T20:45:00+00:00,1.0515657483596332,1.020888238273903
2026-06-09T20:50:00+00:00,1.0513232586970402,1.020888238273903
2026-06-09T20:55:00+00:00,1.0501012019889415,1.020888238273903
2026-06-09T21:00:00+00:00,1.0508670447667272,1.020888238273903
2026-06-09T21:05:00+00:00,1.0497188415965233,1.020888238273903
2026-06-09T21:10:00+00:00,1.0501486177212136,1.020888238273903
2026-06-09T21:15:00+00:00,1.0504381110456027,1.020888238273903
2026-06-09T21:20:00+00:00,1.0497845515851805,1.020888238273903
2026-06-09T21:25:00+00:00,1.0467856476173352,1.020888238273903
2026-06-09T21:30:00+00:00,1.04619531871166,1.020888238273903
2026-06-09T21:35:00+00:00,1.0433829657043705,1.020888238273903
2026-06-09T21:40:00+00:00,1.0433829657043705,1.020888238273903
2026-06-09T21:45:00+00:00,1.0466729119926275,1.020888238273903
2026-06-09T21:50:00+00:00,1.0455016128520807,1.020888238273903
2026-06-09T21:55:00+00:00,1.0452859530489373,1.020888238273903
2026-06-09T22:00:00+00:00,1.0463837453769214,1.020888238273903
2026-06-09T22:05:00+00:00,1.0468898877500412,1.020888238273903
2026-06-09T22:10:00+00:00,1.0468711507950228,1.020888238273903
2026-06-09T22:15:00+00:00,1.0466222258923306,1.020888238273903
2026-06-09T22:20:00+00:00,1.047892635270349,1.020888238273903
2026-06-09T22:25:00+00:00,1.0471813751650132,1.020888238273903
2026-06-09T22:30:00+00:00,1.0468816667004555,1.020888238273903
2026-06-09T22:35:00+00:00,1.0464329121200309,1.020888238273903
2026-06-09T22:40:00+00:00,1.045363499489349,1.020888238273903
2026-06-09T22:45:00+00:00,1.0462504916383504,1.020888238273903
2026-06-09T22:50:00+00:00,1.0453267538614057,1.020888238273903
2026-06-09T22:55:00+00:00,1.0442193222615148,1.020888238273903
2026-06-09T23:00:00+00:00,1.04513039366415,1.020888238273903
2026-06-09T23:05:00+00:00,1.0463701575816529,1.020888238273903
2026-06-09T23:10:00+00:00,1.047260613580455,1.020888238273903
2026-06-09T23:15:00+00:00,1.0467361591309583,1.020888238273903
2026-06-09T23:20:00+00:00,1.0458834934327261,1.020888238273903
2026-06-09T23:25:00+00:00,1.0453114599610198,1.020888238273903
2026-06-09T23:30:00+00:00,1.0447015823499195,1.020888238273903
2026-06-09T23:35:00+00:00,1.0443823831029893,1.020888238273903
2026-06-09T23:40:00+00:00,1.0437062250993618,1.020888238273903
2026-06-09T23:45:00+00:00,1.045275552702693,1.020888238273903
2026-06-09T23:50:00+00:00,1.0452849357866492,1.020888238273903
2026-06-09T23:55:00+00:00,1.045581157088087,1.020888238273903
2026-06-10T00:00:00+00:00,1.0473955966807307,1.020888238273903
2026-06-10T08:05:00+00:00,1.0400494978620634,1.020888238273903
2026-06-10T08:10:00+00:00,1.0404361754352178,1.020888238273903
2026-06-10T08:15:00+00:00,1.0397008182253233,1.020888238273903
2026-06-10T08:20:00+00:00,1.0387385166440832,1.020888238273903
2026-06-10T08:25:00+00:00,1.0389745935796841,1.020888238273903
2026-06-10T08:30:00+00:00,1.0376906267943427,1.020888238273903
2026-06-10T08:35:00+00:00,1.0380781845536255,1.020888238273903
2026-06-10T08:40:00+00:00,1.0380876336541585,1.020888238273903
2026-06-10T08:45:00+00:00,1.0357348290376407,1.020888238273903
2026-06-10T08:50:00+00:00,1.03540336055609,1.020888238273903
2026-06-10T08:55:00+00:00,1.0358487656834223,1.020888238273903
2026-06-10T09:00:00+00:00,1.0342749361513295,1.020888238273903
2026-06-10T09:05:00+00:00,1.0345898024019413,1.020888238273903
2026-06-10T09:10:00+00:00,1.035262956082872,1.020888238273903
2026-06-10T09:15:00+00:00,1.0336332772458694,1.020888238273903
2026-06-10T09:20:00+00:00,1.0341077692020049,1.020888238273903
2026-06-10T09:25:00+00:00,1.0339180594663229,1.020888238273903
2026-06-10T09:30:00+00:00,1.0356731965648847,1.020888238273903
2026-06-10T09:35:00+00:00,1.0353512700577747,1.020888238273903
2026-06-10T09:40:00+00:00,1.037009241839588,1.020888238273903
2026-06-10T09:45:00+00:00,1.035486342613667,1.020888238273903
2026-06-10T09:50:00+00:00,1.035050587680356,1.020888238273903
2026-06-10T09:55:00+00:00,1.0353064646041905,1.020888238273903
2026-06-10T10:00:00+00:00,1.0355243799776246,1.020888238273903
2026-06-10T10:05:00+00:00,1.0347948959722266,1.020888238273903
2026-06-10T10:10:00+00:00,1.0352499957492376,1.020888238273903
2026-06-10T10:15:00+00:00,1.0361027552185533,1.020888238273903
2026-06-10T10:20:00+00:00,1.0330637476854287,1.020888238273903
2026-06-10T10:25:00+00:00,1.0347823871671384,1.020888238273903
2026-06-10T10:30:00+00:00,1.035218444237583,1.020888238273903
2026-06-10T10:35:00+00:00,1.036867183018542,1.020888238273903
2026-06-10T10:40:00+00:00,1.0367631178815604,1.020888238273903
2026-06-10T10:45:00+00:00,1.0382107146348858,1.020888238273903
2026-06-10T10:50:00+00:00,1.0387209197474616,1.020888238273903
2026-06-10T10:55:00+00:00,1.036945522146613,1.020888238273903
2026-06-10T11:00:00+00:00,1.0383644922634025,1.020888238273903
2026-06-10T11:05:00+00:00,1.0359838756830104,1.020888238273903
2026-06-10T11:10:00+00:00,1.0348097631488764,1.020888238273903
2026-06-10T11:15:00+00:00,1.0358334045906206,1.020888238273903
2026-06-10T11:20:00+00:00,1.033701675959441,1.020888238273903
2026-06-10T11:25:00+00:00,1.0348404274614618,1.020888238273903
2026-06-10T11:30:00+00:00,1.0335133443814526,1.020888238273903
2026-06-10T11:35:00+00:00,1.032137098308027,1.020888238273903
2026-06-10T11:40:00+00:00,1.0316714010905583,1.020888238273903
2026-06-10T11:45:00+00:00,1.03218485020356,1.020888238273903
2026-06-10T11:50:00+00:00,1.0322798860980635,1.020888238273903
2026-06-10T11:55:00+00:00,1.0333822009907023,1.020888238273903
2026-06-10T12:00:00+00:00,1.0330879307381744,1.020888238273903
2026-06-10T12:05:00+00:00,1.0329075201620344,1.020888238273903
2026-06-10T12:10:00+00:00,1.0330879622547053,1.020888238273903
2026-06-10T12:15:00+00:00,1.0340185010442362,1.020888238273903
2026-06-10T12:20:00+00:00,1.032851630006506,1.020888238273903
2026-06-10T12:25:00+00:00,1.0328799325155396,1.020888238273903
2026-06-10T12:30:00+00:00,1.0357672791683885,1.020888238273903
2026-06-10T12:35:00+00:00,1.048676013317711,1.020888238273903
2026-06-10T12:40:00+00:00,1.0455980009314008,1.020888238273903
2026-06-10T12:45:00+00:00,1.0441342087698555,1.020888238273903
2026-06-10T12:50:00+00:00,1.045289972877835,1.020888238273903
2026-06-10T12:55:00+00:00,1.0426430988556779,1.020888238273903
2026-06-10T13:00:00+00:00,1.0396789594345526,1.020888238273903
2026-06-10T13:05:00+00:00,1.0407450588519334,1.020888238273903
2026-06-10T13:10:00+00:00,1.0430170163075332,1.020888238273903
2026-06-10T13:15:00+00:00,1.0433368447576996,1.020888238273903
2026-06-10T13:20:00+00:00,1.0441173631817804,1.020888238273903
2026-06-10T13:25:00+00:00,1.0420312709285418,1.020888238273903
2026-06-10T13:30:00+00:00,1.0404211927923823,1.020888238273903
2026-06-10T13:35:00+00:00,1.0404777736396513,1.020888238273903
2026-06-10T13:40:00+00:00,1.0466359621181067,1.020888238273903
2026-06-10T13:45:00+00:00,1.0494482903840308,1.020888238273903
2026-06-10T13:50:00+00:00,1.0562825607700632,1.020888238273903
2026-06-10T13:55:00+00:00,1.0492784537090314,1.020888238273903
2026-06-10T14:00:00+00:00,1.0470278120432515,1.020888238273903
2026-06-10T14:05:00+00:00,1.0499853225784015,1.020888238273903
2026-06-10T14:10:00+00:00,1.0543040751526853,1.020888238273903
2026-06-10T14:15:00+00:00,1.051316939657914,1.020888238273903
2026-06-10T14:20:00+00:00,1.0512422796356287,1.0207341761340838
2026-06-10T14:25:00+00:00,1.0562372440310668,1.025584181661605
2026-06-10T14:30:00+00:00,1.0558564623184574,1.0252144506155498
2026-06-10T14:35:00+00:00,1.0596814705570652,1.0289284532853193
2026-06-10T14:40:00+00:00,1.0561488546936368,1.0254983574712464
2026-06-10T14:45:00+00:00,1.0522834450340035,1.021745125870141
2026-06-10T14:50:00+00:00,1.0484227866165952,1.017996507625454
2026-06-10T14:55:00+00:00,1.0477581654474777,1.01735117442811
2026-06-10T15:00:00+00:00,1.0423912915822229,1.0121400526159574
2026-06-10T15:05:00+00:00,1.0415159351364516,1.0112900998906849
2026-06-10T15:10:00+00:00,1.0390006092200679,1.0088477712508412
2026-06-10T15:15:00+00:00,1.0357798299290384,1.0057204621996125
2026-06-10T15:20:00+00:00,1.0351307738305502,1.0050902423589638
2026-06-10T15:25:00+00:00,1.039507750334159,1.009340194622031
2026-06-10T15:30:00+00:00,1.0370002774166387,1.0069054910791608
2026-06-10T15:35:00+00:00,1.0362008171740176,1.0061292319732327
2026-06-10T15:40:00+00:00,1.0359166974253375,1.0058533576641315
2026-06-10T15:45:00+00:00,1.0388564369814333,1.0087077830349225
2026-06-10T15:50:00+00:00,1.033477668310781,1.0034851116165344
2026-06-10T15:55:00+00:00,1.036915566124904,1.0068232381939286
2026-06-10T16:00:00+00:00,1.0402001196589934,1.01001247069583
2026-06-10T16:05:00+00:00,1.040124662980337,1.0099392038455386
2026-06-10T16:10:00+00:00,1.0381991651987306,1.0080695859374413
2026-06-10T16:15:00+00:00,1.0352961836232504,1.0052508517938648
2026-06-10T16:20:00+00:00,1.0362346220069585,1.0061620557560749
2026-06-10T16:25:00+00:00,1.0348799113453968,1.0048466601543031
2026-06-10T16:30:00+00:00,1.036084365987603,1.0060161603168434
2026-06-10T16:35:00+00:00,1.038755907684295,1.0086101711986413
2026-06-10T16:40:00+00:00,1.039361539813223,1.009198227276804
2026-06-10T16:45:00+00:00,1.0364327783479457,1.006354461401644
2026-06-10T16:50:00+00:00,1.0351067700264542,1.0050669351692956
2026-06-10T16:55:00+00:00,1.035277475655636,1.005232686750201
2026-06-10T17:00:00+00:00,1.0352395538381887,1.005195865461865
2026-06-10T17:05:00+00:00,1.0368323343500352,1.006742421888501
2026-06-10T17:10:00+00:00,1.034337730266963,1.0043202137136185
2026-06-10T17:15:00+00:00,1.0328130703718643,1.0028398009752273
2026-06-10T17:20:00+00:00,1.0328523306589557,1.0028779218894783
2026-06-10T17:25:00+00:00,1.0336886898405226,1.0036900090901992
2026-06-10T17:30:00+00:00,1.0341350150124213,1.0041233814587305
2026-06-10T17:35:00+00:00,1.034154021614542,1.0041418364702275
2026-06-10T17:40:00+00:00,1.0338455313361519,1.0038422988885893
2026-06-10T17:45:00+00:00,1.0327205935406378,1.0027500079142344
2026-06-10T17:50:00+00:00,1.0384710808627848,1.008333610336671
2026-06-10T17:55:00+00:00,1.0380929820474574,1.0079664843275322
2026-06-10T18:00:00+00:00,1.0392653527374118,1.009104831646239
2026-06-10T18:05:00+00:00,1.0400964724980666,1.0099118314792885
2026-06-10T18:10:00+00:00,1.0374188862377476,1.007311951453152
2026-06-10T18:15:00+00:00,1.0387506543728355,1.0086050703435396
2026-06-10T18:20:00+00:00,1.036401524156017,1.0063241142376578
2026-06-10T18:25:00+00:00,1.0365582070198542,1.0064762500079094
2026-06-10T18:30:00+00:00,1.0359332733769688,1.0058694525650493
2026-06-10T18:35:00+00:00,1.0350140356871336,1.0049768920733513
2026-06-10T18:40:00+00:00,1.034321657504841,1.0043046073991462
2026-06-10T18:45:00+00:00,1.0345874737013574,1.004562709343494
2026-06-10T18:50:00+00:00,1.0334156890226731,1.0034249310294237
2026-06-10T18:55:00+00:00,1.0329169705244388,1.0029406858413452
2026-06-10T19:00:00+00:00,1.0329074675438743,1.0029314586467915
2026-06-10T19:05:00+00:00,1.0338197664659161,1.0038172817406847
2026-06-10T19:10:00+00:00,1.034883094354653,1.0048497507894434
2026-06-10T19:15:00+00:00,1.0324592753816972,1.002496273469909
2026-06-10T19:20:00+00:00,1.029944813104941,1.000054783406006
2026-06-10T19:25:00+00:00,1.0307548186072963,1.0008412817376728
2026-06-10T19:30:00+00:00,1.0319407133852452,1.0019927606617993
2026-06-10T19:35:00+00:00,1.0338100880306007,1.0038078841832527
2026-06-10T19:40:00+00:00,1.0353294097972758,1.0052831137110523
2026-06-10T19:45:00+00:00,1.0337176335903124,1.0037181128633907
2026-06-10T19:50:00+00:00,1.0336511614574868,1.0036535698184144
2026-06-10T19:55:00+00:00,1.034258951428689,1.0042437211161084
2026-06-10T20:00:00+00:00,1.0310787488422797,1.0011558111929046
2026-06-10T20:05:00+00:00,1.0307840073063825,1.0008696233514867
2026-06-10T20:10:00+00:00,1.0287603413644701,0.9989046862213852
2026-06-10T20:15:00+00:00,1.0304213897817733,1.000517529350509
2026-06-10T20:20:00+00:00,1.0299296298073075,1.0000400407428724
2026-06-10T20:25:00+00:00,1.029643697094979,0.9997624060841431
2026-06-10T20:30:00+00:00,1.0284996485426512,0.9986515589662718
2026-06-10T20:35:00+00:00,1.028690535634066,0.9988369063231699
2026-06-10T20:40:00+00:00,1.029143808365445,0.999277024626049
2026-06-10T20:45:00+00:00,1.0281184322182715,0.9982814059213148
2026-06-10T20:50:00+00:00,1.027927474114219,0.9980959896126369
2026-06-10T20:55:00+00:00,1.0273258443216773,0.997511819719051
2026-06-10T21:00:00+00:00,1.0279149270299983,0.997511819719051
2026-06-10T21:05:00+00:00,1.028214313329751,0.997511819719051
2026-06-10T21:10:00+00:00,1.0269827474391333,0.997511819719051
2026-06-10T21:15:00+00:00,1.027737874872918,0.997511819719051
2026-06-10T21:20:00+00:00,1.0295348879191872,0.997511819719051
2026-06-10T21:25:00+00:00,1.0295348879191872,0.997511819719051
2026-06-10T21:30:00+00:00,1.0281223990068413,0.997511819719051
2026-06-10T21:35:00+00:00,1.0283133578476673,0.997511819719051
2026-06-10T21:40:00+00:00,1.0283709641763699,0.997511819719051
2026-06-10T21:45:00+00:00,1.0283709641763699,0.997511819719051
2026-06-10T21:50:00+00:00,1.0279414103447513,0.997511819719051
2026-06-10T21:55:00+00:00,1.0277504177191321,0.997511819719051
2026-06-10T22:00:00+00:00,1.0277504177191321,0.997511819719051
2026-06-10T22:05:00+00:00,1.0258314401275388,0.997511819719051
2026-06-10T22:10:00+00:00,1.0245328829780491,0.997511819719051
2026-06-10T22:15:00+00:00,1.0252582000516988,0.997511819719051
2026-06-10T22:20:00+00:00,1.0253635216822607,0.997511819719051
2026-06-10T22:25:00+00:00,1.025114605214186,0.997511819719051
2026-06-10T22:30:00+00:00,1.0255551028493082,0.997511819719051
2026-06-10T22:35:00+00:00,1.0268027074497952,0.997511819719051
2026-06-10T22:40:00+00:00,1.0261971575371684,0.997511819719051
2026-06-10T22:45:00+00:00,1.0261971575371684,0.997511819719051
2026-06-10T22:50:00+00:00,1.0267902466136376,0.997511819719051
2026-06-10T22:55:00+00:00,1.025929807859492,0.997511819719051
2026-06-10T23:00:00+00:00,1.0243127388655706,0.997511819719051
2026-06-10T23:05:00+00:00,1.0246385807577643,0.997511819719051
2026-06-10T23:10:00+00:00,1.0238242349946562,0.997511819719051
2026-06-10T23:15:00+00:00,1.0210436672090368,0.997511819719051
2026-06-10T23:20:00+00:00,1.0222451384431022,0.997511819719051
2026-06-10T23:25:00+00:00,1.0229653675213852,0.997511819719051
2026-06-10T23:30:00+00:00,1.025031258556282,0.997511819719051
2026-06-10T23:35:00+00:00,1.0249282100779589,0.997511819719051
2026-06-10T23:40:00+00:00,1.0260342727965834,0.997511819719051
2026-06-10T23:45:00+00:00,1.0264361138955898,0.997511819719051
2026-06-10T23:50:00+00:00,1.0259100993390668,0.997511819719051
2026-06-10T23:55:00+00:00,1.025670879158088,0.997511819719051
2026-06-11T00:00:00+00:00,1.0247329172850943,0.997511819719051
2026-06-11T08:05:00+00:00,1.0449659055074954,0.997511819719051
2026-06-11T08:10:00+00:00,1.0469203422339188,0.997511819719051
2026-06-11T08:15:00+00:00,1.0472954950987474,0.997511819719051
2026-06-11T08:20:00+00:00,1.0480924094729387,0.997511819719051
2026-06-11T08:25:00+00:00,1.0476708341714773,0.997511819719051
2026-06-11T08:30:00+00:00,1.0475396246132285,0.997511819719051
2026-06-11T08:35:00+00:00,1.0475021314718116,0.997511819719051
2026-06-11T08:40:00+00:00,1.0477833695444299,0.997511819719051
2026-06-11T08:45:00+00:00,1.047680287377674,0.997511819719051
2026-06-11T08:50:00+00:00,1.046930525122421,0.997511819719051
2026-06-11T08:55:00+00:00,1.0466210265438471,0.997511819719051
2026-06-11T09:00:00+00:00,1.0473621665475847,0.997511819719051
2026-06-11T09:05:00+00:00,1.047502789824511,0.997511819719051
2026-06-11T09:10:00+00:00,1.0460030095437778,0.997511819719051
2026-06-11T09:15:00+00:00,1.0454397843748588,0.997511819719051
2026-06-11T09:20:00+00:00,1.0455055293976836,0.997511819719051
2026-06-11T09:25:00+00:00,1.0448292382281879,0.997511819719051
2026-06-11T09:30:00+00:00,1.0450829744166403,0.997511819719051
2026-06-11T09:35:00+00:00,1.0440870667329452,0.997511819719051
2026-06-11T09:40:00+00:00,1.0449240517353704,0.997511819719051
2026-06-11T09:45:00+00:00,1.0448488773431592,0.997511819719051
2026-06-11T09:50:00+00:00,1.0460705491129696,0.997511819719051
2026-06-11T09:55:00+00:00,1.0460705491129696,0.997511819719051
2026-06-11T10:00:00+00:00,1.045150670843946,0.997511819719051
2026-06-11T10:05:00+00:00,1.0468041524172644,0.997511819719051
2026-06-11T10:10:00+00:00,1.047085551382968,0.997511819719051
2026-06-11T10:15:00+00:00,1.0476576218522022,0.997511819719051
2026-06-11T10:20:00+00:00,1.0465985487342646,0.997511819719051
2026-06-11T10:25:00+00:00,1.0472740399271083,0.997511819719051
2026-06-11T10:30:00+00:00,1.0465333537216093,0.997511819719051
2026-06-11T10:35:00+00:00,1.0471627261317118,0.997511819719051
2026-06-11T10:40:00+00:00,1.0475464239482672,0.997511819719051
2026-06-11T10:45:00+00:00,1.0471790825109248,0.997511819719051
2026-06-11T10:50:00+00:00,1.0469089416439776,0.997511819719051
2026-06-11T10:55:00+00:00,1.0469089416439776,0.997511819719051
2026-06-11T11:00:00+00:00,1.0465337794208875,0.9971543590680255
2026-06-11T11:05:00+00:00,1.044609986147465,0.9953217162643376
2026-06-11T11:10:00+00:00,1.0437076378850092,0.9944619438773552
2026-06-11T11:15:00+00:00,1.0444037074139898,0.9951251704666196
2026-06-11T11:20:00+00:00,1.0444413137695787,0.9951610024258039
2026-06-11T11:25:00+00:00,1.0449113762892779,0.995608885789033
2026-06-11T11:30:00+00:00,1.0456819321802786,0.9963430842191445
2026-06-11T11:35:00+00:00,1.0463392394293143,0.9969693774653311
2026-06-11T11:40:00+00:00,1.0464236973051428,0.99704985032988
2026-06-11T11:45:00+00:00,1.0465269152669998,0.9971481981154721
2026-06-11T11:50:00+00:00,1.0470335716541652,0.9976309487224134
2026-06-11T11:55:00+00:00,1.047455581101038,0.9980330463210494
2026-06-11T12:00:00+00:00,1.047511826366629,0.9980866377427494
2026-06-11T12:05:00+00:00,1.0478695270493508,0.9984274608845505
2026-06-11T12:10:00+00:00,1.047399502322821,0.99797961353128
2026-06-11T12:15:00+00:00,1.0477463668090279,0.9983101117653584
2026-06-11T12:20:00+00:00,1.0468092054791451,0.9974171689104699
2026-06-11T12:25:00+00:00,1.0430759611800349,0.9938600718385491
2026-06-11T12:30:00+00:00,1.0402317125183052,0.9911500245510289
2026-06-11T12:35:00+00:00,1.0393349610419962,0.9902955848746918
2026-06-11T12:40:00+00:00,1.0417145424092291,0.9925628894590178
2026-06-11T12:45:00+00:00,1.0422237937604448,0.9930481125907352
2026-06-11T12:50:00+00:00,1.0443059425050079,0.9950320184402276
2026-06-11T12:55:00+00:00,1.0445693818738446,0.9952830278391415
2026-06-11T13:00:00+00:00,1.0450647814996972,0.9952830278391415
2026-06-11T13:05:00+00:00,1.044801507866358,0.9952830278391415
2026-06-11T13:10:00+00:00,1.0438552883701588,0.9952830278391415
2026-06-11T13:15:00+00:00,1.0440058022194783,0.9952830278391415
2026-06-11T13:20:00+00:00,1.0440058022194783,0.9952830278391415
2026-06-11T13:25:00+00:00,1.0446641842569138,0.9952830278391415
2026-06-11T13:30:00+00:00,1.0440344154936851,0.9952830278391415
2026-06-11T13:35:00+00:00,1.0473581177017814,0.9952830278391415
2026-06-11T13:40:00+00:00,1.0476721809725034,0.9952830278391415
2026-06-11T13:45:00+00:00,1.048874173985869,0.9952830278391415
2026-06-11T13:50:00+00:00,1.0511191014768104,0.9952830278391415
2026-06-11T13:55:00+00:00,1.0555325676614313,0.9952830278391415
2026-06-11T14:00:00+00:00,1.053941849450693,0.9952830278391415
2026-06-11T14:05:00+00:00,1.0597688239065688,0.9952830278391415
2026-06-11T14:10:00+00:00,1.057804301349751,0.9952830278391415
2026-06-11T14:15:00+00:00,1.0527450142878372,0.9952830278391415
2026-06-11T14:20:00+00:00,1.0501753027053684,0.9952830278391415
2026-06-11T14:25:00+00:00,1.0547808225761137,0.9952830278391415
2026-06-11T14:30:00+00:00,1.0551626513031498,0.9952830278391415
2026-06-11T14:35:00+00:00,1.0548276645856303,0.9952830278391415
2026-06-11T14:40:00+00:00,1.0539802956114945,0.9952830278391415
2026-06-11T14:45:00+00:00,1.0518464881935947,0.9952830278391415
2026-06-11T14:50:00+00:00,1.051043493942674,0.9952830278391415
2026-06-11T14:55:00+00:00,1.051024806980886,0.9952830278391415
2026-06-11T15:00:00+00:00,1.0468474653327482,0.9952830278391415
2026-06-11T15:05:00+00:00,1.047466670501585,0.9952830278391415
2026-06-11T15:10:00+00:00,1.04846048968736,0.9952830278391415
2026-06-11T15:15:00+00:00,1.0505118132105213,0.9952830278391415
2026-06-11T15:20:00+00:00,1.0503114649308514,0.9952830278391415
2026-06-11T15:25:00+00:00,1.051755577384613,0.9952830278391415
2026-06-11T15:30:00+00:00,1.0494211047041655,0.9952830278391415
2026-06-11T15:35:00+00:00,1.0509558256850475,0.9952830278391415
2026-06-11T15:40:00+00:00,1.052366881027027,0.9952830278391415
2026-06-11T15:45:00+00:00,1.0507056473584717,0.9952830278391415
2026-06-11T15:50:00+00:00,1.0510140984505585,0.9952830278391415
2026-06-11T15:55:00+00:00,1.050303934931401,0.9952830278391415
2026-06-11T16:00:00+00:00,1.052033631239517,0.9952830278391415
2026-06-11T16:05:00+00:00,1.0517348972843612,0.9952830278391415
2026-06-11T16:10:00+00:00,1.0526966275093557,0.9952830278391415
2026-06-11T16:15:00+00:00,1.053918762412524,0.9952830278391415
2026-06-11T16:20:00+00:00,1.053131474779473,0.9952830278391415
2026-06-11T16:25:00+00:00,1.051854231266282,0.9952830278391415
2026-06-11T16:30:00+00:00,1.0507478421708891,0.9952830278391415
2026-06-11T16:35:00+00:00,1.052705995761877,0.9952830278391415
2026-06-11T16:40:00+00:00,1.0518896878883164,0.9952830278391415
2026-06-11T16:45:00+00:00,1.0515629665237745,0.9952830278391415
2026-06-11T16:50:00+00:00,1.0511240136539357,0.9952830278391415
2026-06-11T16:55:00+00:00,1.0487506856199964,0.9952830278391415
2026-06-11T17:00:00+00:00,1.047421107164652,0.9952830278391415
2026-06-11T17:05:00+00:00,1.04736485091229,0.9952830278391415
2026-06-11T17:10:00+00:00,1.0486637133134216,0.9952830278391415
2026-06-11T17:15:00+00:00,1.0469077950748784,0.9952830278391415
2026-06-11T17:20:00+00:00,1.0454535331444141,0.9952830278391415
2026-06-11T17:25:00+00:00,1.0462990488580184,0.9952830278391415
2026-06-11T17:30:00+00:00,1.0567188161972947,0.9952830278391415
2026-06-11T17:35:00+00:00,1.060799739689235,0.9952830278391415
2026-06-11T17:40:00+00:00,1.0607997603850814,0.9952830278391415
2026-06-11T17:45:00+00:00,1.0639156774041163,0.9952830278391415
2026-06-11T17:50:00+00:00,1.0621478964293258,0.9952830278391415
2026-06-11T17:55:00+00:00,1.061999931937966,0.9952830278391415
2026-06-11T18:00:00+00:00,1.0623421851416188,0.9952830278391415
2026-06-11T18:05:00+00:00,1.0586711376579823,0.9952830278391415
2026-06-11T18:10:00+00:00,1.0585319622098737,0.9952830278391415
2026-06-11T18:15:00+00:00,1.0615284758872503,0.9952830278391415
2026-06-11T18:20:00+00:00,1.063166330601266,0.9952830278391415
2026-06-11T18:25:00+00:00,1.0616280405092808,0.9952830278391415
2026-06-11T18:30:00+00:00,1.061780727745753,0.9952830278391415
2026-06-11T18:35:00+00:00,1.06166971732778,0.9952830278391415
2026-06-11T18:40:00+00:00,1.0618941120567211,0.9952830278391415
2026-06-11T18:45:00+00:00,1.0636491509823756,0.9952830278391415
2026-06-11T18:50:00+00:00,1.0652929505697522,0.9952830278391415
2026-06-11T18:55:00+00:00,1.0647765822312538,0.9952830278391415
2026-06-11T19:00:00+00:00,1.065376206977407,0.9952830278391415
2026-06-11T19:05:00+00:00,1.065947835010062,0.9952830278391415
2026-06-11T19:10:00+00:00,1.0669292526912975,0.9952830278391415
2026-06-11T19:15:00+00:00,1.068627961854053,0.9952830278391415
2026-06-11T19:20:00+00:00,1.0697034435279154,0.9952830278391415
2026-06-11T19:25:00+00:00,1.0700707563966019,0.9952830278391415
2026-06-11T19:30:00+00:00,1.0706031664425049,0.9952830278391415
2026-06-11T19:35:00+00:00,1.07402059521923,0.9952830278391415
2026-06-11T19:40:00+00:00,1.0711167740302787,0.9952830278391415
2026-06-11T19:45:00+00:00,1.073125401001746,0.9952830278391415
2026-06-11T19:50:00+00:00,1.0713450207283088,0.9952830278391415
2026-06-11T19:55:00+00:00,1.0729679892765305,0.9952830278391415
2026-06-11T20:00:00+00:00,1.0738147378325544,0.9959537495029018
2026-06-11T20:05:00+00:00,1.0723231406303995,0.9945703061826576
2026-06-11T20:10:00+00:00,1.0736158785081027,0.9957693092239287
2026-06-11T20:15:00+00:00,1.072967549022338,0.9951679893132298
2026-06-11T20:20:00+00:00,1.0718391984571356,0.9941214540622466
2026-06-11T20:25:00+00:00,1.0719125154329352,0.9941894549141413
2026-06-11T20:30:00+00:00,1.0720499753605361,0.99431694779115
2026-06-11T20:35:00+00:00,1.0718758817747938,0.994155477517577
2026-06-11T20:40:00+00:00,1.0707303431791657,0.9930930005191527
2026-06-11T20:45:00+00:00,1.070666124312192,0.9930334380833824
2026-06-11T20:50:00+00:00,1.0711340326939973,0.993467419002869
2026-06-11T20:55:00+00:00,1.0709362213833362,0.9932839507474932
2026-06-11T21:00:00+00:00,1.0704920038769592,0.9932839507474932
2026-06-11T21:05:00+00:00,1.0704552991965588,0.9932839507474932
2026-06-11T21:10:00+00:00,1.0715748303362047,0.9932839507474932
2026-06-11T21:15:00+00:00,1.0715931641513967,0.9932839507474932
2026-06-11T21:20:00+00:00,1.072601506735286,0.9932839507474932
2026-06-11T21:25:00+00:00,1.072418893398159,0.9932839507474932
2026-06-11T21:30:00+00:00,1.072757161156453,0.9932839507474932
2026-06-11T21:35:00+00:00,1.0722810984157034,0.9932839507474932
2026-06-11T21:40:00+00:00,1.071722284686499,0.9932839507474932
2026-06-11T21:45:00+00:00,1.0722087062591619,0.9932839507474932
2026-06-11T21:50:00+00:00,1.0722813569834775,0.9932839507474932
2026-06-11T21:55:00+00:00,1.072702757602198,0.9932839507474932
2026-06-11T22:00:00+00:00,1.0725104546031912,0.9932839507474932
2026-06-11T22:05:00+00:00,1.0733440907358693,0.9932839507474932
2026-06-11T22:10:00+00:00,1.0728498923004766,0.9932839507474932
2026-06-11T22:15:00+00:00,1.0744430433515653,0.9932839507474932
2026-06-11T22:20:00+00:00,1.074428598226325,0.9932839507474932
2026-06-11T22:25:00+00:00,1.075019027802327,0.9932839507474932
2026-06-11T22:30:00+00:00,1.0747997256750723,0.9932839507474932
2026-06-11T22:35:00+00:00,1.0748062146870214,0.9932839507474932
2026-06-11T22:40:00+00:00,1.0747997257142485,0.9932839507474932
2026-06-11T22:45:00+00:00,1.0759229645432475,0.9932839507474932
2026-06-11T22:50:00+00:00,1.0766086216870507,0.9932839507474932
2026-06-11T22:55:00+00:00,1.0768094078242252,0.9932839507474932
2026-06-11T23:00:00+00:00,1.0759190604995585,0.9932839507474932
2026-06-11T23:05:00+00:00,1.0761710475712813,0.9932839507474932
2026-06-11T23:10:00+00:00,1.075288215379384,0.9932839507474932
2026-06-11T23:15:00+00:00,1.0756052112069217,0.9932839507474932
2026-06-11T23:20:00+00:00,1.0752399058098265,0.9932839507474932
2026-06-11T23:25:00+00:00,1.0743628748915477,0.9932839507474932
2026-06-11T23:30:00+00:00,1.0750760446920784,0.9932839507474932
2026-06-11T23:35:00+00:00,1.0747545086899304,0.9932839507474932
2026-06-11T23:40:00+00:00,1.0761363664948016,0.9932839507474932
2026-06-11T23:45:00+00:00,1.0761728791119933,0.9932839507474932
2026-06-11T23:50:00+00:00,1.0770400243496157,0.9932839507474932
2026-06-11T23:55:00+00:00,1.077103867860247,0.9932839507474932
2026-06-12T00:00:00+00:00,1.077240667274474,0.9932839507474932
2026-06-12T08:05:00+00:00,1.071012695296808,0.9906777502054335
2026-06-12T08:10:00+00:00,1.0704165162679968,0.9901262896097038
2026-06-12T08:15:00+00:00,1.0714535371054987,0.9910855251768675
2026-06-12T08:20:00+00:00,1.0741764993059701,0.9936042423484787
2026-06-12T08:25:00+00:00,1.074459976891779,0.993866456735083
2026-06-12T08:30:00+00:00,1.073353718853251,0.9928431773383323
2026-06-12T08:35:00+00:00,1.0716148272555182,0.9912347172113347
2026-06-12T08:40:00+00:00,1.071431488534003,0.9910651304333687
2026-06-12T08:45:00+00:00,1.0702304143854668,0.9899541469310004
2026-06-12T08:50:00+00:00,1.0713410499035774,0.9909814754596085
2026-06-12T08:55:00+00:00,1.0718453614214196,0.9914479593790733
2026-06-12T09:00:00+00:00,1.0709196976206197,0.9905917281358301
2026-06-12T09:05:00+00:00,1.072598341406077,0.992144459542354
2026-06-12T09:10:00+00:00,1.0729921604941488,0.99250873889205
2026-06-12T09:15:00+00:00,1.0739717693778763,0.9934148688840418
2026-06-12T09:20:00+00:00,1.0747308559122217,0.9941170175545093
2026-06-12T09:25:00+00:00,1.075023349426333,0.9943875715990896
2026-06-12T09:30:00+00:00,1.0766590399804397,0.9959005716272784
2026-06-12T09:35:00+00:00,1.0770696233332568,0.9962803577810998
2026-06-12T09:40:00+00:00,1.0757106542762787,0.9950233228142148
2026-06-12T09:45:00+00:00,1.0759206933703611,0.9952176072126113
2026-06-12T09:50:00+00:00,1.0761033004126845,0.9953865171934688
2026-06-12T09:55:00+00:00,1.0757929211098847,0.9950994189445328
2026-06-12T10:00:00+00:00,1.0765599618644195,0.9958089252018866
2026-06-12T10:05:00+00:00,1.0763774631422862,0.9956401154162955
2026-06-12T10:10:00+00:00,1.0771075818217113,0.9963154690641953
2026-06-12T10:15:00+00:00,1.0760040253661614,0.9952946886090152
2026-06-12T10:20:00+00:00,1.0752827818527475,0.9946275444151539
2026-06-12T10:25:00+00:00,1.074369202598837,0.9937824912763135
2026-06-12T10:30:00+00:00,1.072997667446583,0.9925138327768118
2026-06-12T10:35:00+00:00,1.0737392443327876,0.9931997851697719
2026-06-12T10:40:00+00:00,1.0736477548179248,0.9931151581367315
2026-06-12T10:45:00+00:00,1.0736294553555872,0.9930982312877237
2026-06-12T10:50:00+00:00,1.073913101856431,0.9933606019193171
2026-06-12T10:55:00+00:00,1.0731813041720315,0.9926836952059139
2026-06-12T11:00:00+00:00,1.073510837837591,0.9929885110795698
2026-06-12T11:05:00+00:00,1.0762378071985736,0.9955109348410068
2026-06-12T11:10:00+00:00,1.074996155846379,0.994362417765968
2026-06-12T11:15:00+00:00,1.075745498605223,0.9950555535259122
2026-06-12T11:20:00+00:00,1.076266020620677,0.9955370320195538
2026-06-12T11:25:00+00:00,1.0770875001893108,0.996296893722844
2026-06-12T11:30:00+00:00,1.076832123540156,0.9960606724666902
2026-06-12T11:35:00+00:00,1.0760384435832946,0.9953265251708651
2026-06-12T11:40:00+00:00,1.0754085086361753,0.994743840634138
2026-06-12T11:45:00+00:00,1.0766599821057843,0.9959014430853119
2026-06-12T11:50:00+00:00,1.075912524599563,0.995210051168214
2026-06-12T11:55:00+00:00,1.076001273840366,0.9952921434707582
2026-06-12T12:00:00+00:00,1.0761584048359516,0.9956738580849547
2026-06-12T12:05:00+00:00,1.074369219601005,0.9956738580849547
2026-06-12T12:10:00+00:00,1.0748355494976811,0.9956738580849547
2026-06-12T12:15:00+00:00,1.0737936170772497,0.9956738580849547
2026-06-12T12:20:00+00:00,1.0741961570284424,0.9956738580849547
2026-06-12T12:25:00+00:00,1.0721842112209654,0.9956738580849547
2026-06-12T12:30:00+00:00,1.0715978175316974,0.9956738580849547
2026-06-12T12:35:00+00:00,1.0711761163065796,0.9956738580849547
2026-06-12T12:40:00+00:00,1.0693969367983305,0.9956738580849547
2026-06-12T12:45:00+00:00,1.0696174224887212,0.9956738580849547
2026-06-12T12:50:00+00:00,1.06935107434127,0.9956738580849547
2026-06-12T12:55:00+00:00,1.0677801474352686,0.9956738580849547
2026-06-12T13:00:00+00:00,1.0680561547110146,0.9961885955611318
2026-06-12T13:05:00+00:00,1.0675042119346614,0.9951591206087779
2026-06-12T13:10:00+00:00,1.069712841338664,0.9992770204181934
2026-06-12T13:15:00+00:00,1.0698414125936326,0.9995172312404094
2026-06-12T13:20:00+00:00,1.0691251731063673,0.9981789138023494
2026-06-12T13:25:00+00:00,1.0686381712999984,0.9972695442611035
2026-06-12T13:30:00+00:00,1.0716350575915163,1.0028630248355597
2026-06-12T13:35:00+00:00,1.0705714221475062,1.0008727065943421
2026-06-12T13:40:00+00:00,1.0745260141418556,1.0082677683354173
2026-06-12T13:45:00+00:00,1.0701453137632038,1.0000491266324587
2026-06-12T13:50:00+00:00,1.0732939389913512,1.0059342917767486
2026-06-12T13:55:00+00:00,1.072286871021398,1.0040469210307665
2026-06-12T14:00:00+00:00,1.074173906566936,1.007581451700515
2026-06-12T14:05:00+00:00,1.078809126948609,1.0162805150479053
2026-06-12T14:10:00+00:00,1.082415179105402,1.023075049733441
2026-06-12T14:15:00+00:00,1.0808857299426786,1.020183940908914
2026-06-12T14:20:00+00:00,1.081890217342059,1.0220798906128326
2026-06-12T14:25:00+00:00,1.0775772336085099,1.013929880573364
2026-06-12T14:30:00+00:00,1.0783613002323815,1.0154054613384047
2026-06-12T14:35:00+00:00,1.0791266189520137,1.0168467262717003
2026-06-12T14:40:00+00:00,1.0796820750923566,1.0178933591399266
2026-06-12T14:45:00+00:00,1.075996068800244,1.0109444032115378
2026-06-12T14:50:00+00:00,1.0749462259702125,1.0089712428861926
2026-06-12T14:55:00+00:00,1.0818778190289937,1.0219834631256284
2026-06-12T15:00:00+00:00,1.0829007877855668,1.0239157876111968
2026-06-12T15:05:00+00:00,1.081875448597398,1.0237613663683438
2026-06-12T15:10:00+00:00,1.0834190137526192,1.0237613663683438
2026-06-12T15:15:00+00:00,1.0843803494069666,1.0237613663683438
2026-06-12T15:20:00+00:00,1.0862015137879302,1.0237613663683438
2026-06-12T15:25:00+00:00,1.0860839203528931,1.0237613663683438
2026-06-12T15:30:00+00:00,1.086681048696248,1.0237613663683438
2026-06-12T15:35:00+00:00,1.0866900926137715,1.0237613663683438
2026-06-12T15:40:00+00:00,1.0854422486843582,1.0237613663683438
2026-06-12T15:45:00+00:00,1.0820750506146748,1.0237613663683438
2026-06-12T15:50:00+00:00,1.079623424975438,1.0237613663683438
2026-06-12T15:55:00+00:00,1.0830077107342588,1.0237613663683438
2026-06-12T16:00:00+00:00,1.0775726778251498,1.0237613663683438
2026-06-12T16:05:00+00:00,1.0796331905977108,1.0237613663683438
2026-06-12T16:10:00+00:00,1.081872921449217,1.0237613663683438
2026-06-12T16:15:00+00:00,1.0841249593856885,1.0237613663683438
2026-06-12T16:20:00+00:00,1.0841703297433039,1.0237613663683438
2026-06-12T16:25:00+00:00,1.083739843611883,1.0237613663683438
2026-06-12T16:30:00+00:00,1.0840059516996543,1.0237613663683438
2026-06-12T16:35:00+00:00,1.0853760196409181,1.0237613663683438
2026-06-12T16:40:00+00:00,1.084597336595617,1.0237613663683438
2026-06-12T16:45:00+00:00,1.0841352969343598,1.0237613663683438
2026-06-12T16:50:00+00:00,1.0854041925632103,1.0237613663683438
2026-06-12T16:55:00+00:00,1.0852050348489886,1.0237613663683438
2026-06-12T17:00:00+00:00,1.0858433600050916,1.0237613663683438
2026-06-12T17:05:00+00:00,1.0860379116549446,1.0237613663683438
2026-06-12T17:10:00+00:00,1.086526427896406,1.0237613663683438
2026-06-12T17:15:00+00:00,1.0863727171571362,1.0237613663683438
2026-06-12T17:20:00+00:00,1.0870872403653675,1.0237613663683438
2026-06-12T17:25:00+00:00,1.0877623408581698,1.0237613663683438
2026-06-12T17:30:00+00:00,1.0869813980948653,1.0237613663683438
2026-06-12T17:35:00+00:00,1.0859849575326905,1.0237613663683438
2026-06-12T17:40:00+00:00,1.0872790095406437,1.0237613663683438
2026-06-12T17:45:00+00:00,1.0873422707248077,1.0237613663683438
2026-06-12T17:50:00+00:00,1.0875365616295365,1.0237613663683438
2026-06-12T17:55:00+00:00,1.0875049557503607,1.0237613663683438
2026-06-12T18:00:00+00:00,1.0867188761902637,1.0237613663683438
2026-06-12T18:05:00+00:00,1.0851275706358907,1.0237613663683438
2026-06-12T18:10:00+00:00,1.0843670080666066,1.0237613663683438
2026-06-12T18:15:00+00:00,1.0844576241988468,1.0237613663683438
2026-06-12T18:20:00+00:00,1.0837236321575583,1.0237613663683438
2026-06-12T18:25:00+00:00,1.0835785629520969,1.0237613663683438
2026-06-12T18:30:00+00:00,1.0854727539793183,1.0237613663683438
2026-06-12T18:35:00+00:00,1.0854103353142004,1.0237613663683438
2026-06-12T18:40:00+00:00,1.085585955641837,1.0237613663683438
2026-06-12T18:45:00+00:00,1.0857905095740494,1.0237613663683438
2026-06-12T18:50:00+00:00,1.0860484189444812,1.0237613663683438
2026-06-12T18:55:00+00:00,1.0854468070371823,1.0237613663683438
2026-06-12T19:00:00+00:00,1.0831291563752976,1.0237613663683438
2026-06-12T19:05:00+00:00,1.085052320107362,1.0237613663683438
2026-06-12T19:10:00+00:00,1.0846628808485619,1.0237613663683438
2026-06-12T19:15:00+00:00,1.083657383303861,1.0237613663683438
2026-06-12T19:20:00+00:00,1.0848721217400406,1.0237613663683438
2026-06-12T19:25:00+00:00,1.0848811875680366,1.0237613663683438
2026-06-12T19:30:00+00:00,1.0837399276853146,1.0237613663683438
2026-06-12T19:35:00+00:00,1.082071631466164,1.0237613663683438
2026-06-12T19:40:00+00:00,1.0819944419774523,1.0237613663683438
2026-06-12T19:45:00+00:00,1.083388357700668,1.0237613663683438
2026-06-12T19:50:00+00:00,1.082653651755296,1.0237613663683438
2026-06-12T19:55:00+00:00,1.0837154615540052,1.0237613663683438
2026-06-12T20:00:00+00:00,1.0824915191516855,1.0237613663683438
2026-06-12T20:05:00+00:00,1.0819922252771474,1.0237613663683438
2026-06-12T20:10:00+00:00,1.0826370250756592,1.0237613663683438
2026-06-12T20:15:00+00:00,1.083172525691674,1.0237613663683438
2026-06-12T20:20:00+00:00,1.0830856178793111,1.0237613663683438
2026-06-12T20:25:00+00:00,1.082718906431522,1.0237613663683438
2026-06-12T20:30:00+00:00,1.0830294734137353,1.0237613663683438
2026-06-12T20:35:00+00:00,1.0822471996301648,1.0237613663683438
2026-06-12T20:40:00+00:00,1.0821110219383525,1.0237613663683438
2026-06-12T20:45:00+00:00,1.0825741377777602,1.0237613663683438
2026-06-12T20:50:00+00:00,1.0827864445916802,1.0237613663683438
2026-06-12T20:55:00+00:00,1.0827236453123572,1.0237613663683438
2026-06-12T21:00:00+00:00,1.0824924906270204,1.0237613663683438
2026-06-12T21:05:00+00:00,1.0824924906270204,1.0237613663683438
2026-06-12T21:10:00+00:00,1.0825560327064738,1.0237613663683438
2026-06-12T21:15:00+00:00,1.0825378787617341,1.0237613663683438
2026-06-12T21:20:00+00:00,1.0826558813814213,1.0237613663683438
2026-06-12T21:25:00+00:00,1.0828010995470245,1.0237613663683438
2026-06-12T21:30:00+00:00,1.0827920246287428,1.0237613663683438
2026-06-12T21:35:00+00:00,1.082502532309308,1.0237613663683438
2026-06-12T21:40:00+00:00,1.082502532309308,1.0237613663683438
2026-06-12T21:45:00+00:00,1.0829918053499017,1.0237613663683438
2026-06-12T21:50:00+00:00,1.0829464387360719,1.0237613663683438
2026-06-12T21:55:00+00:00,1.083041621879284,1.0237613663683438
2026-06-12T22:00:00+00:00,1.0825381663526719,1.0237613663683438
2026-06-12T22:05:00+00:00,1.0825381663526719,1.0237613663683438
2026-06-12T22:10:00+00:00,1.0839178896570958,1.0237613663683438
2026-06-12T22:15:00+00:00,1.0839178896570958,1.0237613663683438
2026-06-12T22:20:00+00:00,1.0834827414627937,1.0237613663683438
2026-06-12T22:25:00+00:00,1.0832197337996334,1.0237613663683438
2026-06-12T22:30:00+00:00,1.083290775761214,1.0237613663683438
2026-06-12T22:35:00+00:00,1.0833104594789629,1.0237613663683438
2026-06-12T22:40:00+00:00,1.083401166207547,1.0237613663683438
2026-06-12T22:45:00+00:00,1.0832288378512644,1.0237613663683438
2026-06-12T22:50:00+00:00,1.0832288378512644,1.0237613663683438
2026-06-12T22:55:00+00:00,1.0838910468852236,1.0237613663683438
2026-06-12T23:00:00+00:00,1.0838094545248467,1.0237613663683438
2026-06-12T23:05:00+00:00,1.083718789521122,1.0237613663683438
2026-06-12T23:10:00+00:00,1.0832654265736985,1.0237613663683438
2026-06-12T23:15:00+00:00,1.0832421321081849,1.0237613663683438
2026-06-12T23:20:00+00:00,1.0831023440881067,1.0237613663683438
2026-06-12T23:25:00+00:00,1.083791848361298,1.0237613663683438
2026-06-12T23:30:00+00:00,1.083791848361298,1.0237613663683438
2026-06-12T23:35:00+00:00,1.0838099816742475,1.0237613663683438
2026-06-12T23:40:00+00:00,1.08378405147057,1.0237613663683438
2026-06-12T23:45:00+00:00,1.0841053102826854,1.0237613663683438
2026-06-12T23:50:00+00:00,1.0848648866287076,1.0237613663683438
2026-06-12T23:55:00+00:00,1.0849176930051945,1.0237613663683438
2026-06-13T00:00:00+00:00,1.0857131012855386,1.0237613663683438
2026-06-15T08:05:00+00:00,1.1047610401174444,1.0244713944127604
2026-06-15T08:10:00+00:00,1.1050190438742735,1.0247106474810026
2026-06-15T08:15:00+00:00,1.105721744546141,1.0253622786582626
2026-06-15T08:20:00+00:00,1.1052328332689274,1.0249088995113496
2026-06-15T08:25:00+00:00,1.10540180220528,1.0250655884563356
2026-06-15T08:30:00+00:00,1.1063976917275218,1.025989100682494
2026-06-15T08:35:00+00:00,1.1070195629208808,1.0265657767467928
2026-06-15T08:40:00+00:00,1.106877500737638,1.0264340390789395
2026-06-15T08:45:00+00:00,1.1068064605283614,1.0263681617899927
2026-06-15T08:50:00+00:00,1.106273624758802,1.025874050408426
2026-06-15T08:55:00+00:00,1.1060781574966532,1.0256927889307454
2026-06-15T09:00:00+00:00,1.1061314761724974,1.0257422326169425
2026-06-15T09:05:00+00:00,1.1064247147547088,1.0260141597833656
2026-06-15T09:10:00+00:00,1.1059627642692076,1.025585782024877
2026-06-15T09:15:00+00:00,1.1049940403552128,1.024687461118425
2026-06-15T09:20:00+00:00,1.1043802733795516,1.0241183002894612
2026-06-15T09:25:00+00:00,1.1044336740987326,1.024167820056411
2026-06-15T09:30:00+00:00,1.1039975893106553,1.0237634281791628
2026-06-15T09:35:00+00:00,1.1034188808969037,1.0232267779950366
2026-06-15T09:40:00+00:00,1.1036162794792939,1.0234098304322723
2026-06-15T09:45:00+00:00,1.1035525104769617,1.0233506959078211
2026-06-15T09:50:00+00:00,1.1034189084781145,1.0232268035717549
2026-06-15T09:55:00+00:00,1.1044433145043921,1.0241767598356668
2026-06-15T10:00:00+00:00,1.1044433145043921,1.0241767598356668
2026-06-15T10:05:00+00:00,1.1045768088615038,1.0243005523529716
2026-06-15T10:10:00+00:00,1.1045412146680338,1.0242675450041485
2026-06-15T10:15:00+00:00,1.1047992808869584,1.024506855994989
2026-06-15T10:20:00+00:00,1.1051284608949534,1.0248121125070828
2026-06-15T10:25:00+00:00,1.1048616376632923,1.0245646809284197
2026-06-15T10:30:00+00:00,1.1051819028850893,1.0248616705455784
2026-06-15T10:35:00+00:00,1.1045326643249793,1.024259616066076
2026-06-15T10:40:00+00:00,1.1039986910956683,1.0237644498908156
2026-06-15T10:45:00+00:00,1.1045774000869684,1.0243011006105165
2026-06-15T10:50:00+00:00,1.1045596029807074,1.0242845969272714
2026-06-15T10:55:00+00:00,1.1051113221643176,1.0247962193513365
2026-06-15T11:00:00+00:00,1.1042156705736381,1.0239656601618905
2026-06-15T11:05:00+00:00,1.1056007402829398,1.0252500685044368
2026-06-15T11:10:00+00:00,1.1057527650743824,1.0253910447376844
2026-06-15T11:15:00+00:00,1.1056994303750363,1.02534158619251
2026-06-15T11:20:00+00:00,1.106517268547718,1.0260999871342034
2026-06-15T11:25:00+00:00,1.1069880664800031,1.0265365693421744
2026-06-15T11:30:00+00:00,1.107076874970465,1.0266189235841825
2026-06-15T11:35:00+00:00,1.1066684643567235,1.0262401946321655
2026-06-15T11:40:00+00:00,1.107077025748059,1.0266190634038597
2026-06-15T11:45:00+00:00,1.1062246904380808,1.02582867243983
2026-06-15T11:50:00+00:00,1.1065978746709997,1.0261747351245085
2026-06-15T11:55:00+00:00,1.1072640504287241,1.0267924958733554
2026-06-15T12:00:00+00:00,1.1067846922848086,1.0263479755759453
2026-06-15T12:05:00+00:00,1.1059676541732573,1.0255903165501161
2026-06-15T12:10:00+00:00,1.106705309589406,1.0262743620996384
2026-06-15T12:15:00+00:00,1.106856295001763,1.0264143744917456
2026-06-15T12:20:00+00:00,1.1062257948738357,1.0258296966095797
2026-06-15T12:25:00+00:00,1.1057459860953363,1.0253847584279179
2026-06-15T12:30:00+00:00,1.1054348639209735,1.0250962473778105
2026-06-15T12:35:00+00:00,1.1048924062124577,1.024593213341605
2026-06-15T12:40:00+00:00,1.1055062353270202,1.0251624317934616
2026-06-15T12:45:00+00:00,1.1047149241032261,1.0244286299273415
2026-06-15T12:50:00+00:00,1.1052309797217668,1.0249071806726362
2026-06-15T12:55:00+00:00,1.1049730723348865,1.0246680169705578
2026-06-15T13:00:00+00:00,1.1057825568667778,1.0254186713809035
2026-06-15T13:05:00+00:00,1.1053558883560897,1.0250230114433931
2026-06-15T13:10:00+00:00,1.1055159508318781,1.0251714412140038
2026-06-15T13:15:00+00:00,1.1068900660820074,1.0264456912239734
2026-06-15T13:20:00+00:00,1.1064500596738234,1.0260376627343963
2026-06-15T13:25:00+00:00,1.106139134325862,1.0257493342061288
2026-06-15T13:30:00+00:00,1.1061924508008456,1.025798775851415
2026-06-15T13:35:00+00:00,1.1033782759765696,1.0231891240790818
2026-06-15T13:40:00+00:00,1.1043647655724926,1.0241039195282422
2026-06-15T13:45:00+00:00,1.1060694352182188,1.025684700552874
2026-06-15T13:50:00+00:00,1.108624683659104,1.0305432795797906
2026-06-15T13:55:00+00:00,1.1083675538064748,1.030065252818201
2026-06-15T14:00:00+00:00,1.1045901019917634,1.0230432045272657
2026-06-15T14:05:00+00:00,1.106752571963532,1.0270487391157572
2026-06-15T14:10:00+00:00,1.1053227121555929,1.0243948664048637
2026-06-15T14:15:00+00:00,1.1060163037938995,1.025680593556725
2026-06-15T14:20:00+00:00,1.1051407694125888,1.024056950935464
2026-06-15T14:25:00+00:00,1.104638206817907,1.023125622934436
2026-06-15T14:30:00+00:00,1.1066936565110086,1.026933353345718
2026-06-15T14:35:00+00:00,1.103531674635263,1.0239992580504444
2026-06-15T14:40:00+00:00,1.1031231039434533,1.0236201333774597
2026-06-15T14:45:00+00:00,1.1005118043044946,1.021197032206644
2026-06-15T14:50:00+00:00,1.1011690702000148,1.0215267058353263
2026-06-15T14:55:00+00:00,1.1027145332516433,1.0222435672801156
2026-06-15T15:00:00+00:00,1.1021638510148564,1.0219883172823763
2026-06-15T15:05:00+00:00,1.1066758925678868,1.0240801602774365
2026-06-15T15:10:00+00:00,1.1082568835057598,1.0248116578477402
2026-06-15T15:15:00+00:00,1.1078927226717554,1.024643283559414
2026-06-15T15:20:00+00:00,1.1077417291552172,1.0245734593977531
2026-06-15T15:25:00+00:00,1.1086121623682033,1.0249760036197026
2026-06-15T15:30:00+00:00,1.109020733060013,1.0251648886752285
2026-06-15T15:35:00+00:00,1.1083101753351265,1.0244014136140098
2026-06-15T15:40:00+00:00,1.1095013080438774,1.0255023671717782
2026-06-15T15:45:00+00:00,1.1086354415090176,1.0247020542972318
2026-06-15T15:50:00+00:00,1.109421985977763,1.0254290504789725
2026-06-15T15:55:00+00:00,1.1095285581263044,1.0255275541849271
2026-06-15T16:00:00+00:00,1.1095773963854043,1.0255726949611952
2026-06-15T16:05:00+00:00,1.110056858642344,1.0260158577370264
2026-06-15T16:10:00+00:00,1.1106559305080048,1.02656957462937
2026-06-15T16:15:00+00:00,1.1107623772725965,1.0266679624440351
2026-06-15T16:20:00+00:00,1.110846645340364,1.0267458506829636
2026-06-15T16:25:00+00:00,1.1113033365256515,1.0271679663561797
2026-06-15T16:30:00+00:00,1.1111793058009074,1.027053325840747
2026-06-15T16:35:00+00:00,1.1101014826221107,1.0260571032917198
2026-06-15T16:40:00+00:00,1.1107721187896697,1.0266769664431705
2026-06-15T16:45:00+00:00,1.1114196289325478,1.0272754544120217
2026-06-15T16:50:00+00:00,1.110790182475344,1.0266936625500467
2026-06-15T16:55:00+00:00,1.1108079224766612,1.0267100594782996
2026-06-15T17:00:00+00:00,1.1107458423864642,1.0266526793932205
2026-06-15T17:05:00+00:00,1.1106571558352216,1.0265707071886125
2026-06-15T17:10:00+00:00,1.1093887086609564,1.0253982925457361
2026-06-15T17:15:00+00:00,1.1093531852741692,1.0253654585896368
2026-06-15T17:20:00+00:00,1.1099660157609068,1.0259318924552556
2026-06-15T17:25:00+00:00,1.1105030396994828,1.0264282589906035
2026-06-15T17:30:00+00:00,1.1113502717254122,1.027211348151324
2026-06-15T17:35:00+00:00,1.1112970839934453,1.0271621871952792
2026-06-15T17:40:00+00:00,1.1114455940330157,1.0272994537275706
2026-06-15T17:45:00+00:00,1.1114854896985993,1.027336328942768
2026-06-15T17:50:00+00:00,1.1117093092522126,1.0275432034010363
2026-06-15T17:55:00+00:00,1.111598527669577,1.0274408089519194
2026-06-15T18:00:00+00:00,1.1115478390051488,1.02739395786217
2026-06-15T18:05:00+00:00,1.1110401336971836,1.026924690280988
2026-06-15T18:10:00+00:00,1.1119180338026238,1.0277361256797046
2026-06-15T18:15:00+00:00,1.1124275693029462,1.028207084891695
2026-06-15T18:20:00+00:00,1.1128128257012515,1.0285631740153094
2026-06-15T18:25:00+00:00,1.1125914832465371,1.028358589117915
2026-06-15T18:30:00+00:00,1.111891862847994,1.027711936094952
2026-06-15T18:35:00+00:00,1.1126627827790447,1.0284244906529871
2026-06-15T18:40:00+00:00,1.11368996846161,1.0293739094065826
2026-06-15T18:45:00+00:00,1.1135661118772622,1.0292594298475972
2026-06-15T18:50:00+00:00,1.1138138342545034,1.0294883974769462
2026-06-15T18:55:00+00:00,1.1131592161372472,1.0288833396694677
2026-06-15T19:00:00+00:00,1.1123449091307156,1.028130682816566
2026-06-15T19:05:00+00:00,1.1114768725833413,1.0273283642184081
2026-06-15T19:10:00+00:00,1.1119644397789896,1.0277790183182884
2026-06-15T19:15:00+00:00,1.1118758338752397,1.0276971206554537
2026-06-15T19:20:00+00:00,1.1124606726417199,1.0282376820185553
2026-06-15T19:25:00+00:00,1.1120665699592387,1.0278734163517527
2026-06-15T19:30:00+00:00,1.1115000098983285,1.027349749836539
2026-06-15T19:35:00+00:00,1.1122132754588858,1.0280090149635563
2026-06-15T19:40:00+00:00,1.1130459563610562,1.0287786546476951
2026-06-15T19:45:00+00:00,1.1128190823978186,1.0285689570252923
2026-06-15T19:50:00+00:00,1.1133912851562706,1.0290978390365533
2026-06-15T19:55:00+00:00,1.1133470401767263,1.0290569437884547
2026-06-15T20:00:00+00:00,1.1128160514643815,1.028566155559993
2026-06-15T20:05:00+00:00,1.1128161817978928,1.0285662760261192
2026-06-15T20:10:00+00:00,1.1123026696764489,1.0280916412579633
2026-06-15T20:15:00+00:00,1.1119749128753798,1.0277886985097968
2026-06-15T20:20:00+00:00,1.111895169654536,1.0277149925473539
2026-06-15T20:25:00+00:00,1.1115318689264968,1.0273791968579766
2026-06-15T20:30:00+00:00,1.1117268745175364,1.0275594388223377
2026-06-15T20:35:00+00:00,1.1119750199249412,1.0277887974547715
2026-06-15T20:40:00+00:00,1.111709256976616,1.02754315508316
2026-06-15T20:45:00+00:00,1.1110445711166572,1.0269287917490462
2026-06-15T20:50:00+00:00,1.1105479752512046,1.026469792528534
2026-06-15T20:55:00+00:00,1.1103794119930461,1.0263139909814727
2026-06-15T21:00:00+00:00,1.1104484446910268,1.0263777973011934
2026-06-15T21:05:00+00:00,1.1108230435768842,1.0267240357791487
2026-06-15T21:10:00+00:00,1.1108230435768842,1.0267240357791487
2026-06-15T21:15:00+00:00,1.1106456524808161,1.0265600747386217
2026-06-15T21:20:00+00:00,1.1106456524808161,1.0265600747386217
2026-06-15T21:25:00+00:00,1.110973878432428,1.0268634511185364
2026-06-15T21:30:00+00:00,1.111532584583275,1.0273798583332854
2026-06-15T21:35:00+00:00,1.111532584583275,1.0273798583332854
2026-06-15T21:40:00+00:00,1.1107307565322273,1.0266387356699296
2026-06-15T21:45:00+00:00,1.1114267202396553,1.027282008845237
2026-06-15T21:50:00+00:00,1.1115331125773693,1.0273803463536144
2026-06-15T21:55:00+00:00,1.1115474720960485,1.0273936187312946
2026-06-15T22:00:00+00:00,1.11142674733192,1.0272820338863806
2026-06-15T22:05:00+00:00,1.1115331243176907,1.0272820338863806
2026-06-15T22:10:00+00:00,1.1111785682971749,1.0272820338863806
2026-06-15T22:15:00+00:00,1.110469229919711,1.0272820338863806
2026-06-15T22:20:00+00:00,1.1097594381460327,1.0272820338863806
2026-06-15T22:25:00+00:00,1.1095641204849191,1.0272820338863806
2026-06-15T22:30:00+00:00,1.1092355738568427,1.0272820338863806
2026-06-15T22:35:00+00:00,1.1095703465925346,1.0272820338863806
2026-06-15T22:40:00+00:00,1.109493182952325,1.0272820338863806
2026-06-15T22:45:00+00:00,1.1094043808726903,1.0272820338863806
2026-06-15T22:50:00+00:00,1.1094132617915253,1.0272820338863806
2026-06-15T22:55:00+00:00,1.1101237141917386,1.027916768624749
2026-06-15T23:00:00+00:00,1.110114839024135,1.0279085506815708
2026-06-15T23:05:00+00:00,1.1102568428410873,1.028040038823647
2026-06-15T23:10:00+00:00,1.1098930045957032,1.0277031435490789
2026-06-15T23:15:00+00:00,1.110114929934541,1.027908634859874
2026-06-15T23:20:00+00:00,1.1100261775416778,1.0278264547643465
2026-06-15T23:25:00+00:00,1.110052805388572,1.0278511107643808
2026-06-15T23:30:00+00:00,1.1100084621811628,1.0278100512627346
2026-06-15T23:35:00+00:00,1.1105773308667213,1.028336794051449
2026-06-15T23:40:00+00:00,1.1104701231355198,1.0282375252733664
2026-06-15T23:45:00+00:00,1.1104701231355198,1.0282375252733664
2026-06-15T23:50:00+00:00,1.110487867944135,1.0282539560423865
2026-06-15T23:55:00+00:00,1.1108250139204692,1.0285661356653581
2026-06-16T00:00:00+00:00,1.1112684924472658,1.028976773694608
2026-06-16T08:05:00+00:00,1.1110050420597806,1.0287328323504725
2026-06-16T08:10:00+00:00,1.111040514762273,1.028765678226346
2026-06-16T08:15:00+00:00,1.1119007003341708,1.0295621652864628
2026-06-16T08:20:00+00:00,1.113309605287496,1.0308667379285992
2026-06-16T08:25:00+00:00,1.11303526031322,1.030612708764245
2026-06-16T08:30:00+00:00,1.1141594668224677,1.0316536654679707
2026-06-16T08:35:00+00:00,1.1149553455450376,1.03239060773329
2026-06-16T08:40:00+00:00,1.113780052603993,1.031302347653173
2026-06-16T08:45:00+00:00,1.1142400510372321,1.0317282822557972
2026-06-16T08:50:00+00:00,1.1141339413585363,1.0316300302171726
2026-06-16T08:55:00+00:00,1.1157787980338232,1.0331530818706929
2026-06-16T09:00:00+00:00,1.1160525372726449,1.03340655015555
2026-06-16T09:05:00+00:00,1.1162555843249884,1.0335945611558157
2026-06-16T09:10:00+00:00,1.1158142579667873,1.033185915922648
2026-06-16T09:15:00+00:00,1.1160022490842723,1.033359985911015
2026-06-16T09:20:00+00:00,1.1148342671704428,1.0322784954615025
2026-06-16T09:25:00+00:00,1.114639835775547,1.0320984621115203
2026-06-16T09:30:00+00:00,1.1143039411382791,1.031787441163382
2026-06-16T09:35:00+00:00,1.1145515170789877,1.032016683596193
2026-06-16T09:40:00+00:00,1.1146399174213957,1.032098537711326
2026-06-16T09:45:00+00:00,1.1137559841006808,1.0312800614720625
2026-06-16T09:50:00+00:00,1.1141894554527136,1.0316814333784337
2026-06-16T09:55:00+00:00,1.1142690416770906,1.0317551260791147
2026-06-16T10:00:00+00:00,1.1134024980152988,1.0309527517587447
2026-06-16T10:05:00+00:00,1.1134555930318946,1.031001914980097
2026-06-16T10:10:00+00:00,1.1147298126691616,1.0321817760309993
2026-06-16T10:15:00+00:00,1.1147121353806637,1.032165407782093
2026-06-16T10:20:00+00:00,1.1145972311832586,1.0319526171718427
2026-06-16T10:25:00+00:00,1.1143055212250617,1.0314124563919764
2026-06-16T10:30:00+00:00,1.114836041850288,1.0323945669008243
2026-06-16T10:35:00+00:00,1.1148448796550336,1.0324109354093052
2026-06-16T10:40:00+00:00,1.1147299891041205,1.032198144799055
2026-06-16T10:45:00+00:00,1.1150835349300336,1.0328528851382868
2026-06-16T10:50:00+00:00,1.1153486102552943,1.0333439403927105
2026-06-16T10:55:00+00:00,1.1146862560750557,1.0321166296268205
2026-06-16T11:00:00+00:00,1.114722495962458,1.0321837405115917
2026-06-16T11:05:00+00:00,1.115782080466777,1.0341459973082696
2026-06-16T11:10:00+00:00,1.1156120967297047,1.0338309035200144
2026-06-16T11:15:00+00:00,1.1165063032836722,1.0354882150036953
2026-06-16T11:20:00+00:00,1.1164710048753865,1.035422740969772
2026-06-16T11:25:00+00:00,1.1164004058267516,1.0352917929019256
2026-06-16T11:30:00+00:00,1.1164268820047718,1.0353408984273682
2026-06-16T11:35:00+00:00,1.1159856205102716,1.0345224730033284
2026-06-16T11:40:00+00:00,1.1157737312117348,1.0341296287997894
2026-06-16T11:45:00+00:00,1.1161004559264682,1.034735263613579
2026-06-16T11:50:00+00:00,1.1158267937091644,1.0342278398506743
2026-06-16T11:55:00+00:00,1.1154117846933982,1.0334585199520767
2026-06-16T12:00:00+00:00,1.1154294512246667,1.0334912569690382
2026-06-16T12:05:00+00:00,1.1156061617555213,1.0338186271386542
2026-06-16T12:10:00+00:00,1.1155266762074931,1.033671310562327
2026-06-16T12:15:00+00:00,1.1148169963307453,1.032356100905895
2026-06-16T12:20:00+00:00,1.1128587644246146,1.028729330481805
2026-06-16T12:25:00+00:00,1.1108893780602371,1.0250883194553364
2026-06-16T12:30:00+00:00,1.1114602052834957,1.0261417966611606
2026-06-16T12:35:00+00:00,1.1113363671059406,1.0259126375424292
2026-06-16T12:40:00+00:00,1.1109462752035166,1.0251924231692744
2026-06-16T12:45:00+00:00,1.1095305143872778,1.0225788634201454
2026-06-16T12:50:00+00:00,1.109598625333719,1.022704409880193
2026-06-16T12:55:00+00:00,1.1092611993753108,1.0220824065579226
2026-06-16T13:00:00+00:00,1.10977637465448,1.023031780049809
2026-06-16T13:05:00+00:00,1.1088885535547564,1.0213949292017293
2026-06-16T13:10:00+00:00,1.1072181124644656,1.0183176496073394
2026-06-16T13:15:00+00:00,1.109149141288525,1.0218696159476723
2026-06-16T13:20:00+00:00,1.109779854490975,1.023031780049809
2026-06-16T13:25:00+00:00,1.1102148881939355,1.0238338369653681
2026-06-16T13:30:00+00:00,1.1093896331321265,1.022311565676654
2026-06-16T13:35:00+00:00,1.1102164461551014,1.0238338369653681
2026-06-16T13:40:00+00:00,1.1111995858028014,1.022951738043338
2026-06-16T13:45:00+00:00,1.110716301505527,1.0233967090312914
2026-06-16T13:50:00+00:00,1.1127191248481045,1.0277827576971583
2026-06-16T13:55:00+00:00,1.1127102809809784,1.0277663998044348
2026-06-16T14:00:00+00:00,1.1106383466410952,1.0239386529071848
2026-06-16T14:05:00+00:00,1.1119423394514423,1.0263432631375085
2026-06-16T14:10:00+00:00,1.1116942222413693,1.0258852421412563
2026-06-16T14:15:00+00:00,1.1111846667296814,1.024944663309667
2026-06-16T14:20:00+00:00,1.107615491519679,1.0216076531941154
2026-06-16T14:25:00+00:00,1.1055383739708307,1.0196918266272843
2026-06-16T14:30:00+00:00,1.1038315487815504,1.0181175387183632
2026-06-16T14:35:00+00:00,1.103777990724841,1.0146676628282358
2026-06-16T14:40:00+00:00,1.103777990724841,1.0178814088055659
2026-06-16T14:45:00+00:00,1.103777990724841,1.019026792220049
2026-06-16T14:50:00+00:00,1.103777990724841,1.011349913023561
2026-06-16T14:55:00+00:00,1.103777990724841,1.0114980214135834
2026-06-16T15:00:00+00:00,1.103777990724841,1.007021856737353
2026-06-16T15:05:00+00:00,1.103777990724841,1.0095396993677326
2026-06-16T15:10:00+00:00,1.103777990724841,1.0095232428799525
2026-06-16T15:15:00+00:00,1.103777990724841,1.007515551370761
2026-06-16T15:20:00+00:00,1.103777990724841,1.0054914033737892
2026-06-16T15:25:00+00:00,1.103777990724841,1.0002664685035572
2026-06-16T15:30:00+00:00,1.103777990724841,0.9982011792871347
2026-06-16T15:35:00+00:00,1.103777990724841,1.0002746967474472
2026-06-16T15:40:00+00:00,1.103777990724841,0.9934287978308595
2026-06-16T15:45:00+00:00,1.103777990724841,0.9926224299296267
2026-06-16T15:50:00+00:00,1.103777990724841,0.9921781047595597
2026-06-16T15:55:00+00:00,1.103777990724841,0.9921781047595597
2026-06-16T16:00:00+00:00,1.103777990724841,0.9921781047595597
2026-06-16T16:05:00+00:00,1.103777990724841,0.9921781047595597
2026-06-16T16:10:00+00:00,1.103777990724841,0.9921781047595597
2026-06-16T16:15:00+00:00,1.103777990724841,0.9921781047595597
2026-06-16T16:20:00+00:00,1.103777990724841,0.9921781047595597
2026-06-16T16:25:00+00:00,1.103777990724841,0.9921781047595597
2026-06-16T16:30:00+00:00,1.103777990724841,0.9921781047595597
2026-06-16T16:35:00+00:00,1.103777990724841,0.9921781047595597
2026-06-16T16:40:00+00:00,1.103777990724841,0.9921781047595597
2026-06-16T16:45:00+00:00,1.103777990724841,0.9921781047595597
2026-06-16T16:50:00+00:00,1.103777990724841,0.9921781047595597
2026-06-16T16:55:00+00:00,1.103777990724841,0.9921781047595597
2026-06-16T17:00:00+00:00,1.103777990724841,0.9921781047595597
2026-06-16T17:05:00+00:00,1.103777990724841,0.9921781047595597
2026-06-16T17:10:00+00:00,1.103777990724841,0.9921781047595597
2026-06-16T17:15:00+00:00,1.103777990724841,0.9921781047595597
2026-06-16T17:20:00+00:00,1.103777990724841,0.9921781047595597
2026-06-16T17:25:00+00:00,1.103777990724841,0.9921781047595597
2026-06-16T17:30:00+00:00,1.103777990724841,0.9921781047595597
2026-06-16T17:35:00+00:00,1.103777990724841,0.9921781047595597
2026-06-16T17:40:00+00:00,1.103777990724841,0.9921781047595597
2026-06-16T17:45:00+00:00,1.103777990724841,0.9921781047595597
2026-06-16T17:50:00+00:00,1.103777990724841,0.9933104284318789
2026-06-16T17:55:00+00:00,1.103777990724841,0.9950561268270395
2026-06-16T18:00:00+00:00,1.103777990724841,0.9937223763811001
2026-06-16T18:05:00+00:00,1.103777990724841,0.9940747047978037
2026-06-16T18:10:00+00:00,1.103777990724841,0.9939109700986211
2026-06-16T18:15:00+00:00,1.103777990724841,0.9929771767159877
2026-06-16T18:20:00+00:00,1.103777990724841,0.9917595849781341
2026-06-16T18:25:00+00:00,1.103777990724841,0.9920920327276253
2026-06-16T18:30:00+00:00,1.103777990724841,0.9926418771457259
2026-06-16T18:35:00+00:00,1.103777990724841,0.9913295673008283
2026-06-16T18:40:00+00:00,1.103777990724841,0.9909764152964812
2026-06-16T18:45:00+00:00,1.103777990724841,0.9911160702969432
2026-06-16T18:50:00+00:00,1.103777990724841,0.9896540843818014
2026-06-16T18:55:00+00:00,1.103777990724841,0.9894073551196492
2026-06-16T19:00:00+00:00,1.103777990724841,0.9897283236926642
2026-06-16T19:05:00+00:00,1.103777990724841,0.9926236989980425
2026-06-16T19:10:00+00:00,1.103777990724841,0.989859406548042
2026-06-16T19:15:00+00:00,1.103777990724841,0.987663420095773
2026-06-16T19:20:00+00:00,1.103777990724841,0.9872182639059301
2026-06-16T19:25:00+00:00,1.103777990724841,0.9885872241582767
2026-06-16T19:30:00+00:00,1.103777990724841,0.9903211152123916
2026-06-16T19:35:00+00:00,1.103777990724841,0.9896099620119122
2026-06-16T19:40:00+00:00,1.103777990724841,0.9865739783115614
2026-06-16T19:45:00+00:00,1.103777990724841,0.9880098712470724
2026-06-16T19:50:00+00:00,1.103777990724841,0.9880098712470724
2026-06-16T19:55:00+00:00,1.103777990724841,0.9880098712470724
2026-06-16T20:00:00+00:00,1.103777990724841,0.9880098712470724
2026-06-16T20:05:00+00:00,1.103777990724841,0.9880098712470724
2026-06-16T20:10:00+00:00,1.103777990724841,0.9880098712470724
2026-06-16T20:15:00+00:00,1.103777990724841,0.9880098712470724
2026-06-16T20:20:00+00:00,1.103777990724841,0.9880098712470724
2026-06-16T20:25:00+00:00,1.103777990724841,0.9880098712470724
2026-06-16T20:30:00+00:00,1.103777990724841,0.9880098712470724
2026-06-16T20:35:00+00:00,1.103777990724841,0.9880098712470724
2026-06-16T20:40:00+00:00,1.103777990724841,0.9880098712470724
2026-06-16T20:45:00+00:00,1.103777990724841,0.9880098712470724
2026-06-16T20:50:00+00:00,1.103777990724841,0.9880098712470724
2026-06-16T20:55:00+00:00,1.103777990724841,0.9880098712470724
2026-06-16T21:00:00+00:00,1.103777990724841,0.9880098712470724
2026-06-16T21:05:00+00:00,1.103777990724841,0.9880098712470724
2026-06-16T21:10:00+00:00,1.103777990724841,0.9880098712470724
2026-06-16T21:15:00+00:00,1.103777990724841,0.9880098712470724
2026-06-16T21:20:00+00:00,1.103777990724841,0.9880098712470724
2026-06-16T21:25:00+00:00,1.103777990724841,0.9880098712470724
2026-06-16T21:30:00+00:00,1.103777990724841,0.9880098712470724
2026-06-16T21:35:00+00:00,1.103777990724841,0.9880098712470724
2026-06-16T21:40:00+00:00,1.103777990724841,0.9880098712470724
2026-06-16T21:45:00+00:00,1.103777990724841,0.9880098712470724
2026-06-16T21:50:00+00:00,1.103777990724841,0.9880098712470724
2026-06-16T21:55:00+00:00,1.103777990724841,0.9880098712470724
2026-06-16T22:00:00+00:00,1.103777990724841,0.9880098712470724
2026-06-16T22:05:00+00:00,1.103777990724841,0.9880098712470724
2026-06-16T22:10:00+00:00,1.103777990724841,0.9880098712470724
2026-06-16T22:15:00+00:00,1.103777990724841,0.9880098712470724
2026-06-16T22:20:00+00:00,1.103777990724841,0.9880098712470724
2026-06-16T22:25:00+00:00,1.103777990724841,0.9880098712470724
2026-06-16T22:30:00+00:00,1.103777990724841,0.9880098712470724
2026-06-16T22:35:00+00:00,1.103777990724841,0.9880098712470724
2026-06-16T22:40:00+00:00,1.103777990724841,0.9880098712470724
2026-06-16T22:45:00+00:00,1.103777990724841,0.9880098712470724
2026-06-16T22:50:00+00:00,1.103777990724841,0.9880098712470724
2026-06-16T22:55:00+00:00,1.103777990724841,0.9880098712470724
2026-06-16T23:00:00+00:00,1.103777990724841,0.9880098712470724
2026-06-16T23:05:00+00:00,1.103777990724841,0.9880098712470724
2026-06-16T23:10:00+00:00,1.103777990724841,0.9880098712470724
2026-06-16T23:15:00+00:00,1.103777990724841,0.9880098712470724
2026-06-16T23:20:00+00:00,1.103777990724841,0.9880098712470724
2026-06-16T23:25:00+00:00,1.103777990724841,0.9880098712470724
2026-06-16T23:30:00+00:00,1.103777990724841,0.9880098712470724
2026-06-16T23:35:00+00:00,1.103777990724841,0.9880098712470724
2026-06-16T23:40:00+00:00,1.103777990724841,0.9880098712470724
2026-06-16T23:45:00+00:00,1.103777990724841,0.9880098712470724
2026-06-16T23:50:00+00:00,1.103777990724841,0.9880098712470724
2026-06-16T23:55:00+00:00,1.103777990724841,0.9880098712470724
2026-06-17T00:00:00+00:00,1.103777990724841,0.9880098712470724
2026-06-17T08:05:00+00:00,1.103777990724841,0.9837095544170161
2026-06-17T08:10:00+00:00,1.103777990724841,0.9850036962416069
2026-06-17T08:15:00+00:00,1.103777990724841,0.9839533539583598
2026-06-17T08:20:00+00:00,1.103777990724841,0.9837938092536129
2026-06-17T08:25:00+00:00,1.103777990724841,0.9833063627749659
2026-06-17T08:30:00+00:00,1.103777990724841,0.9824324565276016
2026-06-17T08:35:00+00:00,1.103777990724841,0.9817440475814428
2026-06-17T08:40:00+00:00,1.103777990724841,0.9809174205272297
2026-06-17T08:45:00+00:00,1.103777990724841,0.9820124660227327
2026-06-17T08:50:00+00:00,1.103777990724841,0.9818990322395288
2026-06-17T08:55:00+00:00,1.103777990724841,0.9814452446829529
2026-06-17T09:00:00+00:00,1.103777990724841,0.9814452446829529
2026-06-17T09:05:00+00:00,1.103777990724841,0.9814452446829529
2026-06-17T09:10:00+00:00,1.103777990724841,0.9814452446829529
2026-06-17T09:15:00+00:00,1.103777990724841,0.9814452446829529
2026-06-17T09:20:00+00:00,1.103777990724841,0.9814452446829529
2026-06-17T09:25:00+00:00,1.103777990724841,0.9814452446829529
2026-06-17T09:30:00+00:00,1.103777990724841,0.9814452446829529
2026-06-17T09:35:00+00:00,1.103777990724841,0.9814452446829529
2026-06-17T09:40:00+00:00,1.103777990724841,0.9814452446829529
2026-06-17T09:45:00+00:00,1.103777990724841,0.9814452446829529
2026-06-17T09:50:00+00:00,1.103777990724841,0.9814452446829529
2026-06-17T09:55:00+00:00,1.103777990724841,0.9814452446829529
2026-06-17T10:00:00+00:00,1.103777990724841,0.9814452446829529
2026-06-17T10:05:00+00:00,1.103777990724841,0.9814452446829529
2026-06-17T10:10:00+00:00,1.103777990724841,0.9814452446829529
2026-06-17T10:15:00+00:00,1.103777990724841,0.9814452446829529
2026-06-17T10:20:00+00:00,1.103777990724841,0.9814452446829529
2026-06-17T10:25:00+00:00,1.103777990724841,0.9814452446829529
2026-06-17T10:30:00+00:00,1.103777990724841,0.9814452446829529
2026-06-17T10:35:00+00:00,1.103777990724841,0.9814452446829529
2026-06-17T10:40:00+00:00,1.103777990724841,0.9814452446829529
2026-06-17T10:45:00+00:00,1.103777990724841,0.9814452446829529
2026-06-17T10:50:00+00:00,1.103777990724841,0.9814452446829529
2026-06-17T10:55:00+00:00,1.103777990724841,0.9815586503731606
2026-06-17T11:00:00+00:00,1.103777990724841,0.9805543160112907
2026-06-17T11:05:00+00:00,1.103777990724841,0.9805218849110422
2026-06-17T11:10:00+00:00,1.103777990724841,0.9810493881921053
2026-06-17T11:15:00+00:00,1.103777990724841,0.9807981697993502
2026-06-17T11:20:00+00:00,1.103777990724841,0.9809858183748119
2026-06-17T11:25:00+00:00,1.103777990724841,0.981227729636433
2026-06-17T11:30:00+00:00,1.103777990724841,0.9804695236768656
2026-06-17T11:35:00+00:00,1.103777990724841,0.9800416385204712
2026-06-17T11:40:00+00:00,1.103777990724841,0.9798660129769758
2026-06-17T11:45:00+00:00,1.103777990724841,0.9792818418009028
2026-06-17T11:50:00+00:00,1.103777990724841,0.9791763014737307
2026-06-17T11:55:00+00:00,1.103777990724841,0.9785430033682999
2026-06-17T12:00:00+00:00,1.103777990724841,0.9785511278328093
2026-06-17T12:05:00+00:00,1.103777990724841,0.9796316726412858
2026-06-17T12:10:00+00:00,1.103777990724841,0.9804910983332858
2026-06-17T12:15:00+00:00,1.103777990724841,0.9808730010747768
2026-06-17T12:20:00+00:00,1.103777990724841,0.980475847122037
2026-06-17T12:25:00+00:00,1.103777990724841,0.9817569849308798
2026-06-17T12:30:00+00:00,1.103777990724841,0.9818056632214371
2026-06-17T12:35:00+00:00,1.103777990724841,0.9830536499001098
2026-06-17T12:40:00+00:00,1.103777990724841,0.9832144240945075
2026-06-17T12:45:00+00:00,1.103777990724841,0.9832144240945075
2026-06-17T12:50:00+00:00,1.103777990724841,0.9832144240945075
2026-06-17T12:55:00+00:00,1.103777990724841,0.9832144240945075
2026-06-17T13:00:00+00:00,1.103777990724841,0.9832144240945075
2026-06-17T13:05:00+00:00,1.103777990724841,0.9832144240945075
2026-06-17T13:10:00+00:00,1.103777990724841,0.9832144240945075
2026-06-17T13:15:00+00:00,1.103777990724841,0.9832144240945075
2026-06-17T13:20:00+00:00,1.103777990724841,0.9832144240945075
2026-06-17T13:25:00+00:00,1.103777990724841,0.9832144240945075
2026-06-17T13:30:00+00:00,1.103777990724841,0.9832144240945075
2026-06-17T13:35:00+00:00,1.103777990724841,0.9832144240945075
2026-06-17T13:40:00+00:00,1.103777990724841,0.9832144240945075
2026-06-17T13:45:00+00:00,1.103777990724841,0.9872526478701622
2026-06-17T13:50:00+00:00,1.103777990724841,0.9834299016974026
2026-06-17T13:55:00+00:00,1.103777990724841,0.984819992794775
2026-06-17T14:00:00+00:00,1.103777990724841,0.978792676238554
2026-06-17T14:05:00+00:00,1.103777990724841,0.9821345061905759
2026-06-17T14:10:00+00:00,1.103777990724841,0.9813972503161632
2026-06-17T14:15:00+00:00,1.103777990724841,0.9834088897325232
2026-06-17T14:20:00+00:00,1.103777990724841,0.9848806528618351
2026-06-17T14:25:00+00:00,1.103777990724841,0.9873371106524906
2026-06-17T14:30:00+00:00,1.103777990724841,0.9865875009516837
2026-06-17T14:35:00+00:00,1.1029473221237458,0.985563014214641
2026-06-17T14:40:00+00:00,1.1025316763665252,0.9851916047401221
2026-06-17T14:45:00+00:00,1.1025859502326116,0.9852401023555388
2026-06-17T14:50:00+00:00,1.1004978060912922,0.9833741948976279
2026-06-17T14:55:00+00:00,1.1041533192196942,0.9866406596372057
2026-06-17T15:00:00+00:00,1.1007616900084403,0.9836099942178406
2026-06-17T15:05:00+00:00,1.1022372091478119,0.9849284770332578
2026-06-17T15:10:00+00:00,1.1016359263809763,0.9843911874962229
2026-06-17T15:15:00+00:00,1.1034408435491312,0.9860040112176942
2026-06-17T15:20:00+00:00,1.1035582663527137,0.9861089369652029
2026-06-17T15:25:00+00:00,1.1030707432767703,0.98567329992018
2026-06-17T15:30:00+00:00,1.1035224955961125,0.9860769732131819
2026-06-17T15:35:00+00:00,1.1036805735200086,0.9862182272441141
2026-06-17T15:40:00+00:00,1.104750644022872,0.9871744124481308
2026-06-17T15:45:00+00:00,1.103388515055361,0.9859572519328086
2026-06-17T15:50:00+00:00,1.1049868289249976,0.98738546069983
2026-06-17T15:55:00+00:00,1.1045358922250563,0.986982516221613
2026-06-17T16:00:00+00:00,1.1049509324856355,0.9873533846411936
2026-06-17T16:05:00+00:00,1.1044729951534744,0.9869263131498884
2026-06-17T16:10:00+00:00,1.1054157751975708,0.9877687551444998
2026-06-17T16:15:00+00:00,1.1045006351139424,0.9869510114488963
2026-06-17T16:20:00+00:00,1.1045818483959793,0.9870235813762473
2026-06-17T16:25:00+00:00,1.104838992627646,0.9872533583011882
2026-06-17T16:30:00+00:00,1.1047080993019385,0.9871363956702109
2026-06-17T16:35:00+00:00,1.1044375382680243,0.986894629864388
2026-06-17T16:40:00+00:00,1.1052858156289604,0.9876526268928629
2026-06-17T16:45:00+00:00,1.1044290902589942,0.986887080958763
2026-06-17T16:50:00+00:00,1.1037161479436888,0.9862500155585039
2026-06-17T16:55:00+00:00,1.1031292581732977,0.9857255872023022
2026-06-17T17:00:00+00:00,1.1034931978699871,0.9860507935809448
2026-06-17T17:05:00+00:00,1.1028225162567602,0.9854514911672652
2026-06-17T17:10:00+00:00,1.1041237771048396,0.9866142616260059
2026-06-17T17:15:00+00:00,1.104259172230458,0.9867352469400257
2026-06-17T17:20:00+00:00,1.10435845264894,0.9868239611574039
2026-06-17T17:25:00+00:00,1.1052788456701597,0.9876463987317647
2026-06-17T17:30:00+00:00,1.1053870483985797,0.9877430856768515
2026-06-17T17:35:00+00:00,1.1038993863568203,0.9864137523019937
2026-06-17T17:40:00+00:00,1.1046306368742747,0.9870671774018803
2026-06-17T17:45:00+00:00,1.1039794849270876,0.9864853261539479
2026-06-17T17:50:00+00:00,1.1044865528318057,0.9869384279137158
2026-06-17T17:55:00+00:00,1.104874544342928,0.9872851263239854
2026-06-17T18:00:00+00:00,1.1061733674643235,0.9884457184980427
2026-06-17T18:05:00+00:00,1.097013984598139,0.9802611490223576
2026-06-17T18:10:00+00:00,1.1019166074531326,0.9846419962864148
2026-06-17T18:15:00+00:00,1.1012698084195864,0.9840640346809
2026-06-17T18:20:00+00:00,1.1037810036655942,0.9863079688256162
2026-06-17T18:25:00+00:00,1.1001508136293743,0.9830641320960617
2026-06-17T18:30:00+00:00,1.101110983177199,0.983922112866974
2026-06-17T18:35:00+00:00,1.1022603926576882,0.9849491931721119
2026-06-17T18:40:00+00:00,1.1073519018762534,0.9894988240308991
2026-06-17T18:45:00+00:00,1.1131714478414723,0.9946990082534761
2026-06-17T18:50:00+00:00,1.1118061570040527,0.9934790223792497
2026-06-17T18:55:00+00:00,1.1108604266888036,0.99263394410449
2026-06-17T19:00:00+00:00,1.106208657474098,0.9884772526680863
2026-06-17T19:05:00+00:00,1.1063978849993643,0.9886463411154065
2026-06-17T19:10:00+00:00,1.1070285575612928,0.989209892554944
2026-06-17T19:15:00+00:00,1.1088516066987457,0.9908389184992745
2026-06-17T19:20:00+00:00,1.104811994010787,0.9872292330889703
2026-06-17T19:25:00+00:00,1.1000832479916913,0.9830037573236712
2026-06-17T19:30:00+00:00,1.1014151359864315,0.9841938953478199
2026-06-17T19:35:00+00:00,1.098518925876205,0.9816059226416188
2026-06-17T19:40:00+00:00,1.094835006512619,0.9783140748812847
2026-06-17T19:45:00+00:00,1.0946529182171585,0.9781513658509191
2026-06-17T19:50:00+00:00,1.0967288395091936,0.9800063513110688
2026-06-17T19:55:00+00:00,1.094438148682278,0.9779594537750544
2026-06-17T20:00:00+00:00,1.0934907500894815,0.9771128847739337
2026-06-17T20:05:00+00:00,1.0950258817938114,0.9784846357174173
2026-06-17T20:10:00+00:00,1.0946490770571113,0.9781479334972628
2026-06-17T20:15:00+00:00,1.0944025533423365,0.977927646770476
2026-06-17T20:20:00+00:00,1.0970356773309173,0.9802805330443096
2026-06-17T20:25:00+00:00,1.097017580018171,0.9802643617895799
2026-06-17T20:30:00+00:00,1.0983393262657988,0.9814454374309175
2026-06-17T20:35:00+00:00,1.0978360417216673,0.9809957163768179
2026-06-17T20:40:00+00:00,1.0993797317720617,0.9823751148200277
2026-06-17T20:45:00+00:00,1.0987678368174265,0.9818283425274835
2026-06-17T20:50:00+00:00,1.097846761106674,0.9810052949207663
2026-06-17T20:55:00+00:00,1.0982917040463627,0.9814028835417248
2026-06-17T21:00:00+00:00,1.0978106341264084,0.9809730128571983
2026-06-17T21:05:00+00:00,1.0989638919434552,0.9830340510002469
2026-06-17T21:10:00+00:00,1.1000152499111993,0.9849149511638637
2026-06-17T21:15:00+00:00,1.0992095857420616,0.9834722244637297
2026-06-17T21:20:00+00:00,1.0995288228620606,0.984043472830937
2026-06-17T21:25:00+00:00,1.099282211234173,0.983602053638095
2026-06-17T21:30:00+00:00,1.0991180688788846,0.9833083151310936
2026-06-17T21:35:00+00:00,1.0994999155811107,0.983991541161191
2026-06-17T21:40:00+00:00,1.0992007544714442,0.9834559958169342
2026-06-17T21:45:00+00:00,1.09901936820833,0.983131422881021
2026-06-17T21:50:00+00:00,1.099246138464233,0.9835371390509124
2026-06-17T21:55:00+00:00,1.099364034675767,0.983748111459256
2026-06-17T22:00:00+00:00,1.099472850278526,0.9839428552208039
2026-06-17T22:05:00+00:00,1.0982941312406223,0.9818331311373684
2026-06-17T22:10:00+00:00,1.1001094934410198,0.9850788604965001
2026-06-17T22:15:00+00:00,1.101015679185205,0.9867017251760659
2026-06-17T22:20:00+00:00,1.1015679979058488,0.9876916726306011
2026-06-17T22:25:00+00:00,1.1032512733006867,0.9907102009345937
2026-06-17T22:30:00+00:00,1.1024741703349075,0.989314537310167
2026-06-17T22:35:00+00:00,1.1027364751728024,0.989785168067241
2026-06-17T22:40:00+00:00,1.1019318879757998,0.9883408185024274
2026-06-17T22:45:00+00:00,1.1024204211850304,0.989217165429393
2026-06-17T22:50:00+00:00,1.1036412132189897,0.9914080327468069
2026-06-17T22:55:00+00:00,1.1036863777800152,0.9914891759807853
2026-06-17T23:00:00+00:00,1.1036863777800152,0.9914891759807853
2026-06-17T23:05:00+00:00,1.1037315404929122,0.9915703192147636
2026-06-17T23:10:00+00:00,1.102737977735759,0.989785168067241
2026-06-17T23:15:00+00:00,1.1040305181753718,0.9921058645590204
2026-06-17T23:20:00+00:00,1.1039582802339538,0.9919760353846551
2026-06-17T23:25:00+00:00,1.1046987675875668,0.9933067844218992
2026-06-17T23:30:00+00:00,1.1050868118227544,0.9940046162341124
2026-06-17T23:35:00+00:00,1.1046447770980252,0.993209412541125
2026-06-17T23:40:00+00:00,1.1046357523698582,0.9931931838943294
2026-06-17T23:45:00+00:00,1.1041845122749359,0.9923817515545464
2026-06-17T23:50:00+00:00,1.1044553670203836,0.9928686109584162
2026-06-17T23:55:00+00:00,1.1041846524267054,0.9923817515545463
2026-06-18T00:00:00+00:00,1.1047083952859635,0.9933231753551625
2026-06-18T08:05:00+00:00,1.111216400721293,1.0019566531639852
2026-06-18T08:10:00+00:00,1.1131452843492204,1.0019566531639852
2026-06-18T08:15:00+00:00,1.1131900645119186,1.0019566531639852
2026-06-18T08:20:00+00:00,1.112742280897875,1.0019566531639852
2026-06-18T08:25:00+00:00,1.111640289750126,1.0019566531639852
2026-06-18T08:30:00+00:00,1.1114340218873362,1.0019566531639852
2026-06-18T08:35:00+00:00,1.112555250966459,1.0019566531639852
2026-06-18T08:40:00+00:00,1.1127165454019152,1.0019566531639852
2026-06-18T08:45:00+00:00,1.1130838850347595,1.0019566531639852
2026-06-18T08:50:00+00:00,1.1127166665912434,1.0019566531639852
2026-06-18T08:55:00+00:00,1.1122061630485476,1.0019566531639852
2026-06-18T09:00:00+00:00,1.110996074138074,1.0019566531639852
2026-06-18T09:05:00+00:00,1.1114088503226338,1.0019566531639852
2026-06-18T09:10:00+00:00,1.111668982174092,1.0019566531639852
2026-06-18T09:15:00+00:00,1.111668982174092,1.0019566531639852
2026-06-18T09:20:00+00:00,1.1120725406138938,1.0019566531639852
2026-06-18T09:25:00+00:00,1.1128614352819635,1.0019566531639852
2026-06-18T09:30:00+00:00,1.1129510188985399,1.0019566531639852
2026-06-18T09:35:00+00:00,1.1128256119295865,1.0019566531639852
2026-06-18T09:40:00+00:00,1.1136050144979572,1.0019566531639852
2026-06-18T09:45:00+00:00,1.113739300265671,1.0019566531639852
2026-06-18T09:50:00+00:00,1.1145180638213372,1.0019566531639852
2026-06-18T09:55:00+00:00,1.1144643934917686,1.0019566531639852
2026-06-18T10:00:00+00:00,1.11499217714951,1.0019566531639852
2026-06-18T10:05:00+00:00,1.1141695818399098,1.0019566531639852
2026-06-18T10:10:00+00:00,1.114097998963099,1.0019566531639852
2026-06-18T10:15:00+00:00,1.1145275238217378,1.0019566531639852
2026-06-18T10:20:00+00:00,1.1137223479104412,1.0019566531639852
2026-06-18T10:25:00+00:00,1.1139819401566546,1.0019566531639852
2026-06-18T10:30:00+00:00,1.1142683200377965,1.0019566531639852
2026-06-18T10:35:00+00:00,1.1138657018074953,1.0019566531639852
2026-06-18T10:40:00+00:00,1.1136598447472978,1.0019566531639852
2026-06-18T10:45:00+00:00,1.1137314604409891,1.0019566531639852
2026-06-18T10:50:00+00:00,1.1134360646991908,1.0019566531639852
2026-06-18T10:55:00+00:00,1.1129346540519809,1.0019566531639852
2026-06-18T11:00:00+00:00,1.1132840081472788,1.0019566531639852
2026-06-18T11:05:00+00:00,1.1151645554583385,1.0019566531639852
2026-06-18T11:10:00+00:00,1.1134209374519606,1.0019566531639852
2026-06-18T11:15:00+00:00,1.1141371486902965,1.0019566531639852
2026-06-18T11:20:00+00:00,1.1146382464360731,1.0019566531639852
2026-06-18T11:25:00+00:00,1.1152285605400416,1.0019566531639852
2026-06-18T11:30:00+00:00,1.1161940180367018,1.0019566531639852
2026-06-18T11:35:00+00:00,1.1158903403811586,1.0019566531639852
2026-06-18T11:40:00+00:00,1.1152670956761501,1.0019566531639852
2026-06-18T11:45:00+00:00,1.1156761247523543,1.0019566531639852
2026-06-18T11:50:00+00:00,1.1160603661332018,1.0019566531639852
2026-06-18T11:55:00+00:00,1.1173109540254593,1.0019566531639852
2026-06-18T12:00:00+00:00,1.1167898634671212,1.0019566531639852
2026-06-18T12:05:00+00:00,1.1163292329080716,1.0019566531639852
2026-06-18T12:10:00+00:00,1.1161059670614901,1.0019566531639852
2026-06-18T12:15:00+00:00,1.1167758986143483,1.0019566531639852
2026-06-18T12:20:00+00:00,1.1168765066429445,1.0019566531639852
2026-06-18T12:25:00+00:00,1.1170079904742578,1.0019566531639852
2026-06-18T12:30:00+00:00,1.1172668215894117,1.0019566531639852
2026-06-18T12:35:00+00:00,1.117159743865116,1.0019566531639852
2026-06-18T12:40:00+00:00,1.117953979779707,1.0019566531639852
2026-06-18T12:45:00+00:00,1.1176686145444483,1.0019566531639852
2026-06-18T12:50:00+00:00,1.1181147177752448,1.0019566531639852
2026-06-18T12:55:00+00:00,1.1180344703074618,1.0019566531639852
2026-06-18T13:00:00+00:00,1.1186497450554418,1.0019566531639852
2026-06-18T13:05:00+00:00,1.1169927127318022,1.0019566531639852
2026-06-18T13:10:00+00:00,1.1171801455870407,1.0019566531639852
2026-06-18T13:15:00+00:00,1.1175906792131391,1.0019566531639852
2026-06-18T13:20:00+00:00,1.117535014665652,1.0019566531639852
2026-06-18T13:25:00+00:00,1.1177780239291941,1.0019566531639852
2026-06-18T13:30:00+00:00,1.117688832870504,1.0019566531639852
2026-06-18T13:35:00+00:00,1.1195619945804478,1.0019566531639852
2026-06-18T13:40:00+00:00,1.1209606763585551,1.0019566531639852
2026-06-18T13:45:00+00:00,1.118719103412941,1.0019566531639852
2026-06-18T13:50:00+00:00,1.1218696669943748,1.0019566531639852
2026-06-18T13:55:00+00:00,1.1208082266214592,1.0019566531639852
2026-06-18T14:00:00+00:00,1.121217459200544,1.0019566531639852
2026-06-18T14:05:00+00:00,1.1223733086552108,1.0019566531639852
2026-06-18T14:10:00+00:00,1.1233060096497718,1.0019566531639852
2026-06-18T14:15:00+00:00,1.1230308733826442,1.0019566531639852
2026-06-18T14:20:00+00:00,1.1248063604047336,1.0019566531639852
2026-06-18T14:25:00+00:00,1.1264816522421826,1.0019566531639852
2026-06-18T14:30:00+00:00,1.1237912097590934,1.0019566531639852
2026-06-18T14:35:00+00:00,1.1248069954856152,1.0019566531639852
2026-06-18T14:40:00+00:00,1.1255870620476982,1.0019566531639852
2026-06-18T14:45:00+00:00,1.125316918666663,1.0019566531639852
2026-06-18T14:50:00+00:00,1.126929387178805,1.0019566531639852
2026-06-18T14:55:00+00:00,1.126725957686951,1.0019566531639852
2026-06-18T15:00:00+00:00,1.1269737171631955,1.0019566531639852
2026-06-18T15:05:00+00:00,1.1278954626129276,1.0019566531639852
2026-06-18T15:10:00+00:00,1.1285300264053486,1.0019566531639852
2026-06-18T15:15:00+00:00,1.1281059530619542,1.0019566531639852
2026-06-18T15:20:00+00:00,1.1278231932313731,1.0019566531639852
2026-06-18T15:25:00+00:00,1.1273635294385564,1.0019566531639852
2026-06-18T15:30:00+00:00,1.1268594528318732,1.0019566531639852
2026-06-18T15:35:00+00:00,1.1269567846403712,1.0019566531639852
2026-06-18T15:40:00+00:00,1.1249130984040043,1.0019566531639852
2026-06-18T15:45:00+00:00,1.1247003791230628,1.0019566531639852
2026-06-18T15:50:00+00:00,1.1250283895002378,1.0019566531639852
2026-06-18T15:55:00+00:00,1.125755083606568,1.0019566531639852
2026-06-18T16:00:00+00:00,1.1274553594234604,1.0019566531639852
2026-06-18T16:05:00+00:00,1.1276233779265712,1.0019566531639852
2026-06-18T16:10:00+00:00,1.1279195611350006,1.0019566531639852
2026-06-18T16:15:00+00:00,1.1281803077432377,1.0019566531639852
2026-06-18T16:20:00+00:00,1.1280566297105818,1.0019566531639852
2026-06-18T16:25:00+00:00,1.128361566556164,1.0019566531639852
2026-06-18T16:30:00+00:00,1.128860786920053,1.0019566531639852
2026-06-18T16:35:00+00:00,1.1288607869891507,1.0019566531639852
2026-06-18T16:40:00+00:00,1.1284810087291466,1.0019566531639852
2026-06-18T16:45:00+00:00,1.128843220277281,1.0019566531639852
2026-06-18T16:50:00+00:00,1.1289756973041876,1.0019566531639852
2026-06-18T16:55:00+00:00,1.1277835574917379,1.0019566531639852
2026-06-18T17:00:00+00:00,1.128366996902901,1.0019566531639852
2026-06-18T17:05:00+00:00,1.1280930941614464,1.0019566531639852
2026-06-18T17:10:00+00:00,1.1286843504452866,1.0019566531639852
2026-06-18T17:15:00+00:00,1.1288972482122868,1.0019566531639852
2026-06-18T17:20:00+00:00,1.1294095012381928,1.0019566531639852
2026-06-18T17:25:00+00:00,1.1293388888713642,1.0019566531639852
2026-06-18T17:30:00+00:00,1.1290563911059337,1.0019566531639852
2026-06-18T17:35:00+00:00,1.129038744731706,1.0019566531639852
2026-06-18T17:40:00+00:00,1.1295067620454862,1.0019566531639852
2026-06-18T17:45:00+00:00,1.1300628326562527,1.0019566531639852
2026-06-18T17:50:00+00:00,1.1300363774009874,1.0019566531639852
2026-06-18T17:55:00+00:00,1.1297761520350342,1.0019566531639852
2026-06-18T18:00:00+00:00,1.1291363450053842,1.0019566531639852
2026-06-18T18:05:00+00:00,1.1288449653900157,1.0019566531639852
2026-06-18T18:10:00+00:00,1.12944996241791,1.0019566531639852
2026-06-18T18:15:00+00:00,1.1288011500439301,1.0019566531639852
2026-06-18T18:20:00+00:00,1.1290484578497644,1.0019566531639852
2026-06-18T18:25:00+00:00,1.1292162329667148,1.0019566531639852
2026-06-18T18:30:00+00:00,1.1294722684268683,1.0019566531639852
2026-06-18T18:35:00+00:00,1.1285895182191514,1.0019566531639852
2026-06-18T18:40:00+00:00,1.1283686592133044,1.0019566531639852
2026-06-18T18:45:00+00:00,1.1279180363497703,1.0019566531639852
2026-06-18T18:50:00+00:00,1.129137856399966,1.0019566531639852
2026-06-18T18:55:00+00:00,1.129190834887218,1.0019566531639852
2026-06-18T19:00:00+00:00,1.1293674175328132,1.0019566531639852
2026-06-18T19:05:00+00:00,1.129279141289261,1.0019566531639852
2026-06-18T19:10:00+00:00,1.1295704919933387,1.0019566531639852
2026-06-18T19:15:00+00:00,1.1291998555371623,1.0019566531639852
2026-06-18T19:20:00+00:00,1.1303916516101158,1.0019566531639852
2026-06-18T19:25:00+00:00,1.1300918108576554,1.0019566531639852
2026-06-18T19:30:00+00:00,1.130008792759808,1.0019566531639852
2026-06-18T19:35:00+00:00,1.1300477114912202,1.0019566531639852
2026-06-18T19:40:00+00:00,1.1316533833628397,1.0019566531639852
2026-06-18T19:45:00+00:00,1.13248156271889,1.0019566531639852
2026-06-18T19:50:00+00:00,1.1330449954156518,1.0019566531639852
2026-06-18T19:55:00+00:00,1.1305900422188941,1.0019566531639852
2026-06-18T20:00:00+00:00,1.1291967017262234,1.0019566531639852
2026-06-18T20:05:00+00:00,1.1285169159647768,1.0021606377617636
2026-06-18T20:10:00+00:00,1.1279161522780667,1.0010936414041542
2026-06-18T20:15:00+00:00,1.128181340760136,1.0015643750913348
2026-06-18T20:20:00+00:00,1.1275280808141153,1.0004044872861217
2026-06-18T20:25:00+00:00,1.1291979908976977,1.0033688542255272
2026-06-18T20:30:00+00:00,1.1288889602488477,1.0028196649238164
2026-06-18T20:35:00+00:00,1.1288094734655412,1.002678444817662
2026-06-18T20:40:00+00:00,1.1288006409787767,1.0026627536947559
2026-06-18T20:45:00+00:00,1.1288008895497676,1.0026627536947559
2026-06-18T20:50:00+00:00,1.1289625253578957,1.002949901243936
2026-06-18T20:55:00+00:00,1.1285359738853535,1.0021920200075753
2026-06-18T21:00:00+00:00,1.1284211236609876,1.0019880354097972
2026-06-18T21:05:00+00:00,1.128960091108122,1.0029451939070644
2026-06-18T21:10:00+00:00,1.129225030583178,1.0034159275942451
2026-06-18T21:15:00+00:00,1.1292426890718026,1.0034473098400571
2026-06-18T21:20:00+00:00,1.1291632271155738,1.003306089733903
2026-06-18T21:25:00+00:00,1.1291544099570623,1.003290398610997
2026-06-18T21:30:00+00:00,1.1296841977627976,1.0042318659853582
2026-06-18T21:35:00+00:00,1.1301254806525487,1.0050164221306592
2026-06-18T21:40:00+00:00,1.1310694574396667,1.0066953722816034
2026-06-18T21:45:00+00:00,1.1307872765677776,1.0061930994373816
2026-06-18T21:50:00+00:00,1.1302936095932095,1.0053145534658734
2026-06-18T21:55:00+00:00,1.1308140432113867,1.0062403297173286
2026-06-18T22:00:00+00:00,1.1301792299386257,1.005110568868095
2026-06-18T22:05:00+00:00,1.130126304059168,1.005016422130659
2026-06-18T22:10:00+00:00,1.1304833392779445,1.0056514418746658
2026-06-18T22:15:00+00:00,1.129738361688696,1.004326012722794
2026-06-18T22:20:00+00:00,1.129376518432163,1.003682676683647
2026-06-18T22:25:00+00:00,1.1295972204798514,1.0040749547562975
2026-06-18T22:30:00+00:00,1.1292441719807247,1.0034473098400567
2026-06-18T22:35:00+00:00,1.1291470516844635,1.0032747074880903
2026-06-18T22:40:00+00:00,1.1280079975104282,1.0012505526332136
2026-06-18T22:45:00+00:00,1.1283615842522747,1.0018781975494544
2026-06-18T22:50:00+00:00,1.1288033859688964,1.0026627536947554
2026-06-18T22:55:00+00:00,1.1291743542178063,1.0033217808568082
2026-06-18T23:00:00+00:00,1.1290595684228295,1.0031177962590299
2026-06-18T23:05:00+00:00,1.1284679246413323,1.0020664910243264
2026-06-18T23:10:00+00:00,1.1284679246413323,1.0020664910243264
2026-06-18T23:15:00+00:00,1.1290598834818866,1.0031177962590299
2026-06-18T23:20:00+00:00,1.128830288486106,1.0027098270634733
2026-06-18T23:25:00+00:00,1.1291831595611808,1.0033365305123398
2026-06-18T23:30:00+00:00,1.1291572004913515,1.003290398610996
2026-06-18T23:35:00+00:00,1.1291218812170163,1.003227634119372
2026-06-18T23:40:00+00:00,1.1292543326388933,1.0034630009629621
2026-06-18T23:45:00+00:00,1.1288040506185608,1.0026627536947552
2026-06-18T23:50:00+00:00,1.1289895348522305,1.0029922672757816
2026-06-18T23:55:00+00:00,1.1295078339698952,1.003913179279136
2026-06-19T00:00:00+00:00,1.1296871119884968,1.004231865985357
2026-06-22T08:05:00+00:00,1.1322478688151085,1.0033688542255261
2026-06-22T08:10:00+00:00,1.131217591939612,1.0033688542255261
2026-06-22T08:15:00+00:00,1.1318874416972,1.0033688542255261
2026-06-22T08:20:00+00:00,1.131825781499439,1.003259536073032
2026-06-22T08:25:00+00:00,1.130662982994116,1.0011981080545764
2026-06-22T08:30:00+00:00,1.1317387970942976,1.0031033672837553
2026-06-22T08:35:00+00:00,1.1314040125117741,1.002509925884503
2026-06-22T08:40:00+00:00,1.1323385243504875,1.004166095894785
2026-06-22T08:45:00+00:00,1.1321985230399352,1.0039177875198346
2026-06-22T08:50:00+00:00,1.1313740863340986,1.0024557353146237
2026-06-22T08:55:00+00:00,1.131968674115232,1.0035094061358756
2026-06-22T09:00:00+00:00,1.13182774614684,1.0032595360730323
2026-06-22T09:05:00+00:00,1.1315810914902904,1.0028222634630568
2026-06-22T09:10:00+00:00,1.1320392642933979,1.003634341167297
2026-06-22T09:15:00+00:00,1.1320921089981075,1.0037280424408632
2026-06-22T09:20:00+00:00,1.13203926676001,1.003634341167297
2026-06-22T09:25:00+00:00,1.132409179693785,1.0042902500822604
2026-06-22T09:30:00+00:00,1.132409179693785,1.0042902500822604
2026-06-22T09:35:00+00:00,1.1318429574947886,1.0032859285984204
2026-06-22T09:40:00+00:00,1.1325150753313242,1.0044776526293928
2026-06-22T09:45:00+00:00,1.1319076162190898,1.0034000879833818
2026-06-22T09:50:00+00:00,1.1321190197987172,1.0037748930776464
2026-06-22T09:55:00+00:00,1.1324624864791697,1.0043839513558266
2026-06-22T10:00:00+00:00,1.1325857448273573,1.0046025876608142
2026-06-22T10:05:00+00:00,1.13321957592445,1.0057270029436083
2026-06-22T10:10:00+00:00,1.1347064867034193,1.008366255482389
2026-06-22T10:15:00+00:00,1.1350403841348085,1.0089596968816414
2026-06-22T10:20:00+00:00,1.1348822687068019,1.0086785930609428
2026-06-22T10:25:00+00:00,1.1347329166610356,1.0084131061191721
2026-06-22T10:30:00+00:00,1.1345396121004943,1.0080695347827628
2026-06-22T10:35:00+00:00,1.13410018581264,1.007288690836378
2026-06-22T10:40:00+00:00,1.133889190429233,1.0069138857421134
2026-06-22T10:45:00+00:00,1.1343112597351812,1.007663495930643
2026-06-22T10:50:00+00:00,1.1343024712574532,1.0076478790517154
2026-06-22T10:55:00+00:00,1.1341090932808584,1.007304307715306
2026-06-22T11:00:00+00:00,1.1342233815726108,1.0075073271413661
2026-06-22T11:05:00+00:00,1.1359902763527834,1.010646319805833
2026-06-22T11:10:00+00:00,1.1371751537947028,1.0127545984610722
2026-06-22T11:15:00+00:00,1.1343782465159016,1.0077728140831372
2026-06-22T11:20:00+00:00,1.134984715492127,1.0088503787291483
2026-06-22T11:25:00+00:00,1.1352131179890528,1.0092564175812684
2026-06-22T11:30:00+00:00,1.1361968077518014,1.0110055080211704
2026-06-22T11:35:00+00:00,1.1367321039091811,1.01195813763576
2026-06-22T11:40:00+00:00,1.1374250300053308,1.0131918710710481
2026-06-22T11:45:00+00:00,1.1367938869201526,1.0120674557882539
2026-06-22T11:50:00+00:00,1.1365044523132617,1.01155209878364
2026-06-22T11:55:00+00:00,1.1362149439770233,1.011036741779026
2026-06-22T12:00:00+00:00,1.1365747068192096,1.0116770338150616
2026-06-22T12:05:00+00:00,1.136618569012863,1.0117551182097002
2026-06-22T12:10:00+00:00,1.1369606809212345,1.0123641764878804
2026-06-22T12:15:00+00:00,1.1378551659922251,1.0139570981385053
2026-06-22T12:20:00+00:00,1.1374696127762776,1.0132699554656868
2026-06-22T12:25:00+00:00,1.1385565402610136,1.015206448452721
2026-06-22T12:30:00+00:00,1.139686217016545,1.0172210258343937
2026-06-22T12:35:00+00:00,1.140263618839831,1.0182517398436217
2026-06-22T12:40:00+00:00,1.1394241867103823,1.0167525194665628
2026-06-22T12:45:00+00:00,1.1393716835223484,1.0166588181929967
2026-06-22T12:50:00+00:00,1.1398879886631152,1.017580214049731
2026-06-22T12:55:00+00:00,1.139953853367566,1.0176978091480564
2026-06-22T13:00:00+00:00,1.139765541925611,1.0173615777447431
2026-06-22T13:05:00+00:00,1.1417242921966935,1.0208581969366541
2026-06-22T13:10:00+00:00,1.1409099463055483,1.0194019229766464
2026-06-22T13:15:00+00:00,1.141393659340409,1.0202663172252944
2026-06-22T13:20:00+00:00,1.1416034649015039,1.020641122319559
2026-06-22T13:25:00+00:00,1.141559795310344,1.0205630379249206
2026-06-22T13:30:00+00:00,1.1418742264704906,1.0211252455663176
2026-06-22T13:35:00+00:00,1.1403375482940512,1.0183766748750431
2026-06-22T13:40:00+00:00,1.1416141614205588,1.0206567391984867
2026-06-22T13:45:00+00:00,1.1365319243816736,1.0115675594937783
2026-06-22T13:50:00+00:00,1.139647146154993,1.0171117076818996
2026-06-22T13:55:00+00:00,1.1387658390608018,1.0155386788116527
2026-06-22T14:00:00+00:00,1.14076013200252,1.0190950513057166
2026-06-22T14:05:00+00:00,1.1413763075420968,1.0201960412701194
2026-06-22T14:10:00+00:00,1.142315521027232,1.0218748557548467
2026-06-22T14:15:00+00:00,1.1434327536419593,1.023873816257592
2026-06-22T14:20:00+00:00,1.1433281568719242,1.0236864137104598
2026-06-22T14:25:00+00:00,1.1409733454770745,1.0194698563999818
2026-06-22T14:30:00+00:00,1.1400819884297488,1.017876934749357
2026-06-22T14:35:00+00:00,1.139408707532748,1.0166744350719243
2026-06-22T14:40:00+00:00,1.1381748046144968,1.0144724551431192
2026-06-22T14:45:00+00:00,1.1360544106487338,1.0106931704426168
2026-06-22T14:50:00+00:00,1.1373883608362958,1.0130669360396265
2026-06-22T14:55:00+00:00,1.1363803861794726,1.0112709949629413
2026-06-22T15:00:00+00:00,1.1389336860293255,1.015815506730901
2026-06-22T15:05:00+00:00,1.1401856175388347,1.0180487204175614
2026-06-22T15:10:00+00:00,1.1396084157514628,1.0170180064083338
2026-06-22T15:15:00+00:00,1.1386023860002363,1.0152220653316488
2026-06-22T15:20:00+00:00,1.137888601546932,1.0139492896990416
2026-06-22T15:25:00+00:00,1.1387431126639267,1.0154719353944919
2026-06-22T15:30:00+00:00,1.1381214132837043,1.0143631369906254
2026-06-22T15:35:00+00:00,1.1374190486271898,1.0131111318069923
2026-06-22T15:40:00+00:00,1.137411788804426,1.0130981697974824
2026-06-22T15:45:00+00:00,1.1389284197459142,1.0157998898519736
2026-06-22T15:50:00+00:00,1.1366873374880189,1.0118019688464832
2026-06-22T15:55:00+00:00,1.1354593167952405,1.009615605796606
2026-06-22T16:00:00+00:00,1.1352573283183345,1.0092564175812688
2026-06-22T16:05:00+00:00,1.133860818811916,1.006773333831765
2026-06-22T16:10:00+00:00,1.1352944688232838,1.0093188850969794
2026-06-22T16:15:00+00:00,1.1365178070885131,1.0114941601628182
2026-06-22T16:20:00+00:00,1.1370372585369528,1.0124188355641273
2026-06-22T16:25:00+00:00,1.1375940995662537,1.013410507376036
2026-06-22T16:30:00+00:00,1.138295508790665,1.014659857690252
2026-06-22T16:35:00+00:00,1.136306581330931,1.011114826173665
2026-06-22T16:40:00+00:00,1.1366926892330762,1.0118019688464839
2026-06-22T16:45:00+00:00,1.1361970815863576,1.0109196151870692
2026-06-22T16:50:00+00:00,1.1378337982081241,1.0138321631070846
2026-06-22T16:55:00+00:00,1.1388854332775338,1.015706188578408
2026-06-22T17:00:00+00:00,1.1382375156535138,1.0145505395377585
2026-06-22T17:05:00+00:00,1.1388156701344845,1.0155812535469864
2026-06-22T17:10:00+00:00,1.1365825877469744,1.011598949420424
2026-06-22T17:15:00+00:00,1.1376529111903702,1.0135042086496031
2026-06-22T17:20:00+00:00,1.138288406230828,1.014636432371861
2026-06-22T17:25:00+00:00,1.1385468461318264,1.015097130300228
2026-06-22T17:30:00+00:00,1.1385118141611776,1.0150346627845175
2026-06-22T17:35:00+00:00,1.1384329916877205,1.0148941108741683
2026-06-22T17:40:00+00:00,1.1383804375093145,1.014800409600602
2026-06-22T17:45:00+00:00,1.1381965350444516,1.0144724551431203
2026-06-22T17:50:00+00:00,1.1389131562063879,1.0157499158394059
2026-06-22T17:55:00+00:00,1.139641626931786,1.0170492401661901
2026-06-22T18:00:00+00:00,1.1387054005090282,1.0153782341209265
2026-06-22T18:05:00+00:00,1.139213328298441,1.016284013098733
2026-06-22T18:10:00+00:00,1.1393796349136256,1.016580733798359
2026-06-22T18:15:00+00:00,1.1388370401122925,1.015612487304842
2026-06-22T18:20:00+00:00,1.1392748486058564,1.0163933312512268
2026-06-22T18:25:00+00:00,1.139401756085303,1.0166197759956783
2026-06-22T18:30:00+00:00,1.1389204113783042,1.015760847654655
2026-06-22T18:35:00+00:00,1.1385921009726245,1.0151752146948663
2026-06-22T18:40:00+00:00,1.1380666373463006,1.0142382019592047
2026-06-22T18:45:00+00:00,1.136725998710955,1.011848819483267
2026-06-22T18:50:00+00:00,1.137647092921368,1.0134885917706753
2026-06-22T18:55:00+00:00,1.1373753699868627,1.0130044685239166
2026-06-22T19:00:00+00:00,1.1366038158071488,1.0116301831782795
2026-06-22T19:05:00+00:00,1.1373582775902404,1.0129732347660614
2026-06-22T19:10:00+00:00,1.1367533068315583,1.0118956701200505
2026-06-22T19:15:00+00:00,1.1372883786105692,1.01284829973464
2026-06-22T19:20:00+00:00,1.1373672882355368,1.0129888516449892
2026-06-22T19:25:00+00:00,1.1371919394075412,1.0126765140664353
2026-06-22T19:30:00+00:00,1.136937660674663,1.0122236245775322
2026-06-22T19:35:00+00:00,1.1383496899146284,1.0147379420848912
2026-06-22T19:40:00+00:00,1.1385861970984914,1.015159597815939
2026-06-22T19:45:00+00:00,1.138218366046909,1.0145036889009758
2026-06-22T19:50:00+00:00,1.138928007491278,1.015768656094119
2026-06-22T19:55:00+00:00,1.1400486075635954,1.0177676165968643
2026-06-22T20:00:00+00:00,1.142934961639109,1.022921186643004
2026-06-22T20:05:00+00:00,1.1427517458546597,1.0225932321855222
2026-06-22T20:10:00+00:00,1.1428390054565116,1.022749400974799
2026-06-22T20:15:00+00:00,1.1428626510031965,1.0227917227166932
2026-06-22T20:20:00+00:00,1.1431007593494988,1.0232179073426302
2026-06-22T20:25:00+00:00,1.1425996386940542,1.0223199368042877
2026-06-22T20:30:00+00:00,1.1423290976300902,1.0218358135575292
2026-06-22T20:35:00+00:00,1.1425342337938211,1.02220281021233
2026-06-22T20:40:00+00:00,1.1427495444618199,1.0225880786154764
2026-06-22T20:45:00+00:00,1.1425517263285507,1.0222340439701856
2026-06-22T20:50:00+00:00,1.142413744578751,1.0219871411143384
2026-06-22T20:55:00+00:00,1.1429270707600039,1.0229055697640763
2026-06-22T21:00:00+00:00,1.1434478441711007,1.0238377412672706
2026-06-22T21:05:00+00:00,1.1426046433257877,1.0223277452437516
2026-06-22T21:10:00+00:00,1.1424911909911617,1.0221247258176915
2026-06-22T21:15:00+00:00,1.1428403097661017,1.0227494009747993
2026-06-22T21:20:00+00:00,1.1427790581324588,1.022639770484727
2026-06-22T21:25:00+00:00,1.1425087337273925,1.022155959575547
2026-06-22T21:30:00+00:00,1.1425087337273925,1.022155959575547
2026-06-22T21:35:00+00:00,1.1427531131546396,1.0225932321855224
2026-06-22T21:40:00+00:00,1.1429363585377812,1.0229211866430041
2026-06-22T21:45:00+00:00,1.1428578373913343,1.022780634732655
2026-06-22T21:50:00+00:00,1.1424913801967882,1.0221247258176918
2026-06-22T21:55:00+00:00,1.1425786599049776,1.0222808946069688
2026-06-22T22:00:00+00:00,1.1424652049509694,1.0220778751809088
2026-06-22T22:05:00+00:00,1.1428754289844063,1.0228118684905103
2026-06-22T22:10:00+00:00,1.1422908513609449,1.0217655376023547
2026-06-22T22:15:00+00:00,1.1422237214555009,1.0216454438034006
2026-06-22T22:20:00+00:00,1.1426931346112088,1.0224851633833432
2026-06-22T22:25:00+00:00,1.1427237643975459,1.0225399786283793
2026-06-22T22:30:00+00:00,1.1418198172406007,1.0209222261402593
2026-06-22T22:35:00+00:00,1.1403000676686061,1.01820488920684
2026-06-22T22:40:00+00:00,1.139495549146654,1.0167681363454921
2026-06-22T22:45:00+00:00,1.1402656323045701,1.0181424216911292
2026-06-22T22:50:00+00:00,1.1403093574994587,1.0182205060857676
2026-06-22T22:55:00+00:00,1.140746592682549,1.0190013500321524
2026-06-22T23:00:00+00:00,1.140606731031339,1.0187514799693094
2026-06-22T23:05:00+00:00,1.1401173863612524,1.0178769347493584
2026-06-22T23:10:00+00:00,1.1399441244828286,1.0175675643778008
2026-06-22T23:15:00+00:00,1.1398724823578745,1.017439662139383
2026-06-22T23:20:00+00:00,1.139303858326,1.0164245650090828
2026-06-22T23:25:00+00:00,1.1399690430324054,1.0176114478075877
2026-06-22T23:30:00+00:00,1.1403364307321595,1.0182673567225509
2026-06-22T23:35:00+00:00,1.1405288099284856,1.0186109280589601
2026-06-22T23:40:00+00:00,1.1400557243485299,1.0177658987401825
2026-06-22T23:45:00+00:00,1.1404191482280155,1.0184147800596284
2026-06-22T23:50:00+00:00,1.140327862148952,1.018251739843623
2026-06-22T23:55:00+00:00,1.1402911349241658,1.0181861489521267
2026-06-23T00:00:00+00:00,1.1410099623331487,1.0194698563999833
2026-06-23T08:05:00+00:00,1.1122105664854633,0.968152792243575
2026-06-23T08:10:00+00:00,1.1123540914158094,0.968402662306418
2026-06-23T08:15:00+00:00,1.1115648061388816,0.9670283769607807
2026-06-23T08:20:00+00:00,1.109150390157071,0.9628274365292305
2026-06-23T08:25:00+00:00,1.1072344328386643,0.9595010413176314
2026-06-23T08:30:00+00:00,1.109036572215029,0.9626244171031705
2026-06-23T08:35:00+00:00,1.1100711212562744,0.9644203581798555
2026-06-23T08:40:00+00:00,1.109864404101478,0.9640611699645186
2026-06-23T08:45:00+00:00,1.1104846710933378,0.9651387346105297
2026-06-23T08:50:00+00:00,1.1082655345602714,0.9612813655153888
2026-06-23T08:55:00+00:00,1.1092828039936575,0.9630460728342184
2026-06-23T09:00:00+00:00,1.108896039942672,0.9623745470403275
2026-06-23T09:05:00+00:00,1.1107494784100564,0.9655916240994328
2026-06-23T09:10:00+00:00,1.1106776201225967,0.9654666890680113
2026-06-23T09:15:00+00:00,1.1131748571773188,0.9698081814099107
2026-06-23T09:20:00+00:00,1.1134258144720126,0.9702454540198862
2026-06-23T09:25:00+00:00,1.114277084852315,0.9717290575180173
2026-06-23T09:30:00+00:00,1.1138204359336878,0.9709325966927048
2026-06-23T09:35:00+00:00,1.112279696881629,0.9682464935171411
2026-06-23T09:40:00+00:00,1.1126923167691822,0.9689648699478153
2026-06-23T09:45:00+00:00,1.1107913822113133,0.9656540916151437
2026-06-23T09:50:00+00:00,1.1108093462987443,0.965685325372999
2026-06-23T09:55:00+00:00,1.1120937577784706,0.9679185390596594
2026-06-23T10:00:00+00:00,1.1116003232548595,0.9670596107186362
2026-06-23T10:05:00+00:00,1.1121837321190442,0.9680747078489363
2026-06-23T10:10:00+00:00,1.1109847667298995,0.965987668149039
2026-06-23T10:15:00+00:00,1.1102271405681894,0.9646702282426988
2026-06-23T10:20:00+00:00,1.1102271405681894,0.9646702282426988
2026-06-23T10:25:00+00:00,1.109220637194894,0.9629211378027968
2026-06-23T10:30:00+00:00,1.1085820064577685,0.9618123393989303
2026-06-23T10:35:00+00:00,1.1071150090958424,0.9592667881337158
2026-06-23T10:40:00+00:00,1.1073130912114297,0.9596100471325466
2026-06-23T10:45:00+00:00,1.1074574364316603,0.9598602295329683
2026-06-23T10:50:00+00:00,1.107529509544683,0.9599851645643901
2026-06-23T10:55:00+00:00,1.107529509544683,0.9599851645643901
2026-06-23T11:00:00+00:00,1.1081691167999554,0.9610939629682564
2026-06-23T11:05:00+00:00,1.1085202476988147,0.9617030212464366
2026-06-23T11:10:00+00:00,1.1091412825723246,0.9627805858924476
2026-06-23T11:15:00+00:00,1.1103781595094997,0.964927906745006
2026-06-23T11:20:00+00:00,1.1095917974973535,0.9635614298388325
2026-06-23T11:25:00+00:00,1.1097986095827865,0.9639206180541695
2026-06-23T11:30:00+00:00,1.1081983620858589,0.9611408136050397
2026-06-23T11:35:00+00:00,1.109668757377888,0.963691362271511
2026-06-23T11:40:00+00:00,1.1103582057400843,0.9648888645476866
2026-06-23T11:45:00+00:00,1.1103042917703956,0.9647951632741204
2026-06-23T11:50:00+00:00,1.1102054446928329,0.9646233776059158
2026-06-23T11:55:00+00:00,1.1109333834395962,0.9658883447990593
2026-06-23T12:00:00+00:00,1.1110501366125232,0.9660913642251193
2026-06-23T12:05:00+00:00,1.112181625387645,0.968059090970009
2026-06-23T12:10:00+00:00,1.1107014197979426,0.9654823059469392
2026-06-23T12:15:00+00:00,1.1092548017139077,0.9629679884395802
2026-06-23T12:20:00+00:00,1.1082569530445092,0.9612345148786059
2026-06-23T12:25:00+00:00,1.1075727437836411,0.960047632080101
2026-06-23T12:30:00+00:00,1.1073475324539077,0.9596572101069087
2026-06-23T12:35:00+00:00,1.1053112383747004,0.9561277954692494
2026-06-23T12:40:00+00:00,1.1059792201436123,0.957283444509899
2026-06-23T12:45:00+00:00,1.1050951296057965,0.9557529903749848
2026-06-23T12:50:00+00:00,1.1048965013962269,0.9554094190385755
2026-06-23T12:55:00+00:00,1.1040657249886257,0.9539726661772275
2026-06-23T13:00:00+00:00,1.104201279664614,0.954206919361143
2026-06-23T13:05:00+00:00,1.102764576472631,0.9517238356116393
2026-06-23T13:10:00+00:00,1.102095049884572,0.9505681865709898
2026-06-23T13:15:00+00:00,1.1032900665319465,0.9526296145894458
2026-06-23T13:20:00+00:00,1.1032810231707455,0.9526139977105181
2026-06-23T13:25:00+00:00,1.104556147552023,0.9548159776393232
2026-06-23T13:30:00+00:00,1.1009514708307153,0.9485848429471726
2026-06-23T13:35:00+00:00,1.10553970678402,0.9564927619297899
2026-06-23T13:40:00+00:00,1.1020970275005293,0.9505369528131344
2026-06-23T13:45:00+00:00,1.1003046610978997,0.9474448107854507
2026-06-23T13:50:00+00:00,1.102318550505699,0.9468513693861983
2026-06-23T13:55:00+00:00,1.1063374815828717,0.9468513693861983
2026-06-23T14:00:00+00:00,1.1075233460467369,0.9468513693861983
2026-06-23T14:05:00+00:00,1.1110237846540332,0.9468513693861983
2026-06-23T14:10:00+00:00,1.1089893394837982,0.9468513693861983
2026-06-23T14:15:00+00:00,1.1104601380446666,0.9468513693861983
2026-06-23T14:20:00+00:00,1.1100198329287183,0.9468513693861983
2026-06-23T14:25:00+00:00,1.109013070678994,0.9468513693861983
2026-06-23T14:30:00+00:00,1.1074163544731437,0.9468513693861983
2026-06-23T14:35:00+00:00,1.1057446770365245,0.9468513693861983
2026-06-23T14:40:00+00:00,1.1045261965332402,0.9468513693861983
2026-06-23T14:45:00+00:00,1.102561131347845,0.9468513693861983
2026-06-23T14:50:00+00:00,1.1019955650988214,0.9468513693861983
2026-06-23T14:55:00+00:00,1.1007369238216538,0.9468513693861983
2026-06-23T15:00:00+00:00,1.1024047216907797,0.9468513693861983
2026-06-23T15:05:00+00:00,1.1022961351286258,0.9468513693861983
2026-06-23T15:10:00+00:00,1.100313252340122,0.9468513693861983
2026-06-23T15:15:00+00:00,1.0990889644921629,0.9468513693861983
2026-06-23T15:20:00+00:00,1.0981902702940167,0.9468513693861983
2026-06-23T15:25:00+00:00,1.0983174876590314,0.9468513693861983
2026-06-23T15:30:00+00:00,1.098144901766903,0.9468513693861983
2026-06-23T15:35:00+00:00,1.0995805290323641,0.9468513693861983
2026-06-23T15:40:00+00:00,1.0984644741965468,0.9468513693861983
2026-06-23T15:45:00+00:00,1.0983009657545721,0.9468513693861983
2026-06-23T15:50:00+00:00,1.0973152926643208,0.9459311914305727
2026-06-23T15:55:00+00:00,1.1005431436446025,0.948713732550659
2026-06-23T16:00:00+00:00,1.100225818883666,0.9484401854751835
2026-06-23T16:05:00+00:00,1.1031869385175161,0.9509927931367568
2026-06-23T16:10:00+00:00,1.103485508259511,0.9512501726097836
2026-06-23T16:15:00+00:00,1.1054115422637276,0.9529104936246497
2026-06-23T16:20:00+00:00,1.1026394625034035,0.9505208461569131
2026-06-23T16:25:00+00:00,1.1036363293144,0.9513801866003821
2026-06-23T16:30:00+00:00,1.1028360494705405,0.9506903122577564
2026-06-23T16:35:00+00:00,1.1016417798371854,0.9496608024124812
2026-06-23T16:40:00+00:00,1.102298439531466,0.9502268702428739
2026-06-23T16:45:00+00:00,1.1042993641916419,0.9519517501023055
2026-06-23T16:50:00+00:00,1.102189584947045,0.9501330330864775
2026-06-23T16:55:00+00:00,1.1012705342669817,0.9499886490160977
2026-06-23T17:00:00+00:00,1.101524231715194,0.9499886490160977
2026-06-23T17:05:00+00:00,1.1000294548253724,0.9499886490160977
2026-06-23T17:10:00+00:00,1.0999387622558217,0.9499886490160977
2026-06-23T17:15:00+00:00,1.1015807674704803,0.9499886490160977
2026-06-23T17:20:00+00:00,1.1009195725403833,0.9499886490160977
2026-06-23T17:25:00+00:00,1.1027411647008742,0.9499886490160977
2026-06-23T17:30:00+00:00,1.1023610734749052,0.9499886490160977
2026-06-23T17:35:00+00:00,1.1016458478157618,0.9499886490160977
2026-06-23T17:40:00+00:00,1.1007583097021734,0.9499886490160977
2026-06-23T17:45:00+00:00,1.1000421423343838,0.9499886490160977
2026-06-23T17:50:00+00:00,1.0996339132375754,0.9499886490160977
2026-06-23T17:55:00+00:00,1.0980639736331128,0.9486440998730852
2026-06-23T18:00:00+00:00,1.0972007320276087,0.9478983245125504
2026-06-23T18:05:00+00:00,1.0982556456739747,0.9488096899981057
2026-06-23T18:10:00+00:00,1.0975561064741564,0.9482053411163716
2026-06-23T18:15:00+00:00,1.098210646202597,0.9487708138633402
2026-06-23T18:20:00+00:00,1.0975655071677635,0.9482134626035882
2026-06-23T18:25:00+00:00,1.098356459627457,0.9488967856177164
2026-06-23T18:30:00+00:00,1.098519989875266,0.9490380633651516
2026-06-23T18:35:00+00:00,1.097457012688917,0.9481197315918275
2026-06-23T18:40:00+00:00,1.0972569648789554,0.9479469054367314
2026-06-23T18:45:00+00:00,1.0948258008220264,0.9458465638411515
2026-06-23T18:50:00+00:00,1.0945736250769462,0.9459201103158426
2026-06-23T18:55:00+00:00,1.093584427417648,0.9459201103158426
2026-06-23T19:00:00+00:00,1.094975976858745,0.9459201103158426
2026-06-23T19:05:00+00:00,1.0983663076418955,0.9459201103158426
2026-06-23T19:10:00+00:00,1.095594882485849,0.9459201103158426
2026-06-23T19:15:00+00:00,1.0971706358251965,0.9459201103158426
2026-06-23T19:20:00+00:00,1.095051302751813,0.9459201103158426
2026-06-23T19:25:00+00:00,1.0974388917952007,0.9459201103158426
2026-06-23T19:30:00+00:00,1.0988390498278646,0.9459201103158426
2026-06-23T19:35:00+00:00,1.1000648952352827,0.9459201103158426
2026-06-23T19:40:00+00:00,1.0990171816942265,0.9459201103158426
2026-06-23T19:45:00+00:00,1.0977505259870124,0.9459201103158426
2026-06-23T19:50:00+00:00,1.0967916087245164,0.9459201103158426
2026-06-23T19:55:00+00:00,1.098147211074016,0.9459201103158426
2026-06-23T20:00:00+00:00,1.0973974807816376,0.9459201103158426
2026-06-23T20:05:00+00:00,1.0989519854721757,0.9459201103158426
2026-06-23T20:10:00+00:00,1.099306134599869,0.9459201103158426
2026-06-23T20:15:00+00:00,1.0995603289204032,0.9459201103158426
2026-06-23T20:20:00+00:00,1.100067661921267,0.9459201103158426
2026-06-23T20:25:00+00:00,1.1008215069683096,0.9459201103158426
2026-06-23T20:30:00+00:00,1.1006129953000403,0.9459201103158426
2026-06-23T20:35:00+00:00,1.1014018286959104,0.9459201103158426
2026-06-23T20:40:00+00:00,1.1006769837938402,0.9459201103158426
2026-06-23T20:45:00+00:00,1.1008673809656664,0.9459201103158426
2026-06-23T20:50:00+00:00,1.0993172720894528,0.9459201103158426
2026-06-23T20:55:00+00:00,1.0993174596465691,0.9459201103158426
2026-06-23T21:00:00+00:00,1.0994445483702278,0.9459201103158426
2026-06-23T21:05:00+00:00,1.1006789818503344,0.9459201103158426
2026-06-23T21:10:00+00:00,1.1006789818503344,0.9459201103158426
2026-06-23T21:15:00+00:00,1.1005157839782316,0.9459201103158426
2026-06-23T21:20:00+00:00,1.1011051970328325,0.9459201103158426
2026-06-23T21:25:00+00:00,1.1012048904923233,0.9459201103158426
2026-06-23T21:30:00+00:00,1.1009524170053,0.9459201103158426
2026-06-23T21:35:00+00:00,1.1009524170053,0.9459201103158426
2026-06-23T21:40:00+00:00,1.1016037776038925,0.9459201103158426
2026-06-23T21:45:00+00:00,1.1018211922503063,0.9459201103158426
2026-06-23T21:50:00+00:00,1.1023827359480631,0.9459201103158426
2026-06-23T21:55:00+00:00,1.1020840019587197,0.9459201103158426
2026-06-23T22:00:00+00:00,1.102482421941352,0.9459201103158426
2026-06-23T22:05:00+00:00,1.1024914736698037,0.9459201103158426
2026-06-23T22:10:00+00:00,1.1029802629931056,0.9459201103158426
2026-06-23T22:15:00+00:00,1.1036791935416848,0.9459201103158426
2026-06-23T22:20:00+00:00,1.1029445376524865,0.9459201103158426
2026-06-23T22:25:00+00:00,1.1012254280367852,0.9459201103158426
2026-06-23T22:30:00+00:00,1.1014557864171397,0.9459201103158426
2026-06-23T22:35:00+00:00,1.1001832761922015,0.9459201103158426
2026-06-23T22:40:00+00:00,1.099729696652021,0.9459201103158426
2026-06-23T22:45:00+00:00,1.0971344107931011,0.9459201103158426
2026-06-23T22:50:00+00:00,1.0976073998110025,0.9459201103158426
2026-06-23T22:55:00+00:00,1.0997803937023798,0.9459201103158426
2026-06-23T23:00:00+00:00,1.0986098353625482,0.9459201103158426
2026-06-23T23:05:00+00:00,1.0970565099516323,0.9459201103158426
2026-06-23T23:10:00+00:00,1.097220249729237,0.9459201103158426
2026-06-23T23:15:00+00:00,1.0982389229940142,0.9459201103158426
2026-06-23T23:20:00+00:00,1.0973756704895923,0.9459201103158426
2026-06-23T23:25:00+00:00,1.097994064005738,0.9459201103158426
2026-06-23T23:30:00+00:00,1.0990366521146242,0.9459201103158426
2026-06-23T23:35:00+00:00,1.0978770083438871,0.9459201103158426
2026-06-23T23:40:00+00:00,1.0975134127127086,0.9459201103158426
2026-06-23T23:45:00+00:00,1.0972497185207561,0.9459201103158426
2026-06-23T23:50:00+00:00,1.1006421866911134,0.9459201103158426
2026-06-23T23:55:00+00:00,1.1005787166997894,0.9459201103158426
2026-06-24T00:00:00+00:00,1.1002631619735619,0.9459201103158426
2026-06-24T08:05:00+00:00,1.1060523768590835,0.9459201103158426
2026-06-24T08:10:00+00:00,1.1074239337811773,0.9459201103158426
2026-06-24T08:15:00+00:00,1.1081088639485548,0.9459201103158426
2026-06-24T08:20:00+00:00,1.1078386637899096,0.9459201103158426
2026-06-24T08:25:00+00:00,1.1079467702203611,0.9459201103158426
2026-06-24T08:30:00+00:00,1.1075143866878026,0.9459201103158426
2026-06-24T08:35:00+00:00,1.1091997294752527,0.9459201103158426
2026-06-24T08:40:00+00:00,1.1075888469621922,0.9459201103158426
2026-06-24T08:45:00+00:00,1.1069490701379032,0.9459201103158426
2026-06-24T08:50:00+00:00,1.1059933580047592,0.9459201103158426
2026-06-24T08:55:00+00:00,1.105803855055084,0.9459201103158426
2026-06-24T09:00:00+00:00,1.1058941100220325,0.9459201103158426
2026-06-24T09:05:00+00:00,1.1058941100220325,0.9459201103158426
2026-06-24T09:10:00+00:00,1.1055511691359476,0.9459201103158426
2026-06-24T09:15:00+00:00,1.1061560156894825,0.9459201103158426
2026-06-24T09:20:00+00:00,1.1065954176207056,0.9459201103158426
2026-06-24T09:25:00+00:00,1.1060479615477838,0.9459201103158426
2026-06-24T09:30:00+00:00,1.1052719395146193,0.9459201103158426
2026-06-24T09:35:00+00:00,1.1055338052214374,0.9459201103158426
2026-06-24T09:40:00+00:00,1.1048115881348972,0.9459201103158426
2026-06-24T09:45:00+00:00,1.104314739096897,0.9459201103158426
2026-06-24T09:50:00+00:00,1.1038447794730895,0.9459201103158426
2026-06-24T09:55:00+00:00,1.105246217318693,0.9459201103158426
2026-06-24T10:00:00+00:00,1.1049753147849537,0.9459201103158426
2026-06-24T10:05:00+00:00,1.1045327321402338,0.9459201103158426
2026-06-24T10:10:00+00:00,1.104921276680246,0.9459201103158426
2026-06-24T10:15:00+00:00,1.1058606819709067,0.9459201103158426
2026-06-24T10:20:00+00:00,1.105165751075208,0.9459201103158426
2026-06-24T10:25:00+00:00,1.1053283046675153,0.9459201103158426
2026-06-24T10:30:00+00:00,1.1054185989397936,0.9459201103158426
2026-06-24T10:35:00+00:00,1.1059603203238566,0.9459201103158426
2026-06-24T10:40:00+00:00,1.1058881261681164,0.9459201103158426
2026-06-24T10:45:00+00:00,1.106564990564978,0.9459201103158426
2026-06-24T10:50:00+00:00,1.1053744374648005,0.9459201103158426
2026-06-24T10:55:00+00:00,1.105175798001752,0.9459201103158426
2026-06-24T11:00:00+00:00,1.1051035524846413,0.9459201103158426
2026-06-24T11:05:00+00:00,1.1057912844607265,0.9459201103158426
2026-06-24T11:10:00+00:00,1.1037411042784546,0.9459201103158426
2026-06-24T11:15:00+00:00,1.1037591892042184,0.9459201103158426
2026-06-24T11:20:00+00:00,1.1034969620771975,0.9459201103158426
2026-06-24T11:25:00+00:00,1.1029904720939478,0.9459201103158426
2026-06-24T11:30:00+00:00,1.1023751659961072,0.9459201103158426
2026-06-24T11:35:00+00:00,1.1039137585286878,0.9459201103158426
2026-06-24T11:40:00+00:00,1.1043658116648585,0.9459201103158426
2026-06-24T11:45:00+00:00,1.1043658116648585,0.9459201103158426
2026-06-24T11:50:00+00:00,1.1057123788165613,0.9459201103158426
2026-06-24T11:55:00+00:00,1.1055499041409036,0.9459201103158426
2026-06-24T12:00:00+00:00,1.1059290349416764,0.9459201103158426
2026-06-24T12:05:00+00:00,1.1054687420182445,0.9459201103158426
2026-06-24T12:10:00+00:00,1.106371578206231,0.9459201103158426
2026-06-24T12:15:00+00:00,1.106335494204463,0.9459201103158426
2026-06-24T12:20:00+00:00,1.1062272360933716,0.9459201103158426
2026-06-24T12:25:00+00:00,1.1067415002148062,0.9459201103158426
2026-06-24T12:30:00+00:00,1.1059172561824118,0.9459201103158426
2026-06-24T12:35:00+00:00,1.1052710867046875,0.9459201103158426
2026-06-24T12:40:00+00:00,1.104927946988227,0.9459201103158426
2026-06-24T12:45:00+00:00,1.104078864003556,0.9459201103158426
2026-06-24T12:50:00+00:00,1.1040247373485548,0.9459201103158426
2026-06-24T12:55:00+00:00,1.1036450491712215,0.9459201103158426
2026-06-24T13:00:00+00:00,1.1027316752776923,0.9459201103158426
2026-06-24T13:05:00+00:00,1.1034647902803802,0.9459201103158426
2026-06-24T13:10:00+00:00,1.102560310944085,0.9459201103158426
2026-06-24T13:15:00+00:00,1.1013382613383587,0.9459201103158426
2026-06-24T13:20:00+00:00,1.1028516612366843,0.9459201103158426
2026-06-24T13:25:00+00:00,1.1025620658421496,0.9459201103158426
2026-06-24T13:30:00+00:00,1.1000002837023029,0.9459201103158426
2026-06-24T13:35:00+00:00,1.1016606823319608,0.9459201103158426
2026-06-24T13:40:00+00:00,1.0954816581941398,0.9459201103158426
2026-06-24T13:45:00+00:00,1.091824890746723,0.9459201103158426
2026-06-24T13:50:00+00:00,1.095341715118127,0.9490623246460679
2026-06-24T13:55:00+00:00,1.0972638683302869,0.9507277804309427
2026-06-24T14:00:00+00:00,1.094826177303929,0.9486156352617116
2026-06-24T14:05:00+00:00,1.0944387903023043,0.9482799825578794
2026-06-24T14:10:00+00:00,1.095460453309547,0.9491652057309548
2026-06-24T14:15:00+00:00,1.0954467859080486,0.9491533635673093
2026-06-24T14:20:00+00:00,1.0915283683589156,0.9457582381769529
2026-06-24T14:25:00+00:00,1.0935312906643033,0.9474936766004148
2026-06-24T14:30:00+00:00,1.0956489630424946,0.9493285405906614
2026-06-24T14:35:00+00:00,1.0982267736801072,0.9515620928442301
2026-06-24T14:40:00+00:00,1.0974451000850747,0.9508848092632465
2026-06-24T14:45:00+00:00,1.0989092768254458,0.9521534498725923
2026-06-24T14:50:00+00:00,1.1005260037945994,0.9507526316306818
2026-06-24T14:55:00+00:00,1.0999637504098023,0.9512383819491658
2026-06-24T15:00:00+00:00,1.1013848007511764,0.95000794598402
2026-06-24T15:05:00+00:00,1.1001867232334919,0.951041295878942
2026-06-24T15:10:00+00:00,1.0979208227224604,0.9529992004224568
2026-06-24T15:15:00+00:00,1.0975253432228358,0.9533424742333085
2026-06-24T15:20:00+00:00,1.0973343448171669,0.9535083938431185
2026-06-24T15:25:00+00:00,1.0948512740175043,0.9556655871421853
2026-06-24T15:30:00+00:00,1.097203440436378,0.9536125135766813
2026-06-24T15:35:00+00:00,1.0975854154009905,0.9532805833345017
2026-06-24T15:40:00+00:00,1.0967122697087466,0.9540392341232403
2026-06-24T15:45:00+00:00,1.0968762022602994,0.9538964488353655
2026-06-24T15:50:00+00:00,1.0974230798427018,0.9534207861718916
2026-06-24T15:55:00+00:00,1.0987139039377984,0.9522992639504855
2026-06-24T16:00:00+00:00,1.0979235434110088,0.9529842283573992
2026-06-24T16:05:00+00:00,1.0983781701400521,0.9525895394789838
2026-06-24T16:10:00+00:00,1.0980782504171596,0.9528496853130822
2026-06-24T16:15:00+00:00,1.0983146266844181,0.9526445244438004
2026-06-24T16:20:00+00:00,1.0987145027951672,0.9522977073199759
2026-06-24T16:25:00+00:00,1.0993280232335343,0.9517654659089312
2026-06-24T16:30:00+00:00,1.0988785172655062,0.9521547120190111
2026-06-24T16:35:00+00:00,1.097397720755402,0.9534380442986998
2026-06-24T16:40:00+00:00,1.095601257964682,0.9549988421183457
2026-06-24T16:45:00+00:00,1.0954782689612215,0.9551060320454419
2026-06-24T16:50:00+00:00,1.0950226246435013,0.9555033703993391
2026-06-24T16:55:00+00:00,1.0941474762969101,0.956267074422628
2026-06-24T17:00:00+00:00,1.0935271477829365,0.9568091616420931
2026-06-24T17:05:00+00:00,1.0954123127847741,0.9551596889713667
2026-06-24T17:10:00+00:00,1.0926197443208647,0.9575936363214413
2026-06-24T17:15:00+00:00,1.091400004357841,0.9586628060343777
2026-06-24T17:20:00+00:00,1.0897857749693702,0.9600807581650707
2026-06-24T17:25:00+00:00,1.088663777606024,0.9610689372057933
2026-06-24T17:30:00+00:00,1.0875221011826257,0.9620770099064041
2026-06-24T17:35:00+00:00,1.0882426191182686,0.9614396343725772
2026-06-24T17:40:00+00:00,1.0878253109176284,0.9618082279220528
2026-06-24T17:45:00+00:00,1.0875133242126316,0.9620840632575195
2026-06-24T17:50:00+00:00,1.0888074634235343,0.9609393305037537
2026-06-24T17:55:00+00:00,1.0884499219880028,0.9612548655699499
2026-06-24T18:00:00+00:00,1.086863527310506,0.9626555459686511
2026-06-24T18:05:00+00:00,1.0868176678379646,0.9626960538057913
2026-06-24T18:10:00+00:00,1.0885170051200583,0.961190523647386
2026-06-24T18:15:00+00:00,1.0878612904887601,0.9617695831147645
2026-06-24T18:20:00+00:00,1.0904808577497611,0.9594539665484529
2026-06-24T18:25:00+00:00,1.0917350007640598,0.9620476481442287
2026-06-24T18:30:00+00:00,1.0924847748761757,0.9620476481442287
2026-06-24T18:35:00+00:00,1.0909680721567474,0.9620476481442287
2026-06-24T18:40:00+00:00,1.0894858559274003,0.9620476481442287
2026-06-24T18:45:00+00:00,1.0895591714267812,0.9620476481442287
2026-06-24T18:50:00+00:00,1.0862144071551676,0.9620476481442287
2026-06-24T18:55:00+00:00,1.0868116849021245,0.9620476481442287
2026-06-24T19:00:00+00:00,1.0858659730936353,0.9620476481442287
2026-06-24T19:05:00+00:00,1.087832757301006,0.9620476481442287
2026-06-24T19:10:00+00:00,1.083382249061846,0.9620476481442287
2026-06-24T19:15:00+00:00,1.0839259737332694,0.9620476481442287
2026-06-24T19:20:00+00:00,1.0840124527797232,0.9620476481442287
2026-06-24T19:25:00+00:00,1.0858963891143723,0.9620476481442287
2026-06-24T19:30:00+00:00,1.0881578688702358,0.9620476481442287
2026-06-24T19:35:00+00:00,1.089176301054297,0.9620476481442287
2026-06-24T19:40:00+00:00,1.0909176506448537,0.9620476481442287
2026-06-24T19:45:00+00:00,1.0888769960274547,0.9620476481442287
2026-06-24T19:50:00+00:00,1.0900091498132773,0.9620476481442287
2026-06-24T19:55:00+00:00,1.0927380881107702,0.9620476481442287
2026-06-24T20:00:00+00:00,1.0958760039215958,0.9620476481442287
2026-06-24T20:05:00+00:00,1.1045300538278762,0.9620476481442287
2026-06-24T20:10:00+00:00,1.111788135932817,0.9620476481442287
2026-06-24T20:15:00+00:00,1.1102611254694332,0.9620476481442287
2026-06-24T20:20:00+00:00,1.1106837703505912,0.9620476481442287
2026-06-24T20:25:00+00:00,1.1162569650545195,0.9620476481442287
2026-06-24T20:30:00+00:00,1.118045838395953,0.9620476481442287
2026-06-24T20:35:00+00:00,1.1150096116782644,0.9620476481442287
2026-06-24T20:40:00+00:00,1.118546624179171,0.9620476481442287
2026-06-24T20:45:00+00:00,1.122554504110992,0.9620476481442287
2026-06-24T20:50:00+00:00,1.1247781240560646,0.9620476481442287
2026-06-24T20:55:00+00:00,1.1234288306029556,0.9620476481442287
2026-06-24T21:00:00+00:00,1.1210114020253472,0.9620476481442287
2026-06-24T21:05:00+00:00,1.1201118139782746,0.9620476481442287
2026-06-24T21:10:00+00:00,1.119987018379143,0.9620476481442287
2026-06-24T21:15:00+00:00,1.1170851082115667,0.9620476481442287
2026-06-24T21:20:00+00:00,1.1185649340460304,0.9620476481442287
2026-06-24T21:25:00+00:00,1.1201928383395585,0.9620476481442287
2026-06-24T21:30:00+00:00,1.1220791872620055,0.9620476481442287
2026-06-24T21:35:00+00:00,1.1214740913466554,0.9620476481442287
2026-06-24T21:40:00+00:00,1.1216432535363285,0.9620476481442287
2026-06-24T21:45:00+00:00,1.1216432535363285,0.9620476481442287
2026-06-24T21:50:00+00:00,1.1217055666265194,0.9620476481442287
2026-06-24T21:55:00+00:00,1.1207538523878624,0.9620476481442287
2026-06-24T22:00:00+00:00,1.1203885828493259,0.9620476481442287
2026-06-24T22:05:00+00:00,1.1235166662787481,0.9620476481442287
2026-06-24T22:10:00+00:00,1.1219258619498136,0.9620476481442287
2026-06-24T22:15:00+00:00,1.1227699184358866,0.9620476481442287
2026-06-24T22:20:00+00:00,1.122308899678974,0.9620476481442287
2026-06-24T22:25:00+00:00,1.1221843449924511,0.9620476481442287
2026-06-24T22:30:00+00:00,1.122540255028922,0.9620476481442287
2026-06-24T22:35:00+00:00,1.1225491499596274,0.9620476481442287
2026-06-24T22:40:00+00:00,1.1234119514013328,0.9620476481442287
2026-06-24T22:45:00+00:00,1.122985325767078,0.9620476481442287
2026-06-24T22:50:00+00:00,1.1222740128133064,0.9620476481442287
2026-06-24T22:55:00+00:00,1.1232161215434222,0.9620476481442287
2026-06-24T23:00:00+00:00,1.1225414901970023,0.9620476481442287
2026-06-24T23:05:00+00:00,1.1233712991955798,0.9620476481442287
2026-06-24T23:10:00+00:00,1.1232531726938078,0.9620476481442287
2026-06-24T23:15:00+00:00,1.1235998557717999,0.9620476481442287
2026-06-24T23:20:00+00:00,1.1230666212143003,0.9620476481442287
2026-06-24T23:25:00+00:00,1.1237695269527794,0.9620476481442287
2026-06-24T23:30:00+00:00,1.123555748297817,0.9620476481442287
2026-06-24T23:35:00+00:00,1.1245331225426678,0.9620476481442287
2026-06-24T23:40:00+00:00,1.124808377791853,0.9620476481442287
2026-06-24T23:45:00+00:00,1.1248616399674252,0.9620476481442287
2026-06-24T23:50:00+00:00,1.1248350121021184,0.9620476481442287
2026-06-24T23:55:00+00:00,1.1246849938589247,0.9620476481442287
2026-06-25T00:00:00+00:00,1.125074738205253,0.9620476481442287
2026-06-25T08:05:00+00:00,1.1255628173004946,0.9620476481442287
2026-06-25T08:10:00+00:00,1.1258999183964704,0.9620476481442287
2026-06-25T08:15:00+00:00,1.1257402867246225,0.9620476481442287
2026-06-25T08:20:00+00:00,1.124817839593994,0.9620476481442287
2026-06-25T08:25:00+00:00,1.1251729181468049,0.9620476481442287
2026-06-25T08:30:00+00:00,1.1256787454571586,0.9620476481442287
2026-06-25T08:35:00+00:00,1.1247650055880771,0.9620476481442287
2026-06-25T08:40:00+00:00,1.1251467332537464,0.9620476481442287
2026-06-25T08:45:00+00:00,1.1246343970271544,0.9620476481442287
2026-06-25T08:50:00+00:00,1.1237352793208042,0.9620476481442287
2026-06-25T08:55:00+00:00,1.123690851667986,0.9620476481442287
2026-06-25T09:00:00+00:00,1.122722247112893,0.9620476481442287
2026-06-25T09:05:00+00:00,1.1234781991962626,0.9620476481442287
2026-06-25T09:10:00+00:00,1.1243847317199398,0.9620476481442287
2026-06-25T09:15:00+00:00,1.1246160665033074,0.9620476481442287
2026-06-25T09:20:00+00:00,1.1240562715542797,0.9620476481442287
2026-06-25T09:25:00+00:00,1.123523290866013,0.9620476481442287
2026-06-25T09:30:00+00:00,1.123878779962949,0.9620476481442287
2026-06-25T09:35:00+00:00,1.1237099760355236,0.9620476481442287
2026-06-25T09:40:00+00:00,1.1237099760355236,0.9620476481442287
2026-06-25T09:45:00+00:00,1.123683318779367,0.9620476481442287
2026-06-25T09:50:00+00:00,1.1241453483957908,0.9620476481442287
2026-06-25T09:55:00+00:00,1.1236301743265198,0.9620476481442287
2026-06-25T10:00:00+00:00,1.1233635827505668,0.9620476481442287
2026-06-25T10:05:00+00:00,1.1234346907125081,0.9620476481442287
2026-06-25T10:10:00+00:00,1.1238791173997933,0.9620476481442287
2026-06-25T10:15:00+00:00,1.124145649996805,0.9620476481442287
2026-06-25T10:20:00+00:00,1.124580883378994,0.9620476481442287
2026-06-25T10:25:00+00:00,1.1246127585497008,0.9620476481442287
2026-06-25T10:30:00+00:00,1.124323404128848,0.9620476481442287
2026-06-25T10:35:00+00:00,1.1244921414485831,0.9620476481442287
2026-06-25T10:40:00+00:00,1.125388978940381,0.9620476481442287
2026-06-25T10:45:00+00:00,1.1243242779196239,0.9620476481442287
2026-06-25T10:50:00+00:00,1.125150203337053,0.9620476481442287
2026-06-25T10:55:00+00:00,1.1251058313163516,0.9620476481442287
2026-06-25T11:00:00+00:00,1.1237657434406592,0.9620476481442287
2026-06-25T11:05:00+00:00,1.1247786733294287,0.9620476481442287
2026-06-25T11:10:00+00:00,1.124769795974112,0.9620476481442287
2026-06-25T11:15:00+00:00,1.1238465437343228,0.9620476481442287
2026-06-25T11:20:00+00:00,1.1234911547630884,0.9620476481442287
2026-06-25T11:25:00+00:00,1.122521418486305,0.9620476481442287
2026-06-25T11:30:00+00:00,1.1229494565339673,0.9620476481442287
2026-06-25T11:35:00+00:00,1.1225492977495761,0.9620476481442287
2026-06-25T11:40:00+00:00,1.1227538828038413,0.9620476481442287
2026-06-25T11:45:00+00:00,1.1236610077507385,0.9620476481442287
2026-06-25T11:50:00+00:00,1.1237054387909815,0.9620476481442287
2026-06-25T11:55:00+00:00,1.1229945702546595,0.9620476481442287
2026-06-25T12:00:00+00:00,1.1234124700551502,0.9620476481442287
2026-06-25T12:05:00+00:00,1.1237058030235156,0.9620476481442287
2026-06-25T12:10:00+00:00,1.1250209102419837,0.9620476481442287
2026-06-25T12:15:00+00:00,1.1243285277466493,0.9620476481442287
2026-06-25T12:20:00+00:00,1.1242308372742542,0.9620476481442287
2026-06-25T12:25:00+00:00,1.1244173534744055,0.9620476481442287
2026-06-25T12:30:00+00:00,1.1243818440459954,0.9620476481442287
2026-06-25T12:35:00+00:00,1.1262044956332617,0.9620476481442287
2026-06-25T12:40:00+00:00,1.1269935888620835,0.9589112644081126
2026-06-25T12:45:00+00:00,1.1264416986840158,0.9593808444604708
2026-06-25T12:50:00+00:00,1.1281817716694262,0.9578988390516545
2026-06-25T12:55:00+00:00,1.128110877526793,0.9579590327355354
2026-06-25T13:00:00+00:00,1.1280666212233403,0.9579966139046319
2026-06-25T13:05:00+00:00,1.126827396109396,0.9590490104924653
2026-06-25T13:10:00+00:00,1.1266235849857071,0.9592224752637124
2026-06-25T13:15:00+00:00,1.126552681333296,0.9592828435871502
2026-06-25T13:20:00+00:00,1.125976552896737,0.9597734288336739
2026-06-25T13:25:00+00:00,1.1266939782974563,0.9591619011468767
2026-06-25T13:30:00+00:00,1.1280153634439274,0.9580369973898231
2026-06-25T13:35:00+00:00,1.126864783344459,0.9590138846348151
2026-06-25T13:40:00+00:00,1.1230992168728868,0.9622178801415608
2026-06-25T13:45:00+00:00,1.1132672986944068,0.970638959679712
2026-06-25T13:50:00+00:00,1.1084949135788347,0.974800384905644
2026-06-25T13:55:00+00:00,1.0979737739167463,0.9840555365505228
2026-06-25T14:00:00+00:00,1.094314328538391,0.9873349904984589
2026-06-25T14:05:00+00:00,1.0994518107278652,0.9827011638628346
2026-06-25T14:10:00+00:00,1.1052199010411066,0.9775461760773175
2026-06-25T14:15:00+00:00,1.1029694718780627,0.9795370393743724
2026-06-25T14:20:00+00:00,1.104880128834576,0.9778402713403668
2026-06-25T14:25:00+00:00,1.1045863905074753,0.9781001379614926
2026-06-25T14:30:00+00:00,1.1045457492835258,0.9781360391338779
2026-06-25T14:35:00+00:00,1.108673145267539,0.9744819267132344
2026-06-25T14:40:00+00:00,1.1090470995715398,0.9741530920781402
2026-06-25T14:45:00+00:00,1.1059579954042755,0.976866576178156
2026-06-25T14:50:00+00:00,1.1088838238758612,0.9742829028645897
2026-06-25T14:55:00+00:00,1.112369950310361,0.9712193206957485
2026-06-25T15:00:00+00:00,1.1094332630264068,0.973784180047583
2026-06-25T15:05:00+00:00,1.1128809808344589,0.9707588307047027
2026-06-25T15:10:00+00:00,1.1108613005130332,0.9725210070882758
2026-06-25T15:15:00+00:00,1.106689426513406,0.9761729197311322
2026-06-25T15:20:00+00:00,1.1090539267261628,0.9740876643972964
2026-06-25T15:25:00+00:00,1.1108101010269222,0.9725453533207085
2026-06-25T15:30:00+00:00,1.108552596709726,0.9745226578349514
2026-06-25T15:35:00+00:00,1.109201305138839,0.9739524744211965
2026-06-25T15:40:00+00:00,1.1101016617170691,0.973162206754239
2026-06-25T15:45:00+00:00,1.1115412748588542,0.9719002989503265
2026-06-25T15:50:00+00:00,1.111190842275395,0.9722066450609509
2026-06-25T15:55:00+00:00,1.1123595026698605,0.9711840440582536
2026-06-25T16:00:00+00:00,1.1108058108956478,0.9725408843358784
2026-06-25T16:05:00+00:00,1.1127035402822398,0.9708787651867814
2026-06-25T16:10:00+00:00,1.117281573367935,0.9668846914356736
2026-06-25T16:15:00+00:00,1.1192307263715287,0.9651976602343058
2026-06-25T16:20:00+00:00,1.1192039909264226,0.9652206487521858
2026-06-25T16:25:00+00:00,1.1178567839605122,0.9663816771081603
2026-06-25T16:30:00+00:00,1.1187591934103487,0.9656017409483788
2026-06-25T16:35:00+00:00,1.1167864398485543,0.9673036024560004
2026-06-25T16:40:00+00:00,1.1161960801972515,0.9678149866330205
2026-06-25T16:45:00+00:00,1.114075072920204,0.9696541259799552
2026-06-25T16:50:00+00:00,1.11639717053421,0.9676333315483197
2026-06-25T16:55:00+00:00,1.1156454492964076,0.9682850902592145
2026-06-25T17:00:00+00:00,1.1152784142586976,0.968603531637674
2026-06-25T17:05:00+00:00,1.1158516407270207,0.9681056877946971
2026-06-25T17:10:00+00:00,1.1162947897348374,0.967721173071294
2026-06-25T17:15:00+00:00,1.1183079765936053,0.9659763114936024
2026-06-25T17:20:00+00:00,1.116767277014059,0.9673069060312008
2026-06-25T17:25:00+00:00,1.1182969149113402,0.9659818295821713
2026-06-25T17:30:00+00:00,1.118984760298121,0.9653875981237017
2026-06-25T17:35:00+00:00,1.1182662527776814,0.9660072762640205
2026-06-25T17:40:00+00:00,1.119208663436204,0.9651931742040508
2026-06-25T17:45:00+00:00,1.1186731526993936,0.965654985253005
2026-06-25T17:50:00+00:00,1.117338044731815,0.9668077182526336
2026-06-25T17:55:00+00:00,1.1190772814644478,0.9653021610242696
2026-06-25T18:00:00+00:00,1.120260122874192,0.9642816816514178
2026-06-25T18:05:00+00:00,1.1177325033033993,0.9664568041777766
2026-06-25T18:10:00+00:00,1.1195109944053565,0.9649190168972096
2026-06-25T18:15:00+00:00,1.118783823599268,0.9655456857594877
2026-06-25T18:20:00+00:00,1.1186620532338456,0.9656507462503117
2026-06-25T18:25:00+00:00,1.117725737438485,0.9664588937753931
2026-06-25T18:30:00+00:00,1.1186907526320125,0.9656248340596811
2026-06-25T18:35:00+00:00,1.1146628789474284,0.9691027267710854
2026-06-25T18:40:00+00:00,1.114976527347057,0.9688300679995832
2026-06-25T18:45:00+00:00,1.116499511653149,0.967506900842442
2026-06-25T18:50:00+00:00,1.1153272050595082,0.9685231614466527
2026-06-25T18:55:00+00:00,1.1154240479677857,0.9684390267345624
2026-06-25T19:00:00+00:00,1.1156585887474566,0.9682354129239957
2026-06-25T19:05:00+00:00,1.112398913727856,0.971065131390709
2026-06-25T19:10:00+00:00,1.1130903804787458,0.9704615366512777
2026-06-25T19:15:00+00:00,1.1123723861960233,0.9710875671568507
2026-06-25T19:20:00+00:00,1.111321535691102,0.9720051876163299
2026-06-25T19:25:00+00:00,1.1123103794508697,0.9711402020950551
2026-06-25T19:30:00+00:00,1.1139088138274027,0.9697449444070182
2026-06-25T19:35:00+00:00,1.1129491085135867,0.9705804949193828
2026-06-25T19:40:00+00:00,1.1124105834970979,0.9710502448748065
2026-06-25T19:45:00+00:00,1.1138921596670013,0.9697572085104289
2026-06-25T19:50:00+00:00,1.113022225981214,0.9705145987700186
2026-06-25T19:55:00+00:00,1.1127170464452736,0.9707807401238803
2026-06-25T20:00:00+00:00,1.1176457375845605,0.9664808827651193
2026-06-25T20:05:00+00:00,1.118995421736634,0.9653137473420744
2026-06-25T20:10:00+00:00,1.1193257406289787,0.965028794104918
2026-06-25T20:15:00+00:00,1.1192543413982183,0.9650903510861074
2026-06-25T20:20:00+00:00,1.1191500026163128,0.9651803184402078
2026-06-25T20:25:00+00:00,1.1198101029021035,0.9646110329980842
2026-06-25T20:30:00+00:00,1.118764020967942,0.9655121341513038
2026-06-25T20:35:00+00:00,1.1170662749123377,0.9669773175024586
2026-06-25T20:40:00+00:00,1.115332497876878,0.9684781443598696
2026-06-25T20:45:00+00:00,1.1154937222786847,0.9683381481616197
2026-06-25T20:50:00+00:00,1.1161294977971328,0.9677863711665782
2026-06-25T20:55:00+00:00,1.115019772302269,0.9687483642527589
2026-06-25T21:00:00+00:00,1.1153243931380794,0.9684837044290149
2026-06-25T21:05:00+00:00,1.1153243931380794,0.9684837044290149
2026-06-25T21:10:00+00:00,1.1155035554053878,0.9683280911775116
2026-06-25T21:15:00+00:00,1.115243844397787,0.9685535368634793
2026-06-25T21:20:00+00:00,1.1155036158993494,0.9683279336396835
2026-06-25T21:25:00+00:00,1.1148050828065417,0.9689343046963942
2026-06-25T21:30:00+00:00,1.1144735196087037,0.9692224832861
2026-06-25T21:35:00+00:00,1.1146169409576439,0.969097754260663
2026-06-25T21:40:00+00:00,1.1156745373217503,0.9681782327428139
2026-06-25T21:45:00+00:00,1.1152357818655732,0.968558983103208
2026-06-25T21:50:00+00:00,1.1147878960094022,0.9689479626144945
2026-06-25T21:55:00+00:00,1.1136674964403488,0.9699221964230698
2026-06-25T22:00:00+00:00,1.114322331134188,0.9693518837340734
2026-06-25T22:05:00+00:00,1.112995500785602,0.9705060968929253
2026-06-25T22:10:00+00:00,1.1126813488297351,0.9707800300654355
2026-06-25T22:15:00+00:00,1.1106073603557607,0.9725895208016986
2026-06-25T22:20:00+00:00,1.1112100322476182,0.9720617443908576
2026-06-25T22:25:00+00:00,1.1117404556380375,0.97159774184301
2026-06-25T22:30:00+00:00,1.1103022690806064,0.9728553973030137
2026-06-25T22:35:00+00:00,1.110752148444091,0.9724612095407354
2026-06-25T22:40:00+00:00,1.110752148444091,0.9724612095407354
2026-06-25T22:45:00+00:00,1.1122271553456686,0.9711698440479041
2026-06-25T22:50:00+00:00,1.111562484919791,0.9717502181834755
2026-06-25T22:55:00+00:00,1.111472610850829,0.9718287878971061
2026-06-25T23:00:00+00:00,1.112524222491372,0.9709092992331568
2026-06-25T23:05:00+00:00,1.1129552454842497,0.9705331418214727
2026-06-25T23:10:00+00:00,1.1126765354239845,0.970776186051278
2026-06-25T23:15:00+00:00,1.1138989768213823,0.969708024822063
2026-06-25T23:20:00+00:00,1.1162397790190504,0.9676702325959876
2026-06-25T23:25:00+00:00,1.1165977719245581,0.9673598879149864
2026-06-25T23:30:00+00:00,1.1169019924370505,0.967096286016779
2026-06-25T23:35:00+00:00,1.11835994890992,0.965833879557095
2026-06-25T23:40:00+00:00,1.1166956653698596,0.9672711819477487
2026-06-25T23:45:00+00:00,1.115875387745926,0.967981698636792
2026-06-25T23:50:00+00:00,1.1139057745775682,0.9696902671035772
2026-06-25T23:55:00+00:00,1.1130985964800484,0.9703929412101739
2026-06-26T00:00:00+00:00,1.1135922299488952,0.9699625943970265
2026-06-26T08:05:00+00:00,1.1031936927872221,0.9789278154179278
2026-06-26T08:10:00+00:00,1.1024872140677033,0.979554715004156
2026-06-26T08:15:00+00:00,1.101952483660696,0.9800298204609418
2026-06-26T08:20:00+00:00,1.1019252807785886,0.9800540135509916
2026-06-26T08:25:00+00:00,1.1017529916053266,0.9802072478026168
2026-06-26T08:30:00+00:00,1.1036484689208592,0.9785208801531646
2026-06-26T08:35:00+00:00,1.1016566505191974,0.9802868735381827
2026-06-26T08:40:00+00:00,1.1016566505191974,0.9802868735381827
2026-06-26T08:45:00+00:00,1.1013210561171785,0.9805854954245725
2026-06-26T08:50:00+00:00,1.1001687998921865,0.9816114321711407
2026-06-26T08:55:00+00:00,1.099133406741015,0.9825352483656021
2026-06-26T09:00:00+00:00,1.0985515853121837,0.9830553490727367
2026-06-26T09:05:00+00:00,1.099433875699142,0.9822658182979135
2026-06-26T09:10:00+00:00,1.1004790513270282,0.9813320283573972
2026-06-26T09:15:00+00:00,1.0995801451712413,0.9821336114498673
2026-06-26T09:20:00+00:00,1.1001344698010445,0.9816384944245418
2026-06-26T09:25:00+00:00,1.0982089347493798,0.9833566292352978
2026-06-26T09:30:00+00:00,1.0982999214051172,0.9832751580978301
2026-06-26T09:35:00+00:00,1.098773012822555,0.9828516134637919
2026-06-26T09:40:00+00:00,1.0989822063563914,0.9826644334440308
2026-06-26T09:45:00+00:00,1.1005460761296464,0.9812660857766825
2026-06-26T09:50:00+00:00,1.1007549015107985,0.9810798934228879
2026-06-26T09:55:00+00:00,1.099756360861234,0.9819698718846768
2026-06-26T10:00:00+00:00,1.0986660538279942,0.9829434044741197
2026-06-26T10:05:00+00:00,1.0984295859687265,0.9831549651406455
2026-06-26T10:10:00+00:00,1.0986297172412223,0.9829758366314105
2026-06-26T10:15:00+00:00,1.0989662403515104,0.9826747396551592
2026-06-26T10:20:00+00:00,1.0984843413001755,0.9831056446342412
2026-06-26T10:25:00+00:00,1.0984843413001755,0.9831056446342412
2026-06-26T10:30:00+00:00,1.0984843413001755,0.9831056446342412
2026-06-26T10:35:00+00:00,1.0985934984059689,0.9830079527848241
2026-06-26T10:40:00+00:00,1.0974383671443981,0.9840415500328342
2026-06-26T10:45:00+00:00,1.097665994782153,0.9838374428499684
2026-06-26T10:50:00+00:00,1.097665994782153,0.9838374428499684
2026-06-26T10:55:00+00:00,1.0975931826271457,0.983902679989631
2026-06-26T11:00:00+00:00,1.0979755431466234,0.9835599250000855
2026-06-26T11:05:00+00:00,1.100072333521441,0.981681632722385
2026-06-26T11:10:00+00:00,1.1002140336159258,0.9815551825100925
2026-06-26T11:15:00+00:00,1.0997413066846915,0.9819769255119883
2026-06-26T11:20:00+00:00,1.0993200762317608,0.9823530490444834
2026-06-26T11:25:00+00:00,1.0985875487346044,0.9830076360350231
2026-06-26T11:30:00+00:00,1.0984420187650745,0.983137855125422
2026-06-26T11:35:00+00:00,1.0984875029066383,0.9830971454833879
2026-06-26T11:40:00+00:00,1.0989423254898225,0.9826900996298422
2026-06-26T11:45:00+00:00,1.0990142486554242,0.9826257848963649
2026-06-26T11:50:00+00:00,1.0982604231892885,0.9832997782874813
2026-06-26T11:55:00+00:00,1.0963952484494526,0.984969742995988
2026-06-26T12:00:00+00:00,1.0975800479698052,0.9839053534150282
2026-06-26T12:05:00+00:00,1.098672529769377,0.9829260182921863
2026-06-26T12:10:00+00:00,1.0991272783330233,0.982519178052827
2026-06-26T12:15:00+00:00,1.099490926729494,0.9821941096729915
2026-06-26T12:20:00+00:00,1.098673293116508,0.9829239713277271
2026-06-26T12:25:00+00:00,1.0977728903348976,0.9837295133240966
2026-06-26T12:30:00+00:00,1.098118783187692,0.9834195539411152
2026-06-26T12:35:00+00:00,1.0974153308643844,0.9840496287205378
2026-06-26T12:40:00+00:00,1.0965894699070151,0.9847901762102779
2026-06-26T12:45:00+00:00,1.0959425461881902,0.9853710589370716
2026-06-26T12:50:00+00:00,1.095605192825387,0.985674376151553
2026-06-26T12:55:00+00:00,1.0954593042196743,0.9858055566618209
2026-06-26T13:00:00+00:00,1.0950305851554551,0.986191361624293
2026-06-26T13:05:00+00:00,1.0932329099448248,0.9878103591096263
2026-06-26T13:10:00+00:00,1.0925656691506676,0.9884132565914835
2026-06-26T13:15:00+00:00,1.0934162350909908,0.987643773644363
2026-06-26T13:20:00+00:00,1.091378291319989,0.9894845753554331
2026-06-26T13:25:00+00:00,1.0940243343249512,0.9870855733229018
2026-06-26T13:30:00+00:00,1.0957597500400384,0.9855197911347592
2026-06-26T13:35:00+00:00,1.0897308971731963,0.990935665731242
2026-06-26T13:40:00+00:00,1.0879293122689433,0.9925732944759311
2026-06-26T13:45:00+00:00,1.0914105244854908,0.9893972608428787
2026-06-26T13:50:00+00:00,1.0888280024996058,0.9917392917423783
2026-06-26T13:55:00+00:00,1.0909293585434916,0.989826002679315
2026-06-26T14:00:00+00:00,1.0956094849888471,0.9855809834619627
2026-06-26T14:05:00+00:00,1.0986669871372106,0.9828312575593359
2026-06-26T14:10:00+00:00,1.0994105583624767,0.9821661226676635
2026-06-26T14:15:00+00:00,1.097928528186149,0.983490808294764
2026-06-26T14:20:00+00:00,1.0949251268841769,0.9861806563657627
2026-06-26T14:25:00+00:00,1.097621951072497,0.9837521009771099
2026-06-26T14:30:00+00:00,1.0963607403771263,0.9848828367454755
2026-06-26T14:35:00+00:00,1.0947292069043744,0.9863483118243329
2026-06-26T14:40:00+00:00,1.0911146596997603,0.9896041644525885
2026-06-26T14:45:00+00:00,1.091041397050458,0.9896705916453248
2026-06-26T14:50:00+00:00,1.0922544008043509,0.9885705070344923
2026-06-26T14:55:00+00:00,1.0918798664030802,0.9889093949865763
2026-06-26T15:00:00+00:00,1.091344370907514,0.9893944959425593
2026-06-26T15:05:00+00:00,1.0906576563330153,0.9900169144352801
2026-06-26T15:10:00+00:00,1.0906851454361592,0.989991961896858
2026-06-26T15:15:00+00:00,1.0876340094767705,0.9927612729703521
2026-06-26T15:20:00+00:00,1.090023122634565,0.9905804090289048
2026-06-26T15:25:00+00:00,1.0915180414395502,0.9892210438837452
2026-06-26T15:30:00+00:00,1.0919301173447373,0.9888474827178767
2026-06-26T15:35:00+00:00,1.0916189506813385,0.9891292406414589
2026-06-26T15:40:00+00:00,1.094585012936048,0.986442007180998
2026-06-26T15:45:00+00:00,1.0953336737762127,0.9857673655133
2026-06-26T15:50:00+00:00,1.0921036912273856,0.9886743250054982
2026-06-26T15:55:00+00:00,1.0904108695327683,0.9902065547174057
2026-06-26T16:00:00+00:00,1.0926470708458724,0.9881761470778444
2026-06-26T16:05:00+00:00,1.0919140471025175,0.988838931333601
2026-06-26T16:10:00+00:00,1.0906524179017547,0.9899812992256298
2026-06-26T16:15:00+00:00,1.091238809350959,0.9894491599687583
2026-06-26T16:20:00+00:00,1.0906800795296012,0.9899558799604572
2026-06-26T16:25:00+00:00,1.091156515404736,0.9895235367591038
2026-06-26T16:30:00+00:00,1.092603660516546,0.9882112041642035
2026-06-26T16:35:00+00:00,1.0941952373547965,0.9867717298519231
2026-06-26T16:40:00+00:00,1.09340054138368,0.9874885024523302
2026-06-26T16:45:00+00:00,1.0937615671598637,0.9871624880793274
2026-06-26T16:50:00+00:00,1.0941316041990357,0.9868285685947356
2026-06-26T16:55:00+00:00,1.0948394745076044,0.9861901966021164
2026-06-26T17:00:00+00:00,1.0938672940792542,0.9870659001459612
2026-06-26T17:05:00+00:00,1.0952240367259256,0.9858416950188629
2026-06-26T17:10:00+00:00,1.0972178999446827,0.9840469780573694
2026-06-26T17:15:00+00:00,1.096352513239808,0.9848232107248668
2026-06-26T17:20:00+00:00,1.0938915637332294,0.9870331908033371
2026-06-26T17:25:00+00:00,1.0940560147420757,0.9868848143423844
2026-06-26T17:30:00+00:00,1.0954901029352584,0.9855914268887158
2026-06-26T17:35:00+00:00,1.0951252448267863,0.985919560269073
2026-06-26T17:40:00+00:00,1.093655885374745,0.9872424709628044
2026-06-26T17:45:00+00:00,1.09346397133407,0.9874157226748116
2026-06-26T17:50:00+00:00,1.092641432466887,0.9881583657059351
2026-06-26T17:55:00+00:00,1.092870170601289,0.9879513846701146
2026-06-26T18:00:00+00:00,1.0917406699365455,0.9889726069738892
2026-06-26T18:05:00+00:00,1.0917544020629724,0.9889601668582911
2026-06-26T18:10:00+00:00,1.0908846682817732,0.9897481290015157
2026-06-26T18:15:00+00:00,1.090706024384768,0.9899101936189162
2026-06-26T18:20:00+00:00,1.0891800686178252,0.9912956413306057
2026-06-26T18:25:00+00:00,1.089400287893731,0.9910952243801208
2026-06-26T18:30:00+00:00,1.0889828994020507,0.9914748797194358
2026-06-26T18:35:00+00:00,1.089657451091703,0.9908607478322082
2026-06-26T18:40:00+00:00,1.089969188578714,0.9905773119007606
2026-06-26T18:45:00+00:00,1.0895291035893304,0.9909773471359595
2026-06-26T18:50:00+00:00,1.088694260875988,0.9917368355776983
2026-06-26T18:55:00+00:00,1.088372948771878,0.992029543582569
2026-06-26T19:00:00+00:00,1.0879505438671593,0.9924145434013806
2026-06-26T19:05:00+00:00,1.0875004434855249,0.992825054679507
2026-06-26T19:10:00+00:00,1.0906872624624333,0.9899153219485988
2026-06-26T19:15:00+00:00,1.0911020284224469,0.9895388285026975
2026-06-26T19:20:00+00:00,1.090080603891613,0.9904653298611082
2026-06-26T19:25:00+00:00,1.0889484509108907,0.9914937188362494
2026-06-26T19:30:00+00:00,1.0898294849063535,0.9906916535306
2026-06-26T19:35:00+00:00,1.0906548492985646,0.989941369540481
2026-06-26T19:40:00+00:00,1.0897797156732472,0.9907356779047037
2026-06-26T19:45:00+00:00,1.0930490008043154,0.9877639350211905
2026-06-26T19:50:00+00:00,1.0917049035405764,0.9889784928390086
2026-06-26T19:55:00+00:00,1.086532688266507,0.9936632984816097
2026-06-26T20:00:00+00:00,1.0859439190881117,0.994201820627903
2026-06-26T20:05:00+00:00,1.0846089798032799,0.9954246798709748
2026-06-26T20:10:00+00:00,1.0846181949894325,0.9954162224232708
2026-06-26T20:15:00+00:00,1.085069776149811,0.9950017055078078
2026-06-26T20:20:00+00:00,1.085171114245571,0.994908753348874
2026-06-26T20:25:00+00:00,1.0851066419649191,0.9949678618073909
2026-06-26T20:30:00+00:00,1.0851987534655025,0.9948833984813039
2026-06-26T20:35:00+00:00,1.0832369849722316,0.9966818993544262
2026-06-26T20:40:00+00:00,1.0826850864219253,0.997186543197671
2026-06-26T20:45:00+00:00,1.082546612033314,0.9973140824042531
2026-06-26T20:50:00+00:00,1.0827774413414546,0.9971014102310567
2026-06-26T20:55:00+00:00,1.083645140228804,0.996302369032747
2026-06-26T21:00:00+00:00,1.083054839185509,0.996845091281982
2026-06-26T21:05:00+00:00,1.0823534744293903,0.9974906283213262
2026-06-26T21:10:00+00:00,1.082196488480775,0.99763530565292
2026-06-26T21:15:00+00:00,1.0825936281961102,0.9972691978291446
2026-06-26T21:20:00+00:00,1.082492071570576,0.9973627502867269
2026-06-26T21:25:00+00:00,1.0824089719898586,0.9974393147517688
2026-06-26T21:30:00+00:00,1.0824089719898586,0.9974393147517688
2026-06-26T21:35:00+00:00,1.082680820822271,0.9971888061915719
2026-06-26T21:40:00+00:00,1.0832398912235999,0.9966738818155635
2026-06-26T21:45:00+00:00,1.0832491181391979,0.9966653922595003
2026-06-26T21:50:00+00:00,1.0832491181391979,0.9966653922595003
2026-06-26T21:55:00+00:00,1.0841796366618817,0.9958096040343041
2026-06-26T22:00:00+00:00,1.0841579721965666,0.9958295026580171
2026-06-26T22:05:00+00:00,1.0842453693179754,0.995749225950952
2026-06-26T22:10:00+00:00,1.0837014859260647,0.9962487175621944
2026-06-26T22:15:00+00:00,1.083525880170388,0.9964101522480018
2026-06-26T22:20:00+00:00,1.0836092695271833,0.9963334674145143
2026-06-26T22:25:00+00:00,1.0836922835161664,0.9962571395186449
2026-06-26T22:30:00+00:00,1.083701506586206,0.9962486605901567
2026-06-26T22:35:00+00:00,1.083701506586206,0.9962486605901567
2026-06-26T22:40:00+00:00,1.083701506586206,0.9962486605901567
2026-06-26T22:45:00+00:00,1.083701506586206,0.9962486605901567
2026-06-26T22:50:00+00:00,1.083701506586206,0.9962486605901567
2026-06-26T22:55:00+00:00,1.083701506586206,0.9962486605901567
2026-06-26T23:00:00+00:00,1.083701506586206,0.9962486605901567
2026-06-26T23:05:00+00:00,1.083701506586206,0.9962486605901567
2026-06-26T23:10:00+00:00,1.083701506586206,0.9962486605901567
2026-06-26T23:15:00+00:00,1.0835631617130246,0.9963758412702322
2026-06-26T23:20:00+00:00,1.0832403157892998,0.9966727098702531
2026-06-26T23:25:00+00:00,1.0840615186729636,0.9959171207442316
2026-06-26T23:30:00+00:00,1.0847898935387987,0.9952479696059336
2026-06-26T23:35:00+00:00,1.084624046065777,0.9954001275139049
2026-06-26T23:40:00+00:00,1.0840711366115379,0.9959075532373614
2026-06-26T23:45:00+00:00,1.0845321296106072,0.9954840511310349
2026-06-26T23:50:00+00:00,1.0848178238323776,0.9952218145098157
2026-06-26T23:55:00+00:00,1.0845874770058948,0.9954331531692097
2026-06-27T00:00:00+00:00,1.0842833663888503,0.9957122655477452
2026-06-29T08:05:00+00:00,1.0963726182223397,0.9846194313336373
2026-06-29T08:10:00+00:00,1.0972568774870357,0.9838255430563813
2026-06-29T08:15:00+00:00,1.0969653542888724,0.9840869294050396
2026-06-29T08:20:00+00:00,1.0982502198392523,0.9829342773278996
2026-06-29T08:25:00+00:00,1.0985414797805335,0.9826735995927842
2026-06-29T08:30:00+00:00,1.0972129585336772,0.9838619960073143
2026-06-29T08:35:00+00:00,1.0979509083621413,0.9832002823577086
2026-06-29T08:40:00+00:00,1.0970591742617857,0.9839979327911267
2026-06-29T08:45:00+00:00,1.097514752949619,0.983589324487616
2026-06-29T08:50:00+00:00,1.097514752949619,0.983589324487616
2026-06-29T08:55:00+00:00,1.0976786970620929,0.9834423982814685
2026-06-29T09:00:00+00:00,1.0963764466665276,0.9846091224381871
2026-06-29T09:05:00+00:00,1.0964037990934716,0.9845845583852365
2026-06-29T09:10:00+00:00,1.095236791324346,0.985632546206828
2026-06-29T09:15:00+00:00,1.0953828228965226,0.9855011285340005
2026-06-29T09:20:00+00:00,1.095547086516325,0.9853533427742562
2026-06-29T09:25:00+00:00,1.095464967019218,0.9854272024211644
2026-06-29T09:30:00+00:00,1.0966056010956646,0.9844011432766192
2026-06-29T09:35:00+00:00,1.0966056010956646,0.9844011432766192
2026-06-29T09:40:00+00:00,1.0961407059530555,0.9848184704445919
2026-06-29T09:45:00+00:00,1.0961407059530555,0.9848184704445919
2026-06-29T09:50:00+00:00,1.0960827973898282,0.9848704979100016
2026-06-29T09:55:00+00:00,1.0943258408326022,0.986449187661763
2026-06-29T10:00:00+00:00,1.0951388207978285,0.9857163497844517
2026-06-29T10:05:00+00:00,1.0951388207978285,0.9857163497844517
2026-06-29T10:10:00+00:00,1.096772702417149,0.9842457199472197
2026-06-29T10:15:00+00:00,1.0961529332394768,0.9848019018791137
2026-06-29T10:20:00+00:00,1.0961529332394768,0.9848019018791137
2026-06-29T10:25:00+00:00,1.0956969590807613,0.9852115632805423
2026-06-29T10:30:00+00:00,1.0961532257310265,0.984801113294396
2026-06-29T10:35:00+00:00,1.0967459874587513,0.9842685669352934
2026-06-29T10:40:00+00:00,1.0967459874587513,0.9842685669352934
2026-06-29T10:45:00+00:00,1.0970923378910908,0.9839577366723204
2026-06-29T10:50:00+00:00,1.0968827708946662,0.9841456926541108
2026-06-29T10:55:00+00:00,1.0959805492735415,0.9849551843753864
2026-06-29T11:00:00+00:00,1.0963364122536834,0.9846351024011057
2026-06-29T11:05:00+00:00,1.096204928341407,0.9847530329581645
2026-06-29T11:10:00+00:00,1.0958714466505302,0.9850526093403141
2026-06-29T11:15:00+00:00,1.0943293701175398,0.9864396386143603
2026-06-29T11:20:00+00:00,1.0940370617715984,0.9867031283341907
2026-06-29T11:25:00+00:00,1.0943294482382977,0.9864394273578202
2026-06-29T11:30:00+00:00,1.09503281524593,0.9858054053552613
2026-06-29T11:35:00+00:00,1.0951332317469864,0.98571500520638
2026-06-29T11:40:00+00:00,1.0940470073806308,0.9866927014591268
2026-06-29T11:45:00+00:00,1.0939556373053514,0.9867751057669871
2026-06-29T11:50:00+00:00,1.0943759747593351,0.986395950962653
2026-06-29T11:55:00+00:00,1.094375975520673,0.9863959489039985
2026-06-29T12:00:00+00:00,1.094375975520673,0.9863959489039985
2026-06-29T12:05:00+00:00,1.0943303042087826,0.9864371139131339
2026-06-29T12:10:00+00:00,1.0943303042087826,0.9864371139131339
2026-06-29T12:15:00+00:00,1.094732247193287,0.9860747659992816
2026-06-29T12:20:00+00:00,1.0946865907369614,0.9861158908310412
2026-06-29T12:25:00+00:00,1.0940108469998742,0.9867246144994499
2026-06-29T12:30:00+00:00,1.0942392799003586,0.9865185833012332
2026-06-29T12:35:00+00:00,1.0937825094545828,0.9869303876856469
2026-06-29T12:40:00+00:00,1.092503017882694,0.9880848851311348
2026-06-29T12:45:00+00:00,1.0913592751922807,0.9891193123559371
2026-06-29T12:50:00+00:00,1.091121127133909,0.9893351503930435
2026-06-29T12:55:00+00:00,1.0915883656894163,0.9889114985040947
2026-06-29T13:00:00+00:00,1.0924583396385816,0.9881233559507566
2026-06-29T13:05:00+00:00,1.0923393853005692,0.9882309495819432
2026-06-29T13:10:00+00:00,1.0924583525939653,0.988123320796509
2026-06-29T13:15:00+00:00,1.0927786142770273,0.987833645645928
2026-06-29T13:20:00+00:00,1.0923669698969631,0.9882057577675928
2026-06-29T13:25:00+00:00,1.091003455793632,0.9894392557813934
2026-06-29T13:30:00+00:00,1.0893908465469604,0.9909017432597049
2026-06-29T13:35:00+00:00,1.0931894242103437,0.9874472087113377
2026-06-29T13:40:00+00:00,1.0895495593660285,0.9907357391338919
2026-06-29T13:45:00+00:00,1.0922197652473424,0.9883071895279276
2026-06-29T13:50:00+00:00,1.0907829442893247,0.9896070564778388
2026-06-29T13:55:00+00:00,1.088940585278507,0.9912789873160898
2026-06-29T14:00:00+00:00,1.0833409788757407,0.9963757847217407
2026-06-29T14:05:00+00:00,1.0807760319365416,0.9987340604244808
2026-06-29T14:10:00+00:00,1.077890229104486,1.0014004983914286
2026-06-29T14:15:00+00:00,1.0714257443457929,1.007406247478307
2026-06-29T14:20:00+00:00,1.0741503578471425,1.004844696447306
2026-06-29T14:25:00+00:00,1.0750549155406943,1.003998558169565
2026-06-29T14:30:00+00:00,1.0818873972268541,0.9976192739001571
2026-06-29T14:35:00+00:00,1.085376261415351,0.9944015928637835
2026-06-29T14:40:00+00:00,1.0833909464183598,0.9962208923679724
2026-06-29T14:45:00+00:00,1.0830125564777855,0.9965688750795184
2026-06-29T14:50:00+00:00,1.0829386117922883,0.9966369147803071
2026-06-29T14:55:00+00:00,1.0872369795416907,0.992679977457293
2026-06-29T15:00:00+00:00,1.0912786501610099,0.9889897796914073
2026-06-29T15:05:00+00:00,1.0906876902360838,0.98952535599691
2026-06-29T15:10:00+00:00,1.092599253313018,0.9877906731528099
2026-06-29T15:15:00+00:00,1.0931146890258066,0.9873247591273998
2026-06-29T15:20:00+00:00,1.0913736872472437,0.9888974549579564
2026-06-29T15:25:00+00:00,1.090645362741795,0.9895573867249758
2026-06-29T15:30:00+00:00,1.0943991210795425,0.9861521363962551
2026-06-29T15:35:00+00:00,1.0956141595306044,0.9850573985798784
2026-06-29T15:40:00+00:00,1.0968644883056233,0.9839331212905426
2026-06-29T15:45:00+00:00,1.0975766825895028,0.9832941063494596
2026-06-29T15:50:00+00:00,1.0971383158921113,0.9836868423630467
2026-06-29T15:55:00+00:00,1.0985872584507297,0.9823878746151866
2026-06-29T16:00:00+00:00,1.098855770827004,0.9821477227744585
2026-06-29T16:05:00+00:00,1.1007619679095313,0.9804441046541369
2026-06-29T16:10:00+00:00,1.1014704815476226,0.9798130185815063
2026-06-29T16:15:00+00:00,1.1014296322898434,0.9798493565028172
2026-06-29T16:20:00+00:00,1.102496238436005,0.9789005686695712
2026-06-29T16:25:00+00:00,1.1035029103875904,0.9780067499774836
2026-06-29T16:30:00+00:00,1.1016998461401935,0.9796046803539709
2026-06-29T16:35:00+00:00,1.1017089285730548,0.9795965925115344
2026-06-29T16:40:00+00:00,1.1023525611177722,0.9790239966333697
2026-06-29T16:45:00+00:00,1.1044398045072974,0.9771699870149574
2026-06-29T16:50:00+00:00,1.1039056336245614,0.9776426564473911
2026-06-29T16:55:00+00:00,1.1044219309395964,0.9771853887055533
2026-06-29T17:00:00+00:00,1.1040779068640487,0.9774897712038076
2026-06-29T17:05:00+00:00,1.1056853632487926,0.9760666525759445
2026-06-29T17:10:00+00:00,1.105178946089661,0.9765137134859827
2026-06-29T17:15:00+00:00,1.1065314896938063,0.9753186562807852
2026-06-29T17:20:00+00:00,1.1060344763304053,0.9757567773640828
2026-06-29T17:25:00+00:00,1.1041723510590817,0.9773992848761545
2026-06-29T17:30:00+00:00,1.1066534364363518,0.9752032711341858
2026-06-29T17:35:00+00:00,1.1056867164904767,0.9760550743123141
2026-06-29T17:40:00+00:00,1.106663435222629,0.9751927617777703
2026-06-29T17:45:00+00:00,1.1065550110200044,0.9752883091453639
2026-06-29T17:50:00+00:00,1.1071197450552184,0.9747906014541994
2026-06-29T17:55:00+00:00,1.1075396857230853,0.9744208923871893
2026-06-29T18:00:00+00:00,1.1067812922029758,0.9750882019302167
2026-06-29T18:05:00+00:00,1.1073233246356482,0.974610700287353
2026-06-29T18:10:00+00:00,1.1076754682429601,0.9743007932084214
2026-06-29T18:15:00+00:00,1.1077386558098807,0.9742452155791609
2026-06-29T18:20:00+00:00,1.1081268051170534,0.9739038177698669
2026-06-29T18:25:00+00:00,1.1075131817965083,0.9744431901979269
2026-06-29T18:30:00+00:00,1.106565161981049,0.975277398192596
2026-06-29T18:35:00+00:00,1.1074416063367714,0.9745050209854698
2026-06-29T18:40:00+00:00,1.107775688938893,0.9742110142385473
2026-06-29T18:45:00+00:00,1.1086602277248265,0.9734331612859313
2026-06-29T18:50:00+00:00,1.1086241529100003,0.9734648343866231
2026-06-29T18:55:00+00:00,1.108078511723818,0.973943915347228
2026-06-29T19:00:00+00:00,1.107279911286749,0.9746458552848251
2026-06-29T19:05:00+00:00,1.1049049950190812,0.9767362611307351
2026-06-29T19:10:00+00:00,1.1058416973984655,0.975908099112226
2026-06-29T19:15:00+00:00,1.1056653790274034,0.9760637005213124
2026-06-29T19:20:00+00:00,1.1061808813531389,0.9756085739491275
2026-06-29T19:25:00+00:00,1.1074824268879573,0.9744608358995489
2026-06-29T19:30:00+00:00,1.106904607123508,0.9749692356559404
2026-06-29T19:35:00+00:00,1.1056942396135245,0.9760351686199628
2026-06-29T19:40:00+00:00,1.1065894597382144,0.9752450267835246
2026-06-29T19:45:00+00:00,1.1064268402520565,0.9753882976644349
2026-06-29T19:50:00+00:00,1.1058303697826053,0.9759141503566093
2026-06-29T19:55:00+00:00,1.1044582776326388,0.9771249637716876
2026-06-29T20:00:00+00:00,1.108421195015347,0.9736192584234036
2026-06-29T20:05:00+00:00,1.1075822337462298,0.9743561884391388
2026-06-29T20:10:00+00:00,1.107004494738033,0.974864348791562
2026-06-29T20:15:00+00:00,1.10657188414446,0.9752452265348883
2026-06-29T20:20:00+00:00,1.1064354378913053,0.9753654795062267
2026-06-29T20:25:00+00:00,1.1068240325173175,0.9750229339743098
2026-06-29T20:30:00+00:00,1.1063903948409257,0.9754049338831443
2026-06-29T20:35:00+00:00,1.1063542441990422,0.9754368046537336
2026-06-29T20:40:00+00:00,1.10601984869424,0.9757316147480237
2026-06-29T20:45:00+00:00,1.1058661569759856,0.9758672017075188
2026-06-29T20:50:00+00:00,1.1060289120030133,0.9757235791797949
2026-06-29T20:55:00+00:00,1.1062730086241026,0.9755082404791422
2026-06-29T21:00:00+00:00,1.1063272403515707,0.9754604191035611
2026-06-29T21:05:00+00:00,1.1063272403515707,0.9754604191035611
2026-06-29T21:10:00+00:00,1.1061645531440292,0.9756038621336727
2026-06-29T21:15:00+00:00,1.1060560815677274,0.9756995263635795
2026-06-29T21:20:00+00:00,1.1062508225494017,0.9755277177778486
2026-06-29T21:25:00+00:00,1.1058482342495604,0.975882733148091
2026-06-29T21:30:00+00:00,1.1055860134908257,0.9761141362491647
2026-06-29T21:35:00+00:00,1.1056945443735164,0.9760183150941197
2026-06-29T21:40:00+00:00,1.1052110867455396,0.9764450726483452
2026-06-29T21:45:00+00:00,1.105737161575239,0.9759801763139161
2026-06-29T21:50:00+00:00,1.1061922610311532,0.9755783847214426
2026-06-29T21:55:00+00:00,1.105469117760557,0.9762161427032178
2026-06-29T22:00:00+00:00,1.1058761521120266,0.9758566993699256
2026-06-29T22:05:00+00:00,1.1062107016650178,0.9755614832899566
2026-06-29T22:10:00+00:00,1.1061474269035694,0.9756172862768673
2026-06-29T22:15:00+00:00,1.1060841492611824,0.9756730968860557
2026-06-29T22:20:00+00:00,1.1063372743116868,0.975449816132878
2026-06-29T22:25:00+00:00,1.106301121861706,0.9754816914944926
2026-06-29T22:30:00+00:00,1.1063012848561624,0.9754812603331072
2026-06-29T22:35:00+00:00,1.1058041723507124,0.9759195893308058
2026-06-29T22:40:00+00:00,1.106075446577309,0.9756801781959631
2026-06-29T22:45:00+00:00,1.1063014530028459,0.9754808156748769
2026-06-29T22:50:00+00:00,1.1065726053197584,0.9752417272396624
2026-06-29T22:55:00+00:00,1.1065726053197584,0.9752417272396624
2026-06-29T23:00:00+00:00,1.1068698961797538,0.9749797196222674
2026-06-29T23:05:00+00:00,1.1073857244467136,0.9745253553823242
2026-06-29T23:10:00+00:00,1.1072773696791551,0.9746207101137705
2026-06-29T23:15:00+00:00,1.106572091717291,0.9752414926989135
2026-06-29T23:20:00+00:00,1.1072055298221173,0.9746832325299585
2026-06-29T23:25:00+00:00,1.1076570818326483,0.9742857271333312
2026-06-29T23:30:00+00:00,1.1076570818326483,0.9742857271333312
2026-06-29T23:35:00+00:00,1.1075216714314462,0.9744048329679439
2026-06-29T23:40:00+00:00,1.1077473830299283,0.9742062504227071
2026-06-29T23:45:00+00:00,1.1080181817708903,0.9739680970042531
2026-06-29T23:50:00+00:00,1.108099401543133,0.9738967033499687
2026-06-29T23:55:00+00:00,1.1077384512339934,0.9742139387131993
2026-06-30T00:00:00+00:00,1.1085598808454789,0.9734915225360867
2026-06-30T08:05:00+00:00,1.110995598809748,0.9713520243849214
2026-06-30T08:10:00+00:00,1.1110496005400854,0.9713048102554147
2026-06-30T08:15:00+00:00,1.1114455939822634,0.9709586237890047
2026-06-30T08:20:00+00:00,1.110006130690721,0.9722161386004522
2026-06-30T08:25:00+00:00,1.11081688017751,0.971506031049129
2026-06-30T08:30:00+00:00,1.1106219919226927,0.9716761632324339
2026-06-30T08:35:00+00:00,1.1100968270812577,0.9721356266339345
2026-06-30T08:40:00+00:00,1.1077818734577596,0.9741628812269638
2026-06-30T08:45:00+00:00,1.1081158526416157,0.9738691861126001
2026-06-30T08:50:00+00:00,1.107718807873568,0.9742181294691877
2026-06-30T08:55:00+00:00,1.1085673440227641,0.9734718576769416
2026-06-30T09:00:00+00:00,1.1092625833108078,0.9728601258219066
2026-06-30T09:05:00+00:00,1.110064868241933,0.9721564952922356
2026-06-30T09:10:00+00:00,1.1094432311950835,0.9727009035607057
2026-06-30T09:15:00+00:00,1.1095604900280325,0.9725980972434892
2026-06-30T09:20:00+00:00,1.1103445361832667,0.9719108325061583
2026-06-30T09:25:00+00:00,1.1103265306963634,0.971926582903329
2026-06-30T09:30:00+00:00,1.1090745947732568,0.9730226918027386
2026-06-30T09:35:00+00:00,1.1087500192406923,0.9733074511506469
2026-06-30T09:40:00+00:00,1.1090205780545626,0.9730699432318692
2026-06-30T09:45:00+00:00,1.1090205780545626,0.9730699432318692
2026-06-30T09:50:00+00:00,1.1092009066038397,0.9729117204768721
2026-06-30T09:55:00+00:00,1.1093902208027886,0.9727456675987024
2026-06-30T10:00:00+00:00,1.1100301330314002,0.9721846455619889
2026-06-30T10:05:00+00:00,1.1105886432911545,0.9716954920851918
2026-06-30T10:10:00+00:00,1.1104445840579877,0.9718215348898855
2026-06-30T10:15:00+00:00,1.1107327399071059,0.971569351157714
2026-06-30T10:20:00+00:00,1.1110478286240513,0.9712937398164065
2026-06-30T10:25:00+00:00,1.1110478286240513,0.9712937398164065
2026-06-30T10:30:00+00:00,1.1110028287119968,0.9713330793765448
2026-06-30T10:35:00+00:00,1.1108228217728018,0.9714904567387252
2026-06-30T10:40:00+00:00,1.1108678308012365,0.9714510932680309
2026-06-30T10:45:00+00:00,1.1104897702802605,0.9717817062322742
2026-06-30T10:50:00+00:00,1.1104897702802605,0.9717817062322742
2026-06-30T10:55:00+00:00,1.1116513516204982,0.9707652146562564
2026-06-30T11:00:00+00:00,1.1124339259633824,0.9700818205787456
2026-06-30T11:05:00+00:00,1.1126226904266514,0.9699172112748448
2026-06-30T11:10:00+00:00,1.1134854673109886,0.9691650945358917
2026-06-30T11:15:00+00:00,1.1138805655809165,0.9688212663657998
2026-06-30T11:20:00+00:00,1.1135214523183012,0.9691336625322482
2026-06-30T11:25:00+00:00,1.112623451147077,0.9699152219375161
2026-06-30T11:30:00+00:00,1.1131536998031162,0.9694529844731032
2026-06-30T11:35:00+00:00,1.1132075977210847,0.9694060444167205
2026-06-30T11:40:00+00:00,1.1130728594497556,0.9695233775133577
2026-06-30T11:45:00+00:00,1.1139712233395456,0.968740872769602
2026-06-30T11:50:00+00:00,1.1144107976409712,0.9683586065283487
2026-06-30T11:55:00+00:00,1.1144020939662265,0.9683661695189131
2026-06-30T12:00:00+00:00,1.113522746763348,0.9691302833761457
2026-06-30T12:05:00+00:00,1.11196920293117,0.9704823764327913
2026-06-30T12:10:00+00:00,1.1121760324042758,0.9703018639167551
2026-06-30T12:15:00+00:00,1.1118973214909709,0.9705450082792139
2026-06-30T12:20:00+00:00,1.1116185332788822,0.9707883549465545
2026-06-30T12:25:00+00:00,1.1106920045926671,0.9715975023583455
2026-06-30T12:30:00+00:00,1.1097021319663807,0.9724634109697121
2026-06-30T12:35:00+00:00,1.1093592644727992,0.9727638754661876
2026-06-30T12:40:00+00:00,1.1093502507146986,0.9727717793603933
2026-06-30T12:45:00+00:00,1.110107318897089,0.9721080824243971
2026-06-30T12:50:00+00:00,1.10859492828655,0.9734324653117636
2026-06-30T12:55:00+00:00,1.109667171387544,0.9724913634701603
2026-06-30T13:00:00+00:00,1.108360209897694,0.9736373307901905
2026-06-30T13:05:00+00:00,1.1079903114132916,0.9739622675479347
2026-06-30T13:10:00+00:00,1.10888371379134,0.9731770505875904
2026-06-30T13:15:00+00:00,1.1092083495802973,0.9728921441581034
2026-06-30T13:20:00+00:00,1.1091091843344798,0.9729791224869863
2026-06-30T13:25:00+00:00,1.1086223764952874,0.9734060981274477
2026-06-30T13:30:00+00:00,1.1109494822892487,0.971362824404261
2026-06-30T13:35:00+00:00,1.1168594932704805,0.9661859461281646
2026-06-30T13:40:00+00:00,1.1162254853712255,0.9667345768381778
2026-06-30T13:45:00+00:00,1.118857188574061,0.9644559691577258
2026-06-30T13:50:00+00:00,1.117829245814192,0.9653422414780312
2026-06-30T13:55:00+00:00,1.1211930504125185,0.9624370696706096
2026-06-30T14:00:00+00:00,1.1245455616124609,0.9595611414124988
2026-06-30T14:05:00+00:00,1.1260040706162573,0.9583164154678505
2026-06-30T14:10:00+00:00,1.125000376782166,0.9591708494410026
2026-06-30T14:15:00+00:00,1.1260491661787415,0.9582768613531031
2026-06-30T14:20:00+00:00,1.1263511086950446,0.9580199134819761
2026-06-30T14:25:00+00:00,1.1278074550572967,0.9567807282063333
2026-06-30T14:30:00+00:00,1.1282286344219041,0.9564234215025359
2026-06-30T14:35:00+00:00,1.1286407721022713,0.9560740817499246
2026-06-30T14:40:00+00:00,1.127258453964061,0.9572452024205531
2026-06-30T14:45:00+00:00,1.1274359239063043,0.9570944239141851
2026-06-30T14:50:00+00:00,1.1256720001420868,0.9585919331603953
2026-06-30T14:55:00+00:00,1.1253420956047022,0.9588728015911133
2026-06-30T15:00:00+00:00,1.1249333500825398,0.9592210306646335
2026-06-30T15:05:00+00:00,1.127600054750196,0.9569474850144237
2026-06-30T15:10:00+00:00,1.1289037543889358,0.9558410840457371
2026-06-30T15:15:00+00:00,1.1287531848440369,0.9559685300935701
2026-06-30T15:20:00+00:00,1.1272071424179502,0.9572779716386516
2026-06-30T15:25:00+00:00,1.126723568033267,0.957688599001305
2026-06-30T15:30:00+00:00,1.1265461400284391,0.9578394162466702
2026-06-30T15:35:00+00:00,1.1274605428283133,0.9570618305758467
2026-06-30T15:40:00+00:00,1.1263739043654193,0.9579843851758484
2026-06-30T15:45:00+00:00,1.1270797358692544,0.9573840733640968
2026-06-30T15:50:00+00:00,1.127186214263822,0.957293619003545
2026-06-30T15:55:00+00:00,1.1285479929861135,0.9561372129246407
2026-06-30T16:00:00+00:00,1.1277194651402425,0.956839159192645
2026-06-30T16:05:00+00:00,1.1282382320562658,0.9563989996360454
2026-06-30T16:10:00+00:00,1.1289694463955138,0.9557792290312555
2026-06-30T16:15:00+00:00,1.128765704381811,0.9559517295639851
2026-06-30T16:20:00+00:00,1.1290492093022781,0.955711632884393
2026-06-30T16:25:00+00:00,1.1289296347802293,0.9558128496965365
2026-06-30T16:30:00+00:00,1.1284999660559465,0.9561766993409002
2026-06-30T16:35:00+00:00,1.1277378227759796,0.9568225276677008
2026-06-30T16:40:00+00:00,1.1283142624401787,0.9563333817139077
2026-06-30T16:45:00+00:00,1.1283408580133143,0.9563108295268924
2026-06-30T16:50:00+00:00,1.1291739492881196,0.9556047961761684
2026-06-30T16:55:00+00:00,1.1292093752561796,0.9555748150658628
2026-06-30T17:00:00+00:00,1.1286957014618273,0.9560095341986939
2026-06-30T17:05:00+00:00,1.1299981500178895,0.9549063466491966
2026-06-30T17:10:00+00:00,1.13053801081817,0.9544501141137086
2026-06-30T17:15:00+00:00,1.129892257625978,0.9549953120180799
2026-06-30T17:20:00+00:00,1.1303790512509932,0.9545838695759602
2026-06-30T17:25:00+00:00,1.1301490296862087,0.9547781184654411
2026-06-30T17:30:00+00:00,1.1305981127976932,0.954398709489126
2026-06-30T17:35:00+00:00,1.1284419832882138,0.9543744334191516
2026-06-30T17:40:00+00:00,1.1284419832882138,0.9540683192344773
2026-06-30T17:45:00+00:00,1.1284419832882138,0.9534751529620449
2026-06-30T17:50:00+00:00,1.1284419832882138,0.9541639247642693
2026-06-30T17:55:00+00:00,1.1284419832882138,0.9542459768366154
2026-06-30T18:00:00+00:00,1.1284419832882138,0.9543280406772887
2026-06-30T18:05:00+00:00,1.1284419832882138,0.954328029466798
2026-06-30T18:10:00+00:00,1.1284419832882138,0.9539996307506547
2026-06-30T18:15:00+00:00,1.1284419832882138,0.9544396749424001
2026-06-30T18:20:00+00:00,1.1284419832882138,0.9543276672821007
2026-06-30T18:25:00+00:00,1.1284419832882138,0.9545329749069814
2026-06-30T18:30:00+00:00,1.1284419832882138,0.9538344388233696
2026-06-30T18:35:00+00:00,1.1284419832882138,0.9534165378629375
2026-06-30T18:40:00+00:00,1.1284419832882138,0.953141586889592
2026-06-30T18:45:00+00:00,1.1284419832882138,0.9519963131802878
2026-06-30T18:50:00+00:00,1.1284419832882138,0.9516701744381467
2026-06-30T18:55:00+00:00,1.1284419832882138,0.9522180824515307
2026-06-30T19:00:00+00:00,1.1284419832882138,0.9523663767487602
2026-06-30T19:05:00+00:00,1.1284419832882138,0.9523292780022073
2026-06-30T19:10:00+00:00,1.1284419832882138,0.9515059101455523
2026-06-30T19:15:00+00:00,1.1284419832882138,0.9514984954205964
2026-06-30T19:20:00+00:00,1.1284419832882138,0.9515946670784902
2026-06-30T19:25:00+00:00,1.1284419832882138,0.9519166327233312
2026-06-30T19:30:00+00:00,1.1284419832882138,0.9518536127060141
2026-06-30T19:35:00+00:00,1.1284419832882138,0.9523425751400019
2026-06-30T19:40:00+00:00,1.1284419832882138,0.9522683921147687
2026-06-30T19:45:00+00:00,1.1284419832882138,0.9515934531254955
2026-06-30T19:50:00+00:00,1.1284419832882138,0.9515046381312704
2026-06-30T19:55:00+00:00,1.1284419832882138,0.9515046381312704
2026-06-30T20:00:00+00:00,1.1284419832882138,0.9515046381312704
2026-06-30T20:05:00+00:00,1.1284419832882138,0.9515046381312704
2026-06-30T20:10:00+00:00,1.1284419832882138,0.9515046381312704
2026-06-30T20:15:00+00:00,1.1284419832882138,0.9515046381312704
2026-06-30T20:20:00+00:00,1.1284419832882138,0.9515046381312704
2026-06-30T20:25:00+00:00,1.1284419832882138,0.9515046381312704
2026-06-30T20:30:00+00:00,1.1284419832882138,0.9515046381312704
2026-06-30T20:35:00+00:00,1.1284419832882138,0.9515046381312704
2026-06-30T20:40:00+00:00,1.1284419832882138,0.9515046381312704
2026-06-30T20:45:00+00:00,1.1284419832882138,0.9515046381312704
2026-06-30T20:50:00+00:00,1.1284419832882138,0.9515046381312704
2026-06-30T20:55:00+00:00,1.1284419832882138,0.9515046381312704
2026-06-30T21:00:00+00:00,1.1284419832882138,0.9515046381312704
2026-06-30T21:05:00+00:00,1.1284419832882138,0.9515046381312704
2026-06-30T21:10:00+00:00,1.1284419832882138,0.9515046381312704
2026-06-30T21:15:00+00:00,1.1284419832882138,0.9515046381312704
2026-06-30T21:20:00+00:00,1.1284419832882138,0.9515046381312704
2026-06-30T21:25:00+00:00,1.1284419832882138,0.9515046381312704
2026-06-30T21:30:00+00:00,1.1284419832882138,0.9515046381312704
2026-06-30T21:35:00+00:00,1.1284419832882138,0.9515046381312704
2026-06-30T21:40:00+00:00,1.1284419832882138,0.9515046381312704
2026-06-30T21:45:00+00:00,1.1284419832882138,0.9515046381312704
2026-06-30T21:50:00+00:00,1.1284419832882138,0.9515046381312704
2026-06-30T21:55:00+00:00,1.1284419832882138,0.9515046381312704
2026-06-30T22:00:00+00:00,1.1284419832882138,0.9515046381312704
2026-06-30T22:05:00+00:00,1.1284419832882138,0.9515046381312704
2026-06-30T22:10:00+00:00,1.1284419832882138,0.9515046381312704
2026-06-30T22:15:00+00:00,1.1284419832882138,0.9515046381312704
2026-06-30T22:20:00+00:00,1.1284419832882138,0.9515046381312704
2026-06-30T22:25:00+00:00,1.1284419832882138,0.9515046381312704
2026-06-30T22:30:00+00:00,1.1284419832882138,0.9515046381312704
2026-06-30T22:35:00+00:00,1.1284419832882138,0.9515046381312704
2026-06-30T22:40:00+00:00,1.1284419832882138,0.9515046381312704
2026-06-30T22:45:00+00:00,1.1284419832882138,0.9515046381312704
2026-06-30T22:50:00+00:00,1.1284419832882138,0.9515046381312704
2026-06-30T22:55:00+00:00,1.1284419832882138,0.9515046381312704
2026-06-30T23:00:00+00:00,1.1284419832882138,0.9515046381312704
2026-06-30T23:05:00+00:00,1.1284419832882138,0.9515046381312704
2026-06-30T23:10:00+00:00,1.1284419832882138,0.9515046381312704
2026-06-30T23:15:00+00:00,1.1284419832882138,0.9515046381312704
2026-06-30T23:20:00+00:00,1.1284419832882138,0.9515046381312704
2026-06-30T23:25:00+00:00,1.1284419832882138,0.9515046381312704
2026-06-30T23:30:00+00:00,1.1284419832882138,0.9515046381312704
2026-06-30T23:35:00+00:00,1.1284419832882138,0.9515046381312704
2026-06-30T23:40:00+00:00,1.1284419832882138,0.9515046381312704
2026-06-30T23:45:00+00:00,1.1284419832882138,0.9515046381312704
2026-06-30T23:50:00+00:00,1.1284419832882138,0.9515046381312704
2026-06-30T23:55:00+00:00,1.1284419832882138,0.9515046381312704
2026-07-01T00:00:00+00:00,1.1284419832882138,0.9515046381312704
2026-07-01T08:05:00+00:00,1.1284419832882138,0.9515046381312704
2026-07-01T08:10:00+00:00,1.1284419832882138,0.9515046381312704
2026-07-01T08:15:00+00:00,1.1284419832882138,0.9515046381312704
2026-07-01T08:20:00+00:00,1.1284419832882138,0.9515046381312704
2026-07-01T08:25:00+00:00,1.1284419832882138,0.9515046381312704
2026-07-01T08:30:00+00:00,1.1284419832882138,0.9515046381312704
2026-07-01T08:35:00+00:00,1.1284419832882138,0.9515046381312704
2026-07-01T08:40:00+00:00,1.1284419832882138,0.9515046381312704
2026-07-01T08:45:00+00:00,1.1284419832882138,0.9515046381312704
2026-07-01T08:50:00+00:00,1.1284419832882138,0.9515046381312704
2026-07-01T08:55:00+00:00,1.1284419832882138,0.9515046381312704
2026-07-01T09:00:00+00:00,1.1284419832882138,0.9515046381312704
2026-07-01T09:05:00+00:00,1.1284419832882138,0.9515046381312704
2026-07-01T09:10:00+00:00,1.1284419832882138,0.9515046381312704
2026-07-01T09:15:00+00:00,1.1284419832882138,0.9515046381312704
2026-07-01T09:20:00+00:00,1.1284419832882138,0.9515046381312704
2026-07-01T09:25:00+00:00,1.1284419832882138,0.9515046381312704
2026-07-01T09:30:00+00:00,1.1284419832882138,0.9515046381312704
2026-07-01T09:35:00+00:00,1.1284419832882138,0.9515046381312704
2026-07-01T09:40:00+00:00,1.1284419832882138,0.9515046381312704
2026-07-01T09:45:00+00:00,1.1284419832882138,0.9515046381312704
2026-07-01T09:50:00+00:00,1.1284419832882138,0.9515046381312704
2026-07-01T09:55:00+00:00,1.1284419832882138,0.9515046381312704
2026-07-01T10:00:00+00:00,1.1284419832882138,0.9515046381312704
2026-07-01T10:05:00+00:00,1.1284419832882138,0.9515046381312704
2026-07-01T10:10:00+00:00,1.1284419832882138,0.9515046381312704
2026-07-01T10:15:00+00:00,1.1284419832882138,0.9515046381312704
2026-07-01T10:20:00+00:00,1.1284419832882138,0.9515046381312704
2026-07-01T10:25:00+00:00,1.1284419832882138,0.9515046381312704
2026-07-01T10:30:00+00:00,1.1284419832882138,0.9515046381312704
2026-07-01T10:35:00+00:00,1.1284419832882138,0.9515046381312704
2026-07-01T10:40:00+00:00,1.1284419832882138,0.9515046381312704
2026-07-01T10:45:00+00:00,1.1284419832882138,0.9515046381312704
2026-07-01T10:50:00+00:00,1.1284419832882138,0.9515046381312704
2026-07-01T10:55:00+00:00,1.1284419832882138,0.9515046381312704
2026-07-01T11:00:00+00:00,1.1284419832882138,0.9515046381312704
2026-07-01T11:05:00+00:00,1.1284419832882138,0.9515046381312704
2026-07-01T11:10:00+00:00,1.1284419832882138,0.9515046381312704
2026-07-01T11:15:00+00:00,1.1284419832882138,0.9515046381312704
2026-07-01T11:20:00+00:00,1.1284419832882138,0.9515046381312704
2026-07-01T11:25:00+00:00,1.1284419832882138,0.9515046381312704
2026-07-01T11:30:00+00:00,1.1284419832882138,0.9515046381312704
2026-07-01T11:35:00+00:00,1.1284419832882138,0.9515046381312704
2026-07-01T11:40:00+00:00,1.1284419832882138,0.9515046381312704
2026-07-01T11:45:00+00:00,1.1284419832882138,0.9515046381312704
2026-07-01T11:50:00+00:00,1.1284419832882138,0.9515046381312704
2026-07-01T11:55:00+00:00,1.1284419832882138,0.9515046381312704
2026-07-01T12:00:00+00:00,1.1284419832882138,0.9515046381312704
2026-07-01T12:05:00+00:00,1.1284419832882138,0.9515046381312704
2026-07-01T12:10:00+00:00,1.1284419832882138,0.9515046381312704
2026-07-01T12:15:00+00:00,1.1284419832882138,0.9515046381312704
2026-07-01T12:20:00+00:00,1.1284419832882138,0.9515046381312704
2026-07-01T12:25:00+00:00,1.1284419832882138,0.9515046381312704
2026-07-01T12:30:00+00:00,1.1284419832882138,0.9515046381312704
2026-07-01T12:35:00+00:00,1.1284419832882138,0.9515046381312704
2026-07-01T12:40:00+00:00,1.1284419832882138,0.9515046381312704
2026-07-01T12:45:00+00:00,1.1284419832882138,0.9515046381312704
2026-07-01T12:50:00+00:00,1.1284419832882138,0.9515046381312704
2026-07-01T12:55:00+00:00,1.1284419832882138,0.9515046381312704
2026-07-01T13:00:00+00:00,1.1284419832882138,0.9515046381312704
2026-07-01T13:05:00+00:00,1.1284419832882138,0.9515046381312704
2026-07-01T13:10:00+00:00,1.1284419832882138,0.9515046381312704
2026-07-01T13:15:00+00:00,1.1284419832882138,0.9515046381312704
2026-07-01T13:20:00+00:00,1.1284419832882138,0.9515046381312704
2026-07-01T13:25:00+00:00,1.1284419832882138,0.9515046381312704
2026-07-01T13:30:00+00:00,1.1284419832882138,0.9515046381312704
2026-07-01T13:35:00+00:00,1.1284419832882138,0.9515046381312704
2026-07-01T13:40:00+00:00,1.1284419832882138,0.9515046381312704
2026-07-01T13:45:00+00:00,1.1284419832882138,0.9515046381312704
2026-07-01T13:50:00+00:00,1.1284419832882138,0.9515046381312704
2026-07-01T13:55:00+00:00,1.1284419832882138,0.9515046381312704
2026-07-01T14:00:00+00:00,1.1284419832882138,0.9515046381312704
2026-07-01T14:05:00+00:00,1.1284419832882138,0.9515046381312704
2026-07-01T14:10:00+00:00,1.1284419832882138,0.9515046381312704
2026-07-01T14:15:00+00:00,1.1284419832882138,0.9515046381312704
2026-07-01T14:20:00+00:00,1.1284419832882138,0.9515046381312704
2026-07-01T14:25:00+00:00,1.1284419832882138,0.9515046381312704
2026-07-01T14:30:00+00:00,1.1284419832882138,0.9515046381312704
2026-07-01T14:35:00+00:00,1.1284419832882138,0.9515046381312704
2026-07-01T14:40:00+00:00,1.1284419832882138,0.9515046381312704
2026-07-01T14:45:00+00:00,1.1284419832882138,0.9515046381312704
2026-07-01T14:50:00+00:00,1.1284419832882138,0.9515046381312704
2026-07-01T14:55:00+00:00,1.1284419832882138,0.9515046381312704
2026-07-01T15:00:00+00:00,1.1284419832882138,0.9515046381312704
2026-07-01T15:05:00+00:00,1.1284419832882138,0.9515046381312704
2026-07-01T15:10:00+00:00,1.1284419832882138,0.9515046381312704
2026-07-01T15:15:00+00:00,1.1284419832882138,0.9515046381312704
2026-07-01T15:20:00+00:00,1.1284419832882138,0.9515046381312704
2026-07-01T15:25:00+00:00,1.1284419832882138,0.9515046381312704
2026-07-01T15:30:00+00:00,1.1284419832882138,0.9515046381312704
2026-07-01T15:35:00+00:00,1.1284419832882138,0.9515046381312704
2026-07-01T15:40:00+00:00,1.1284419832882138,0.9515046381312704
2026-07-01T15:45:00+00:00,1.1284419832882138,0.9515046381312704
2026-07-01T15:50:00+00:00,1.1284419832882138,0.9515046381312704
2026-07-01T15:55:00+00:00,1.1284419832882138,0.9515046381312704
2026-07-01T16:00:00+00:00,1.1284419832882138,0.9515046381312704
2026-07-01T16:05:00+00:00,1.1284419832882138,0.9515046381312704
2026-07-01T16:10:00+00:00,1.1284419832882138,0.9515046381312704
2026-07-01T16:15:00+00:00,1.1284419832882138,0.9515046381312704
2026-07-01T16:20:00+00:00,1.1284419832882138,0.9515046381312704
2026-07-01T16:25:00+00:00,1.1284419832882138,0.9515046381312704
2026-07-01T16:30:00+00:00,1.1284419832882138,0.9515046381312704
2026-07-01T16:35:00+00:00,1.1284419832882138,0.9515046381312704
2026-07-01T16:40:00+00:00,1.1284419832882138,0.9515046381312704
2026-07-01T16:45:00+00:00,1.1284419832882138,0.9515046381312704
2026-07-01T16:50:00+00:00,1.1284419832882138,0.9515046381312704
2026-07-01T16:55:00+00:00,1.1284419832882138,0.9515046381312704
2026-07-01T17:00:00+00:00,1.1284419832882138,0.9515046381312704
2026-07-01T17:05:00+00:00,1.1284419832882138,0.9515046381312704
2026-07-01T17:10:00+00:00,1.1284419832882138,0.9515046381312704
2026-07-01T17:15:00+00:00,1.1284419832882138,0.9515046381312704
2026-07-01T17:20:00+00:00,1.1284419832882138,0.9515046381312704
2026-07-01T17:25:00+00:00,1.1284419832882138,0.9515046381312704
2026-07-01T17:30:00+00:00,1.1284419832882138,0.9515046381312704
2026-07-01T17:35:00+00:00,1.1284419832882138,0.9515046381312704
2026-07-01T17:40:00+00:00,1.1284419832882138,0.9515046381312704
2026-07-01T17:45:00+00:00,1.1284419832882138,0.9515046381312704
2026-07-01T17:50:00+00:00,1.1284419832882138,0.9515046381312704
2026-07-01T17:55:00+00:00,1.1284419832882138,0.9515046381312704
2026-07-01T18:00:00+00:00,1.1284419832882138,0.9515046381312704
2026-07-01T18:05:00+00:00,1.1284419832882138,0.9515046381312704
2026-07-01T18:10:00+00:00,1.1284419832882138,0.9515046381312704
2026-07-01T18:15:00+00:00,1.1284419832882138,0.9515046381312704
2026-07-01T18:20:00+00:00,1.1284419832882138,0.9515046381312704
2026-07-01T18:25:00+00:00,1.1284419832882138,0.9515046381312704
2026-07-01T18:30:00+00:00,1.1284419832882138,0.9515046381312704
2026-07-01T18:35:00+00:00,1.1284419832882138,0.9515046381312704
2026-07-01T18:40:00+00:00,1.1284419832882138,0.9515046381312704
2026-07-01T18:45:00+00:00,1.1284419832882138,0.9515046381312704
2026-07-01T18:50:00+00:00,1.1284419832882138,0.9515046381312704
2026-07-01T18:55:00+00:00,1.1284419832882138,0.9515046381312704
2026-07-01T19:00:00+00:00,1.1284419832882138,0.9515046381312704
2026-07-01T19:05:00+00:00,1.1284419832882138,0.9515046381312704
2026-07-01T19:10:00+00:00,1.1284419832882138,0.9515046381312704
2026-07-01T19:15:00+00:00,1.1284419832882138,0.9515046381312704
2026-07-01T19:20:00+00:00,1.1284419832882138,0.9515046381312704
2026-07-01T19:25:00+00:00,1.1284419832882138,0.9515046381312704
2026-07-01T19:30:00+00:00,1.1284419832882138,0.9515046381312704
2026-07-01T19:35:00+00:00,1.1284419832882138,0.9515046381312704
2026-07-01T19:40:00+00:00,1.1284419832882138,0.9515046381312704
2026-07-01T19:45:00+00:00,1.1284419832882138,0.9515046381312704
2026-07-01T19:50:00+00:00,1.1284419832882138,0.9515046381312704
2026-07-01T19:55:00+00:00,1.1284419832882138,0.9515046381312704
2026-07-01T20:00:00+00:00,1.1284419832882138,0.9515046381312704
2026-07-01T20:05:00+00:00,1.1284419832882138,0.9515046381312704
2026-07-01T20:10:00+00:00,1.1284419832882138,0.9515046381312704
2026-07-01T20:15:00+00:00,1.1284419832882138,0.9515046381312704
2026-07-01T20:20:00+00:00,1.1284419832882138,0.9515046381312704
2026-07-01T20:25:00+00:00,1.1284419832882138,0.9515046381312704
2026-07-01T20:30:00+00:00,1.1284419832882138,0.9515046381312704
2026-07-01T20:35:00+00:00,1.1284419832882138,0.9515046381312704
2026-07-01T20:40:00+00:00,1.1284419832882138,0.9515046381312704
2026-07-01T20:45:00+00:00,1.1284419832882138,0.9515046381312704
2026-07-01T20:50:00+00:00,1.1284419832882138,0.9515046381312704
2026-07-01T20:55:00+00:00,1.1284419832882138,0.9515046381312704
2026-07-01T21:00:00+00:00,1.1284419832882138,0.9514332395841371
2026-07-01T21:05:00+00:00,1.1284419832882138,0.9513539257209863
2026-07-01T21:10:00+00:00,1.1284419832882138,0.9510050319843703
2026-07-01T21:15:00+00:00,1.1284419832882138,0.9495336854354604
2026-07-01T21:20:00+00:00,1.1284419832882138,0.9500757917177098
2026-07-01T21:25:00+00:00,1.1284419832882138,0.9500994843808449
2026-07-01T21:30:00+00:00,1.1284419832882138,0.9496808826827371
2026-07-01T21:35:00+00:00,1.1284419832882138,0.9491602934945556
2026-07-01T21:40:00+00:00,1.1284419832882138,0.949876896444046
2026-07-01T21:45:00+00:00,1.1284419832882138,0.9496006547209422
2026-07-01T21:50:00+00:00,1.1284419832882138,0.9493556448194128
2026-07-01T21:55:00+00:00,1.1284419832882138,0.9489070570298901
2026-07-01T22:00:00+00:00,1.1284419832882138,0.9493162179221715
2026-07-01T22:05:00+00:00,1.1284419832882138,0.9494816699071694
2026-07-01T22:10:00+00:00,1.1284419832882138,0.9492846002372011
2026-07-01T22:15:00+00:00,1.1284419832882138,0.9503875035071861
2026-07-01T22:20:00+00:00,1.1284419832882138,0.949755071297233
2026-07-01T22:25:00+00:00,1.1284419832882138,0.9500706569663797
2026-07-01T22:30:00+00:00,1.1284419832882138,0.948483257115588
2026-07-01T22:35:00+00:00,1.1284419832882138,0.9484361087705506
2026-07-01T22:40:00+00:00,1.1284419832882138,0.9480982626824653
2026-07-01T22:45:00+00:00,1.1284419832882138,0.9475766331155321
2026-07-01T22:50:00+00:00,1.1284419832882138,0.9486222100167266
2026-07-01T22:55:00+00:00,1.1284419832882138,0.9478675008843978
2026-07-01T23:00:00+00:00,1.1284419832882138,0.9479145578024776
2026-07-01T23:05:00+00:00,1.1284419832882138,0.9477106141179298
2026-07-01T23:10:00+00:00,1.1284419832882138,0.9478436968047823
2026-07-01T23:15:00+00:00,1.1284419832882138,0.949427827950157
2026-07-01T23:20:00+00:00,1.1284419832882138,0.9498928473910424
2026-07-01T23:25:00+00:00,1.1284419832882138,0.9500586062266543
2026-07-01T23:30:00+00:00,1.1284419832882138,0.9499796321114234
2026-07-01T23:35:00+00:00,1.1284419832882138,0.9502006100247332
2026-07-01T23:40:00+00:00,1.1284419832882138,0.9501848081121073
2026-07-01T23:45:00+00:00,1.1284419832882138,0.949615967637633
2026-07-01T23:50:00+00:00,1.1284419832882138,0.9512405639347907
2026-07-01T23:55:00+00:00,1.1284419832882138,0.9512405639347907
2026-07-02T00:00:00+00:00,1.1284419832882138,0.9512326369300913
2026-07-02T08:05:00+00:00,1.1284419832882138,0.958614614350999
2026-07-02T08:10:00+00:00,1.1284419832882138,0.9601922517532346
2026-07-02T08:15:00+00:00,1.1284419832882138,0.9622234622111838
2026-07-02T08:20:00+00:00,1.1284419832882138,0.9612140852530248
2026-07-02T08:25:00+00:00,1.1284419832882138,0.9598233925339352
2026-07-02T08:30:00+00:00,1.1284419832882138,0.9586016214130927
2026-07-02T08:35:00+00:00,1.1284419832882138,0.9565765196066807
2026-07-02T08:40:00+00:00,1.1284419832882138,0.9548349146551892
2026-07-02T08:45:00+00:00,1.1284419832882138,0.9557410735982986
2026-07-02T08:50:00+00:00,1.1284419832882138,0.9551379250967346
2026-07-02T08:55:00+00:00,1.1284419832882138,0.9540462838558892
2026-07-02T09:00:00+00:00,1.1284419832882138,0.9524144236282753
2026-07-02T09:05:00+00:00,1.1284419832882138,0.9546189024235443
2026-07-02T09:10:00+00:00,1.1284419832882138,0.9550516544444551
2026-07-02T09:15:00+00:00,1.1284419832882138,0.9548109093966166
2026-07-02T09:20:00+00:00,1.1284419832882138,0.9565429635859278
2026-07-02T09:25:00+00:00,1.1284419832882138,0.9565429635859278
2026-07-02T09:30:00+00:00,1.1284419832882138,0.957760411221645
2026-07-02T09:35:00+00:00,1.1284419832882138,0.9551624199424098
2026-07-02T09:40:00+00:00,1.1284419832882138,0.9550821407005252
2026-07-02T09:45:00+00:00,1.1284419832882138,0.9547771564875284
2026-07-02T09:50:00+00:00,1.1284419832882138,0.955571291256043
2026-07-02T09:55:00+00:00,1.1284419832882138,0.9558847830742009
2026-07-02T10:00:00+00:00,1.1284419832882138,0.9567054922313858
2026-07-02T10:05:00+00:00,1.1284419832882138,0.958012334702814
2026-07-02T10:10:00+00:00,1.1284419832882138,0.9583039374832634
2026-07-02T10:15:00+00:00,1.1284419832882138,0.9575742644344183
2026-07-02T10:20:00+00:00,1.1284419832882138,0.9578644701827803
2026-07-02T10:25:00+00:00,1.1284419832882138,0.9582366599729407
2026-07-02T10:30:00+00:00,1.1284419832882138,0.9583828076873825
2026-07-02T10:35:00+00:00,1.1284419832882138,0.956679808959896
2026-07-02T10:40:00+00:00,1.1284419832882138,0.9568411377641052
2026-07-02T10:45:00+00:00,1.1284419832882138,0.9563649769414999
2026-07-02T10:50:00+00:00,1.1284419832882138,0.9570660652054908
2026-07-02T10:55:00+00:00,1.1284419832882138,0.9570014553313798
2026-07-02T11:00:00+00:00,1.1284419832882138,0.9561939954466925
2026-07-02T11:05:00+00:00,1.1284419832882138,0.9558718276584692
2026-07-02T11:10:00+00:00,1.1284419832882138,0.9561011403443975
2026-07-02T11:15:00+00:00,1.1284419832882138,0.9555012773212664
2026-07-02T11:20:00+00:00,1.1284419832882138,0.9563129856700995
2026-07-02T11:25:00+00:00,1.1284419832882138,0.9553959890005667
2026-07-02T11:30:00+00:00,1.1284419832882138,0.9553930967164845
2026-07-02T11:35:00+00:00,1.1284419832882138,0.9551440411824341
2026-07-02T11:40:00+00:00,1.1284419832882138,0.9544215419077121
2026-07-02T11:45:00+00:00,1.1284419832882138,0.9526594343278221
2026-07-02T11:50:00+00:00,1.1284419832882138,0.9511812987824357
2026-07-02T11:55:00+00:00,1.1284419832882138,0.951899375565158
2026-07-02T12:00:00+00:00,1.1284419832882138,0.9524863762068894
2026-07-02T12:05:00+00:00,1.1284419832882138,0.9505847034978939
2026-07-02T12:10:00+00:00,1.1284419832882138,0.9492393871509522
2026-07-02T12:15:00+00:00,1.1284419832882138,0.9471196345762917
2026-07-02T12:20:00+00:00,1.1284419832882138,0.9466030153273617
2026-07-02T12:25:00+00:00,1.1284419832882138,0.9465638690736696
2026-07-02T12:30:00+00:00,1.1284419832882138,0.9455482637641827
2026-07-02T12:35:00+00:00,1.1284419832882138,0.9423626851819787
2026-07-02T12:40:00+00:00,1.1284419832882138,0.9400880857602186
2026-07-02T12:45:00+00:00,1.1284419832882138,0.9424151880505508
2026-07-02T12:50:00+00:00,1.1284419832882138,0.9424151880505508
2026-07-02T12:55:00+00:00,1.1284419832882138,0.9446123361895139
2026-07-02T13:00:00+00:00,1.1284419832882138,0.9458933288187575
2026-07-02T13:05:00+00:00,1.1284419832882138,0.9452694915037905
2026-07-02T13:10:00+00:00,1.1284419832882138,0.9469660891420897
2026-07-02T13:15:00+00:00,1.1284419832882138,0.9460427846857937
2026-07-02T13:20:00+00:00,1.1284419832882138,0.9448179065957749
2026-07-02T13:25:00+00:00,1.1284419832882138,0.9444215577610209
2026-07-02T13:30:00+00:00,1.1284419832882138,0.9509259239910394
2026-07-02T13:35:00+00:00,1.1284419832882138,0.9514048065330427
2026-07-02T13:40:00+00:00,1.1284419832882138,0.9548926351724728
2026-07-02T13:45:00+00:00,1.1284419832882138,0.951719214261337
2026-07-02T13:50:00+00:00,1.1284419832882138,0.9501072973956272
2026-07-02T13:55:00+00:00,1.1284419832882138,0.9477816196142154
2026-07-02T14:00:00+00:00,1.1284419832882138,0.9465740534871937
2026-07-02T14:05:00+00:00,1.1284419832882138,0.9461519660572143
2026-07-02T14:10:00+00:00,1.1284419832882138,0.9496652512721954
2026-07-02T14:15:00+00:00,1.1284419832882138,0.9488604171922962
2026-07-02T14:20:00+00:00,1.1284419832882138,0.9521763751436159
2026-07-02T14:25:00+00:00,1.1284419832882138,0.9550225701210482
2026-07-02T14:30:00+00:00,1.1284419832882138,0.960792460153693
2026-07-02T14:35:00+00:00,1.1284419832882138,0.9634652940888769
2026-07-02T14:40:00+00:00,1.1284419832882138,0.9629027390626282
2026-07-02T14:45:00+00:00,1.1284419832882138,0.9668143440362625
2026-07-02T14:50:00+00:00,1.1284419832882138,0.9657562410342662
2026-07-02T14:55:00+00:00,1.1284419832882138,0.9675910269167115
2026-07-02T15:00:00+00:00,1.1284419832882138,0.9655097776231301
2026-07-02T15:05:00+00:00,1.1284419832882138,0.9698504373012095
2026-07-02T15:10:00+00:00,1.1284419832882138,0.9700270130214925
2026-07-02T15:15:00+00:00,1.1284419832882138,0.9711628681260842
2026-07-02T15:20:00+00:00,1.1284419832882138,0.9737345842723336
2026-07-02T15:25:00+00:00,1.1284419832882138,0.971473328503158
2026-07-02T15:30:00+00:00,1.1284419832882138,0.971574769316636
2026-07-02T15:35:00+00:00,1.1284419832882138,0.9680079576488063
2026-07-02T15:40:00+00:00,1.1284419832882138,0.9681248768151703
2026-07-02T15:45:00+00:00,1.1284419832882138,0.9707438662701622
2026-07-02T15:50:00+00:00,1.1284419832882138,0.9710644585452811
2026-07-02T15:55:00+00:00,1.1284419832882138,0.9715627529456505
2026-07-02T16:00:00+00:00,1.1284419832882138,0.9717233672173015
2026-07-02T16:05:00+00:00,1.1284419832882138,0.9740166935769264
2026-07-02T16:10:00+00:00,1.1284419832882138,0.9747368585324729
2026-07-02T16:15:00+00:00,1.1284419832882138,0.9733321095246147
2026-07-02T16:20:00+00:00,1.1284419832882138,0.9760270579171557
2026-07-02T16:25:00+00:00,1.1284419832882138,0.978196519393651
2026-07-02T16:30:00+00:00,1.1284419832882138,0.9782827761249538
2026-07-02T16:35:00+00:00,1.1284419832882138,0.9800525038925907
2026-07-02T16:40:00+00:00,1.1284419832882138,0.9807211676896677
2026-07-02T16:45:00+00:00,1.1284419832882138,0.9777207024072891
2026-07-02T16:50:00+00:00,1.1284419832882138,0.979444899101324
2026-07-02T16:55:00+00:00,1.1284419832882138,0.9802770378173804
2026-07-02T17:00:00+00:00,1.1284419832882138,0.9815798437198139
2026-07-02T17:05:00+00:00,1.1284419832882138,0.9824870076838778
2026-07-02T17:10:00+00:00,1.1284419832882138,0.9818047794719315
2026-07-02T17:15:00+00:00,1.1284419832882138,0.9824199429126238
2026-07-02T17:20:00+00:00,1.1284419832882138,0.9827129337673781
2026-07-02T17:25:00+00:00,1.1284419832882138,0.982380420764835
2026-07-02T17:30:00+00:00,1.1284419832882138,0.982738897864195
2026-07-02T17:35:00+00:00,1.1284419832882138,0.9830626369054751
2026-07-02T17:40:00+00:00,1.1284419832882138,0.9847898344531475
2026-07-02T17:45:00+00:00,1.1284419832882138,0.9838288947043502
2026-07-02T17:50:00+00:00,1.1284419832882138,0.9860947897456941
2026-07-02T17:55:00+00:00,1.1284419832882138,0.9846795054190798
2026-07-02T18:00:00+00:00,1.1284419832882138,0.9864231388765915
2026-07-02T18:05:00+00:00,1.1284419832882138,0.9854938797300548
2026-07-02T18:10:00+00:00,1.1284419832882138,0.9813358990731064
2026-07-02T18:15:00+00:00,1.1284419832882138,0.9825344464296001
2026-07-02T18:20:00+00:00,1.1284419832882138,0.983737380159001
2026-07-02T18:25:00+00:00,1.1284419832882138,0.9825429335254011
2026-07-02T18:30:00+00:00,1.1284419832882138,0.9814405991650204
2026-07-02T18:35:00+00:00,1.1284419832882138,0.9820683451967939
2026-07-02T18:40:00+00:00,1.1284419832882138,0.9818412326281823
2026-07-02T18:45:00+00:00,1.1284419832882138,0.9823822930762796
2026-07-02T18:50:00+00:00,1.1284419832882138,0.9820237237396174
2026-07-02T18:55:00+00:00,1.1284419832882138,0.9813466232915002
2026-07-02T19:00:00+00:00,1.1284419832882138,0.9812419723201977
2026-07-02T19:05:00+00:00,1.1284419832882138,0.9845925716679694
2026-07-02T19:10:00+00:00,1.1284419832882138,0.986309315903033
2026-07-02T19:15:00+00:00,1.1284419832882138,0.9849817756372002
2026-07-02T19:20:00+00:00,1.1284419832882138,0.985946855997779
2026-07-02T19:25:00+00:00,1.1284419832882138,0.9875955364756479
2026-07-02T19:30:00+00:00,1.1284419832882138,0.9842811273433472
2026-07-02T19:35:00+00:00,1.1284419832882138,0.9822057487107009
2026-07-02T19:40:00+00:00,1.1284419832882138,0.9828089082805873
2026-07-02T19:45:00+00:00,1.1284419832882138,0.9836495967737742
2026-07-02T19:50:00+00:00,1.1284419832882138,0.9830000549610179
2026-07-02T19:55:00+00:00,1.1284419832882138,0.9797412439844115
2026-07-02T20:00:00+00:00,1.1284419832882138,0.9783011114577457
2026-07-02T20:05:00+00:00,1.1284419832882138,0.9772041676701774
2026-07-02T20:10:00+00:00,1.1284419832882138,0.9763433313555222
2026-07-02T20:15:00+00:00,1.1284419832882138,0.9757337499653621
2026-07-02T20:20:00+00:00,1.1284419832882138,0.9764193173287665
2026-07-02T20:25:00+00:00,1.1284419832882138,0.9760071086459892
2026-07-02T20:30:00+00:00,1.1284419832882138,0.9759898735928452
2026-07-02T20:35:00+00:00,1.1284419832882138,0.9759898735928452
2026-07-02T20:40:00+00:00,1.1284419832882138,0.9759384154272779
2026-07-02T20:45:00+00:00,1.1284419832882138,0.9764186156808883
2026-07-02T20:50:00+00:00,1.1284419832882138,0.9759119428723995
2026-07-02T20:55:00+00:00,1.1284419832882138,0.9760448448309168
2026-07-02T21:00:00+00:00,1.1284419832882138,0.9765552253512525
2026-07-02T21:05:00+00:00,1.1284419832882138,0.9761943909962472
2026-07-02T21:10:00+00:00,1.1284419832882138,0.9771212230012017
2026-07-02T21:15:00+00:00,1.1284419832882138,0.9771040104655653
2026-07-02T21:20:00+00:00,1.1284419832882138,0.9768544418879406
2026-07-02T21:25:00+00:00,1.1284419832882138,0.976286893223663
2026-07-02T21:30:00+00:00,1.1284419832882138,0.9763469829823244
2026-07-02T21:35:00+00:00,1.1284419832882138,0.9759863778494912
2026-07-02T21:40:00+00:00,1.1284419832882138,0.9759863778494912
2026-07-02T21:45:00+00:00,1.1284419832882138,0.9756519009713177
2026-07-02T21:50:00+00:00,1.1284419832882138,0.9759774666840709
2026-07-02T21:55:00+00:00,1.1284419832882138,0.9759774666840709
2026-07-02T22:00:00+00:00,1.1284419832882138,0.9758488251663449
2026-07-02T22:05:00+00:00,1.1284419832882138,0.9755573674553936
2026-07-02T22:10:00+00:00,1.1284419832882138,0.9759856191531352
2026-07-02T22:15:00+00:00,1.1284419832882138,0.9759856191531352
2026-07-02T22:20:00+00:00,1.1284419832882138,0.9756339898878867
2026-07-02T22:25:00+00:00,1.1284419832882138,0.9749828932858646
2026-07-02T22:30:00+00:00,1.1284419832882138,0.9748973939704599
2026-07-02T22:35:00+00:00,1.1284419832882138,0.9757179715023411
2026-07-02T22:40:00+00:00,1.1284419832882138,0.9745096997876176
2026-07-02T22:45:00+00:00,1.1284419832882138,0.973655945144546
2026-07-02T22:50:00+00:00,1.1284419832882138,0.9739284298419908
2026-07-02T22:55:00+00:00,1.1284419832882138,0.9742693218370353
2026-07-02T23:00:00+00:00,1.1284419832882138,0.9742863843470501
2026-07-02T23:05:00+00:00,1.1284419832882138,0.9763530188253189
2026-07-02T23:10:00+00:00,1.1284419832882138,0.9763042490597619
2026-07-02T23:15:00+00:00,1.1284419832882138,0.9764025466203389
2026-07-02T23:20:00+00:00,1.1284419832882138,0.9764283092205135
2026-07-02T23:25:00+00:00,1.1284419832882138,0.9751105009822095
2026-07-02T23:30:00+00:00,1.1284419832882138,0.9751105009822095
2026-07-02T23:35:00+00:00,1.1284419832882138,0.9751105009822095
2026-07-02T23:40:00+00:00,1.1284419832882138,0.9755221857928436
2026-07-02T23:45:00+00:00,1.1284419832882138,0.9763946456880737
2026-07-02T23:50:00+00:00,1.1284419832882138,0.9759644580864785
2026-07-02T23:55:00+00:00,1.1284419832882138,0.9759130012609204
2026-07-03T00:00:00+00:00,1.1284419832882138,0.9755957343554389
2026-07-06T08:05:00+00:00,1.1284419832882138,0.9648725595993541
2026-07-06T08:10:00+00:00,1.1284419832882138,0.9637821816337693
2026-07-06T08:15:00+00:00,1.1284419832882138,0.9680669618405576
2026-07-06T08:20:00+00:00,1.1284419832882138,0.9664745466731111
2026-07-06T08:25:00+00:00,1.1284419832882138,0.9669329074566501
2026-07-06T08:30:00+00:00,1.1284419832882138,0.9663487083929355
2026-07-06T08:35:00+00:00,1.1284419832882138,0.9661820965466608
2026-07-06T08:40:00+00:00,1.1284419832882138,0.9663486222441008
2026-07-06T08:45:00+00:00,1.1284419832882138,0.9654072653965698
2026-07-06T08:50:00+00:00,1.1284419832882138,0.9656813730812367
2026-07-06T08:55:00+00:00,1.1284419832882138,0.965182570719108
2026-07-06T09:00:00+00:00,1.1284419832882138,0.9646513384820421
2026-07-06T09:05:00+00:00,1.1284419832882138,0.9639718198084498
2026-07-06T09:10:00+00:00,1.1284419832882138,0.9649558695507311
2026-07-06T09:15:00+00:00,1.1284419832882138,0.9654535516743841
2026-07-06T09:20:00+00:00,1.1284419832882138,0.9654784743227313
2026-07-06T09:25:00+00:00,1.1284419832882138,0.965578172636891
2026-07-06T09:30:00+00:00,1.1284419832882138,0.965578172636891
2026-07-06T09:35:00+00:00,1.1284419832882138,0.9649548650992975
2026-07-06T09:40:00+00:00,1.1284419832882138,0.9648802128584574
2026-07-06T09:45:00+00:00,1.1284419832882138,0.9650046043875491
2026-07-06T09:50:00+00:00,1.1284419832882138,0.9657014664322916
2026-07-06T09:55:00+00:00,1.1284419832882138,0.9647287313429052
2026-07-06T10:00:00+00:00,1.1284419832882138,0.9645546836267715
2026-07-06T10:05:00+00:00,1.1284419832882138,0.9655073915939371
2026-07-06T10:10:00+00:00,1.1284419832882138,0.9655073915939371
2026-07-06T10:15:00+00:00,1.1284419832882138,0.9655073915939371
2026-07-06T10:20:00+00:00,1.1284419832882138,0.9649589966899337
2026-07-06T10:25:00+00:00,1.1284419832882138,0.9647854679771912
2026-07-06T10:30:00+00:00,1.1284419832882138,0.9647854679771912
2026-07-06T10:35:00+00:00,1.1284419832882138,0.96442831762484
2026-07-06T10:40:00+00:00,1.1284419832882138,0.9639314457455898
2026-07-06T10:45:00+00:00,1.1284419832882138,0.9654029749907376
2026-07-06T10:50:00+00:00,1.1284419832882138,0.9654029749907376
2026-07-06T10:55:00+00:00,1.1284419832882138,0.9644230695480982
2026-07-06T11:00:00+00:00,1.1284419832882138,0.9636860469378475
2026-07-06T11:05:00+00:00,1.1284419832882138,0.9646692482923426
2026-07-06T11:10:00+00:00,1.1284419832882138,0.9649179010982748
2026-07-06T11:15:00+00:00,1.1284419832882138,0.9652689839137595
2026-07-06T11:20:00+00:00,1.1284419832882138,0.9646269123278345
2026-07-06T11:25:00+00:00,1.1284419832882138,0.9636664286459521
2026-07-06T11:30:00+00:00,1.1284419832882138,0.963115286804587
2026-07-06T11:35:00+00:00,1.1284419832882138,0.9631781335046705
2026-07-06T11:40:00+00:00,1.1284419832882138,0.9636890897704231
2026-07-06T11:45:00+00:00,1.1284419832882138,0.9633508289354844
2026-07-06T11:50:00+00:00,1.1284419832882138,0.9620715114481646
2026-07-06T11:55:00+00:00,1.1284419832882138,0.961701572476165
2026-07-06T12:00:00+00:00,1.1284419832882138,0.9621860444853874
2026-07-06T12:05:00+00:00,1.1284419832882138,0.9605412820161816
2026-07-06T12:10:00+00:00,1.1284419832882138,0.9597231037521133
2026-07-06T12:15:00+00:00,1.1284419832882138,0.9593966673222657
2026-07-06T12:20:00+00:00,1.1284419832882138,0.959013495641741
2026-07-06T12:25:00+00:00,1.1284419832882138,0.9606990611621262
2026-07-06T12:30:00+00:00,1.1284419832882138,0.9601915343915737
2026-07-06T12:35:00+00:00,1.1284419832882138,0.9606819117371144
2026-07-06T12:40:00+00:00,1.1284419832882138,0.959814249739874
2026-07-06T12:45:00+00:00,1.1284419832882138,0.9605244613453664
2026-07-06T12:50:00+00:00,1.1284419832882138,0.9597146589746529
2026-07-06T12:55:00+00:00,1.1284419832882138,0.9587356854017557
2026-07-06T13:00:00+00:00,1.1284419832882138,0.9589065598240197
2026-07-06T13:05:00+00:00,1.1284419832882138,0.9600380562145827
2026-07-06T13:10:00+00:00,1.1284419832882138,0.9600298870684271
2026-07-06T13:15:00+00:00,1.1284419832882138,0.9620884593488618
2026-07-06T13:20:00+00:00,1.1284419832882138,0.9623085953817714
2026-07-06T13:25:00+00:00,1.1284419832882138,0.962236359157946
2026-07-06T13:30:00+00:00,1.1284419832882138,0.9633633385366189
2026-07-06T13:35:00+00:00,1.1284419832882138,0.9597191731384294
2026-07-06T13:40:00+00:00,1.1284419832882138,0.9580868170185305
2026-07-06T13:45:00+00:00,1.1284419832882138,0.9575427584265973
2026-07-06T13:50:00+00:00,1.1284419832882138,0.9568127427851005
2026-07-06T13:55:00+00:00,1.1284419832882138,0.9549694521412605
2026-07-06T14:00:00+00:00,1.1284419832882138,0.9565455016739695
2026-07-06T14:05:00+00:00,1.1284419832882138,0.9563192672899198
2026-07-06T14:10:00+00:00,1.1284419832882138,0.9537193178805186
2026-07-06T14:15:00+00:00,1.1284419832882138,0.9525819819216547
2026-07-06T14:20:00+00:00,1.1284419832882138,0.9530369294758391
2026-07-06T14:25:00+00:00,1.1284419832882138,0.953208749606568
2026-07-06T14:30:00+00:00,1.1284419832882138,0.9543242524788839
2026-07-06T14:35:00+00:00,1.1284419832882138,0.9531767890816554
2026-07-06T14:40:00+00:00,1.1284419832882138,0.9540522704148946
2026-07-06T14:45:00+00:00,1.1284419832882138,0.9528216262318916
2026-07-06T14:50:00+00:00,1.1284419832882138,0.9532610326309513
2026-07-06T14:55:00+00:00,1.1284419832882138,0.9544969218388654
2026-07-06T15:00:00+00:00,1.1284419832882138,0.9554240826289145
2026-07-06T15:05:00+00:00,1.1284419832882138,0.9549930797499694
2026-07-06T15:10:00+00:00,1.1284419832882138,0.9565906115265852
2026-07-06T15:15:00+00:00,1.1284419832882138,0.9583511743261703
2026-07-06T15:20:00+00:00,1.1284419832882138,0.9596437183217593
2026-07-06T15:25:00+00:00,1.1284419832882138,0.9584606854077509
2026-07-06T15:30:00+00:00,1.1284419832882138,0.9566481702700039
2026-07-06T15:35:00+00:00,1.1284419832882138,0.9565955758877805
2026-07-06T15:40:00+00:00,1.1284419832882138,0.9565672810092349
2026-07-06T15:45:00+00:00,1.1284419832882138,0.9564723095724873
2026-07-06T15:50:00+00:00,1.1284419832882138,0.956244081158127
2026-07-06T15:55:00+00:00,1.1284419832882138,0.9575036886225685
2026-07-06T16:00:00+00:00,1.1284419832882138,0.9568024663604547
2026-07-06T16:05:00+00:00,1.1284419832882138,0.9572919793127681
2026-07-06T16:10:00+00:00,1.1284419832882138,0.956328224112441
2026-07-06T16:15:00+00:00,1.1284419832882138,0.9567561742315595
2026-07-06T16:20:00+00:00,1.1284419832882138,0.957136185612734
2026-07-06T16:25:00+00:00,1.1284419832882138,0.9574681632415454
2026-07-06T16:30:00+00:00,1.1284419832882138,0.9578329704586457
2026-07-06T16:35:00+00:00,1.1284419832882138,0.957922233290256
2026-07-06T16:40:00+00:00,1.1284419832882138,0.9588236384619895
2026-07-06T16:45:00+00:00,1.1284419832882138,0.9592225228337653
2026-07-06T16:50:00+00:00,1.1284419832882138,0.9585296595097348
2026-07-06T16:55:00+00:00,1.1284419832882138,0.9600426097005491
2026-07-06T17:00:00+00:00,1.1284419832882138,0.9601079784240759
2026-07-06T17:05:00+00:00,1.1284419832882138,0.9605085002246659
2026-07-06T17:10:00+00:00,1.1284419832882138,0.9592401833299595
2026-07-06T17:15:00+00:00,1.1284419832882138,0.960071749133574
2026-07-06T17:20:00+00:00,1.1284419832882138,0.9607171558625973
2026-07-06T17:25:00+00:00,1.1284419832882138,0.9617572696272233
2026-07-06T17:30:00+00:00,1.1284419832882138,0.9627921575985579
2026-07-06T17:35:00+00:00,1.1284419832882138,0.9635090099858923
2026-07-06T17:40:00+00:00,1.1284419832882138,0.9637690509147624
2026-07-06T17:45:00+00:00,1.1284419832882138,0.9644924204125478
2026-07-06T17:50:00+00:00,1.1284419832882138,0.9631250878853482
2026-07-06T17:55:00+00:00,1.1284419832882138,0.9637106589019718
2026-07-06T18:00:00+00:00,1.1284419832882138,0.9644233537292908
2026-07-06T18:05:00+00:00,1.1284419832882138,0.9629264299048902
2026-07-06T18:10:00+00:00,1.1284419832882138,0.9612489319944884
2026-07-06T18:15:00+00:00,1.1284419832882138,0.9619954055041868
2026-07-06T18:20:00+00:00,1.1284419832882138,0.9607620912939974
2026-07-06T18:25:00+00:00,1.1284419832882138,0.9615893807206151
2026-07-06T18:30:00+00:00,1.1284419832882138,0.9628580747312357
2026-07-06T18:35:00+00:00,1.1284419832882138,0.9638059853447742
2026-07-06T18:40:00+00:00,1.1284419832882138,0.9633802548971997
2026-07-06T18:45:00+00:00,1.1284419832882138,0.9622738134093255
2026-07-06T18:50:00+00:00,1.1284419832882138,0.9624465494558566
2026-07-06T18:55:00+00:00,1.1284419832882138,0.963096784827169
2026-07-06T19:00:00+00:00,1.1284419832882138,0.9624451850918109
2026-07-06T19:05:00+00:00,1.1284419832882138,0.9628731734472014
2026-07-06T19:10:00+00:00,1.1284419832882138,0.9619991356215579
2026-07-06T19:15:00+00:00,1.1284419832882138,0.9615552660657022
2026-07-06T19:20:00+00:00,1.1284419832882138,0.9603195546325372
2026-07-06T19:25:00+00:00,1.1284419832882138,0.9593829011459728
2026-07-06T19:30:00+00:00,1.1284419832882138,0.9605572261229863
2026-07-06T19:35:00+00:00,1.1284419832882138,0.9612688334177559
2026-07-06T19:40:00+00:00,1.1284419832882138,0.9620812165457896
2026-07-06T19:45:00+00:00,1.1284419832882138,0.9614149705121661
2026-07-06T19:50:00+00:00,1.1284419832882138,0.9616775959287812
2026-07-06T19:55:00+00:00,1.1284419832882138,0.9642971741957836
2026-07-06T20:00:00+00:00,1.1284419832882138,0.964893328917548
2026-07-06T20:05:00+00:00,1.1284419832882138,0.9648435502381314
2026-07-06T20:10:00+00:00,1.1284419832882138,0.9647136951422455
2026-07-06T20:15:00+00:00,1.1284419832882138,0.9649262973135021
2026-07-06T20:20:00+00:00,1.1284419832882138,0.965150324434656
2026-07-06T20:25:00+00:00,1.1284419832882138,0.9655239631528215
2026-07-06T20:30:00+00:00,1.1284419832882138,0.965282893889529
2026-07-06T20:35:00+00:00,1.1284419832882138,0.9652496678502239
2026-07-06T20:40:00+00:00,1.1284419832882138,0.9651167774161563
2026-07-06T20:45:00+00:00,1.1284419832882138,0.965149986306715
2026-07-06T20:50:00+00:00,1.1284419832882138,0.965556837212849
2026-07-06T20:55:00+00:00,1.1284419832882138,0.9655235828574147
2026-07-06T21:00:00+00:00,1.1284419832882138,0.9651827609297595
2026-07-06T21:05:00+00:00,1.1284419832882138,0.9644935344761394
2026-07-06T21:10:00+00:00,1.1284419832882138,0.9644852483068369
2026-07-06T21:15:00+00:00,1.1284419832882138,0.9644852483068369
2026-07-06T21:20:00+00:00,1.1284419832882138,0.9648912601381688
2026-07-06T21:25:00+00:00,1.1284419832882138,0.9650571887137976
2026-07-06T21:30:00+00:00,1.1284419832882138,0.9640777048904655
2026-07-06T21:35:00+00:00,1.1284419832882138,0.9639535725828434
2026-07-06T21:40:00+00:00,1.1284419832882138,0.9643258256959683
2026-07-06T21:45:00+00:00,1.1284419832882138,0.9643341075783923
2026-07-06T21:50:00+00:00,1.1284419832882138,0.9643341075783923
2026-07-06T21:55:00+00:00,1.1284419832882138,0.9641519014706016
2026-07-06T22:00:00+00:00,1.1284419832882138,0.9640774048435993
2026-07-06T22:05:00+00:00,1.1284419832882138,0.9639946499976066
2026-07-06T22:10:00+00:00,1.1284419832882138,0.9644827778778472
2026-07-06T22:15:00+00:00,1.1284419832882138,0.9639939077412939
2026-07-06T22:20:00+00:00,1.1284419832882138,0.9640352744789542
2026-07-06T22:25:00+00:00,1.1284419832882138,0.9636546514949013
2026-07-06T22:30:00+00:00,1.1284419832882138,0.9635637406787225
2026-07-06T22:35:00+00:00,1.1284419832882138,0.9635637406787225
2026-07-06T22:40:00+00:00,1.1284419832882138,0.9635637406787225
2026-07-06T22:45:00+00:00,1.1284419832882138,0.9646047880910933
2026-07-06T22:50:00+00:00,1.1284419832882138,0.9661382751220882
2026-07-06T22:55:00+00:00,1.1284419832882138,0.9664964125861419
2026-07-06T23:00:00+00:00,1.1284419832882138,0.9674969782599202
2026-07-06T23:05:00+00:00,1.1284419832882138,0.9661336467640234
2026-07-06T23:10:00+00:00,1.1284419832882138,0.9661336467640234
2026-07-06T23:15:00+00:00,1.1284419832882138,0.9672163827474657
2026-07-06T23:20:00+00:00,1.1284419832882138,0.9678013589595991
2026-07-06T23:25:00+00:00,1.1284419832882138,0.9678013589595991
2026-07-06T23:30:00+00:00,1.1284419832882138,0.9676590352303404
2026-07-06T23:35:00+00:00,1.1284419832882138,0.9677176132718038
2026-07-06T23:40:00+00:00,1.1284419832882138,0.9675753264751802
2026-07-06T23:45:00+00:00,1.1284419832882138,0.9678263100969681
2026-07-06T23:50:00+00:00,1.1284419832882138,0.9693919927447537
2026-07-06T23:55:00+00:00,1.1284419832882138,0.9691395907331035
2026-07-07T00:00:00+00:00,1.1284419832882138,0.9694758640123308
2026-07-07T08:05:00+00:00,1.1284419832882138,0.9799601134406366
2026-07-07T08:10:00+00:00,1.1284419832882138,0.9803165384415331
2026-07-07T08:15:00+00:00,1.1284419832882138,0.9799846459018761
2026-07-07T08:20:00+00:00,1.1284419832882138,0.9793586798399089
2026-07-07T08:25:00+00:00,1.1284419832882138,0.979627677209088
2026-07-07T08:30:00+00:00,1.1284419832882138,0.9805482329951926
2026-07-07T08:35:00+00:00,1.1284419832882138,0.9815062248739514
2026-07-07T08:40:00+00:00,1.1284419832882138,0.981069581253788
2026-07-07T08:45:00+00:00,1.1284419832882138,0.9805200357428162
2026-07-07T08:50:00+00:00,1.1284419832882138,0.9806767851890076
2026-07-07T08:55:00+00:00,1.1284419832882138,0.9813650711345472
2026-07-07T09:00:00+00:00,1.1284419832882138,0.9826397753247363
2026-07-07T09:05:00+00:00,1.1284419832882138,0.9825433607539704
2026-07-07T09:10:00+00:00,1.1284419832882138,0.9817899740814973
2026-07-07T09:15:00+00:00,1.1284419832882138,0.9819570385351649
2026-07-07T09:20:00+00:00,1.1284419832882138,0.9818073784579514
2026-07-07T09:25:00+00:00,1.1284419832882138,0.9826991358275216
2026-07-07T09:30:00+00:00,1.1284419832882138,0.9831199319176561
2026-07-07T09:35:00+00:00,1.1284419832882138,0.9842610532672033
2026-07-07T09:40:00+00:00,1.1284419832882138,0.984305095734237
2026-07-07T09:45:00+00:00,1.1284419832882138,0.9838029442041478
2026-07-07T09:50:00+00:00,1.1284419832882138,0.9848848776305016
2026-07-07T09:55:00+00:00,1.1284419832882138,0.9842582819360289
2026-07-07T10:00:00+00:00,1.1284419832882138,0.9839940278778755
2026-07-07T10:05:00+00:00,1.1284419832882138,0.9824986494114724
2026-07-07T10:10:00+00:00,1.1284419832882138,0.9835412509745183
2026-07-07T10:15:00+00:00,1.1284419832882138,0.9832863610147476
2026-07-07T10:20:00+00:00,1.1284419832882138,0.9814069104854768
2026-07-07T10:25:00+00:00,1.1284419832882138,0.9814069104854768
2026-07-07T10:30:00+00:00,1.1284419832882138,0.9817911321466983
2026-07-07T10:35:00+00:00,1.1284419832882138,0.9827091024839683
2026-07-07T10:40:00+00:00,1.1284419832882138,0.9826740339104119
2026-07-07T10:45:00+00:00,1.1284419832882138,0.9827178649347794
2026-07-07T10:50:00+00:00,1.1284419832882138,0.9844189146175822
2026-07-07T10:55:00+00:00,1.1284419832882138,0.9841985880923769
2026-07-07T11:00:00+00:00,1.1284419832882138,0.9828951304544559
2026-07-07T11:05:00+00:00,1.1284419832882138,0.985140825556435
2026-07-07T11:10:00+00:00,1.1284419832882138,0.984849348094465
2026-07-07T11:15:00+00:00,1.1284419832882138,0.9849375962439358
2026-07-07T11:20:00+00:00,1.1284419832882138,0.9848669787428608
2026-07-07T11:25:00+00:00,1.1284419832882138,0.9844080637020473
2026-07-07T11:30:00+00:00,1.1284419832882138,0.9844074242726629
2026-07-07T11:35:00+00:00,1.1284419832882138,0.9862140806914265
2026-07-07T11:40:00+00:00,1.1284419832882138,0.9866128553668791
2026-07-07T11:45:00+00:00,1.1284419832882138,0.9860361482122133
2026-07-07T11:50:00+00:00,1.1284419832882138,0.9848404697786496
2026-07-07T11:55:00+00:00,1.1284419832882138,0.9854493765207172
2026-07-07T12:00:00+00:00,1.1284419832882138,0.9843972827505895
2026-07-07T12:05:00+00:00,1.1284419832882138,0.9836305632913298
2026-07-07T12:10:00+00:00,1.1284419832882138,0.9827865018107715
2026-07-07T12:15:00+00:00,1.1284419832882138,0.9822647039696981
2026-07-07T12:20:00+00:00,1.1284419832882138,0.9828557176303296
2026-07-07T12:25:00+00:00,1.1284419832882138,0.9837772515712965
2026-07-07T12:30:00+00:00,1.1284419832882138,0.9835749368646965
2026-07-07T12:35:00+00:00,1.1284419832882138,0.9849018553544497
2026-07-07T12:40:00+00:00,1.1284419832882138,0.9838603223485364
2026-07-07T12:45:00+00:00,1.1284419832882138,0.9839952904984661
2026-07-07T12:50:00+00:00,1.1284419832882138,0.9861774680081162
2026-07-07T12:55:00+00:00,1.1284419832882138,0.9870369861707915
2026-07-07T13:00:00+00:00,1.1284419832882138,0.9865927751059081
2026-07-07T13:05:00+00:00,1.1284419832882138,0.9870541314395909
2026-07-07T13:10:00+00:00,1.1284419832882138,0.986680327238063
2026-07-07T13:15:00+00:00,1.1284419832882138,0.9863165367167841
2026-07-07T13:20:00+00:00,1.1284419832882138,0.98743350282944
2026-07-07T13:25:00+00:00,1.1284419832882138,0.9875899658085839
2026-07-07T13:30:00+00:00,1.1284419832882138,0.9901058787406604
2026-07-07T13:35:00+00:00,1.1284419832882138,0.9917026047057333
2026-07-07T13:40:00+00:00,1.1284419832882138,0.990855588415514
2026-07-07T13:45:00+00:00,1.1284419832882138,0.9869352771639939
2026-07-07T13:50:00+00:00,1.1284419832882138,0.9920981235013824
2026-07-07T13:55:00+00:00,1.1284419832882138,0.9950811591649672
2026-07-07T14:00:00+00:00,1.1284419832882138,0.9926594367925734
2026-07-07T14:05:00+00:00,1.1284419832882138,0.9948479238391492
2026-07-07T14:10:00+00:00,1.1284419832882138,0.9944704253099703
2026-07-07T14:15:00+00:00,1.1284419832882138,0.9985530344523248
2026-07-07T14:20:00+00:00,1.1284419832882138,0.997757290333987
2026-07-07T14:25:00+00:00,1.1284419832882138,1.000456200253473
2026-07-07T14:30:00+00:00,1.1284419832882138,0.9994936494783697
2026-07-07T14:35:00+00:00,1.1284419832882138,1.0006382372427243
2026-07-07T14:40:00+00:00,1.1284419832882138,1.003101260330649
2026-07-07T14:45:00+00:00,1.1284419832882138,1.0039410992535553
2026-07-07T14:50:00+00:00,1.1284419832882138,1.001677288270329
2026-07-07T14:55:00+00:00,1.1284419832882138,0.999837892968615
2026-07-07T15:00:00+00:00,1.1284419832882138,0.9989603712063817
2026-07-07T15:05:00+00:00,1.1284419832882138,0.9989050936863266
2026-07-07T15:10:00+00:00,1.1284419832882138,0.9989050200119417
2026-07-07T15:15:00+00:00,1.1284419832882138,0.998582327913861
2026-07-07T15:20:00+00:00,1.1284419832882138,1.0017015658116528
2026-07-07T15:25:00+00:00,1.1284419832882138,1.0015412976020317
2026-07-07T15:30:00+00:00,1.1284419832882138,1.000030367664223
2026-07-07T15:35:00+00:00,1.1284419832882138,0.999434366416254
2026-07-07T15:40:00+00:00,1.1284419832882138,1.0006384597407614
2026-07-07T15:45:00+00:00,1.1284419832882138,0.9986942335867265
2026-07-07T15:50:00+00:00,1.1284419832882138,0.9983076262381051
2026-07-07T15:55:00+00:00,1.1284419832882138,0.9958346939522786
2026-07-07T16:00:00+00:00,1.1284419832882138,0.99483550176417
2026-07-07T16:05:00+00:00,1.1284419832882138,0.9928104878550318
2026-07-07T16:10:00+00:00,1.1284419832882138,0.9936695821347821
2026-07-07T16:15:00+00:00,1.1284419832882138,0.9908085549092615
2026-07-07T16:20:00+00:00,1.1284419832882138,0.9911587608992731
2026-07-07T16:25:00+00:00,1.1284419832882138,0.9901555946777107
2026-07-07T16:30:00+00:00,1.1284419832882138,0.9880641727631901
2026-07-07T16:35:00+00:00,1.1284419832882138,0.989482149595584
2026-07-07T16:40:00+00:00,1.1284419832882138,0.9911830917184917
2026-07-07T16:45:00+00:00,1.1284419832882138,0.9899949465641407
2026-07-07T16:50:00+00:00,1.1284419832882138,0.9895285685566636
2026-07-07T16:55:00+00:00,1.1284419832882138,0.9896270555075938
2026-07-07T17:00:00+00:00,1.1284419832882138,0.9895016395579995
2026-07-07T17:05:00+00:00,1.1284419832882138,0.988346053069009
2026-07-07T17:10:00+00:00,1.1284419832882138,0.9862713620931925
2026-07-07T17:15:00+00:00,1.1284419832882138,0.9887599796591917
2026-07-07T17:20:00+00:00,1.1284419832882138,0.9890976500464753
2026-07-07T17:25:00+00:00,1.1284419832882138,0.9874809772657718
2026-07-07T17:30:00+00:00,1.1284419832882138,0.9887178627478234
2026-07-07T17:35:00+00:00,1.1284419832882138,0.9879915501141998
2026-07-07T17:40:00+00:00,1.1284419832882138,0.9872990495861407
2026-07-07T17:45:00+00:00,1.1284419832882138,0.9874185480889547
2026-07-07T17:50:00+00:00,1.1284419832882138,0.9882151581295955
2026-07-07T17:55:00+00:00,1.1284419832882138,0.9886076875052467
2026-07-07T18:00:00+00:00,1.1284419832882138,0.9875451556576981
2026-07-07T18:05:00+00:00,1.1284419832882138,0.9884925287754454
2026-07-07T18:10:00+00:00,1.1284419832882138,0.988707341383316
2026-07-07T18:15:00+00:00,1.1284419832882138,0.9883634337571853
2026-07-07T18:20:00+00:00,1.1284419832882138,0.988756230172275
2026-07-07T18:25:00+00:00,1.1284419832882138,0.9887115500763297
2026-07-07T18:30:00+00:00,1.1284419832882138,0.9902394348041815
2026-07-07T18:35:00+00:00,1.1284419832882138,0.9901586463800374
2026-07-07T18:40:00+00:00,1.1284419832882138,0.9905984679206424
2026-07-07T18:45:00+00:00,1.1284419832882138,0.9924360209596748
2026-07-07T18:50:00+00:00,1.1284419832882138,0.9925805993248442
2026-07-07T18:55:00+00:00,1.1284419832882138,0.9934802309893905
2026-07-07T19:00:00+00:00,1.1284419832882138,0.994776768162234
2026-07-07T19:05:00+00:00,1.1284419832882138,0.9950861741863254
2026-07-07T19:10:00+00:00,1.1284419832882138,0.9965432696208867
2026-07-07T19:15:00+00:00,1.1284419832882138,0.9964426261601959
2026-07-07T19:20:00+00:00,1.1284419832882138,0.9977231581566322
2026-07-07T19:25:00+00:00,1.1284419832882138,0.998081241951914
2026-07-07T19:30:00+00:00,1.1284419832882138,0.9962290781588129
2026-07-07T19:35:00+00:00,1.1284419832882138,0.9933873823388982
2026-07-07T19:40:00+00:00,1.1284419832882138,0.9956762395879644
2026-07-07T19:45:00+00:00,1.1284419832882138,0.9956898695136648
2026-07-07T19:50:00+00:00,1.1284419832882138,0.9946724623875962
2026-07-07T19:55:00+00:00,1.1284419832882138,0.9945451038897569
2026-07-07T20:00:00+00:00,1.1284419832882138,0.9900896925961944
2026-07-07T20:05:00+00:00,1.1284419832882138,0.9896051374710318
2026-07-07T20:10:00+00:00,1.1284419832882138,0.9897842666269323
2026-07-07T20:15:00+00:00,1.1284419832882138,0.9896542748523359
2026-07-07T20:20:00+00:00,1.1284419832882138,0.9901605950092531
2026-07-07T20:25:00+00:00,1.1284419832882138,0.989819537898157
2026-07-07T20:30:00+00:00,1.1284419832882138,0.989698497990173
2026-07-07T20:35:00+00:00,1.1284419832882138,0.9896402390644882
2026-07-07T20:40:00+00:00,1.1284419832882138,0.9899897199435654
2026-07-07T20:45:00+00:00,1.1284419832882138,0.9899897199435654
2026-07-07T20:50:00+00:00,1.1284419832882138,0.9898103089758338
2026-07-07T20:55:00+00:00,1.1284419832882138,0.9901877638128618
2026-07-07T21:00:00+00:00,1.1284419832882138,0.9895585505701233
2026-07-07T21:05:00+00:00,1.1284419832882138,0.9893793736036262
2026-07-07T21:10:00+00:00,1.1284419832882138,0.9899166126205698
2026-07-07T21:15:00+00:00,1.1284419832882138,0.9898269267638057
2026-07-07T21:20:00+00:00,1.1284419832882138,0.990866999986609
2026-07-07T21:25:00+00:00,1.1284419832882138,0.9934034410562527
2026-07-07T21:30:00+00:00,1.1284419832882138,0.9924970510552888
2026-07-07T21:35:00+00:00,1.1284419832882138,0.9932472992814965
2026-07-07T21:40:00+00:00,1.1284419832882138,0.9927191208190841
2026-07-07T21:45:00+00:00,1.1284419832882138,0.9925460856212696
2026-07-07T21:50:00+00:00,1.1284419832882138,0.9924957300415057
2026-07-07T21:55:00+00:00,1.1284419832882138,0.9930380774349711
2026-07-07T22:00:00+00:00,1.1284419832882138,0.9932010486730621
2026-07-07T22:05:00+00:00,1.1284419832882138,0.992494492164758
2026-07-07T22:10:00+00:00,1.1284419832882138,0.99250335781827
2026-07-07T22:15:00+00:00,1.1284419832882138,0.9920016734855963
2026-07-07T22:20:00+00:00,1.1284419832882138,0.9918708013616978
2026-07-07T22:25:00+00:00,1.1284419832882138,0.9914648072007956
2026-07-07T22:30:00+00:00,1.1284419832882138,0.9920595346999344
2026-07-07T22:35:00+00:00,1.1284419832882138,0.9915901172888877
2026-07-07T22:40:00+00:00,1.1284419832882138,0.9915901172888877
2026-07-07T22:45:00+00:00,1.1284419832882138,0.9919980214053179
2026-07-07T22:50:00+00:00,1.1284419832882138,0.9914903319999067
2026-07-07T22:55:00+00:00,1.1284419832882138,0.9918598135909702
2026-07-07T23:00:00+00:00,1.1284419832882138,0.9918147044490023
2026-07-07T23:05:00+00:00,1.1284419832882138,0.9921935695475641
2026-07-07T23:10:00+00:00,1.1284419832882138,0.9924012812336143
2026-07-07T23:15:00+00:00,1.1284419832882138,0.9929434782548675
2026-07-07T23:20:00+00:00,1.1284419832882138,0.9920383337897309
2026-07-07T23:25:00+00:00,1.1284419832882138,0.9918577990611067
2026-07-07T23:30:00+00:00,1.1284419832882138,0.9920382352625005
2026-07-07T23:35:00+00:00,1.1284419832882138,0.992399304683888
2026-07-07T23:40:00+00:00,1.1284419832882138,0.9933300743832364
2026-07-07T23:45:00+00:00,1.1284419832882138,0.9933300743832364
2026-07-07T23:50:00+00:00,1.1284419832882138,0.9947981302159776
2026-07-07T23:55:00+00:00,1.1284419832882138,0.9957256618242585
2026-07-08T00:00:00+00:00,1.1284419832882138,0.9965207654785199
2026-07-08T08:05:00+00:00,1.1284419832882138,0.99207857025639
2026-07-08T08:10:00+00:00,1.1284419832882138,0.9907332136937073
2026-07-08T08:15:00+00:00,1.1284419832882138,0.9891685005253641
2026-07-08T08:20:00+00:00,1.1284419832882138,0.9937330674387547
2026-07-08T08:25:00+00:00,1.1284419832882138,0.9999223455391495
2026-07-08T08:30:00+00:00,1.1284419832882138,1.0024005136663643
2026-07-08T08:35:00+00:00,1.1284419832882138,1.0019253981812621
2026-07-08T08:40:00+00:00,1.1284419832882138,1.0061023355063201
2026-07-08T08:45:00+00:00,1.1284419832882138,1.0025698051159333
2026-07-08T08:50:00+00:00,1.1284419832882138,1.0030638471754674
2026-07-08T08:55:00+00:00,1.1284419832882138,1.0009540598414859
2026-07-08T09:00:00+00:00,1.1284419832882138,1.0036350211324423
2026-07-08T09:05:00+00:00,1.1284419832882138,1.0035789113867537
2026-07-08T09:10:00+00:00,1.1284419832882138,1.0063558780206427
2026-07-08T09:15:00+00:00,1.1284419832882138,1.0082792113456964
2026-07-08T09:20:00+00:00,1.1284419832882138,1.0075684042106385
2026-07-08T09:25:00+00:00,1.1284419832882138,1.0067451810258154
2026-07-08T09:30:00+00:00,1.1284419832882138,1.0055086484471103
2026-07-08T09:35:00+00:00,1.1284419832882138,1.0042860654929013
2026-07-08T09:40:00+00:00,1.1284419832882138,1.0046515057563343
2026-07-08T09:45:00+00:00,1.1284419832882138,1.00502672573981
2026-07-08T09:50:00+00:00,1.1284419832882138,1.004181534137151
2026-07-08T09:55:00+00:00,1.1284419832882138,1.0038162068999181
2026-07-08T10:00:00+00:00,1.1284419832882138,1.0056782795072847
2026-07-08T10:05:00+00:00,1.1284419832882138,1.0041727731008367
2026-07-08T10:10:00+00:00,1.1284419832882138,1.0044912607340963
2026-07-08T10:15:00+00:00,1.1284419832882138,1.0047537943869782
2026-07-08T10:20:00+00:00,1.1284419832882138,1.0030084527067138
2026-07-08T10:25:00+00:00,1.1284419832882138,1.002747077560822
2026-07-08T10:30:00+00:00,1.1284419832882138,1.0010515874446466
2026-07-08T10:35:00+00:00,1.1284419832882138,0.9998080220432526
2026-07-08T10:40:00+00:00,1.1284419832882138,1.0015277480558666
2026-07-08T10:45:00+00:00,1.1284419832882138,1.0004304958966757
2026-07-08T10:50:00+00:00,1.1284419832882138,1.0008936581632943
2026-07-08T10:55:00+00:00,1.1284419832882138,1.0013389120612723
2026-07-08T11:00:00+00:00,1.1284419832882138,1.002462822197811
2026-07-08T11:05:00+00:00,1.1284419832882138,1.003031333680993
2026-07-08T11:10:00+00:00,1.1284419832882138,1.003162033966469
2026-07-08T11:15:00+00:00,1.1284419832882138,1.0025269557786527
2026-07-08T11:20:00+00:00,1.1284419832882138,1.0029229403165472
2026-07-08T11:25:00+00:00,1.1284419832882138,1.0027594130893223
2026-07-08T11:30:00+00:00,1.1284419832882138,1.0032726561030711
2026-07-08T11:35:00+00:00,1.1284419832882138,1.0022823508404075
2026-07-08T11:40:00+00:00,1.1284419832882138,1.0022823508404075
2026-07-08T11:45:00+00:00,1.1284419832882138,1.0001399257410275
2026-07-08T11:50:00+00:00,1.1284419832882138,1.000092069247154
2026-07-08T11:55:00+00:00,1.1284419832882138,1.000045798678576
2026-07-08T12:00:00+00:00,1.1284419832882138,1.0000087873610823
2026-07-08T12:05:00+00:00,1.1284419832882138,0.9993056504000928
2026-07-08T12:10:00+00:00,1.1284419832882138,0.9968327170483249
2026-07-08T12:15:00+00:00,1.1284419832882138,0.9976378636079745
2026-07-08T12:20:00+00:00,1.1284419832882138,0.997362273037917
2026-07-08T12:25:00+00:00,1.1284419832882138,0.9994183115908388
2026-07-08T12:30:00+00:00,1.1284419832882138,0.9974424829281792
2026-07-08T12:35:00+00:00,1.1284419832882138,0.9978464544787023
2026-07-08T12:40:00+00:00,1.1284419832882138,0.9974419916959156
2026-07-08T12:45:00+00:00,1.1284419832882138,0.9968727593368845
2026-07-08T12:50:00+00:00,1.1284419832882138,0.9971477233211082
2026-07-08T12:55:00+00:00,1.1284419832882138,0.9954965734995946
2026-07-08T13:00:00+00:00,1.1284419832882138,0.997903987689983
2026-07-08T13:05:00+00:00,1.1284419832882138,0.996757013884265
2026-07-08T13:10:00+00:00,1.1284419832882138,0.9965554378146838
2026-07-08T13:15:00+00:00,1.1284419832882138,0.9959602333356068
2026-07-08T13:20:00+00:00,1.1284419832882138,0.9954483595005591
2026-07-08T13:25:00+00:00,1.1284419832882138,0.9967808321836225
2026-07-08T13:30:00+00:00,1.1284419832882138,0.9964601807960969
2026-07-08T13:35:00+00:00,1.1284419832882138,0.9860446297292956
2026-07-08T13:40:00+00:00,1.1284419832882138,0.9856431471603988
2026-07-08T13:45:00+00:00,1.1284419832882138,0.984056093280987
2026-07-08T13:50:00+00:00,1.1284419832882138,0.9849121268557343
2026-07-08T13:55:00+00:00,1.1284419832882138,0.9823029448527099
2026-07-08T14:00:00+00:00,1.1284419832882138,0.9812098579325698
2026-07-08T14:05:00+00:00,1.1284419832882138,0.9831746265618829
2026-07-08T14:10:00+00:00,1.1284419832882138,0.9839842565393343
2026-07-08T14:15:00+00:00,1.1284419832882138,0.9859456262560048
2026-07-08T14:20:00+00:00,1.1284419832882138,0.9850535431672076
2026-07-08T14:25:00+00:00,1.1284419832882138,0.9848448562720686
2026-07-08T14:30:00+00:00,1.1284419832882138,0.9842312013871957
2026-07-08T14:35:00+00:00,1.1284419832882138,0.9840590812450698
2026-07-08T14:40:00+00:00,1.1284419832882138,0.9854003887552479
2026-07-08T14:45:00+00:00,1.1284419832882138,0.9862998338396987
2026-07-08T14:50:00+00:00,1.1284419832882138,0.9902702115839745
2026-07-08T14:55:00+00:00,1.1284419832882138,0.9866807810225229
2026-07-08T15:00:00+00:00,1.1284419832882138,0.9862540919169591
2026-07-08T15:05:00+00:00,1.1284419832882138,0.9878179746814523
2026-07-08T15:10:00+00:00,1.1284419832882138,0.986986566490516
2026-07-08T15:15:00+00:00,1.1284419832882138,0.9902005146553453
2026-07-08T15:20:00+00:00,1.1284419832882138,0.9904610935201548
2026-07-08T15:25:00+00:00,1.1284419832882138,0.993830197312135
2026-07-08T15:30:00+00:00,1.1284419832882138,0.9931615367675132
2026-07-08T15:35:00+00:00,1.1284419832882138,0.9911290733184963
2026-07-08T15:40:00+00:00,1.1284419832882138,0.9915076452774005
2026-07-08T15:45:00+00:00,1.1284419832882138,0.9911194629333093
2026-07-08T15:50:00+00:00,1.1284419832882138,0.9917052301131882
2026-07-08T15:55:00+00:00,1.1284419832882138,0.9928256237768578
2026-07-08T16:00:00+00:00,1.1284419832882138,0.9921366322709944
2026-07-08T16:05:00+00:00,1.1284419832882138,0.9909260830363822
2026-07-08T16:10:00+00:00,1.1284419832882138,0.9898936726444297
2026-07-08T16:15:00+00:00,1.1284419832882138,0.9872298848738089
2026-07-08T16:20:00+00:00,1.1284419832882138,0.986735117468228
2026-07-08T16:25:00+00:00,1.1284419832882138,0.9861345052191376
2026-07-08T16:30:00+00:00,1.1284419832882138,0.9850603346253818
2026-07-08T16:35:00+00:00,1.1284419832882138,0.9855560696881964
2026-07-08T16:40:00+00:00,1.1284419832882138,0.9847849368448326
2026-07-08T16:45:00+00:00,1.1284419832882138,0.9835193671273456
2026-07-08T16:50:00+00:00,1.1284419832882138,0.9821193047050363
2026-07-08T16:55:00+00:00,1.1284419832882138,0.9813120854080439
2026-07-08T17:00:00+00:00,1.1284419832882138,0.98035384788986
2026-07-08T17:05:00+00:00,1.1284419832882138,0.9818760007909384
2026-07-08T17:10:00+00:00,1.1284419832882138,0.9812274340752875
2026-07-08T17:15:00+00:00,1.1284419832882138,0.9825220311225792
2026-07-08T17:20:00+00:00,1.1284419832882138,0.9809848680633461
2026-07-08T17:25:00+00:00,1.1284419832882138,0.9797734360300032
2026-07-08T17:30:00+00:00,1.1284419832882138,0.9787237096081552
2026-07-08T17:35:00+00:00,1.1284419832882138,0.9787236816587768
2026-07-08T17:40:00+00:00,1.1284419832882138,0.9792789610031473
2026-07-08T17:45:00+00:00,1.1284419832882138,0.9810791558479247
2026-07-08T17:50:00+00:00,1.1284419832882138,0.9825305307682219
2026-07-08T17:55:00+00:00,1.1284419832882138,0.9817402260547542
2026-07-08T18:00:00+00:00,1.1284419832882138,0.9820118636884285
2026-07-08T18:05:00+00:00,1.1284419832882138,0.979835376451455
2026-07-08T18:10:00+00:00,1.1284419832882138,0.979728607526622
2026-07-08T18:15:00+00:00,1.1284419832882138,0.980009297971093
2026-07-08T18:20:00+00:00,1.1284419832882138,0.9793601699451274
2026-07-08T18:25:00+00:00,1.1284419832882138,0.9800821775879746
2026-07-08T18:30:00+00:00,1.1284419832882138,0.9806315520234636
2026-07-08T18:35:00+00:00,1.1284419832882138,0.9812863948858371
2026-07-08T18:40:00+00:00,1.1284419832882138,0.9798259024578791
2026-07-08T18:45:00+00:00,1.1284419832882138,0.9798737760162782
2026-07-08T18:50:00+00:00,1.1284419832882138,0.9798650286928043
2026-07-08T18:55:00+00:00,1.1284419832882138,0.9797952934055298
2026-07-08T19:00:00+00:00,1.1284419832882138,0.9796820817504606
2026-07-08T19:05:00+00:00,1.1284419832882138,0.9798039485307863
2026-07-08T19:10:00+00:00,1.1284419832882138,0.9792480614009818
2026-07-08T19:15:00+00:00,1.1284419832882138,0.9792029262744566
2026-07-08T19:20:00+00:00,1.1284419832882138,0.979602902989878
2026-07-08T19:25:00+00:00,1.1284419832882138,0.9790023361179095
2026-07-08T19:30:00+00:00,1.1284419832882138,0.9784112021859223
2026-07-08T19:35:00+00:00,1.1284419832882138,0.9807188123043374
2026-07-08T19:40:00+00:00,1.1284419832882138,0.9803605302990713
2026-07-08T19:45:00+00:00,1.1284419832882138,0.9807183122865639
2026-07-08T19:50:00+00:00,1.1284419832882138,0.9806659094913576
2026-07-08T19:55:00+00:00,1.1284419832882138,0.9791982258942862
2026-07-08T20:00:00+00:00,1.1284419832882138,0.9802069075973352
2026-07-08T20:05:00+00:00,1.1284419832882138,0.9802330683069306
2026-07-08T20:10:00+00:00,1.1284419832882138,0.980791177408393
2026-07-08T20:15:00+00:00,1.1284419832882138,0.9811668188918312
2026-07-08T20:20:00+00:00,1.1284419832882138,0.9819354080209935
2026-07-08T20:25:00+00:00,1.1284419832882138,0.9815682514431799
2026-07-08T20:30:00+00:00,1.1284419832882138,0.9811041839904744
2026-07-08T20:35:00+00:00,1.1284419832882138,0.9819786083968831
2026-07-08T20:40:00+00:00,1.1284419832882138,0.9821423007238363
2026-07-08T20:45:00+00:00,1.1284419832882138,0.9820662470310492
2026-07-08T20:50:00+00:00,1.1284419832882138,0.9823205774575886
2026-07-08T20:55:00+00:00,1.1284419832882138,0.9817149760580017
2026-07-08T21:00:00+00:00,1.1284419832882138,0.9817938216298785
2026-07-08T21:05:00+00:00,1.1284419832882138,0.9822407208721549
2026-07-08T21:10:00+00:00,1.1284419832882138,0.9813632921020115
2026-07-08T21:15:00+00:00,1.1284419832882138,0.9806631934452595
2026-07-08T21:20:00+00:00,1.1284419832882138,0.9802265669121139
2026-07-08T21:25:00+00:00,1.1284419832882138,0.980653889881675
2026-07-08T21:30:00+00:00,1.1284419832882138,0.9810468430351778
2026-07-08T21:35:00+00:00,1.1284419832882138,0.9810992998228495
2026-07-08T21:40:00+00:00,1.1284419832882138,0.9802248797695314
2026-07-08T21:45:00+00:00,1.1284419832882138,0.9802248797695314
2026-07-08T21:50:00+00:00,1.1284419832882138,0.9798760452927452
2026-07-08T21:55:00+00:00,1.1284419832882138,0.9794753136241511
2026-07-08T22:00:00+00:00,1.1284419832882138,0.9794753136241511
2026-07-08T22:05:00+00:00,1.1284419832882138,0.9800930760097116
2026-07-08T22:10:00+00:00,1.1284419832882138,0.9802673125677995
2026-07-08T22:15:00+00:00,1.1284419832882138,0.9798472603053806
2026-07-08T22:20:00+00:00,1.1284419832882138,0.9795263539669953
2026-07-08T22:25:00+00:00,1.1284419832882138,0.9802225347445127
2026-07-08T22:30:00+00:00,1.1284419832882138,0.980658576797335
2026-07-08T22:35:00+00:00,1.1284419832882138,0.980658576797335
2026-07-08T22:40:00+00:00,1.1284419832882138,0.980658576797335
2026-07-08T22:45:00+00:00,1.1284419832882138,0.9799425126539923
2026-07-08T22:50:00+00:00,1.1284419832882138,0.9800557867031502
2026-07-08T22:55:00+00:00,1.1284419832882138,0.9799686225961132
2026-07-08T23:00:00+00:00,1.1284419832882138,0.9799337662542754
2026-07-08T23:05:00+00:00,1.1284419832882138,0.9793674111353371
2026-07-08T23:10:00+00:00,1.1284419832882138,0.9787411504013701
2026-07-08T23:15:00+00:00,1.1284419832882138,0.9791752204521069
2026-07-08T23:20:00+00:00,1.1284419832882138,0.9804791647265018
2026-07-08T23:25:00+00:00,1.1284419832882138,0.9798682199024777
2026-07-08T23:30:00+00:00,1.1284419832882138,0.9799292003215684
2026-07-08T23:35:00+00:00,1.1284419832882138,0.9800424708175777
2026-07-08T23:40:00+00:00,1.1284419832882138,0.9784754137541191
2026-07-08T23:45:00+00:00,1.1284419832882138,0.9776088384541719
2026-07-08T23:50:00+00:00,1.1284419832882138,0.9774868537401609
2026-07-08T23:55:00+00:00,1.1284419832882138,0.9768382399981632
2026-07-09T00:00:00+00:00,1.1284419832882138,0.9767432991029363
2026-07-09T08:05:00+00:00,1.1284419832882138,0.9663652056157573
2026-07-09T08:10:00+00:00,1.1284419832882138,0.9657548098450693
2026-07-09T08:15:00+00:00,1.1284419832882138,0.9669732909995776
2026-07-09T08:20:00+00:00,1.1284419832882138,0.9659512444805789
2026-07-09T08:25:00+00:00,1.1284419832882138,0.9664105452365782
2026-07-09T08:30:00+00:00,1.1284419832882138,0.9670795729591372
2026-07-09T08:35:00+00:00,1.1284419832882138,0.9674985849058264
2026-07-09T08:40:00+00:00,1.1284419832882138,0.9678174482729246
2026-07-09T08:45:00+00:00,1.1284419832882138,0.9674058755539999
2026-07-09T08:50:00+00:00,1.1284419832882138,0.9683454140467598
2026-07-09T08:55:00+00:00,1.1284419832882138,0.9675040915094032
2026-07-09T09:00:00+00:00,1.1284419832882138,0.9679068755680378
2026-07-09T09:05:00+00:00,1.1284419832882138,0.9686714252396624
2026-07-09T09:10:00+00:00,1.1284419832882138,0.9687722097938992
2026-07-09T09:15:00+00:00,1.1284419832882138,0.9682835946406066
2026-07-09T09:20:00+00:00,1.1284419832882138,0.9677957180639756
2026-07-09T09:25:00+00:00,1.1284419832882138,0.9684004434059116
2026-07-09T09:30:00+00:00,1.1284419832882138,0.9678198272421094
2026-07-09T09:35:00+00:00,1.1284419832882138,0.9677526303646212
2026-07-09T09:40:00+00:00,1.1284419832882138,0.9683908677507934
2026-07-09T09:45:00+00:00,1.1284419832882138,0.9687526911464566
2026-07-09T09:50:00+00:00,1.1284419832882138,0.9687526911464566
2026-07-09T09:55:00+00:00,1.1284419832882138,0.9683314943242189
2026-07-09T10:00:00+00:00,1.1284419832882138,0.9681632351592625
2026-07-09T10:05:00+00:00,1.1284419832882138,0.9677848493195703
2026-07-09T10:10:00+00:00,1.1284419832882138,0.9679948173941428
2026-07-09T10:15:00+00:00,1.1284419832882138,0.9683393892600324
2026-07-09T10:20:00+00:00,1.1284419832882138,0.9674901654350081
2026-07-09T10:25:00+00:00,1.1284419832882138,0.9667349692954665
2026-07-09T10:30:00+00:00,1.1284419832882138,0.9665507974100794
2026-07-09T10:35:00+00:00,1.1284419832882138,0.9670695307420226
2026-07-09T10:40:00+00:00,1.1284419832882138,0.9659726184587769
2026-07-09T10:45:00+00:00,1.1284419832882138,0.9665238296847481
2026-07-09T10:50:00+00:00,1.1284419832882138,0.9674850127867428
2026-07-09T10:55:00+00:00,1.1284419832882138,0.9687352752924256
2026-07-09T11:00:00+00:00,1.1284419832882138,0.9682803988131836
2026-07-09T11:05:00+00:00,1.1284419832882138,0.96749810294758
2026-07-09T11:10:00+00:00,1.1284419832882138,0.9685554228977205
2026-07-09T11:15:00+00:00,1.1284419832882138,0.9678987409066038
2026-07-09T11:20:00+00:00,1.1284419832882138,0.9676601269808941
2026-07-09T11:25:00+00:00,1.1284419832882138,0.9659759519780104
2026-07-09T11:30:00+00:00,1.1284419832882138,0.9650488796555635
2026-07-09T11:35:00+00:00,1.1284419832882138,0.9637164336048518
2026-07-09T11:40:00+00:00,1.1284419832882138,0.9629368351129511
2026-07-09T11:45:00+00:00,1.1284419832882138,0.9617868177565166
2026-07-09T11:50:00+00:00,1.1284419832882138,0.9614817921941677
2026-07-09T11:55:00+00:00,1.1284419832882138,0.9610699874176584
2026-07-09T12:00:00+00:00,1.1284419832882138,0.9611028895055536
2026-07-09T12:05:00+00:00,1.1284419832882138,0.961167890914945
2026-07-09T12:10:00+00:00,1.1284419832882138,0.9599995078123742
2026-07-09T12:15:00+00:00,1.1284419832882138,0.9591796961063005
2026-07-09T12:20:00+00:00,1.1284419832882138,0.9594904278066589
2026-07-09T12:25:00+00:00,1.1284419832882138,0.9580971596992641
2026-07-09T12:30:00+00:00,1.1284419832882138,0.9581234012469142
2026-07-09T12:35:00+00:00,1.1284419832882138,0.9571437412073998
2026-07-09T12:40:00+00:00,1.1284419832882138,0.9566887245729271
2026-07-09T12:45:00+00:00,1.1284419832882138,0.9575958831825636
2026-07-09T12:50:00+00:00,1.1284419832882138,0.9575716353131317
2026-07-09T12:55:00+00:00,1.1284419832882138,0.9574170465469374
2026-07-09T13:00:00+00:00,1.1284419832882138,0.9575747320691707
2026-07-09T13:05:00+00:00,1.1284419832882138,0.9575390135756944
2026-07-09T13:10:00+00:00,1.1284419832882138,0.9573681697414965
2026-07-09T13:15:00+00:00,1.1284419832882138,0.9569372231549234
2026-07-09T13:20:00+00:00,1.1284419832882138,0.9578223137574273
2026-07-09T13:25:00+00:00,1.1284419832882138,0.9580421658569891
2026-07-09T13:30:00+00:00,1.1284419832882138,0.9572843758196967
2026-07-09T13:35:00+00:00,1.1284419832882138,0.955611762229212
2026-07-09T13:40:00+00:00,1.1284419832882138,0.9535828719824826
2026-07-09T13:45:00+00:00,1.1284419832882138,0.9537675759018361
2026-07-09T13:50:00+00:00,1.1284419832882138,0.9554072477540863
2026-07-09T13:55:00+00:00,1.1284419832882138,0.9538074659740045
2026-07-09T14:00:00+00:00,1.1284419832882138,0.953686740385757
2026-07-09T14:05:00+00:00,1.1284419832882138,0.953389391085712
2026-07-09T14:10:00+00:00,1.1284419832882138,0.9545129295152995
2026-07-09T14:15:00+00:00,1.1284419832882138,0.9564239725153666
2026-07-09T14:20:00+00:00,1.1284419832882138,0.9603078503351338
2026-07-09T14:25:00+00:00,1.1284419832882138,0.9594252689231569
2026-07-09T14:30:00+00:00,1.1284419832882138,0.9578908144428115
2026-07-09T14:35:00+00:00,1.1284419832882138,0.9587056407234047
2026-07-09T14:40:00+00:00,1.1284419832882138,0.9578729351277144
2026-07-09T14:45:00+00:00,1.1284419832882138,0.9570341312369288
2026-07-09T14:50:00+00:00,1.1284419832882138,0.9553774794048725
2026-07-09T14:55:00+00:00,1.1284419832882138,0.9581888753730501
2026-07-09T15:00:00+00:00,1.1284419832882138,0.9576184225522084
2026-07-09T15:05:00+00:00,1.1284419832882138,0.956429622805355
2026-07-09T15:10:00+00:00,1.1284419832882138,0.9550270760381006
2026-07-09T15:15:00+00:00,1.1284419832882138,0.9543893763435491
2026-07-09T15:20:00+00:00,1.1284419832882138,0.9559927548348394
2026-07-09T15:25:00+00:00,1.1284419832882138,0.9551062815190442
2026-07-09T15:30:00+00:00,1.1284419832882138,0.9559823883047555
2026-07-09T15:35:00+00:00,1.1284419832882138,0.9561362541221832
2026-07-09T15:40:00+00:00,1.1284419832882138,0.956282090585866
2026-07-09T15:45:00+00:00,1.1284419832882138,0.9556338772609219
2026-07-09T15:50:00+00:00,1.1284419832882138,0.955027419063556
2026-07-09T15:55:00+00:00,1.1284419832882138,0.9549789816983543
2026-07-09T16:00:00+00:00,1.1284419832882138,0.9552856771034255
2026-07-09T16:05:00+00:00,1.1284419832882138,0.9546070061197358
2026-07-09T16:10:00+00:00,1.1284419832882138,0.9543810479965382
2026-07-09T16:15:00+00:00,1.1284419832882138,0.9551826900492123
2026-07-09T16:20:00+00:00,1.1284419832882138,0.9552756158910418
2026-07-09T16:25:00+00:00,1.1284419832882138,0.9555906964309616
2026-07-09T16:30:00+00:00,1.1284419832882138,0.9567474924570706
2026-07-09T16:35:00+00:00,1.1284419832882138,0.9572221352857976
2026-07-09T16:40:00+00:00,1.1284419832882138,0.9575920320394528
2026-07-09T16:45:00+00:00,1.1284419832882138,0.9563305538151574
2026-07-09T16:50:00+00:00,1.1284419832882138,0.9567278420574432
2026-07-09T16:55:00+00:00,1.1284419832882138,0.9560785470032143
2026-07-09T17:00:00+00:00,1.1284419832882138,0.9566294160735986
2026-07-09T17:05:00+00:00,1.1284419832882138,0.9565401317307679
2026-07-09T17:10:00+00:00,1.1284419832882138,0.9553886493872509
2026-07-09T17:15:00+00:00,1.1284419832882138,0.9552875428246003
2026-07-09T17:20:00+00:00,1.1284419832882138,0.9547706290002991
2026-07-09T17:25:00+00:00,1.1284419832882138,0.9546375223603262
2026-07-09T17:30:00+00:00,1.1284419832882138,0.9550245637235374
2026-07-09T17:35:00+00:00,1.1284419832882138,0.9560497221063505
2026-07-09T17:40:00+00:00,1.1284419832882138,0.9555718792676872
2026-07-09T17:45:00+00:00,1.1284419832882138,0.9557255153020242
2026-07-09T17:50:00+00:00,1.1284419832882138,0.955749777217133
2026-07-09T17:55:00+00:00,1.1284419832882138,0.9562190050183085
2026-07-09T18:00:00+00:00,1.1284419832882138,0.9564054007506466
2026-07-09T18:05:00+00:00,1.1284419832882138,0.9574759697465797
2026-07-09T18:10:00+00:00,1.1284419832882138,0.9562640027787448
2026-07-09T18:15:00+00:00,1.1284419832882138,0.9571802600348636
2026-07-09T18:20:00+00:00,1.1284419832882138,0.9573753565856247
2026-07-09T18:25:00+00:00,1.1284419832882138,0.958546684888923
2026-07-09T18:30:00+00:00,1.1284419832882138,0.958636482730106
2026-07-09T18:35:00+00:00,1.1284419832882138,0.9587588584636048
2026-07-09T18:40:00+00:00,1.1284419832882138,0.9588323595281587
2026-07-09T18:45:00+00:00,1.1284419832882138,0.9581623785479125
2026-07-09T18:50:00+00:00,1.1284419832882138,0.9581541785732627
2026-07-09T18:55:00+00:00,1.1284419832882138,0.958374303128521
2026-07-09T19:00:00+00:00,1.1284419832882138,0.959137224339444
2026-07-09T19:05:00+00:00,1.1284419832882138,0.9617862599144824
2026-07-09T19:10:00+00:00,1.1284419832882138,0.9610318190037817
2026-07-09T19:15:00+00:00,1.1284419832882138,0.9616078057745352
2026-07-09T19:20:00+00:00,1.1284419832882138,0.9602148871327999
2026-07-09T19:25:00+00:00,1.1284419832882138,0.9607482179613697
2026-07-09T19:30:00+00:00,1.1284419832882138,0.9615783390797042
2026-07-09T19:35:00+00:00,1.1284419832882138,0.9627612467145431
2026-07-09T19:40:00+00:00,1.1284419832882138,0.9614251103303976
2026-07-09T19:45:00+00:00,1.1284419832882138,0.9616968774122051
2026-07-09T19:50:00+00:00,1.1284419832882138,0.961845253500797
2026-07-09T19:55:00+00:00,1.1284419832882138,0.9650215177199025
2026-07-09T20:00:00+00:00,1.1284419832882138,0.9629649792780878
2026-07-09T20:05:00+00:00,1.1284419832882138,0.9626918329456469
2026-07-09T20:10:00+00:00,1.1284419832882138,0.9613934237762529
2026-07-09T20:15:00+00:00,1.1284419832882138,0.9618876287576321
2026-07-09T20:20:00+00:00,1.1284419832882138,0.9618876287576321
2026-07-09T20:25:00+00:00,1.1284419832882138,0.9618876287576321
2026-07-09T20:30:00+00:00,1.1284419832882138,0.962646579545331
2026-07-09T20:35:00+00:00,1.1284419832882138,0.9629277263267402
2026-07-09T20:40:00+00:00,1.1284419832882138,0.9624640811473297
2026-07-09T20:45:00+00:00,1.1284419832882138,0.9624558168155322
2026-07-09T20:50:00+00:00,1.1284419832882138,0.96229879855619
2026-07-09T20:55:00+00:00,1.1284419832882138,0.9625053004442923
2026-07-09T21:00:00+00:00,1.1284419832882138,0.9627119353306048
2026-07-09T21:05:00+00:00,1.1284419832882138,0.9618848632212142
2026-07-09T21:10:00+00:00,1.1284419832882138,0.9618436160143866
2026-07-09T21:15:00+00:00,1.1284419832882138,0.9618023741133482
2026-07-09T21:20:00+00:00,1.1284419832882138,0.9618848473061209
2026-07-09T21:25:00+00:00,1.1284419832882138,0.962091083336847
2026-07-09T21:30:00+00:00,1.1284419832882138,0.9622974520805915
2026-07-09T21:35:00+00:00,1.1284419832882138,0.9627104552789093
2026-07-09T21:40:00+00:00,1.1284419832882138,0.9635375261167778
2026-07-09T21:45:00+00:00,1.1284419832882138,0.962700027922821
2026-07-09T21:50:00+00:00,1.1284419832882138,0.962377479331826
2026-07-09T21:55:00+00:00,1.1284419832882138,0.962377479331826
2026-07-09T22:00:00+00:00,1.1284419832882138,0.962377479331826
2026-07-09T22:05:00+00:00,1.1284419832882138,0.962377479331826
2026-07-09T22:10:00+00:00,1.1284419832882138,0.9618900113434968
2026-07-09T22:15:00+00:00,1.1284419832882138,0.9618817617164763
2026-07-09T22:20:00+00:00,1.1284419832882138,0.9618817003943696
2026-07-09T22:25:00+00:00,1.1284419832882138,0.9621291828215722
2026-07-09T22:30:00+00:00,1.1284419832882138,0.9624812094935776
2026-07-09T22:35:00+00:00,1.1284419832882138,0.9620874718690291
2026-07-09T22:40:00+00:00,1.1284419832882138,0.9623763870257466
2026-07-09T22:45:00+00:00,1.1284419832882138,0.9618806574307813
2026-07-09T22:50:00+00:00,1.1284419832882138,0.961905405646667
2026-07-09T22:55:00+00:00,1.1284419832882138,0.961468153416713
2026-07-09T23:00:00+00:00,1.1284419832882138,0.9618718546979249
2026-07-09T23:05:00+00:00,1.1284419832882138,0.9621440779119781
2026-07-09T23:10:00+00:00,1.1284419832882138,0.9619624415960408
2026-07-09T23:15:00+00:00,1.1284419832882138,0.9610960317798838
2026-07-09T23:20:00+00:00,1.1284419832882138,0.961062648247845
2026-07-09T23:25:00+00:00,1.1284419832882138,0.961062648247845
2026-07-09T23:30:00+00:00,1.1284419832882138,0.9606279409779694
2026-07-09T23:35:00+00:00,1.1284419832882138,0.9610538416399409
2026-07-09T23:40:00+00:00,1.1284419832882138,0.9610538416399409
2026-07-09T23:45:00+00:00,1.1284419832882138,0.9611887018493972
2026-07-09T23:50:00+00:00,1.1284419832882138,0.9610455531855413
2026-07-09T23:55:00+00:00,1.1284419832882138,0.9610537811743873
2026-07-10T00:00:00+00:00,1.1284419832882138,0.9614652757342328
2026-07-10T08:05:00+00:00,1.1284419832882138,0.9705217269182721
2026-07-10T08:10:00+00:00,1.1284419832882138,0.9700894798824427
2026-07-10T08:15:00+00:00,1.1284419832882138,0.9690821124799105
2026-07-10T08:20:00+00:00,1.1284419832882138,0.9692924124243592
2026-07-10T08:25:00+00:00,1.1284419832882138,0.9711667436319731
2026-07-10T08:30:00+00:00,1.1284419832882138,0.9707082343861223
2026-07-10T08:35:00+00:00,1.1284419832882138,0.9711746600998075
2026-07-10T08:40:00+00:00,1.1284419832882138,0.9699177399247828
2026-07-10T08:45:00+00:00,1.1284419832882138,0.9701292352889181
2026-07-10T08:50:00+00:00,1.1284419832882138,0.9685631453366629
2026-07-10T08:55:00+00:00,1.1284419832882138,0.9690349165477515
2026-07-10T09:00:00+00:00,1.1284419832882138,0.9696170408886151
2026-07-10T09:05:00+00:00,1.1284419832882138,0.9712651870093725
2026-07-10T09:10:00+00:00,1.1284419832882138,0.9710782908831221
2026-07-10T09:15:00+00:00,1.1284419832882138,0.9709679159921374
2026-07-10T09:20:00+00:00,1.1284419832882138,0.9701870676680878
2026-07-10T09:25:00+00:00,1.1284419832882138,0.9697721828122987
2026-07-10T09:30:00+00:00,1.1284419832882138,0.9688504586714001
2026-07-10T09:35:00+00:00,1.1284419832882138,0.9688504586714001
2026-07-10T09:40:00+00:00,1.1284419832882138,0.9685216060352975
2026-07-10T09:45:00+00:00,1.1284419832882138,0.9690103542116025
2026-07-10T09:50:00+00:00,1.1284419832882138,0.9689419375013713
2026-07-10T09:55:00+00:00,1.1284419832882138,0.9694311402414528
2026-07-10T10:00:00+00:00,1.1284419832882138,0.9692706411941672
2026-07-10T10:05:00+00:00,1.1284419832882138,0.9682068075635882
2026-07-10T10:10:00+00:00,1.1284419832882138,0.9684760998648262
2026-07-10T10:15:00+00:00,1.1284419832882138,0.9684255654038461
2026-07-10T10:20:00+00:00,1.1284419832882138,0.9684255654038461
2026-07-10T10:25:00+00:00,1.1284419832882138,0.9694360964286154
2026-07-10T10:30:00+00:00,1.1284419832882138,0.9690559585378931
2026-07-10T10:35:00+00:00,1.1284419832882138,0.9677481337788737
2026-07-10T10:40:00+00:00,1.1284419832882138,0.9676640986856313
2026-07-10T10:45:00+00:00,1.1284419832882138,0.9681093686737398
2026-07-10T10:50:00+00:00,1.1284419832882138,0.9684206470393212
2026-07-10T10:55:00+00:00,1.1284419832882138,0.9684795943830542
2026-07-10T11:00:00+00:00,1.1284419832882138,0.9679995069212777
2026-07-10T11:05:00+00:00,1.1284419832882138,0.9660522384083972
2026-07-10T11:10:00+00:00,1.1284419832882138,0.9665583239377309
2026-07-10T11:15:00+00:00,1.1284419832882138,0.9662317896206404
2026-07-10T11:20:00+00:00,1.1284419832882138,0.9653200923814726
2026-07-10T11:25:00+00:00,1.1284419832882138,0.9653951574493972
2026-07-10T11:30:00+00:00,1.1284419832882138,0.9670886868044112
2026-07-10T11:35:00+00:00,1.1284419832882138,0.967566721172726
2026-07-10T11:40:00+00:00,1.1284419832882138,0.9685578051405938
2026-07-10T11:45:00+00:00,1.1284419832882138,0.9675636694023924
2026-07-10T11:50:00+00:00,1.1284419832882138,0.9679836189116815
2026-07-10T11:55:00+00:00,1.1284419832882138,0.9682947865389598
2026-07-10T12:00:00+00:00,1.1284419832882138,0.9684126392593146
2026-07-10T12:05:00+00:00,1.1284419832882138,0.9705684474964178
2026-07-10T12:10:00+00:00,1.1284419832882138,0.9705854027302017
2026-07-10T12:15:00+00:00,1.1284419832882138,0.9678215547777721
2026-07-10T12:20:00+00:00,1.1284419832882138,0.9683847597751674
2026-07-10T12:25:00+00:00,1.1284419832882138,0.9688479003124512
2026-07-10T12:30:00+00:00,1.1284419832882138,0.9675323787487926
2026-07-10T12:35:00+00:00,1.1284419832882138,0.9682210617148643
2026-07-10T12:40:00+00:00,1.1284419832882138,0.96829681050705
2026-07-10T12:45:00+00:00,1.1284419832882138,0.9697450126330655
2026-07-10T12:50:00+00:00,1.1284419832882138,0.9701424629765876
2026-07-10T12:55:00+00:00,1.1284419832882138,0.9709383418364416
2026-07-10T13:00:00+00:00,1.1284419832882138,0.9714815526156566
2026-07-10T13:05:00+00:00,1.1284419832882138,0.9719725390828783
2026-07-10T13:10:00+00:00,1.1284419832882138,0.9723323250527944
2026-07-10T13:15:00+00:00,1.1284419832882138,0.9721022094103855
2026-07-10T13:20:00+00:00,1.1284419832882138,0.9717444430872587
2026-07-10T13:25:00+00:00,1.1284419832882138,0.9714211068745401
2026-07-10T13:30:00+00:00,1.1284419832882138,0.9709451632045258
2026-07-10T13:35:00+00:00,1.1284419832882138,0.9689336927420004
2026-07-10T13:40:00+00:00,1.1284419832882138,0.9724665301623384
2026-07-10T13:45:00+00:00,1.1284419832882138,0.9710385786535665
2026-07-10T13:50:00+00:00,1.1284419832882138,0.9659546836399914
2026-07-10T13:55:00+00:00,1.1284419832882138,0.96664646398164
2026-07-10T14:00:00+00:00,1.1284419832882138,0.9675450564632168
2026-07-10T14:05:00+00:00,1.1284419832882138,0.9670746360884097
2026-07-10T14:10:00+00:00,1.1284419832882138,0.9662780613114558
2026-07-10T14:15:00+00:00,1.1284419832882138,0.9670644129415108
2026-07-10T14:20:00+00:00,1.1284419832882138,0.9692700170539544
2026-07-10T14:25:00+00:00,1.1284419832882138,0.9686619845165774
2026-07-10T14:30:00+00:00,1.1284419832882138,0.9676758852431818
2026-07-10T14:35:00+00:00,1.1284419832882138,0.9679276235433363
2026-07-10T14:40:00+00:00,1.1284419832882138,0.9672317699948004
2026-07-10T14:45:00+00:00,1.1284419832882138,0.9673135525338075
2026-07-10T14:50:00+00:00,1.1284419832882138,0.9667260325362127
2026-07-10T14:55:00+00:00,1.1284419832882138,0.9682507338160067
2026-07-10T15:00:00+00:00,1.1284419832882138,0.9695050577343445
2026-07-10T15:05:00+00:00,1.1284419832882138,0.9692684282550831
2026-07-10T15:10:00+00:00,1.1284419832882138,0.9680261246884889
2026-07-10T15:15:00+00:00,1.1284419832882138,0.967765347627033
2026-07-10T15:20:00+00:00,1.1284419832882138,0.9660841338830748
2026-07-10T15:25:00+00:00,1.1284419832882138,0.9657245747725162
2026-07-10T15:30:00+00:00,1.1284419832882138,0.9639396627186642
2026-07-10T15:35:00+00:00,1.1284419832882138,0.9643196923129412
2026-07-10T15:40:00+00:00,1.1284419832882138,0.9666568816651588
2026-07-10T15:45:00+00:00,1.1284419832882138,0.9675241627993295
2026-07-10T15:50:00+00:00,1.1284419832882138,0.9666460783281395
2026-07-10T15:55:00+00:00,1.1284419832882138,0.9661430797785857
2026-07-10T16:00:00+00:00,1.1284419832882138,0.9652641406360355
2026-07-10T16:05:00+00:00,1.1284419832882138,0.9639212350273957
2026-07-10T16:10:00+00:00,1.1284419832882138,0.9646067000438461
2026-07-10T16:15:00+00:00,1.1284419832882138,0.9643652871312273
2026-07-10T16:20:00+00:00,1.1284419832882138,0.9623812871839793
2026-07-10T16:25:00+00:00,1.1284419832882138,0.9629185657490469
2026-07-10T16:30:00+00:00,1.1284419832882138,0.9624654015326766
2026-07-10T16:35:00+00:00,1.1284419832882138,0.962115947969682
2026-07-10T16:40:00+00:00,1.1284419832882138,0.9624578829535197
2026-07-10T16:45:00+00:00,1.1284419832882138,0.9627439239558093
2026-07-10T16:50:00+00:00,1.1284419832882138,0.9622640196712252
2026-07-10T16:55:00+00:00,1.1284419832882138,0.9629416578977216
2026-07-10T17:00:00+00:00,1.1284419832882138,0.9631424889468545
2026-07-10T17:05:00+00:00,1.1284419832882138,0.9634884935446973
2026-07-10T17:10:00+00:00,1.1284419832882138,0.9630403096500793
2026-07-10T17:15:00+00:00,1.1284419832882138,0.9622617268569071
2026-07-10T17:20:00+00:00,1.1284419832882138,0.962418694856213
2026-07-10T17:25:00+00:00,1.1284419832882138,0.96136853206383
2026-07-10T17:30:00+00:00,1.1284419832882138,0.9604044366882485
2026-07-10T17:35:00+00:00,1.1284419832882138,0.9607412093784844
2026-07-10T17:40:00+00:00,1.1284419832882138,0.9598716101399454
2026-07-10T17:45:00+00:00,1.1284419832882138,0.9593938753819137
2026-07-10T17:50:00+00:00,1.1284419832882138,0.9598770599620472
2026-07-10T17:55:00+00:00,1.1284419832882138,0.9608204159869302
2026-07-10T18:00:00+00:00,1.1284419832882138,0.9615032329788967
2026-07-10T18:05:00+00:00,1.1284419832882138,0.9613342345684364
2026-07-10T18:10:00+00:00,1.1284419832882138,0.9614784044515309
2026-07-10T18:15:00+00:00,1.1284419832882138,0.9616020683291785
2026-07-10T18:20:00+00:00,1.1284419832882138,0.9622907296042483
2026-07-10T18:25:00+00:00,1.1284419832882138,0.9621708917633562
2026-07-10T18:30:00+00:00,1.1284419832882138,0.9625343719371293
2026-07-10T18:35:00+00:00,1.1284419832882138,0.9621208331610505
2026-07-10T18:40:00+00:00,1.1284419832882138,0.9629470348821989
2026-07-10T18:45:00+00:00,1.1284419832882138,0.9633279337253924
2026-07-10T18:50:00+00:00,1.1284419832882138,0.963385928707143
2026-07-10T18:55:00+00:00,1.1284419832882138,0.9631204980758683
2026-07-10T19:00:00+00:00,1.1284419832882138,0.9631453348256093
2026-07-10T19:05:00+00:00,1.1284419832882138,0.9621094799721766
2026-07-10T19:10:00+00:00,1.1284419832882138,0.9634807358636112
2026-07-10T19:15:00+00:00,1.1284419832882138,0.9633562958780943
2026-07-10T19:20:00+00:00,1.1284419832882138,0.9637791600610549
2026-07-10T19:25:00+00:00,1.1284419832882138,0.964094644632064
2026-07-10T19:30:00+00:00,1.1284419832882138,0.9632718502737339
2026-07-10T19:35:00+00:00,1.1284419832882138,0.9629113051758069
2026-07-10T19:40:00+00:00,1.1284419832882138,0.9621619939791193
2026-07-10T19:45:00+00:00,1.1284419832882138,0.9624677199101095
2026-07-10T19:50:00+00:00,1.1284419832882138,0.9624677164995478
2026-07-10T19:55:00+00:00,1.1284419832882138,0.9627652556533085
2026-07-10T20:00:00+00:00,1.1284419832882138,0.9629390929333809
2026-07-10T20:05:00+00:00,1.1284419832882138,0.9628231440282559
2026-07-10T20:10:00+00:00,1.1284419832882138,0.9632205395613213
2026-07-10T20:15:00+00:00,1.1284419832882138,0.9628475195589093
2026-07-10T20:20:00+00:00,1.1284419832882138,0.9625246108542675
2026-07-10T20:25:00+00:00,1.1284419832882138,0.9623922686831066
2026-07-10T20:30:00+00:00,1.1284419832882138,0.9623922686831066
2026-07-10T20:35:00+00:00,1.1284419832882138,0.9622950372992602
2026-07-10T20:40:00+00:00,1.1284419832882138,0.9626982268946227
2026-07-10T20:45:00+00:00,1.1284419832882138,0.9627973717867706
2026-07-10T20:50:00+00:00,1.1284419832882138,0.9627973717867706
2026-07-10T20:55:00+00:00,1.1284419832882138,0.9623917289670637
2026-07-10T21:00:00+00:00,1.1284419832882138,0.9623917289670637
2026-07-10T21:05:00+00:00,1.1284419832882138,0.9623917289670637
2026-07-10T21:10:00+00:00,1.1284419832882138,0.9625322844601258
2026-07-10T21:15:00+00:00,1.1284419832882138,0.9625157412725203
2026-07-10T21:20:00+00:00,1.1284419832882138,0.9625901817784192
2026-07-10T21:25:00+00:00,1.1284419832882138,0.9625901817784192
2026-07-10T21:30:00+00:00,1.1284419832882138,0.9627225511653523
2026-07-10T21:35:00+00:00,1.1284419832882138,0.9627225511653523
2026-07-10T21:40:00+00:00,1.1284419832882138,0.9627225511653523
2026-07-10T21:45:00+00:00,1.1284419832882138,0.9623914911408801
2026-07-10T21:50:00+00:00,1.1284419832882138,0.9623914911408801
2026-07-10T21:55:00+00:00,1.1284419832882138,0.9623914911408801
2026-07-10T22:00:00+00:00,1.1284419832882138,0.9623914911408801
2026-07-10T22:05:00+00:00,1.1284419832882138,0.9625237786310712
2026-07-10T22:10:00+00:00,1.1284419832882138,0.9625237786310712
2026-07-10T22:15:00+00:00,1.1284419832882138,0.9627222917161732
2026-07-10T22:20:00+00:00,1.1284419832882138,0.9628050566999864
2026-07-10T22:25:00+00:00,1.1284419832882138,0.9628050566999864
2026-07-10T22:30:00+00:00,1.1284419832882138,0.9627884994333192
2026-07-10T22:35:00+00:00,1.1284419832882138,0.9627884966042837
2026-07-10T22:40:00+00:00,1.1284419832882138,0.9627884966042837
2026-07-10T22:45:00+00:00,1.1284419832882138,0.9625567068300289
2026-07-10T22:50:00+00:00,1.1284419832882138,0.9625649790602354
2026-07-10T22:55:00+00:00,1.1284419832882138,0.9625567066167501
2026-07-10T23:00:00+00:00,1.1284419832882138,0.9626752476755832
2026-07-10T23:05:00+00:00,1.1284419832882138,0.96225875247132
2026-07-10T23:10:00+00:00,1.1284419832882138,0.96225875247132
2026-07-10T23:15:00+00:00,1.1284419832882138,0.9622670170270475
2026-07-10T23:20:00+00:00,1.1284419832882138,0.9622670170270475
2026-07-10T23:25:00+00:00,1.1284419832882138,0.9623083408704308
2026-07-10T23:30:00+00:00,1.1284419832882138,0.9623083408704308
2026-07-10T23:35:00+00:00,1.1284419832882138,0.9625976450443741
2026-07-10T23:40:00+00:00,1.1284419832882138,0.9624735456487947
2026-07-10T23:45:00+00:00,1.1284419832882138,0.9620186904759928
2026-07-10T23:50:00+00:00,1.1284419832882138,0.9617131453017516
2026-07-10T23:55:00+00:00,1.1284419832882138,0.960739584415495
2026-07-11T00:00:00+00:00,1.1284419832882138,0.960739584415495
2026-07-13T08:05:00+00:00,1.1284419832882138,0.9785390751672606
2026-07-13T08:10:00+00:00,1.1284419832882138,0.9789653670127493
2026-07-13T08:15:00+00:00,1.1284419832882138,0.97725827437988
2026-07-13T08:20:00+00:00,1.1284419832882138,0.9760914596074606
2026-07-13T08:25:00+00:00,1.1284419832882138,0.976960573021813
2026-07-13T08:30:00+00:00,1.1284419832882138,0.9763546254751931
2026-07-13T08:35:00+00:00,1.1284419832882138,0.9767174644432721
2026-07-13T08:40:00+00:00,1.1284419832882138,0.9767001645484044
2026-07-13T08:45:00+00:00,1.1284419832882138,0.9763541850356348
2026-07-13T08:50:00+00:00,1.1284419832882138,0.9755851981111378
2026-07-13T08:55:00+00:00,1.1284419832882138,0.9744559887157379
2026-07-13T09:00:00+00:00,1.1284419832882138,0.9754008949107198
2026-07-13T09:05:00+00:00,1.1284419832882138,0.9753911786111966
2026-07-13T09:10:00+00:00,1.1284419832882138,0.975658239134213
2026-07-13T09:15:00+00:00,1.1284419832882138,0.9754858004210397
2026-07-13T09:20:00+00:00,1.1284419832882138,0.9750549321346347
2026-07-13T09:25:00+00:00,1.1284419832882138,0.9744180913139996
2026-07-13T09:30:00+00:00,1.1284419832882138,0.9745812845279389
2026-07-13T09:35:00+00:00,1.1284419832882138,0.9751312642670253
2026-07-13T09:40:00+00:00,1.1284419832882138,0.9742360324430481
2026-07-13T09:45:00+00:00,1.1284419832882138,0.9735922074149996
2026-07-13T09:50:00+00:00,1.1284419832882138,0.9736693134504337
2026-07-13T09:55:00+00:00,1.1284419832882138,0.9746205138675449
2026-07-13T10:00:00+00:00,1.1284419832882138,0.974491595810155
2026-07-13T10:05:00+00:00,1.1284419832882138,0.9742166797291717
2026-07-13T10:10:00+00:00,1.1284419832882138,0.9753154138913769
2026-07-13T10:15:00+00:00,1.1284419832882138,0.9753929306147826
2026-07-13T10:20:00+00:00,1.1284419832882138,0.9756116660547077
2026-07-13T10:25:00+00:00,1.1284419832882138,0.9754789916089478
2026-07-13T10:30:00+00:00,1.1284419832882138,0.9757892146098129
2026-07-13T10:35:00+00:00,1.1284419832882138,0.9758927209970498
2026-07-13T10:40:00+00:00,1.1284419832882138,0.9752976003296601
2026-07-13T10:45:00+00:00,1.1284419832882138,0.9759349259016596
2026-07-13T10:50:00+00:00,1.1284419832882138,0.9760384788674299
2026-07-13T10:55:00+00:00,1.1284419832882138,0.9760384788674299
2026-07-13T11:00:00+00:00,1.1284419832882138,0.9759089964478401
2026-07-13T11:05:00+00:00,1.1284419832882138,0.97293208571597
2026-07-13T11:10:00+00:00,1.1284419832882138,0.9735733538979605
2026-07-13T11:15:00+00:00,1.1284419832882138,0.973316338757016
2026-07-13T11:20:00+00:00,1.1284419832882138,0.9735731504558964
2026-07-13T11:25:00+00:00,1.1284419832882138,0.9735046130992998
2026-07-13T11:30:00+00:00,1.1284419832882138,0.9731619986792607
2026-07-13T11:35:00+00:00,1.1284419832882138,0.9728881963303321
2026-07-13T11:40:00+00:00,1.1284419832882138,0.973366946233623
2026-07-13T11:45:00+00:00,1.1284419832882138,0.9733498227562775
2026-07-13T11:50:00+00:00,1.1284419832882138,0.9742230740133679
2026-07-13T11:55:00+00:00,1.1284419832882138,0.9750300048691171
2026-07-13T12:00:00+00:00,1.1284419832882138,0.9758131269383411
2026-07-13T12:05:00+00:00,1.1284419832882138,0.9761495606796607
2026-07-13T12:10:00+00:00,1.1284419832882138,0.9765036135104098
2026-07-13T12:15:00+00:00,1.1284419832882138,0.9767197344610089
2026-07-13T12:20:00+00:00,1.1284419832882138,0.9767543367827032
2026-07-13T12:25:00+00:00,1.1284419832882138,0.9774551082732206
2026-07-13T12:30:00+00:00,1.1284419832882138,0.9781834006776889
2026-07-13T12:35:00+00:00,1.1284419832882138,0.9788057467304254
2026-07-13T12:40:00+00:00,1.1284419832882138,0.9785853937339525
2026-07-13T12:45:00+00:00,1.1284419832882138,0.9778948075704226
2026-07-13T12:50:00+00:00,1.1284419832882138,0.9769832077728897
2026-07-13T12:55:00+00:00,1.1284419832882138,0.977528640859483
2026-07-13T13:00:00+00:00,1.1284419832882138,0.9775720017821614
2026-07-13T13:05:00+00:00,1.1284419832882138,0.9765919145121643
2026-07-13T13:10:00+00:00,1.1284419832882138,0.9774220556876367
2026-07-13T13:15:00+00:00,1.1284419832882138,0.9776127823358408
2026-07-13T13:20:00+00:00,1.1284419832882138,0.9780465058417573
2026-07-13T13:25:00+00:00,1.1284419832882138,0.9778293551965882
2026-07-13T13:30:00+00:00,1.1284419832882138,0.9767703655708981
2026-07-13T13:35:00+00:00,1.1284419832882138,0.9798646585181565
2026-07-13T13:40:00+00:00,1.1284419832882138,0.9820830448828817
2026-07-13T13:45:00+00:00,1.1284419832882138,0.9840352855231159
2026-07-13T13:50:00+00:00,1.1284419832882138,0.9827086588257182
2026-07-13T13:55:00+00:00,1.1284419832882138,0.9843740645647926
2026-07-13T14:00:00+00:00,1.1284419832882138,0.9812293955605121
2026-07-13T14:05:00+00:00,1.1284419832882138,0.981939503743308
2026-07-13T14:10:00+00:00,1.1284419832882138,0.9803842661698569
2026-07-13T14:15:00+00:00,1.1284419832882138,0.9793251145555782
2026-07-13T14:20:00+00:00,1.1284419832882138,0.9806070335184014
2026-07-13T14:25:00+00:00,1.1284419832882138,0.9776569986718038
2026-07-13T14:30:00+00:00,1.1284419832882138,0.9761208069067171
2026-07-13T14:35:00+00:00,1.1284419832882138,0.9762589991358634
2026-07-13T14:40:00+00:00,1.1284419832882138,0.9766131125775948
2026-07-13T14:45:00+00:00,1.1284419832882138,0.9789011179460887
2026-07-13T14:50:00+00:00,1.1284419832882138,0.9783217382672065
2026-07-13T14:55:00+00:00,1.1284419832882138,0.9805743245412885
2026-07-13T15:00:00+00:00,1.1284419832882138,0.977649046089014
2026-07-13T15:05:00+00:00,1.1284419832882138,0.9779177717186284
2026-07-13T15:10:00+00:00,1.1284419832882138,0.9791685799269102
2026-07-13T15:15:00+00:00,1.1284419832882138,0.9786193108943452
2026-07-13T15:20:00+00:00,1.1284419832882138,0.9778704591673532
2026-07-13T15:25:00+00:00,1.1284419832882138,0.9771149118750767
2026-07-13T15:30:00+00:00,1.1284419832882138,0.9775568109984795
2026-07-13T15:35:00+00:00,1.1284419832882138,0.9779296049127559
2026-07-13T15:40:00+00:00,1.1284419832882138,0.9783808831697893
2026-07-13T15:45:00+00:00,1.1284419832882138,0.9793377918738738
2026-07-13T15:50:00+00:00,1.1284419832882138,0.9804809272488029
2026-07-13T15:55:00+00:00,1.1284419832882138,0.9809272059021859
2026-07-13T16:00:00+00:00,1.1284419832882138,0.9814354695260548
2026-07-13T16:05:00+00:00,1.1284419832882138,0.9820853032573379
2026-07-13T16:10:00+00:00,1.1284419832882138,0.9812540932806777
2026-07-13T16:15:00+00:00,1.1284419832882138,0.9818947594064538
2026-07-13T16:20:00+00:00,1.1284419832882138,0.9830332260994411
2026-07-13T16:25:00+00:00,1.1284419832882138,0.9839243703820427
2026-07-13T16:30:00+00:00,1.1284419832882138,0.9841101299816006
2026-07-13T16:35:00+00:00,1.1284419832882138,0.9858183394496385
2026-07-13T16:40:00+00:00,1.1284419832882138,0.986005573087011
2026-07-13T16:45:00+00:00,1.1284419832882138,0.9855508891262752
2026-07-13T16:50:00+00:00,1.1284419832882138,0.9868127739133031
2026-07-13T16:55:00+00:00,1.1284419832882138,0.9860897240327088
2026-07-13T17:00:00+00:00,1.1284419832882138,0.9856266560588548
2026-07-13T17:05:00+00:00,1.1284419832882138,0.9851643036180401
2026-07-13T17:10:00+00:00,1.1284419832882138,0.9840007331747956
2026-07-13T17:15:00+00:00,1.1284419832882138,0.9851244257000017
2026-07-13T17:20:00+00:00,1.1284419832882138,0.9857191797226362
2026-07-13T17:25:00+00:00,1.1284419832882138,0.9865643013669084
2026-07-13T17:30:00+00:00,1.1284419832882138,0.9864215980564675
2026-07-13T17:35:00+00:00,1.1284419832882138,0.9857440945862714
2026-07-13T17:40:00+00:00,1.1284419832882138,0.986784828574131
2026-07-13T17:45:00+00:00,1.1284419832882138,0.9865546460270954
2026-07-13T17:50:00+00:00,1.1284419832882138,0.9872608727733311
2026-07-13T17:55:00+00:00,1.1284419832882138,0.9872742663732516
2026-07-13T18:00:00+00:00,1.1284419832882138,0.986961555707444
2026-07-13T18:05:00+00:00,1.1284419832882138,0.9861136491574111
2026-07-13T18:10:00+00:00,1.1284419832882138,0.9857975170993714
2026-07-13T18:15:00+00:00,1.1284419832882138,0.9857663750779926
2026-07-13T18:20:00+00:00,1.1284419832882138,0.9867627097169192
2026-07-13T18:25:00+00:00,1.1284419832882138,0.9861469607751447
2026-07-13T18:30:00+00:00,1.1284419832882138,0.9873851139756686
2026-07-13T18:35:00+00:00,1.1284419832882138,0.9873224458583811
2026-07-13T18:40:00+00:00,1.1284419832882138,0.9868038310332533
2026-07-13T18:45:00+00:00,1.1284419832882138,0.9868841463519669
2026-07-13T18:50:00+00:00,1.1284419832882138,0.9862861905616448
2026-07-13T18:55:00+00:00,1.1284419832882138,0.9863663854258785
2026-07-13T19:00:00+00:00,1.1284419832882138,0.9868946311854702
2026-07-13T19:05:00+00:00,1.1284419832882138,0.9852547725588218
2026-07-13T19:10:00+00:00,1.1284419832882138,0.9876574966348681
2026-07-13T19:15:00+00:00,1.1284419832882138,0.9873442724948244
2026-07-13T19:20:00+00:00,1.1284419832882138,0.9880192806692895
2026-07-13T19:25:00+00:00,1.1284419832882138,0.9887758519893189
2026-07-13T19:30:00+00:00,1.1284419832882138,0.9878963349975078
2026-07-13T19:35:00+00:00,1.1284419832882138,0.9863026062516197
2026-07-13T19:40:00+00:00,1.1284419832882138,0.9875239993550654
2026-07-13T19:45:00+00:00,1.1284419832882138,0.9856816362349514
2026-07-13T19:50:00+00:00,1.1284419832882138,0.9849522138892363
2026-07-13T19:55:00+00:00,1.1284419832882138,0.9840560570277629
2026-07-13T20:00:00+00:00,1.1284419832882138,0.9861276449725416
2026-07-13T20:05:00+00:00,1.1284419832882138,0.9861988956829675
2026-07-13T20:10:00+00:00,1.1284419832882138,0.9865820048736627
2026-07-13T20:15:00+00:00,1.1284419832882138,0.986697947434351
2026-07-13T20:20:00+00:00,1.1284419832882138,0.9874473157743263
2026-07-13T20:25:00+00:00,1.1284419832882138,0.987116455735172
2026-07-13T20:30:00+00:00,1.1284419832882138,0.9868484603173254
2026-07-13T20:35:00+00:00,1.1284419832882138,0.9870269784903206
2026-07-13T20:40:00+00:00,1.1284419832882138,0.9868930171740218
2026-07-13T20:45:00+00:00,1.1284419832882138,0.9870715595561428
2026-07-13T20:50:00+00:00,1.1284419832882138,0.987232334943637
2026-07-13T20:55:00+00:00,1.1284419832882138,0.9869025842949829
2026-07-13T21:00:00+00:00,1.1284419832882138,0.9869025842949829
2026-07-13T21:05:00+00:00,1.1284419832882138,0.9868927641733458
2026-07-13T21:10:00+00:00,1.1284419832882138,0.9866874404865436
2026-07-13T21:15:00+00:00,1.1284419832882138,0.987115674754902
2026-07-13T21:20:00+00:00,1.1284419832882138,0.9874462021754081
2026-07-13T21:25:00+00:00,1.1284419832882138,0.9874372600222724
2026-07-13T21:30:00+00:00,1.1284419832882138,0.9874462019324766
2026-07-13T21:35:00+00:00,1.1284419832882138,0.9871600530322009
2026-07-13T21:40:00+00:00,1.1284419832882138,0.9871153811137906
2026-07-13T21:45:00+00:00,1.1284419832882138,0.9862220640268098
2026-07-13T21:50:00+00:00,1.1284419832882138,0.9862220640268098
2026-07-13T21:55:00+00:00,1.1284419832882138,0.9864893328788494
2026-07-13T22:00:00+00:00,1.1284419832882138,0.9868638136451267
2026-07-13T22:05:00+00:00,1.1284419832882138,0.986471053344461
2026-07-13T22:10:00+00:00,1.1284419832882138,0.9856067526365437
2026-07-13T22:15:00+00:00,1.1284419832882138,0.9855542879598033
2026-07-13T22:20:00+00:00,1.1284419832882138,0.9855542879598033
2026-07-13T22:25:00+00:00,1.1284419832882138,0.9864691613852046
2026-07-13T22:30:00+00:00,1.1284419832882138,0.9866028969462904
2026-07-13T22:35:00+00:00,1.1284419832882138,0.9870221055108164
2026-07-13T22:40:00+00:00,1.1284419832882138,0.9873395922629962
2026-07-13T22:45:00+00:00,1.1284419832882138,0.9871201316165791
2026-07-13T22:50:00+00:00,1.1284419832882138,0.9862178606859443
2026-07-13T22:55:00+00:00,1.1284419832882138,0.9862178606859443
2026-07-13T23:00:00+00:00,1.1284419832882138,0.9875554086067265
2026-07-13T23:05:00+00:00,1.1284419832882138,0.9891476627981395
2026-07-13T23:10:00+00:00,1.1284419832882138,0.9888959804296473
2026-07-13T23:15:00+00:00,1.1284419832882138,0.9887971806495862
2026-07-13T23:20:00+00:00,1.1284419832882138,0.9887971806495862
2026-07-13T23:25:00+00:00,1.1284419832882138,0.9888869717159171
2026-07-13T23:30:00+00:00,1.1284419832882138,0.9888959532691287
2026-07-13T23:35:00+00:00,1.1284419832882138,0.9897312604776121
2026-07-13T23:40:00+00:00,1.1284419832882138,0.9900824397555806
2026-07-13T23:45:00+00:00,1.1284419832882138,0.9907221410022355
2026-07-13T23:50:00+00:00,1.1284419832882138,0.9905510809914475
2026-07-13T23:55:00+00:00,1.1284419832882138,0.989142868540798
2026-07-14T00:00:00+00:00,1.1284419832882138,0.9878125538980729
2026-07-14T08:05:00+00:00,1.1284419832882138,0.9761083382515348
2026-07-14T08:10:00+00:00,1.1284419832882138,0.9770069101988692
2026-07-14T08:15:00+00:00,1.1284419832882138,0.9767729816514757
2026-07-14T08:20:00+00:00,1.1284419832882138,0.9753792392318003
2026-07-14T08:25:00+00:00,1.1284419832882138,0.9762684766657818
2026-07-14T08:30:00+00:00,1.1284419832882138,0.9747211219044729
2026-07-14T08:35:00+00:00,1.1284419832882138,0.9742737416518644
2026-07-14T08:40:00+00:00,1.1284419832882138,0.9747290980806158
2026-07-14T08:45:00+00:00,1.1284419832882138,0.9747807202127036
2026-07-14T08:50:00+00:00,1.1284419832882138,0.9750905022212457
2026-07-14T08:55:00+00:00,1.1284419832882138,0.9749699165114805
2026-07-14T09:00:00+00:00,1.1284419832882138,0.9760725931468999
2026-07-14T09:05:00+00:00,1.1284419832882138,0.9758393309764718
2026-07-14T09:10:00+00:00,1.1284419832882138,0.9755544370691321
2026-07-14T09:15:00+00:00,1.1284419832882138,0.9748902664974759
2026-07-14T09:20:00+00:00,1.1284419832882138,0.9755784025456189
2026-07-14T09:25:00+00:00,1.1284419832882138,0.9758630691705859
2026-07-14T09:30:00+00:00,1.1284419832882138,0.9765624083485136
2026-07-14T09:35:00+00:00,1.1284419832882138,0.9764412746703742
2026-07-14T09:40:00+00:00,1.1284419832882138,0.9756369003143913
2026-07-14T09:45:00+00:00,1.1284419832882138,0.9756366657923331
2026-07-14T09:50:00+00:00,1.1284419832882138,0.9753174355426486
2026-07-14T09:55:00+00:00,1.1284419832882138,0.9751364408815608
2026-07-14T10:00:00+00:00,1.1284419832882138,0.9752828888081218
2026-07-14T10:05:00+00:00,1.1284419832882138,0.9757225092491798
2026-07-14T10:10:00+00:00,1.1284419832882138,0.9754549752160404
2026-07-14T10:15:00+00:00,1.1284419832882138,0.9757740275142934
2026-07-14T10:20:00+00:00,1.1284419832882138,0.976153813598175
2026-07-14T10:25:00+00:00,1.1284419832882138,0.9759809818323113
2026-07-14T10:30:00+00:00,1.1284419832882138,0.9758168788353659
2026-07-14T10:35:00+00:00,1.1284419832882138,0.9765765515590299
2026-07-14T10:40:00+00:00,1.1284419832882138,0.9752007503885927
2026-07-14T10:45:00+00:00,1.1284419832882138,0.9759762236836533
2026-07-14T10:50:00+00:00,1.1284419832882138,0.9753284518537748
2026-07-14T10:55:00+00:00,1.1284419832882138,0.975854258619688
2026-07-14T11:00:00+00:00,1.1284419832882138,0.9756297814040944
2026-07-14T11:05:00+00:00,1.1284419832882138,0.9767859044206151
2026-07-14T11:10:00+00:00,1.1284419832882138,0.9756170030883385
2026-07-14T11:15:00+00:00,1.1284419832882138,0.9737103215856898
2026-07-14T11:20:00+00:00,1.1284419832882138,0.9718405068319314
2026-07-14T11:25:00+00:00,1.1284419832882138,0.9705954321215289
2026-07-14T11:30:00+00:00,1.1284419832882138,0.9708151549886672
2026-07-14T11:35:00+00:00,1.1284419832882138,0.9709256680973787
2026-07-14T11:40:00+00:00,1.1284419832882138,0.9710532044372742
2026-07-14T11:45:00+00:00,1.1284419832882138,0.9709851463208993
2026-07-14T11:50:00+00:00,1.1284419832882138,0.9699644891944231
2026-07-14T11:55:00+00:00,1.1284419832882138,0.9694388091390905
2026-07-14T12:00:00+00:00,1.1284419832882138,0.9696335027632235
2026-07-14T12:05:00+00:00,1.1284419832882138,0.9704635669089178
2026-07-14T12:10:00+00:00,1.1284419832882138,0.9711262610444082
2026-07-14T12:15:00+00:00,1.1284419832882138,0.9712368812483371
2026-07-14T12:20:00+00:00,1.1284419832882138,0.9705048359215417
2026-07-14T12:25:00+00:00,1.1284419832882138,0.9690525437857378
2026-07-14T12:30:00+00:00,1.1284419832882138,0.9688580805569258
2026-07-14T12:35:00+00:00,1.1284419832882138,0.9616926204809423
2026-07-14T12:40:00+00:00,1.1284419832882138,0.9641060262802171
2026-07-14T12:45:00+00:00,1.1284419832882138,0.9626986573270907
2026-07-14T12:50:00+00:00,1.1284419832882138,0.9628238554127478
2026-07-14T12:55:00+00:00,1.1284419832882138,0.9637271264198867
2026-07-14T13:00:00+00:00,1.1284419832882138,0.9632698010384375
2026-07-14T13:05:00+00:00,1.1284419832882138,0.9630621496654685
2026-07-14T13:10:00+00:00,1.1284419832882138,0.9621908832249361
2026-07-14T13:15:00+00:00,1.1284419832882138,0.9625386562384252
2026-07-14T13:20:00+00:00,1.1284419832882138,0.9627375484083268
2026-07-14T13:25:00+00:00,1.1284419832882138,0.9621405018666782
2026-07-14T13:30:00+00:00,1.1284419832882138,0.963977974694647
2026-07-14T13:35:00+00:00,1.1284419832882138,0.9704159755520811
2026-07-14T13:40:00+00:00,1.1284419832882138,0.9686920228862949
2026-07-14T13:45:00+00:00,1.1284419832882138,0.9715232869979745
2026-07-14T13:50:00+00:00,1.1284419832882138,0.9697763692855202
2026-07-14T13:55:00+00:00,1.1284419832882138,0.9712504749726126
2026-07-14T14:00:00+00:00,1.1284419832882138,0.9710461067340515
2026-07-14T14:05:00+00:00,1.1284419832882138,0.9741026655474309
2026-07-14T14:10:00+00:00,1.1284419832882138,0.9761903393190042
2026-07-14T14:15:00+00:00,1.1284419832882138,0.9767179190271482
2026-07-14T14:20:00+00:00,1.1284419832882138,0.9769431445838397
2026-07-14T14:25:00+00:00,1.1284419832882138,0.9769517331117964
2026-07-14T14:30:00+00:00,1.1284419832882138,0.9757196843753327
2026-07-14T14:35:00+00:00,1.1284419832882138,0.9726626306097189
2026-07-14T14:40:00+00:00,1.1284419832882138,0.9730886943654298
2026-07-14T14:45:00+00:00,1.1284419832882138,0.9746886149912329
2026-07-14T14:50:00+00:00,1.1284419832882138,0.9760105075707315
2026-07-14T14:55:00+00:00,1.1284419832882138,0.9734494958583693
2026-07-14T15:00:00+00:00,1.1284419832882138,0.9731751370502835
2026-07-14T15:05:00+00:00,1.1284419832882138,0.9716845723119343
2026-07-14T15:10:00+00:00,1.1284419832882138,0.9694328480304928
2026-07-14T15:15:00+00:00,1.1284419832882138,0.9693397698627382
2026-07-14T15:20:00+00:00,1.1284419832882138,0.9692381679110008
2026-07-14T15:25:00+00:00,1.1284419832882138,0.9675129589755348
2026-07-14T15:30:00+00:00,1.1284419832882138,0.9674525052901973
2026-07-14T15:35:00+00:00,1.1284419832882138,0.9691784974302518
2026-07-14T15:40:00+00:00,1.1284419832882138,0.9687131373263709
2026-07-14T15:45:00+00:00,1.1284419832882138,0.968835685609062
2026-07-14T15:50:00+00:00,1.1284419832882138,0.9689244559323917
2026-07-14T15:55:00+00:00,1.1284419832882138,0.9712749926269599
2026-07-14T16:00:00+00:00,1.1284419832882138,0.9702864893979195
2026-07-14T16:05:00+00:00,1.1284419832882138,0.971941703521497
2026-07-14T16:10:00+00:00,1.1284419832882138,0.9721209462753083
2026-07-14T16:15:00+00:00,1.1284419832882138,0.9727958141405585
2026-07-14T16:20:00+00:00,1.1284419832882138,0.972111108306217
2026-07-14T16:25:00+00:00,1.1284419832882138,0.971786595963896
2026-07-14T16:30:00+00:00,1.1284419832882138,0.971351595665181
2026-07-14T16:35:00+00:00,1.1284419832882138,0.972220982940307
2026-07-14T16:40:00+00:00,1.1284419832882138,0.9721355480567583
2026-07-14T16:45:00+00:00,1.1284419832882138,0.9709364041658728
2026-07-14T16:50:00+00:00,1.1284419832882138,0.971339510093173
2026-07-14T16:55:00+00:00,1.1284419832882138,0.9714417373000025
2026-07-14T17:00:00+00:00,1.1284419832882138,0.9707771162035275
2026-07-14T17:05:00+00:00,1.1284419832882138,0.9708612355372953
2026-07-14T17:10:00+00:00,1.1284419832882138,0.9701390995994799
2026-07-14T17:15:00+00:00,1.1284419832882138,0.9707930218057991
2026-07-14T17:20:00+00:00,1.1284419832882138,0.9704868494954545
2026-07-14T17:25:00+00:00,1.1284419832882138,0.9698729296561539
2026-07-14T17:30:00+00:00,1.1284419832882138,0.9700701445935564
2026-07-14T17:35:00+00:00,1.1284419832882138,0.9710546469789647
2026-07-14T17:40:00+00:00,1.1284419832882138,0.9700458452705941
2026-07-14T17:45:00+00:00,1.1284419832882138,0.9701094949021831
2026-07-14T17:50:00+00:00,1.1284419832882138,0.9697403235330737
2026-07-14T17:55:00+00:00,1.1284419832882138,0.9692189578813085
2026-07-14T18:00:00+00:00,1.1284419832882138,0.9692020082054328
2026-07-14T18:05:00+00:00,1.1284419832882138,0.9693713123700883
2026-07-14T18:10:00+00:00,1.1284419832882138,0.9690918091355973
2026-07-14T18:15:00+00:00,1.1284419832882138,0.9689395171344549
2026-07-14T18:20:00+00:00,1.1284419832882138,0.9687450050137096
2026-07-14T18:25:00+00:00,1.1284419832882138,0.9695733425203864
2026-07-14T18:30:00+00:00,1.1284419832882138,0.9692852711895275
2026-07-14T18:35:00+00:00,1.1284419832882138,0.969048228974722
2026-07-14T18:40:00+00:00,1.1284419832882138,0.9693696214533281
2026-07-14T18:45:00+00:00,1.1284419832882138,0.9703520033456381
2026-07-14T18:50:00+00:00,1.1284419832882138,0.9707342279318139
2026-07-14T18:55:00+00:00,1.1284419832882138,0.9698497776517259
2026-07-14T19:00:00+00:00,1.1284419832882138,0.9704032139413125
2026-07-14T19:05:00+00:00,1.1284419832882138,0.9723847575736265
2026-07-14T19:10:00+00:00,1.1284419832882138,0.9728335024079129
2026-07-14T19:15:00+00:00,1.1284419832882138,0.9719947646099478
2026-07-14T19:20:00+00:00,1.1284419832882138,0.9712904743449214
2026-07-14T19:25:00+00:00,1.1284419832882138,0.9712947324479789
2026-07-14T19:30:00+00:00,1.1284419832882138,0.9737997786903665
2026-07-14T19:35:00+00:00,1.1284419832882138,0.9723493420368966
2026-07-14T19:40:00+00:00,1.1284419832882138,0.9727468850262381
2026-07-14T19:45:00+00:00,1.1284419832882138,0.9722718309915277
2026-07-14T19:50:00+00:00,1.1284419832882138,0.9720667569970299
2026-07-14T19:55:00+00:00,1.1284419832882138,0.9714688378138785
2026-07-14T20:00:00+00:00,1.1284419832882138,0.9730793303318219
2026-07-14T20:05:00+00:00,1.1284419832882138,0.9735248167135065
2026-07-14T20:10:00+00:00,1.1284419832882138,0.9726075108518776
2026-07-14T20:15:00+00:00,1.1284419832882138,0.9730095773902179
2026-07-14T20:20:00+00:00,1.1284419832882138,0.9738660999055263
2026-07-14T20:25:00+00:00,1.1284419832882138,0.9735213994300667
2026-07-14T20:30:00+00:00,1.1284419832882138,0.9733915165080772
2026-07-14T20:35:00+00:00,1.1284419832882138,0.9731783330580814
2026-07-14T20:40:00+00:00,1.1284419832882138,0.9725527429003389
2026-07-14T20:45:00+00:00,1.1284419832882138,0.9724244445594993
2026-07-14T20:50:00+00:00,1.1284419832882138,0.9725099429456355
2026-07-14T20:55:00+00:00,1.1284419832882138,0.9722961405908777
2026-07-14T21:00:00+00:00,1.1284419832882138,0.9722961405908777
2026-07-14T21:05:00+00:00,1.1284419832882138,0.9724927090843958
2026-07-14T21:10:00+00:00,1.1284419832882138,0.9724927090843958
2026-07-14T21:15:00+00:00,1.1284419832882138,0.9724927090843958
2026-07-14T21:20:00+00:00,1.1284419832882138,0.9724670541589011
2026-07-14T21:25:00+00:00,1.1284419832882138,0.9724670541589011
2026-07-14T21:30:00+00:00,1.1284419832882138,0.9725098089842777
2026-07-14T21:35:00+00:00,1.1284419832882138,0.9722361420078849
2026-07-14T21:40:00+00:00,1.1284419832882138,0.9727061102607449
2026-07-14T21:45:00+00:00,1.1284419832882138,0.9725349646444416
2026-07-14T21:50:00+00:00,1.1284419832882138,0.9728343114368305
2026-07-14T21:55:00+00:00,1.1284419832882138,0.9728343114368305
2026-07-14T22:00:00+00:00,1.1284419832882138,0.9729798427928182
2026-07-14T22:05:00+00:00,1.1284419832882138,0.9729188648113309
2026-07-14T22:10:00+00:00,1.1284419832882138,0.9729361595095539
2026-07-14T22:15:00+00:00,1.1284419832882138,0.9734926076674089
2026-07-14T22:20:00+00:00,1.1284419832882138,0.9726602639318983
2026-07-14T22:25:00+00:00,1.1284419832882138,0.9724035867334931
2026-07-14T22:30:00+00:00,1.1284419832882138,0.9728310544610883
2026-07-14T22:35:00+00:00,1.1284419832882138,0.9725742352809243
2026-07-14T22:40:00+00:00,1.1284419832882138,0.9725742352809243
2026-07-14T22:45:00+00:00,1.1284419832882138,0.9726597739119957
2026-07-14T22:50:00+00:00,1.1284419832882138,0.9726597739119957
2026-07-14T22:55:00+00:00,1.1284419832882138,0.9724030902981905
2026-07-14T23:00:00+00:00,1.1284419832882138,0.9724030902981905
2026-07-14T23:05:00+00:00,1.1284419832882138,0.9724030902981905
2026-07-14T23:10:00+00:00,1.1284419832882138,0.9724030902981905
2026-07-14T23:15:00+00:00,1.1284419832882138,0.9717704383843337
2026-07-14T23:20:00+00:00,1.1284419832882138,0.9718639576574708
2026-07-14T23:25:00+00:00,1.1284419832882138,0.9718383521925122
2026-07-14T23:30:00+00:00,1.1284419832882138,0.9704386974067917
2026-07-14T23:35:00+00:00,1.1284419832882138,0.9703452225760432
2026-07-14T23:40:00+00:00,1.1284419832882138,0.9699374502494892
2026-07-14T23:45:00+00:00,1.1284419832882138,0.9695895834615798
2026-07-14T23:50:00+00:00,1.1284419832882138,0.9705642583050944
2026-07-14T23:55:00+00:00,1.1284419832882138,0.9705642583050944
2026-07-15T00:00:00+00:00,1.1284419832882138,0.9696716486254761
2026-07-15T08:05:00+00:00,1.1284419832882138,0.9630994301276374
2026-07-15T08:10:00+00:00,1.1284419832882138,0.9640714689921085
2026-07-15T08:15:00+00:00,1.1284419832882138,0.9649464582240574
2026-07-15T08:20:00+00:00,1.1284419832882138,0.965555146851505
2026-07-15T08:25:00+00:00,1.1284419832882138,0.968627603706331
2026-07-15T08:30:00+00:00,1.1284419832882138,0.9669709631275663
2026-07-15T08:35:00+00:00,1.1284419832882138,0.9662649203439749
2026-07-15T08:40:00+00:00,1.1284419832882138,0.9669361707228176
2026-07-15T08:45:00+00:00,1.1284419832882138,0.9664232741453037
2026-07-15T08:50:00+00:00,1.1284419832882138,0.9654746645834613
2026-07-15T08:55:00+00:00,1.1284419832882138,0.9661693831495433
2026-07-15T09:00:00+00:00,1.1284419832882138,0.9654731627435648
2026-07-15T09:05:00+00:00,1.1284419832882138,0.9646361537249918
2026-07-15T09:10:00+00:00,1.1284419832882138,0.9644858832679779
2026-07-15T09:15:00+00:00,1.1284419832882138,0.964619394602871
2026-07-15T09:20:00+00:00,1.1284419832882138,0.964619394602871
2026-07-15T09:25:00+00:00,1.1284419832882138,0.964051735723466
2026-07-15T09:30:00+00:00,1.1284419832882138,0.9638767384337715
2026-07-15T09:35:00+00:00,1.1284419832882138,0.9651260386218391
2026-07-15T09:40:00+00:00,1.1284419832882138,0.9657614850303573
2026-07-15T09:45:00+00:00,1.1284419832882138,0.9646556320833596
2026-07-15T09:50:00+00:00,1.1284419832882138,0.9654988771270702
2026-07-15T09:55:00+00:00,1.1284419832882138,0.9646869004400463
2026-07-15T10:00:00+00:00,1.1284419832882138,0.9655469308271647
2026-07-15T10:05:00+00:00,1.1284419832882138,0.9654129759255516
2026-07-15T10:10:00+00:00,1.1284419832882138,0.9654129759255516
2026-07-15T10:15:00+00:00,1.1284419832882138,0.965228864574387
2026-07-15T10:20:00+00:00,1.1284419832882138,0.9658143383926272
2026-07-15T10:25:00+00:00,1.1284419832882138,0.9662500541893757
2026-07-15T10:30:00+00:00,1.1284419832882138,0.9669716372447792
2026-07-15T10:35:00+00:00,1.1284419832882138,0.9667614040819177
2026-07-15T10:40:00+00:00,1.1284419832882138,0.9666857694860734
2026-07-15T10:45:00+00:00,1.1284419832882138,0.9671142649512712
2026-07-15T10:50:00+00:00,1.1284419832882138,0.9664580467016566
2026-07-15T10:55:00+00:00,1.1284419832882138,0.966111965555926
2026-07-15T11:00:00+00:00,1.1284419832882138,0.9655184218841157
2026-07-15T11:05:00+00:00,1.1284419832882138,0.9650743896134721
2026-07-15T11:10:00+00:00,1.1284419832882138,0.965249948883932
2026-07-15T11:15:00+00:00,1.1284419832882138,0.9661114953989067
2026-07-15T11:20:00+00:00,1.1284419832882138,0.9651721551019705
2026-07-15T11:25:00+00:00,1.1284419832882138,0.9654481718989969
2026-07-15T11:30:00+00:00,1.1284419832882138,0.965824809677371
2026-07-15T11:35:00+00:00,1.1284419832882138,0.9659086049931507
2026-07-15T11:40:00+00:00,1.1284419832882138,0.9660762392529552
2026-07-15T11:45:00+00:00,1.1284419832882138,0.9659588341544348
2026-07-15T11:50:00+00:00,1.1284419832882138,0.9665624117229001
2026-07-15T11:55:00+00:00,1.1284419832882138,0.9660754677054071
2026-07-15T12:00:00+00:00,1.1284419832882138,0.9665031573655892
2026-07-15T12:05:00+00:00,1.1284419832882138,0.9669309548275156
2026-07-15T12:10:00+00:00,1.1284419832882138,0.9680913123335698
2026-07-15T12:15:00+00:00,1.1284419832882138,0.9677200081342788
2026-07-15T12:20:00+00:00,1.1284419832882138,0.9676271479020403
2026-07-15T12:25:00+00:00,1.1284419832882138,0.9682591433395797
2026-07-15T12:30:00+00:00,1.1284419832882138,0.9679214177925483
2026-07-15T12:35:00+00:00,1.1284419832882138,0.9656610227074279
2026-07-15T12:40:00+00:00,1.1284419832882138,0.9666074535945874
2026-07-15T12:45:00+00:00,1.1284419832882138,0.9661454442963542
2026-07-15T12:50:00+00:00,1.1284419832882138,0.9663132070059038
2026-07-15T12:55:00+00:00,1.1284419832882138,0.9656082364536328
2026-07-15T13:00:00+00:00,1.1284419832882138,0.9649048065800585
2026-07-15T13:05:00+00:00,1.1284419832882138,0.9660077841205742
2026-07-15T13:10:00+00:00,1.1284419832882138,0.9672444579732835
2026-07-15T13:15:00+00:00,1.1284419832882138,0.9684817524781572
2026-07-15T13:20:00+00:00,1.1284419832882138,0.9677297600511313
2026-07-15T13:25:00+00:00,1.1284419832882138,0.9678983540859835
2026-07-15T13:30:00+00:00,1.1284419832882138,0.9662958733672979
2026-07-15T13:35:00+00:00,1.1284419832882138,0.9707161940632563
2026-07-15T13:40:00+00:00,1.1284419832882138,0.9727919862144035
2026-07-15T13:45:00+00:00,1.1284419832882138,0.9741283409538607
2026-07-15T13:50:00+00:00,1.1284419832882138,0.9757102402753417
2026-07-15T13:55:00+00:00,1.1284419832882138,0.9758398386979565
2026-07-15T14:00:00+00:00,1.1284419832882138,0.9737641081808793
2026-07-15T14:05:00+00:00,1.1284419832882138,0.9758603677723799
2026-07-15T14:10:00+00:00,1.1284419832882138,0.9759900438371746
2026-07-15T14:15:00+00:00,1.1284419832882138,0.9786444510875166
2026-07-15T14:20:00+00:00,1.1284419832882138,0.9802749291316489
2026-07-15T14:25:00+00:00,1.1284419832882138,0.9850552350628667
2026-07-15T14:30:00+00:00,1.1284419832882138,0.9830858272363204
2026-07-15T14:35:00+00:00,1.1284419832882138,0.9853542632659006
2026-07-15T14:40:00+00:00,1.1284419832882138,0.9899615547242009
2026-07-15T14:45:00+00:00,1.1284419832882138,0.988133208657415
2026-07-15T14:50:00+00:00,1.1284419832882138,0.9856449423315317
2026-07-15T14:55:00+00:00,1.1284419832882138,0.9875200368169328
2026-07-15T15:00:00+00:00,1.1284419832882138,0.9860472367733868
2026-07-15T15:05:00+00:00,1.1284419832882138,0.988272467591596
2026-07-15T15:10:00+00:00,1.1284419832882138,0.9864092334591719
2026-07-15T15:15:00+00:00,1.1284419832882138,0.989275988163479
2026-07-15T15:20:00+00:00,1.1284419832882138,0.9892284137734935
2026-07-15T15:25:00+00:00,1.1284419832882138,0.9904926574554614
2026-07-15T15:30:00+00:00,1.1284419832882138,0.987554255130776
2026-07-15T15:35:00+00:00,1.1284419832882138,0.9876349147255378
2026-07-15T15:40:00+00:00,1.1284419832882138,0.9878500769453735
2026-07-15T15:45:00+00:00,1.1284419832882138,0.9892404672743352
2026-07-15T15:50:00+00:00,1.1284419832882138,0.9902582201091558
2026-07-15T15:55:00+00:00,1.1284419832882138,0.9905110713587776
2026-07-15T16:00:00+00:00,1.1284419832882138,0.9911080887486238
2026-07-15T16:05:00+00:00,1.1284419832882138,0.9933278844921777
2026-07-15T16:10:00+00:00,1.1284419832882138,0.9942396576007937
2026-07-15T16:15:00+00:00,1.1284419832882138,0.9967370089436438
2026-07-15T16:20:00+00:00,1.1284419832882138,0.9967370089436438
2026-07-15T16:25:00+00:00,1.1284419832882138,0.9977964829344477
2026-07-15T16:30:00+00:00,1.1284419832882138,0.9969457670490343
2026-07-15T16:35:00+00:00,1.1284419832882138,0.9977019159415274
2026-07-15T16:40:00+00:00,1.1284419832882138,0.9983860216061552
2026-07-15T16:45:00+00:00,1.1284419832882138,0.9965988436081539
2026-07-15T16:50:00+00:00,1.1284419832882138,0.994488592246641
2026-07-15T16:55:00+00:00,1.1284419832882138,0.9936181950535881
2026-07-15T17:00:00+00:00,1.1284419832882138,0.9933853970972321
2026-07-15T17:05:00+00:00,1.1284419832882138,0.9920467860151898
2026-07-15T17:10:00+00:00,1.1284419832882138,0.9910317190195653
2026-07-15T17:15:00+00:00,1.1284419832882138,0.9913575762539757
2026-07-15T17:20:00+00:00,1.1284419832882138,0.9885094051365245
2026-07-15T17:25:00+00:00,1.1284419832882138,0.9878846137996775
2026-07-15T17:30:00+00:00,1.1284419832882138,0.9879339608800958
2026-07-15T17:35:00+00:00,1.1284419832882138,0.987270099451366
2026-07-15T17:40:00+00:00,1.1284419832882138,0.9873058261214112
2026-07-15T17:45:00+00:00,1.1284419832882138,0.9874401841550318
2026-07-15T17:50:00+00:00,1.1284419832882138,0.9851650799875187
2026-07-15T17:55:00+00:00,1.1284419832882138,0.9848712903176339
2026-07-15T18:00:00+00:00,1.1284419832882138,0.9859382169332374
2026-07-15T18:05:00+00:00,1.1284419832882138,0.9845333335202389
2026-07-15T18:10:00+00:00,1.1284419832882138,0.9838270070350827
2026-07-15T18:15:00+00:00,1.1284419832882138,0.9850946871159961
2026-07-15T18:20:00+00:00,1.1284419832882138,0.9856552136614157
2026-07-15T18:25:00+00:00,1.1284419832882138,0.9840586382284753
2026-07-15T18:30:00+00:00,1.1284419832882138,0.9845421247940271
2026-07-15T18:35:00+00:00,1.1284419832882138,0.9843245463232951
2026-07-15T18:40:00+00:00,1.1284419832882138,0.9860554180253985
2026-07-15T18:45:00+00:00,1.1284419832882138,0.9864480516813195
2026-07-15T18:50:00+00:00,1.1284419832882138,0.986162219534417
2026-07-15T18:55:00+00:00,1.1284419832882138,0.9870997563524305
2026-07-15T19:00:00+00:00,1.1284419832882138,0.9882638301760496
2026-07-15T19:05:00+00:00,1.1284419832882138,0.9858071668090385
2026-07-15T19:10:00+00:00,1.1284419832882138,0.9865786245913312
2026-07-15T19:15:00+00:00,1.1284419832882138,0.9860423628371323
2026-07-15T19:20:00+00:00,1.1284419832882138,0.9873718739564007
2026-07-15T19:25:00+00:00,1.1284419832882138,0.9879543752768389
2026-07-15T19:30:00+00:00,1.1284419832882138,0.9853772284532311
2026-07-15T19:35:00+00:00,1.1284419832882138,0.9858785095429988
2026-07-15T19:40:00+00:00,1.1284419832882138,0.9845467337843068
2026-07-15T19:45:00+00:00,1.1284419832882138,0.9831121430601183
2026-07-15T19:50:00+00:00,1.1284419832882138,0.9838773407704612
2026-07-15T19:55:00+00:00,1.1284419832882138,0.9840722811193172
2026-07-15T20:00:00+00:00,1.1284419832882138,0.9835756246188911
2026-07-15T20:05:00+00:00,1.1284419832882138,0.9830261388348632
2026-07-15T20:10:00+00:00,1.1284419832882138,0.9838130690400865
2026-07-15T20:15:00+00:00,1.1284419832882138,0.9838130690400865
2026-07-15T20:20:00+00:00,1.1284419832882138,0.9835737631584281
2026-07-15T20:25:00+00:00,1.1284419832882138,0.9837420594328254
2026-07-15T20:30:00+00:00,1.1284419832882138,0.9834319568620215
2026-07-15T20:35:00+00:00,1.1284419832882138,0.983591308852583
2026-07-15T20:40:00+00:00,1.1284419832882138,0.9833610218284482
2026-07-15T20:45:00+00:00,1.1284419832882138,0.9838478254521504
2026-07-15T20:50:00+00:00,1.1284419832882138,0.9836705427965623
2026-07-15T20:55:00+00:00,1.1284419832882138,0.983891998599761
2026-07-15T21:00:00+00:00,1.1284419832882138,0.9839183723163119
2026-07-15T21:05:00+00:00,1.1284419832882138,0.9841045592920421
2026-07-15T21:10:00+00:00,1.1284419832882138,0.9841664784532074
2026-07-15T21:15:00+00:00,1.1284419832882138,0.9838115680751138
2026-07-15T21:20:00+00:00,1.1284419832882138,0.9845209989790589
2026-07-15T21:25:00+00:00,1.1284419832882138,0.9846986462181385
2026-07-15T21:30:00+00:00,1.1284419832882138,0.9844586925769121
2026-07-15T21:35:00+00:00,1.1284419832882138,0.9838104030739793
2026-07-15T21:40:00+00:00,1.1284419832882138,0.9840762977775127
2026-07-15T21:45:00+00:00,1.1284419832882138,0.9842537047178008
2026-07-15T21:50:00+00:00,1.1284419832882138,0.9838986988729973
2026-07-15T21:55:00+00:00,1.1284419832882138,0.9838986988729973
2026-07-15T22:00:00+00:00,1.1284419832882138,0.9839823896615841
2026-07-15T22:05:00+00:00,1.1284419832882138,0.9835705621459155
2026-07-15T22:10:00+00:00,1.1284419832882138,0.9833303687837187
2026-07-15T22:15:00+00:00,1.1284419832882138,0.9829420219195957
2026-07-15T22:20:00+00:00,1.1284419832882138,0.983808314935065
2026-07-15T22:25:00+00:00,1.1284419832882138,0.9832853897946942
2026-07-15T22:30:00+00:00,1.1284419832882138,0.983851727066305
2026-07-15T22:35:00+00:00,1.1284419832882138,0.9845520089515041
2026-07-15T22:40:00+00:00,1.1284419832882138,0.9847829743065707
2026-07-15T22:45:00+00:00,1.1284419832882138,0.9846940789306629
2026-07-15T22:50:00+00:00,1.1284419832882138,0.9851384354644763
2026-07-15T22:55:00+00:00,1.1284419832882138,0.9852448491224987
2026-07-15T23:00:00+00:00,1.1284419832882138,0.9833868069361607
2026-07-15T23:05:00+00:00,1.1284419832882138,0.9842100284696825
2026-07-15T23:10:00+00:00,1.1284419832882138,0.9837130781902229
2026-07-15T23:15:00+00:00,1.1284419832882138,0.9837130781902229
2026-07-15T23:20:00+00:00,1.1284419832882138,0.984067505528789
2026-07-15T23:25:00+00:00,1.1284419832882138,0.9838013974959255
2026-07-15T23:30:00+00:00,1.1284419832882138,0.9841293312950908
2026-07-15T23:35:00+00:00,1.1284419832882138,0.9838006106397427
2026-07-15T23:40:00+00:00,1.1284419832882138,0.9843059181531234
2026-07-15T23:45:00+00:00,1.1284419832882138,0.9841106299273837
2026-07-15T23:50:00+00:00,1.1284419832882138,0.9838001289623837
2026-07-15T23:55:00+00:00,1.1284419832882138,0.9841812407240538
2026-07-16T00:00:00+00:00,1.1284419832882138,0.9846985583425171
2026-07-16T08:05:00+00:00,1.1284419832882138,0.9935396698666108
2026-07-16T08:10:00+00:00,1.1284419832882138,0.9948011812571197
2026-07-16T08:15:00+00:00,1.1284419832882138,0.997102052016003
2026-07-16T08:20:00+00:00,1.1284419832882138,0.9953389850660396
2026-07-16T08:25:00+00:00,1.1284419832882138,0.9947054322720915
2026-07-16T08:30:00+00:00,1.1284419832882138,0.9953652700381096
2026-07-16T08:35:00+00:00,1.1284419832882138,0.9936297444095145
2026-07-16T08:40:00+00:00,1.1284419832882138,0.9925061628683155
2026-07-16T08:45:00+00:00,1.1284419832882138,0.9953283689817733
2026-07-16T08:50:00+00:00,1.1284419832882138,0.993133871932081
2026-07-16T08:55:00+00:00,1.1284419832882138,0.9934896115765027
2026-07-16T09:00:00+00:00,1.1284419832882138,0.9934622175614777
2026-07-16T09:05:00+00:00,1.1284419832882138,0.9909786989763194
2026-07-16T09:10:00+00:00,1.1284419832882138,0.992211815724081
2026-07-16T09:15:00+00:00,1.1284419832882138,0.9907476921116182
2026-07-16T09:20:00+00:00,1.1284419832882138,0.9908291978632545
2026-07-16T09:25:00+00:00,1.1284419832882138,0.9911100091954094
2026-07-16T09:30:00+00:00,1.1284419832882138,0.9924699296251505
2026-07-16T09:35:00+00:00,1.1284419832882138,0.9916506093750472
2026-07-16T09:40:00+00:00,1.1284419832882138,0.9923216533730533
2026-07-16T09:45:00+00:00,1.1284419832882138,0.9934681938154569
2026-07-16T09:50:00+00:00,1.1284419832882138,0.994308258832286
2026-07-16T09:55:00+00:00,1.1284419832882138,0.9943428622536824
2026-07-16T10:00:00+00:00,1.1284419832882138,0.9952969799171703
2026-07-16T10:05:00+00:00,1.1284419832882138,0.9949840491875823
2026-07-16T10:10:00+00:00,1.1284419832882138,0.9943789006992726
2026-07-16T10:15:00+00:00,1.1284419832882138,0.9948184051857695
2026-07-16T10:20:00+00:00,1.1284419832882138,0.9947175517383662
2026-07-16T10:25:00+00:00,1.1284419832882138,0.9953224884209559
2026-07-16T10:30:00+00:00,1.1284419832882138,0.9955061374215318
2026-07-16T10:35:00+00:00,1.1284419832882138,0.9938248185671458
2026-07-16T10:40:00+00:00,1.1284419832882138,0.9963477734045678
2026-07-16T10:45:00+00:00,1.1284419832882138,0.9954082397819876
2026-07-16T10:50:00+00:00,1.1284419832882138,0.9964737120055758
2026-07-16T10:55:00+00:00,1.1284419832882138,0.9958839735409155
2026-07-16T11:00:00+00:00,1.1284419832882138,0.9952768842601152
2026-07-16T11:05:00+00:00,1.1284419832882138,0.9978936177657806
2026-07-16T11:10:00+00:00,1.1284419832882138,0.9985784376462838
2026-07-16T11:15:00+00:00,1.1284419832882138,0.9982260483831705
2026-07-16T11:20:00+00:00,1.1284419832882138,0.9994210516334298
2026-07-16T11:25:00+00:00,1.1284419832882138,0.9979335412309985
2026-07-16T11:30:00+00:00,1.1284419832882138,0.9992015517591811
2026-07-16T11:35:00+00:00,1.1284419832882138,0.9991922530608331
2026-07-16T11:40:00+00:00,1.1284419832882138,0.999415228979246
2026-07-16T11:45:00+00:00,1.1284419832882138,1.0002333549341311
2026-07-16T11:50:00+00:00,1.1284419832882138,1.0017431551978124
2026-07-16T11:55:00+00:00,1.1284419832882138,1.0008069466415528
2026-07-16T12:00:00+00:00,1.1284419832882138,0.9998640221862283
2026-07-16T12:05:00+00:00,1.1284419832882138,1.0012697638609656
2026-07-16T12:10:00+00:00,1.1284419832882138,1.0014754401896766
2026-07-16T12:15:00+00:00,1.1284419832882138,1.0009141589311634
2026-07-16T12:20:00+00:00,1.1284419832882138,1.0001760393322725
2026-07-16T12:25:00+00:00,1.1284419832882138,1.0015971812608184
2026-07-16T12:30:00+00:00,1.1284419832882138,0.9998611440389773
2026-07-16T12:35:00+00:00,1.1284419832882138,0.9989301746311198
2026-07-16T12:40:00+00:00,1.1284419832882138,1.0012523256702328
2026-07-16T12:45:00+00:00,1.1284419832882138,1.0015140909841334
2026-07-16T12:50:00+00:00,1.1284419832882138,1.0015046939723764
2026-07-16T12:55:00+00:00,1.1284419832882138,1.0002419369469346
2026-07-16T13:00:00+00:00,1.1284419832882138,1.000782248340422
2026-07-16T13:05:00+00:00,1.1284419832882138,0.9998486828102537
2026-07-16T13:10:00+00:00,1.1284419832882138,0.9989177250050301
2026-07-16T13:15:00+00:00,1.1284419832882138,0.9984164094181317
2026-07-16T13:20:00+00:00,1.1284419832882138,0.9989447799694074
2026-07-16T13:25:00+00:00,1.1284419832882138,0.9975242681254819
2026-07-16T13:30:00+00:00,1.1284419832882138,0.9973671156902083
2026-07-16T13:35:00+00:00,1.1284419832882138,0.996523788500241
2026-07-16T13:40:00+00:00,1.1284419832882138,0.9989839173877155
2026-07-16T13:45:00+00:00,1.1284419832882138,1.001177143484458
2026-07-16T13:50:00+00:00,1.1284419832882138,1.0037088695856975
2026-07-16T13:55:00+00:00,1.1284419832882138,1.0023050447319726
2026-07-16T14:00:00+00:00,1.1284419832882138,0.9998435033424085
2026-07-16T14:05:00+00:00,1.1284419832882138,0.9982817688105314
2026-07-16T14:10:00+00:00,1.1284419832882138,0.9927049457542876
2026-07-16T14:15:00+00:00,1.1284419832882138,0.9944462368711737
2026-07-16T14:20:00+00:00,1.1284419832882138,0.995206563612958
2026-07-16T14:25:00+00:00,1.1284419832882138,0.9980070386784734
2026-07-16T14:30:00+00:00,1.1284419832882138,0.9958120858975732
2026-07-16T14:35:00+00:00,1.1284419832882138,0.9975517705087688
2026-07-16T14:40:00+00:00,1.1284419832882138,0.9979863651982763
2026-07-16T14:45:00+00:00,1.1284419832882138,0.999049089472496
2026-07-16T14:50:00+00:00,1.1284419832882138,0.9995531121475144
2026-07-16T14:55:00+00:00,1.1284419832882138,1.001028206594367
2026-07-16T15:00:00+00:00,1.1284419832882138,0.9990787999232271
2026-07-16T15:05:00+00:00,1.1284419832882138,0.9996266603604403
2026-07-16T15:10:00+00:00,1.1284419832882138,1.0010644298127267
2026-07-16T15:15:00+00:00,1.1284419832882138,1.0026485920921713
2026-07-16T15:20:00+00:00,1.1284419832882138,1.0017379790278238
2026-07-16T15:25:00+00:00,1.1284419832882138,1.0017940966297731
2026-07-16T15:30:00+00:00,1.1284419832882138,1.0011384413088789
2026-07-16T15:35:00+00:00,1.1284419832882138,0.9999596006604653
2026-07-16T15:40:00+00:00,1.1284419832882138,0.999661446318223
2026-07-16T15:45:00+00:00,1.1284419832882138,1.0019895361517617
2026-07-16T15:50:00+00:00,1.1284419832882138,1.0018769370881513
2026-07-16T15:55:00+00:00,1.1284419832882138,1.0013803387796993
2026-07-16T16:00:00+00:00,1.1284419832882138,1.0026438664321549
2026-07-16T16:05:00+00:00,1.1284419832882138,1.0043156907589972
2026-07-16T16:10:00+00:00,1.1284419832882138,1.0043723187158493
2026-07-16T16:15:00+00:00,1.1284419832882138,1.006165840713556
2026-07-16T16:20:00+00:00,1.1284419832882138,1.0060897922728003
2026-07-16T16:25:00+00:00,1.1284419832882138,1.0064836657778606
2026-07-16T16:30:00+00:00,1.1284419832882138,1.0059848976595929
2026-07-16T16:35:00+00:00,1.1284419832882138,1.0055106853471885
2026-07-16T16:40:00+00:00,1.1284419832882138,1.0057001356286468
2026-07-16T16:45:00+00:00,1.1284419832882138,1.0061075532100203
2026-07-16T16:50:00+00:00,1.1284419832882138,1.007412395056224
2026-07-16T16:55:00+00:00,1.1284419832882138,1.00647411086782
2026-07-16T17:00:00+00:00,1.1284419832882138,1.0052490095196138
2026-07-16T17:05:00+00:00,1.1284419832882138,1.0061620541460936
2026-07-16T17:10:00+00:00,1.1284419832882138,1.005844043365564
2026-07-16T17:15:00+00:00,1.1284419832882138,1.0070768565485668
2026-07-16T17:20:00+00:00,1.1284419832882138,1.0077619514724965
2026-07-16T17:25:00+00:00,1.1284419832882138,1.0080289894850734
2026-07-16T17:30:00+00:00,1.1284419832882138,1.0067785053319347
2026-07-16T17:35:00+00:00,1.1284419832882138,1.0079293335067911
2026-07-16T17:40:00+00:00,1.1284419832882138,1.0085399673840127
2026-07-16T17:45:00+00:00,1.1284419832882138,1.0097730507931877
2026-07-16T17:50:00+00:00,1.1284419832882138,1.0092934950763106
2026-07-16T17:55:00+00:00,1.1284419832882138,1.00991616095691
2026-07-16T18:00:00+00:00,1.1284419832882138,1.0097817737885841
2026-07-16T18:05:00+00:00,1.1284419832882138,1.0100092451023077
2026-07-16T18:10:00+00:00,1.1284419832882138,1.0089522140573741
2026-07-16T18:15:00+00:00,1.1284419832882138,1.0082865761174757
2026-07-16T18:20:00+00:00,1.1284419832882138,1.0063667940795527
2026-07-16T18:25:00+00:00,1.1284419832882138,1.0049133391536014
2026-07-16T18:30:00+00:00,1.1284419832882138,1.006019258806277
2026-07-16T18:35:00+00:00,1.1284419832882138,1.0070913278973974
2026-07-16T18:40:00+00:00,1.1284419832882138,1.0075672692454274
2026-07-16T18:45:00+00:00,1.1284419832882138,1.0069670380341478
2026-07-16T18:50:00+00:00,1.1284419832882138,1.0073666864200688
2026-07-16T18:55:00+00:00,1.1284419832882138,1.0081478984784196
2026-07-16T19:00:00+00:00,1.1284419832882138,1.0084104819323472
2026-07-16T19:05:00+00:00,1.1284419832882138,1.0070099415860523
2026-07-16T19:10:00+00:00,1.1284419832882138,1.0082805568851516
2026-07-16T19:15:00+00:00,1.1284419832882138,1.0080274563682454
2026-07-16T19:20:00+00:00,1.1284419832882138,1.0087720158593312
2026-07-16T19:25:00+00:00,1.1284419832882138,1.0085711735808838
2026-07-16T19:30:00+00:00,1.1284419832882138,1.0077966169955197
2026-07-16T19:35:00+00:00,1.1284419832882138,1.0087217170060228
2026-07-16T19:40:00+00:00,1.1284419832882138,1.009276570790071
2026-07-16T19:45:00+00:00,1.1284419832882138,1.0090179167523683
2026-07-16T19:50:00+00:00,1.1284419832882138,1.0099944066803352
2026-07-16T19:55:00+00:00,1.1284419832882138,1.0076281461429666
2026-07-16T20:00:00+00:00,1.1284419832882138,1.0057264297764437
2026-07-16T20:05:00+00:00,1.1284419832882138,1.0059160202794666
2026-07-16T20:10:00+00:00,1.1284419832882138,1.0055944989416628
2026-07-16T20:15:00+00:00,1.1284419832882138,1.006199971668718
2026-07-16T20:20:00+00:00,1.1284419832882138,1.0055165150841883
2026-07-16T20:25:00+00:00,1.1284419832882138,1.0052512672847616
2026-07-16T20:30:00+00:00,1.1284419832882138,1.0059233279248485
2026-07-16T20:35:00+00:00,1.1284419832882138,1.0060750823728561
2026-07-16T20:40:00+00:00,1.1284419832882138,1.005145165578178
2026-07-16T20:45:00+00:00,1.1284419832882138,1.005154628261667
2026-07-16T20:50:00+00:00,1.1284419832882138,1.005249257769129
2026-07-16T20:55:00+00:00,1.1284419832882138,1.0053344483841942
2026-07-16T21:00:00+00:00,1.1284419832882138,1.004766376068805
2026-07-16T21:05:00+00:00,1.1284419832882138,1.004945964045939
2026-07-16T21:10:00+00:00,1.1284419832882138,1.005343160937548
2026-07-16T21:15:00+00:00,1.1284419832882138,1.005343160937548
2026-07-16T21:20:00+00:00,1.1284419832882138,1.0056678286432228
2026-07-16T21:25:00+00:00,1.1284419832882138,1.0049353149658464
2026-07-16T21:30:00+00:00,1.1284419832882138,1.0049780596595739
2026-07-16T21:35:00+00:00,1.1284419832882138,1.0049073138384412
2026-07-16T21:40:00+00:00,1.1284419832882138,1.0040180715645333
2026-07-16T21:45:00+00:00,1.1284419832882138,1.0039992096807915
2026-07-16T21:50:00+00:00,1.1284419832882138,1.004536812230615
2026-07-16T21:55:00+00:00,1.1284419832882138,1.0048248077868438
2026-07-16T22:00:00+00:00,1.1284419832882138,1.004678369930209
2026-07-16T22:05:00+00:00,1.1284419832882138,1.0040263495434034
2026-07-16T22:10:00+00:00,1.1284419832882138,1.0042338358731293
2026-07-16T22:15:00+00:00,1.1284419832882138,1.0047151252300706
2026-07-16T22:20:00+00:00,1.1284419832882138,1.005612934855483
2026-07-16T22:25:00+00:00,1.1284419832882138,1.006190971351461
2026-07-16T22:30:00+00:00,1.1284419832882138,1.007576857028983
2026-07-16T22:35:00+00:00,1.1284419832882138,1.0073099694519139
2026-07-16T22:40:00+00:00,1.1284419832882138,1.0066051839129835
2026-07-16T22:45:00+00:00,1.1284419832882138,1.0069663422046662
2026-07-16T22:50:00+00:00,1.1284419832882138,1.0069948854132778
2026-07-16T22:55:00+00:00,1.1284419832882138,1.0082794390325804
2026-07-16T23:00:00+00:00,1.1284419832882138,1.0076108187149195
2026-07-16T23:05:00+00:00,1.1284419832882138,1.0075154912959303
2026-07-16T23:10:00+00:00,1.1284419832882138,1.0082016539460752
2026-07-16T23:15:00+00:00,1.1284419832882138,1.0082112034805712
2026-07-16T23:20:00+00:00,1.1284419832882138,1.008765092220241
2026-07-16T23:25:00+00:00,1.1284419832882138,1.0097216484722278
2026-07-16T23:30:00+00:00,1.1284419832882138,1.010191696931966
2026-07-16T23:35:00+00:00,1.1284419832882138,1.0099995722273383
2026-07-16T23:40:00+00:00,1.1284419832882138,1.0099991338366354
2026-07-16T23:45:00+00:00,1.1284419832882138,1.0099990637688072
2026-07-16T23:50:00+00:00,1.1284419832882138,1.0096438359612079
2026-07-16T23:55:00+00:00,1.1284419832882138,1.0100083610367514
2026-07-17T00:00:00+00:00,1.1284419832882138,1.010344396822948
2026-07-17T08:05:00+00:00,1.1284419832882138,1.0241243519449348
2026-07-17T08:10:00+00:00,1.1284419832882138,1.0233430669849204
2026-07-17T08:15:00+00:00,1.1284419832882138,1.0253517774972638
2026-07-17T08:20:00+00:00,1.1284419832882138,1.0289003684250912
2026-07-17T08:25:00+00:00,1.1284419832882138,1.0274376502138485
2026-07-17T08:30:00+00:00,1.1284419832882138,1.0268307762326234
2026-07-17T08:35:00+00:00,1.1284419832882138,1.0294941448389532
2026-07-17T08:40:00+00:00,1.1284419832882138,1.0301716305088142
2026-07-17T08:45:00+00:00,1.1284419832882138,1.028850603888325
2026-07-17T08:50:00+00:00,1.1284419832882138,1.028606578945081
2026-07-17T08:55:00+00:00,1.1284419832882138,1.0269014706501036
2026-07-17T09:00:00+00:00,1.1284419832882138,1.0264567012926455
2026-07-17T09:05:00+00:00,1.1284419832882138,1.0263255827202096
2026-07-17T09:10:00+00:00,1.1284419832882138,1.0254988439703268
2026-07-17T09:15:00+00:00,1.1284419832882138,1.0246036949205684
2026-07-17T09:20:00+00:00,1.1284419832882138,1.0264996601669993
2026-07-17T09:25:00+00:00,1.1284419832882138,1.0258036256096927
2026-07-17T09:30:00+00:00,1.1284419832882138,1.0237723787957027
2026-07-17T09:35:00+00:00,1.1284419832882138,1.025283489323338
2026-07-17T09:40:00+00:00,1.1284419832882138,1.0225996590130504
2026-07-17T09:45:00+00:00,1.1284419832882138,1.0230185365139626
2026-07-17T09:50:00+00:00,1.1284419832882138,1.0230185365139626
2026-07-17T09:55:00+00:00,1.1284419832882138,1.021570633265602
2026-07-17T10:00:00+00:00,1.1284419832882138,1.0227041650175224
2026-07-17T10:05:00+00:00,1.1284419832882138,1.0215668515828806
2026-07-17T10:10:00+00:00,1.1284419832882138,1.0195980931965325
2026-07-17T10:15:00+00:00,1.1284419832882138,1.0180064540695095
2026-07-17T10:20:00+00:00,1.1284419832882138,1.018124192654571
2026-07-17T10:25:00+00:00,1.1284419832882138,1.0192758500451833
2026-07-17T10:30:00+00:00,1.1284419832882138,1.0184857137273189
2026-07-17T10:35:00+00:00,1.1284419832882138,1.0172047235687995
2026-07-17T10:40:00+00:00,1.1284419832882138,1.015526070724462
2026-07-17T10:45:00+00:00,1.1284419832882138,1.0165712727171856
2026-07-17T10:50:00+00:00,1.1284419832882138,1.0167574010799665
2026-07-17T10:55:00+00:00,1.1284419832882138,1.0178358247046777
2026-07-17T11:00:00+00:00,1.1284419832882138,1.0188194454737987
2026-07-17T11:05:00+00:00,1.1284419832882138,1.0192633110469067
2026-07-17T11:10:00+00:00,1.1284419832882138,1.0199645484023752
2026-07-17T11:15:00+00:00,1.1284419832882138,1.0189154668936067
2026-07-17T11:20:00+00:00,1.1284419832882138,1.0209381033873919
2026-07-17T11:25:00+00:00,1.1284419832882138,1.0210373585014678
2026-07-17T11:30:00+00:00,1.1284419832882138,1.0193396009333644
2026-07-17T11:35:00+00:00,1.1284419832882138,1.0204065377721618
2026-07-17T11:40:00+00:00,1.1284419832882138,1.0192866929809856
2026-07-17T11:45:00+00:00,1.1284419832882138,1.021222697630806
2026-07-17T11:50:00+00:00,1.1284419832882138,1.020427971796074
2026-07-17T11:55:00+00:00,1.1284419832882138,1.0205171700453568
2026-07-17T12:00:00+00:00,1.1284419832882138,1.0204775159811248
2026-07-17T12:05:00+00:00,1.1284419832882138,1.0228961319490646
2026-07-17T12:10:00+00:00,1.1284419832882138,1.024323726050963
2026-07-17T12:15:00+00:00,1.1284419832882138,1.0235312425857233
2026-07-17T12:20:00+00:00,1.1284419832882138,1.0242018672339626
2026-07-17T12:25:00+00:00,1.1284419832882138,1.0228589802456127
2026-07-17T12:30:00+00:00,1.1284419832882138,1.0241965988519377
2026-07-17T12:35:00+00:00,1.1284419832882138,1.0248379744128626
2026-07-17T12:40:00+00:00,1.1284419832882138,1.0244765220353362
2026-07-17T12:45:00+00:00,1.1284419832882138,1.02438625448464
2026-07-17T12:50:00+00:00,1.1284419832882138,1.0248476320276172
2026-07-17T12:55:00+00:00,1.1284419832882138,1.023624682663642
2026-07-17T13:00:00+00:00,1.1284419832882138,1.0236927151426294
2026-07-17T13:05:00+00:00,1.1284419832882138,1.0251336902255281
2026-07-17T13:10:00+00:00,1.1284419832882138,1.0256763442198835
2026-07-17T13:15:00+00:00,1.1284419832882138,1.0254007611387017
2026-07-17T13:20:00+00:00,1.1284419832882138,1.0248514469888101
2026-07-17T13:25:00+00:00,1.1284419832882138,1.0251928365447691
2026-07-17T13:30:00+00:00,1.1284419832882138,1.0264089966743957
2026-07-17T13:35:00+00:00,1.1284419832882138,1.0297196677498015
2026-07-17T13:40:00+00:00,1.1284419832882138,1.0346183408259606
2026-07-17T13:45:00+00:00,1.1284419832882138,1.0353208977180735
2026-07-17T13:50:00+00:00,1.1284419832882138,1.0304068608377008
2026-07-17T13:55:00+00:00,1.1284419832882138,1.0265788261935385
2026-07-17T14:00:00+00:00,1.1284419832882138,1.0224983027998953
2026-07-17T14:05:00+00:00,1.1284419832882138,1.0208169351163299
2026-07-17T14:10:00+00:00,1.1284419832882138,1.0141427898295055
2026-07-17T14:15:00+00:00,1.1284419832882138,1.0157976771817656
2026-07-17T14:20:00+00:00,1.1284419832882138,1.0128935480878216
2026-07-17T14:25:00+00:00,1.1284419832882138,1.0136112793624912
2026-07-17T14:30:00+00:00,1.1284419832882138,1.0150355787516991
2026-07-17T14:35:00+00:00,1.1284419832882138,1.0181654604345283
2026-07-17T14:40:00+00:00,1.1284419832882138,1.0129257094734725
2026-07-17T14:45:00+00:00,1.1284419832882138,1.0155097218284723
2026-07-17T14:50:00+00:00,1.1284419832882138,1.0160031961999914
2026-07-17T14:55:00+00:00,1.1284419832882138,1.0175159101662536
2026-07-17T15:00:00+00:00,1.1284419832882138,1.0192815369322896
2026-07-17T15:05:00+00:00,1.1284419832882138,1.0212681610771204
2026-07-17T15:10:00+00:00,1.1284419832882138,1.019895799482876
2026-07-17T15:15:00+00:00,1.1284419832882138,1.0203263401419842
2026-07-17T15:20:00+00:00,1.1284419832882138,1.0188828566360069
2026-07-17T15:25:00+00:00,1.1284419832882138,1.0205319745049513
2026-07-17T15:30:00+00:00,1.1284419832882138,1.0189390657209636
2026-07-17T15:35:00+00:00,1.1284419832882138,1.018479953893273
2026-07-17T15:40:00+00:00,1.1284419832882138,1.014575011581378
2026-07-17T15:45:00+00:00,1.1284419832882138,1.0159934045267744
2026-07-17T15:50:00+00:00,1.1284419832882138,1.0136708345368513
2026-07-17T15:55:00+00:00,1.1284419832882138,1.0107128469731606
2026-07-17T16:00:00+00:00,1.1284419832882138,1.00844925054575
2026-07-17T16:05:00+00:00,1.1284419832882138,1.0085430231700554
2026-07-17T16:10:00+00:00,1.1284419832882138,1.0067716533515128
2026-07-17T16:15:00+00:00,1.1284419832882138,1.0058376582441841
2026-07-17T16:20:00+00:00,1.1284419832882138,1.0070347336068786
2026-07-17T16:25:00+00:00,1.1284419832882138,1.0099235243360152
2026-07-17T16:30:00+00:00,1.1284419832882138,1.0084907901965563
2026-07-17T16:35:00+00:00,1.1284419832882138,1.0082991946133424
2026-07-17T16:40:00+00:00,1.1284419832882138,1.0083853075171392
2026-07-17T16:45:00+00:00,1.1284419832882138,1.006707816050236
2026-07-17T16:50:00+00:00,1.1284419832882138,1.0057579270269723
2026-07-17T16:55:00+00:00,1.1284419832882138,1.0054348551510772
2026-07-17T17:00:00+00:00,1.1284419832882138,1.0064787666294857
2026-07-17T17:05:00+00:00,1.1284419832882138,1.004523759810664
2026-07-17T17:10:00+00:00,1.1284419832882138,1.002825065145134
2026-07-17T17:15:00+00:00,1.1284419832882138,1.0044636204164765
2026-07-17T17:20:00+00:00,1.1284419832882138,1.0036122828046898
2026-07-17T17:25:00+00:00,1.1284419832882138,1.0044855990327726
2026-07-17T17:30:00+00:00,1.1284419832882138,1.0032980957731923
2026-07-17T17:35:00+00:00,1.1284419832882138,1.0042502842778738
2026-07-17T17:40:00+00:00,1.1284419832882138,1.0058474004594846
2026-07-17T17:45:00+00:00,1.1284419832882138,1.0063985302502612
2026-07-17T17:50:00+00:00,1.1284419832882138,1.005841458888291
2026-07-17T17:55:00+00:00,1.1284419832882138,1.0070262777152703
2026-07-17T18:00:00+00:00,1.1284419832882138,1.0091023746735115
2026-07-17T18:05:00+00:00,1.1284419832882138,1.008570121301509
2026-07-17T18:10:00+00:00,1.1284419832882138,1.0101850035684408
2026-07-17T18:15:00+00:00,1.1284419832882138,1.0108876528584905
2026-07-17T18:20:00+00:00,1.1284419832882138,1.0119582709355284
2026-07-17T18:25:00+00:00,1.1284419832882138,1.012035675617296
2026-07-17T18:30:00+00:00,1.1284419832882138,1.0111253735292487
2026-07-17T18:35:00+00:00,1.1284419832882138,1.011453550012306
2026-07-17T18:40:00+00:00,1.1284419832882138,1.011038074463563
2026-07-17T18:45:00+00:00,1.1284419832882138,1.0126539082190116
2026-07-17T18:50:00+00:00,1.1284419832882138,1.0118893743858024
2026-07-17T18:55:00+00:00,1.1284419832882138,1.0104561323953518
2026-07-17T19:00:00+00:00,1.1284419832882138,1.0109520734626363
2026-07-17T19:05:00+00:00,1.1284419832882138,1.0117044778095423
2026-07-17T19:10:00+00:00,1.1284419832882138,1.0130862074368423
2026-07-17T19:15:00+00:00,1.1284419832882138,1.0151833858891521
2026-07-17T19:20:00+00:00,1.1284419832882138,1.014460441540136
2026-07-17T19:25:00+00:00,1.1284419832882138,1.0153767188870582
2026-07-17T19:30:00+00:00,1.1284419832882138,1.0125814892231795
2026-07-17T19:35:00+00:00,1.1284419832882138,1.0115399250953718
2026-07-17T19:40:00+00:00,1.1284419832882138,1.0132178958604332
2026-07-17T19:45:00+00:00,1.1284419832882138,1.0122364941111683
2026-07-17T19:50:00+00:00,1.1284419832882138,1.0109873093070778
2026-07-17T19:55:00+00:00,1.1284419832882138,1.011233136716109
2026-07-17T20:00:00+00:00,1.1284419832882138,1.0130336400745044
2026-07-17T20:05:00+00:00,1.1284419832882138,1.0157612847426876
2026-07-17T20:10:00+00:00,1.1284419832882138,1.0149001383741196
2026-07-17T20:15:00+00:00,1.1284419832882138,1.0148610947433443
2026-07-17T20:20:00+00:00,1.1284419832882138,1.0147830164932485
2026-07-17T20:25:00+00:00,1.1284419832882138,1.0146854412032011
2026-07-17T20:30:00+00:00,1.1284419832882138,1.0144025544718525
2026-07-17T20:35:00+00:00,1.1284419832882138,1.014148488553879
2026-07-17T20:40:00+00:00,1.1284419832882138,1.0145770403738772
2026-07-17T20:45:00+00:00,1.1284419832882138,1.0144103853856332
2026-07-17T20:50:00+00:00,1.1284419832882138,1.0144600940891164
2026-07-17T20:55:00+00:00,1.1284419832882138,1.0143525564355542
2026-07-17T21:00:00+00:00,1.1284419832882138,1.0144400401402514
2026-07-17T21:05:00+00:00,1.1284419832882138,1.014293829019755
2026-07-17T21:10:00+00:00,1.1284419832882138,1.0140501684651986
2026-07-17T21:15:00+00:00,1.1284419832882138,1.014780401423767
2026-07-17T21:20:00+00:00,1.1284419832882138,1.01458525134657
2026-07-17T21:25:00+00:00,1.1284419832882138,1.015160522097508
2026-07-17T21:30:00+00:00,1.1284419832882138,1.0147795511735285
2026-07-17T21:35:00+00:00,1.1284419832882138,1.0151600935052185
2026-07-17T21:40:00+00:00,1.1284419832882138,1.0151600935052185
2026-07-17T21:45:00+00:00,1.1284419832882138,1.0142906986867781
2026-07-17T21:50:00+00:00,1.1284419832882138,1.015752212661831
2026-07-17T21:55:00+00:00,1.1284419832882138,1.015752212661831
2026-07-17T22:00:00+00:00,1.1284419832882138,1.015165072654512
2026-07-17T22:05:00+00:00,1.1284419832882138,1.0156534136489506
2026-07-17T22:10:00+00:00,1.1284419832882138,1.0154577570483634
2026-07-17T22:15:00+00:00,1.1284419832882138,1.0155066429407689
2026-07-17T22:20:00+00:00,1.1284419832882138,1.0147277781924757
2026-07-17T22:25:00+00:00,1.1284419832882138,1.0145487532905695
2026-07-17T22:30:00+00:00,1.1284419832882138,1.0151633208099808
2026-07-17T22:35:00+00:00,1.1284419832882138,1.0155052253156425
2026-07-17T22:40:00+00:00,1.1284419832882138,1.014478474726734
2026-07-17T22:45:00+00:00,1.1284419832882138,1.013991025911278
2026-07-17T22:50:00+00:00,1.1284419832882138,1.013991025911278
2026-07-17T22:55:00+00:00,1.1284419832882138,1.014000760848163
2026-07-17T23:00:00+00:00,1.1284419832882138,1.0147503725782778
2026-07-17T23:05:00+00:00,1.1284419832882138,1.0154918924074763
2026-07-17T23:10:00+00:00,1.1284419832882138,1.0142011620431328
2026-07-17T23:15:00+00:00,1.1284419832882138,1.0145518405347531
2026-07-17T23:20:00+00:00,1.1284419832882138,1.0152113128827536
2026-07-17T23:25:00+00:00,1.1284419832882138,1.0139838800677905
2026-07-17T23:30:00+00:00,1.1284419832882138,1.014761538494564
2026-07-17T23:35:00+00:00,1.1284419832882138,1.0152006180064126
2026-07-17T23:40:00+00:00,1.1284419832882138,1.0149563680261398
2026-07-17T23:45:00+00:00,1.1284419832882138,1.0147611090095898
2026-07-17T23:50:00+00:00,1.1284419832882138,1.0152001883356037
2026-07-17T23:55:00+00:00,1.1284419832882138,1.0151513383602242
2026-07-18T00:00:00+00:00,1.1284419832882138,1.0141165109612489
2026-07-20T08:05:00+00:00,1.1284419832882138,1.0083859351585966
2026-07-20T08:10:00+00:00,1.1284419832882138,1.009257280495305
2026-07-20T08:15:00+00:00,1.1284419832882138,1.0078268673421251
2026-07-20T08:20:00+00:00,1.1284419832882138,1.0078077485716403
2026-07-20T08:25:00+00:00,1.1284419832882138,1.0082092199033044
2026-07-20T08:30:00+00:00,1.1284419832882138,1.0078455494932697
2026-07-20T08:35:00+00:00,1.1284419832882138,1.0090214202872794
2026-07-20T08:40:00+00:00,1.1284419832882138,1.0093571915484754
2026-07-20T08:45:00+00:00,1.1284419832882138,1.0101638475983485
2026-07-20T08:50:00+00:00,1.1284419832882138,1.0089131532271398
2026-07-20T08:55:00+00:00,1.1284419832882138,1.0094981694091443
2026-07-20T09:00:00+00:00,1.1284419832882138,1.0088074166504266
2026-07-20T09:05:00+00:00,1.1284419832882138,1.009333766961618
2026-07-20T09:10:00+00:00,1.1284419832882138,1.0088152341260146
2026-07-20T09:15:00+00:00,1.1284419832882138,1.0088631725043709
2026-07-20T09:20:00+00:00,1.1284419832882138,1.0085371450557903
2026-07-20T09:25:00+00:00,1.1284419832882138,1.0076941268680881
2026-07-20T09:30:00+00:00,1.1284419832882138,1.0078087961032278
2026-07-20T09:35:00+00:00,1.1284419832882138,1.0075212629463404
2026-07-20T09:40:00+00:00,1.1284419832882138,1.0074257542476064
2026-07-20T09:45:00+00:00,1.1284419832882138,1.006373547649956
2026-07-20T09:50:00+00:00,1.1284419832882138,1.005595384593497
2026-07-20T09:55:00+00:00,1.1284419832882138,1.004769211264889
2026-07-20T10:00:00+00:00,1.1284419832882138,1.0054038940830317
2026-07-20T10:05:00+00:00,1.1284419832882138,1.0066661773718062
2026-07-20T10:10:00+00:00,1.1284419832882138,1.006263790764607
2026-07-20T10:15:00+00:00,1.1284419832882138,1.0064255511515783
2026-07-20T10:20:00+00:00,1.1284419832882138,1.0061875534711568
2026-07-20T10:25:00+00:00,1.1284419832882138,1.0058450798314458
2026-07-20T10:30:00+00:00,1.1284419832882138,1.0050848038829716
2026-07-20T10:35:00+00:00,1.1284419832882138,1.005141695475644
2026-07-20T10:40:00+00:00,1.1284419832882138,1.0053693004940556
2026-07-20T10:45:00+00:00,1.1284419832882138,1.0039673669387192
2026-07-20T10:50:00+00:00,1.1284419832882138,1.004541950373179
2026-07-20T10:55:00+00:00,1.1284419832882138,1.0047596828576635
2026-07-20T11:00:00+00:00,1.1284419832882138,1.004409189699824
2026-07-20T11:05:00+00:00,1.1284419832882138,1.0031127749065387
2026-07-20T11:10:00+00:00,1.1284419832882138,1.0027168688722388
2026-07-20T11:15:00+00:00,1.1284419832882138,1.001878917686045
2026-07-20T11:20:00+00:00,1.1284419832882138,1.002151324777874
2026-07-20T11:25:00+00:00,1.1284419832882138,1.0026680076090178
2026-07-20T11:30:00+00:00,1.1284419832882138,1.0026680076090178
2026-07-20T11:35:00+00:00,1.1284419832882138,0.9996085098860534
2026-07-20T11:40:00+00:00,1.1284419832882138,0.9998136571502967
2026-07-20T11:45:00+00:00,1.1284419832882138,0.9988615958986692
2026-07-20T11:50:00+00:00,1.1284419832882138,0.9996899473898636
2026-07-20T11:55:00+00:00,1.1284419832882138,0.9992885800630564
2026-07-20T12:00:00+00:00,1.1284419832882138,0.9993165379261163
2026-07-20T12:05:00+00:00,1.1284419832882138,1.0018795571565884
2026-07-20T12:10:00+00:00,1.1284419832882138,1.0012784594771784
2026-07-20T12:15:00+00:00,1.1284419832882138,1.0026941247148287
2026-07-20T12:20:00+00:00,1.1284419832882138,1.0012724378020985
2026-07-20T12:25:00+00:00,1.1284419832882138,1.0012724378020985
2026-07-20T12:30:00+00:00,1.1284419832882138,1.0007379779390004
2026-07-20T12:35:00+00:00,1.1284419832882138,1.0003354887135354
2026-07-20T12:40:00+00:00,1.1284419832882138,0.9998399954340791
2026-07-20T12:45:00+00:00,1.1284419832882138,1.0012963834457063
2026-07-20T12:50:00+00:00,1.1284419832882138,1.0004525469519883
2026-07-20T12:55:00+00:00,1.1284419832882138,1.0009201617681829
2026-07-20T13:00:00+00:00,1.1284419832882138,1.0007328785524574
2026-07-20T13:05:00+00:00,1.1284419832882138,0.9993950473269751
2026-07-20T13:10:00+00:00,1.1284419832882138,0.9998611830766614
2026-07-20T13:15:00+00:00,1.1284419832882138,1.0005987090660455
2026-07-20T13:20:00+00:00,1.1284419832882138,0.9999718261434574
2026-07-20T13:25:00+00:00,1.1284419832882138,0.9997663703907662
2026-07-20T13:30:00+00:00,1.1284419832882138,1.0020996563560174
2026-07-20T13:35:00+00:00,1.1284419832882138,0.9983850039068836
2026-07-20T13:40:00+00:00,1.1284419832882138,0.9994767890981036
2026-07-20T13:45:00+00:00,1.1284419832882138,0.9970200266706342
2026-07-20T13:50:00+00:00,1.1284419832882138,0.9981311549212073
2026-07-20T13:55:00+00:00,1.1284419832882138,0.9995284556719846
2026-07-20T14:00:00+00:00,1.1284419832882138,1.0021457366907622
2026-07-20T14:05:00+00:00,1.1284419832882138,1.0010978262684709
2026-07-20T14:10:00+00:00,1.1284419832882138,1.0021702021187544
2026-07-20T14:15:00+00:00,1.1284419832882138,1.0042672628578315
2026-07-20T14:20:00+00:00,1.1284419832882138,1.0046410036727242
2026-07-20T14:25:00+00:00,1.1284419832882138,1.0036039142984448
2026-07-20T14:30:00+00:00,1.1284419832882138,1.0009927904350007
2026-07-20T14:35:00+00:00,1.1284419832882138,1.0024124507495609
2026-07-20T14:40:00+00:00,1.1284419832882138,1.0031042712297926
2026-07-20T14:45:00+00:00,1.1284419832882138,1.0038164583833187
2026-07-20T14:50:00+00:00,1.1284419832882138,1.0054045788852224
2026-07-20T14:55:00+00:00,1.1284419832882138,1.0064296947206048
2026-07-20T15:00:00+00:00,1.1284419832882138,1.0074868590277588
2026-07-20T15:05:00+00:00,1.1284419832882138,1.0061592905227905
2026-07-20T15:10:00+00:00,1.1284419832882138,1.0039042666745703
2026-07-20T15:15:00+00:00,1.1284419832882138,1.004877818228038
2026-07-20T15:20:00+00:00,1.1284419832882138,1.0042428700705446
2026-07-20T15:25:00+00:00,1.1284419832882138,1.0028741254920748
2026-07-20T15:30:00+00:00,1.1284419832882138,1.0025774779481142
2026-07-20T15:35:00+00:00,1.1284419832882138,1.0022950730932483
2026-07-20T15:40:00+00:00,1.1284419832882138,1.0035274787878339
2026-07-20T15:45:00+00:00,1.1284419832882138,1.0023850550230524
2026-07-20T15:50:00+00:00,1.1284419832882138,1.0034860573508555
2026-07-20T15:55:00+00:00,1.1284419832882138,1.0019474884174158
2026-07-20T16:00:00+00:00,1.1284419832882138,1.00114892723068
2026-07-20T16:05:00+00:00,1.1284419832882138,1.0009380206347467
2026-07-20T16:10:00+00:00,1.1284419832882138,0.999392307854746
2026-07-20T16:15:00+00:00,1.1284419832882138,0.9994342525133344
2026-07-20T16:20:00+00:00,1.1284419832882138,0.9996207204699609
2026-07-20T16:25:00+00:00,1.1284419832882138,1.0006102112064768
2026-07-20T16:30:00+00:00,1.1284419832882138,1.000982420057013
2026-07-20T16:35:00+00:00,1.1284419832882138,1.0021230685082785
2026-07-20T16:40:00+00:00,1.1284419832882138,1.0014415482141372
2026-07-20T16:45:00+00:00,1.1284419832882138,1.003884834395736
2026-07-20T16:50:00+00:00,1.1284419832882138,1.0024624292954005
2026-07-20T16:55:00+00:00,1.1284419832882138,1.0043541602463484
2026-07-20T17:00:00+00:00,1.1284419832882138,1.0037762091118012
2026-07-20T17:05:00+00:00,1.1284419832882138,1.0042675981346563
2026-07-20T17:10:00+00:00,1.1284419832882138,1.0041066771027325
2026-07-20T17:15:00+00:00,1.1284419832882138,1.0054969611952471
2026-07-20T17:20:00+00:00,1.1284419832882138,1.0040250319427788
2026-07-20T17:25:00+00:00,1.1284419832882138,1.0041479649359373
2026-07-20T17:30:00+00:00,1.1284419832882138,1.004573358884877
2026-07-20T17:35:00+00:00,1.1284419832882138,1.0043555605142624
2026-07-20T17:40:00+00:00,1.1284419832882138,1.004772057754441
2026-07-20T17:45:00+00:00,1.1284419832882138,1.0057950421523927
2026-07-20T17:50:00+00:00,1.1284419832882138,1.0048922324545908
2026-07-20T17:55:00+00:00,1.1284419832882138,1.004503220267315
2026-07-20T18:00:00+00:00,1.1284419832882138,1.0046356468731596
2026-07-20T18:05:00+00:00,1.1284419832882138,1.0045882825282564
2026-07-20T18:10:00+00:00,1.1284419832882138,1.0034706734158882
2026-07-20T18:15:00+00:00,1.1284419832882138,1.003211049380688
2026-07-20T18:20:00+00:00,1.1284419832882138,1.0036025858639428
2026-07-20T18:25:00+00:00,1.1284419832882138,1.0052187855389592
2026-07-20T18:30:00+00:00,1.1284419832882138,1.005037149274004
2026-07-20T18:35:00+00:00,1.1284419832882138,1.0062987408627484
2026-07-20T18:40:00+00:00,1.1284419832882138,1.0062511303945898
2026-07-20T18:45:00+00:00,1.1284419832882138,1.0065744778782681
2026-07-20T18:50:00+00:00,1.1284419832882138,1.0069080385647298
2026-07-20T18:55:00+00:00,1.1284419832882138,1.0059543964034734
2026-07-20T19:00:00+00:00,1.1284419832882138,1.0069816860768386
2026-07-20T19:05:00+00:00,1.1284419832882138,1.00870872997334
2026-07-20T19:10:00+00:00,1.1284419832882138,1.0084067230128686
2026-07-20T19:15:00+00:00,1.1284419832882138,1.009896829474203
2026-07-20T19:20:00+00:00,1.1284419832882138,1.009367602946041
2026-07-20T19:25:00+00:00,1.1284419832882138,1.009982656859178
2026-07-20T19:30:00+00:00,1.1284419832882138,1.0086637954484157
2026-07-20T19:35:00+00:00,1.1284419832882138,1.008932250889963
2026-07-20T19:40:00+00:00,1.1284419832882138,1.009143371943787
2026-07-20T19:45:00+00:00,1.1284419832882138,1.0087879070860821
2026-07-20T19:50:00+00:00,1.1284419832882138,1.0086728121528734
2026-07-20T19:55:00+00:00,1.1284419832882138,1.0102502075010507
2026-07-20T20:00:00+00:00,1.1284419832882138,1.010466926771148
2026-07-20T20:05:00+00:00,1.1284419832882138,1.0108717767246373
2026-07-20T20:10:00+00:00,1.1284419832882138,1.0118079120864938
2026-07-20T20:15:00+00:00,1.1284419832882138,1.011488546604917
2026-07-20T20:20:00+00:00,1.1284419832882138,1.0119816443708118
2026-07-20T20:25:00+00:00,1.1284419832882138,1.011729893191509
2026-07-20T20:30:00+00:00,1.1284419832882138,1.0116329982114969
2026-07-20T20:35:00+00:00,1.1284419832882138,1.0113837317478793
2026-07-20T20:40:00+00:00,1.1284419832882138,1.0113718430701633
2026-07-20T20:45:00+00:00,1.1284419832882138,1.0114685000118728
2026-07-20T20:50:00+00:00,1.1284419832882138,1.010956048248698
2026-07-20T20:55:00+00:00,1.1284419832882138,1.0108112480966465
2026-07-20T21:00:00+00:00,1.1284419832882138,1.0105989657695422
2026-07-20T21:05:00+00:00,1.1284419832882138,1.0108882593666138
2026-07-20T21:10:00+00:00,1.1284419832882138,1.0108691495828297
2026-07-20T21:15:00+00:00,1.1284419832882138,1.0108689565656572
2026-07-20T21:20:00+00:00,1.1284419832882138,1.0106952412099501
2026-07-20T21:25:00+00:00,1.1284419832882138,1.0109267721521917
2026-07-20T21:30:00+00:00,1.1284419832882138,1.011110175119075
2026-07-20T21:35:00+00:00,1.1284419832882138,1.0115640901307337
2026-07-20T21:40:00+00:00,1.1284419832882138,1.01148914154853
2026-07-20T21:45:00+00:00,1.1284419832882138,1.01148914154853
2026-07-20T21:50:00+00:00,1.1284419832882138,1.01148914154853
2026-07-20T21:55:00+00:00,1.1284419832882138,1.0109356121637483
2026-07-20T22:00:00+00:00,1.1284419832882138,1.0102792231479254
2026-07-20T22:05:00+00:00,1.1284419832882138,1.0117146894024698
2026-07-20T22:10:00+00:00,1.1284419832882138,1.011887875204439
2026-07-20T22:15:00+00:00,1.1284419832882138,1.0118017218269215
2026-07-20T22:20:00+00:00,1.1284419832882138,1.0120630192586701
2026-07-20T22:25:00+00:00,1.1284419832882138,1.0116562415178105
2026-07-20T22:30:00+00:00,1.1284419832882138,1.0116562415178105
2026-07-20T22:35:00+00:00,1.1284419832882138,1.012526857904659
2026-07-20T22:40:00+00:00,1.1284419832882138,1.0126749545054272
2026-07-20T22:45:00+00:00,1.1284419832882138,1.0120426236800582
2026-07-20T22:50:00+00:00,1.1284419832882138,1.0124678502319047
2026-07-20T22:55:00+00:00,1.1284419832882138,1.0121866414852403
2026-07-20T23:00:00+00:00,1.1284419832882138,1.0121897418942118
2026-07-20T23:05:00+00:00,1.1284419832882138,1.0122738427739724
2026-07-20T23:10:00+00:00,1.1284419832882138,1.0114307011939037
2026-07-20T23:15:00+00:00,1.1284419832882138,1.0105896629146627
2026-07-20T23:20:00+00:00,1.1284419832882138,1.0100110810465817
2026-07-20T23:25:00+00:00,1.1284419832882138,1.0093854848471833
2026-07-20T23:30:00+00:00,1.1284419832882138,1.0091452693581668
2026-07-20T23:35:00+00:00,1.1284419832882138,1.0094333222419036
2026-07-20T23:40:00+00:00,1.1284419832882138,1.0090489226523218
2026-07-20T23:45:00+00:00,1.1284419832882138,1.0093080961769758
2026-07-20T23:50:00+00:00,1.1284419832882138,1.0091447870414323
2026-07-20T23:55:00+00:00,1.1284419832882138,1.0105754490135461
2026-07-21T00:00:00+00:00,1.1284419832882138,1.0096497487110203
2026-07-21T08:05:00+00:00,1.1284419832882138,0.9919600986857368
2026-07-21T08:10:00+00:00,1.1284419832882138,0.9913393476853077
2026-07-21T08:15:00+00:00,1.1284419832882138,0.9914577981588362
2026-07-21T08:20:00+00:00,1.1284419832882138,0.9916309801523735
2026-07-21T08:25:00+00:00,1.1284419832882138,0.9908831713275823
2026-07-21T08:30:00+00:00,1.1284419832882138,0.9903101486191878
2026-07-21T08:35:00+00:00,1.1284419832882138,0.9899195689740515
2026-07-21T08:40:00+00:00,1.1284419832882138,0.9894477985217947
2026-07-21T08:45:00+00:00,1.1284419832882138,0.9894387389719255
2026-07-21T08:50:00+00:00,1.1284419832882138,0.9897829924107444
2026-07-21T08:55:00+00:00,1.1284419832882138,0.9900459865539699
2026-07-21T09:00:00+00:00,1.1284419832882138,0.9890113229693274
2026-07-21T09:05:00+00:00,1.1284419832882138,0.98879418055357
2026-07-21T09:10:00+00:00,1.1284419832882138,0.9894090123410394
2026-07-21T09:15:00+00:00,1.1284419832882138,0.989508656184295
2026-07-21T09:20:00+00:00,1.1284419832882138,0.9884030233263612
2026-07-21T09:25:00+00:00,1.1284419832882138,0.9886649213187635
2026-07-21T09:30:00+00:00,1.1284419832882138,0.9889812564948902
2026-07-21T09:35:00+00:00,1.1284419832882138,0.989062677956209
2026-07-21T09:40:00+00:00,1.1284419832882138,0.9893703461268448
2026-07-21T09:45:00+00:00,1.1284419832882138,0.9892254259062315
2026-07-21T09:50:00+00:00,1.1284419832882138,0.9888813915839988
2026-07-21T09:55:00+00:00,1.1284419832882138,0.9887276419621136
2026-07-21T10:00:00+00:00,1.1284419832882138,0.9900474641842731
2026-07-21T10:05:00+00:00,1.1284419832882138,0.9896934933082057
2026-07-21T10:10:00+00:00,1.1284419832882138,0.9903283939480628
2026-07-21T10:15:00+00:00,1.1284419832882138,0.9896561842511984
2026-07-21T10:20:00+00:00,1.1284419832882138,0.9889672106508477
2026-07-21T10:25:00+00:00,1.1284419832882138,0.9894738166131276
2026-07-21T10:30:00+00:00,1.1284419832882138,0.9892473053189429
2026-07-21T10:35:00+00:00,1.1284419832882138,0.989265413783409
2026-07-21T10:40:00+00:00,1.1284419832882138,0.988785513121369
2026-07-21T10:45:00+00:00,1.1284419832882138,0.9896896695891098
2026-07-21T10:50:00+00:00,1.1284419832882138,0.9891366183812961
2026-07-21T10:55:00+00:00,1.1284419832882138,0.9900507927051234
2026-07-21T11:00:00+00:00,1.1284419832882138,0.990105250944546
2026-07-21T11:05:00+00:00,1.1284419832882138,0.9908677921214205
2026-07-21T11:10:00+00:00,1.1284419832882138,0.9910042843140491
2026-07-21T11:15:00+00:00,1.1284419832882138,0.9904032053113083
2026-07-21T11:20:00+00:00,1.1284419832882138,0.9906458950749261
2026-07-21T11:25:00+00:00,1.1284419832882138,0.9908667587960628
2026-07-21T11:30:00+00:00,1.1284419832882138,0.9908667587960628
2026-07-21T11:35:00+00:00,1.1284419832882138,0.9904937051954142
2026-07-21T11:40:00+00:00,1.1284419832882138,0.9897758634592118
2026-07-21T11:45:00+00:00,1.1284419832882138,0.9896851748149513
2026-07-21T11:50:00+00:00,1.1284419832882138,0.9885972101669319
2026-07-21T11:55:00+00:00,1.1284419832882138,0.9894245051814727
2026-07-21T12:00:00+00:00,1.1284419832882138,0.9890480928479394
2026-07-21T12:05:00+00:00,1.1284419832882138,0.9885956463278809
2026-07-21T12:10:00+00:00,1.1284419832882138,0.9876919940003417
2026-07-21T12:15:00+00:00,1.1284419832882138,0.9881155480488637
2026-07-21T12:20:00+00:00,1.1284419832882138,0.9885576942495687
2026-07-21T12:25:00+00:00,1.1284419832882138,0.9890456120936886
2026-07-21T12:30:00+00:00,1.1284419832882138,0.9896289951733929
2026-07-21T12:35:00+00:00,1.1284419832882138,0.9896428620689786
2026-07-21T12:40:00+00:00,1.1284419832882138,0.9892258573454774
2026-07-21T12:45:00+00:00,1.1284419832882138,0.9891534054995624
2026-07-21T12:50:00+00:00,1.1284419832882138,0.9884383068591065
2026-07-21T12:55:00+00:00,1.1284419832882138,0.9880410024545658
2026-07-21T13:00:00+00:00,1.1284419832882138,0.9883296870300717
2026-07-21T13:05:00+00:00,1.1284419832882138,0.9887450350686195
2026-07-21T13:10:00+00:00,1.1284419832882138,0.9887179129730395
2026-07-21T13:15:00+00:00,1.1284419832882138,0.9880673452058344
2026-07-21T13:20:00+00:00,1.1284419832882138,0.9880673452058344
2026-07-21T13:25:00+00:00,1.1284419832882138,0.9882570091328795
2026-07-21T13:30:00+00:00,1.1284419832882138,0.990243143811955
2026-07-21T13:35:00+00:00,1.1284419832882138,0.9864796870963644
2026-07-21T13:40:00+00:00,1.1284419832882138,0.9885199967929804
2026-07-21T13:45:00+00:00,1.1284419832882138,0.9867600197126747
2026-07-21T13:50:00+00:00,1.1284419832882138,0.9868097865663188
2026-07-21T13:55:00+00:00,1.1284419832882138,0.9863357053730654
2026-07-21T14:00:00+00:00,1.1284419832882138,0.9861903947346896
2026-07-21T14:05:00+00:00,1.1284419832882138,0.9842991301910078
2026-07-21T14:10:00+00:00,1.1284419832882138,0.982512781188853
2026-07-21T14:15:00+00:00,1.1284419832882138,0.9851104602527716
2026-07-21T14:20:00+00:00,1.1284419832882138,0.9860300276051157
2026-07-21T14:25:00+00:00,1.1284419832882138,0.985301441811788
2026-07-21T14:30:00+00:00,1.1284419832882138,0.9873757064328159
2026-07-21T14:35:00+00:00,1.1284419832882138,0.9879812754978807
2026-07-21T14:40:00+00:00,1.1284419832882138,0.9875748116750985
2026-07-21T14:45:00+00:00,1.1284419832882138,0.9888850509737163
2026-07-21T14:50:00+00:00,1.1284419832882138,0.9885962925587143
2026-07-21T14:55:00+00:00,1.1284419832882138,0.988515046045156
2026-07-21T15:00:00+00:00,1.1284419832882138,0.988871653204624
2026-07-21T15:05:00+00:00,1.1284419832882138,0.9886144353424475
2026-07-21T15:10:00+00:00,1.1284419832882138,0.9910878671266966
2026-07-21T15:15:00+00:00,1.1284419832882138,0.992717708891033
2026-07-21T15:20:00+00:00,1.1284419832882138,0.9918547291685216
2026-07-21T15:25:00+00:00,1.1284419832882138,0.992646535843218
2026-07-21T15:30:00+00:00,1.1284419832882138,0.9927003905341327
2026-07-21T15:35:00+00:00,1.1284419832882138,0.9920531455708875
2026-07-21T15:40:00+00:00,1.1284419832882138,0.9907172621920617
2026-07-21T15:45:00+00:00,1.1284419832882138,0.9901272529599074
2026-07-21T15:50:00+00:00,1.1284419832882138,0.9914072166606148
2026-07-21T15:55:00+00:00,1.1284419832882138,0.9907231041667318
2026-07-21T16:00:00+00:00,1.1284419832882138,0.9902953432175354
2026-07-21T16:05:00+00:00,1.1284419832882138,0.9918767588074899
2026-07-21T16:10:00+00:00,1.1284419832882138,0.9922906139574107
2026-07-21T16:15:00+00:00,1.1284419832882138,0.9919038426025449
2026-07-21T16:20:00+00:00,1.1284419832882138,0.9927227225033635
2026-07-21T16:25:00+00:00,1.1284419832882138,0.9936306939345597
2026-07-21T16:30:00+00:00,1.1284419832882138,0.9928896556336126
2026-07-21T16:35:00+00:00,1.1284419832882138,0.9930379593432791
2026-07-21T16:40:00+00:00,1.1284419832882138,0.993810927538289
2026-07-21T16:45:00+00:00,1.1284419832882138,0.9934158044583921
2026-07-21T16:50:00+00:00,1.1284419832882138,0.9941345057791394
2026-07-21T16:55:00+00:00,1.1284419832882138,0.9947360197999254
2026-07-21T17:00:00+00:00,1.1284419832882138,0.9939375047613764
2026-07-21T17:05:00+00:00,1.1284419832882138,0.9950149876113438
2026-07-21T17:10:00+00:00,1.1284419832882138,0.9949611715843006
2026-07-21T17:15:00+00:00,1.1284419832882138,0.9943333126254214
2026-07-21T17:20:00+00:00,1.1284419832882138,0.99459188013308
2026-07-21T17:25:00+00:00,1.1284419832882138,0.9943064259347687
2026-07-21T17:30:00+00:00,1.1284419832882138,0.9943782302975785
2026-07-21T17:35:00+00:00,1.1284419832882138,0.994440968116676
2026-07-21T17:40:00+00:00,1.1284419832882138,0.9946564622766093
2026-07-21T17:45:00+00:00,1.1284419832882138,0.9945218705937047
2026-07-21T17:50:00+00:00,1.1284419832882138,0.9949256748688053
2026-07-21T17:55:00+00:00,1.1284419832882138,0.9941408108422137
2026-07-21T18:00:00+00:00,1.1284419832882138,0.993799659920076
2026-07-21T18:05:00+00:00,1.1284419832882138,0.9940555849094643
2026-07-21T18:10:00+00:00,1.1284419832882138,0.9943339226523383
2026-07-21T18:15:00+00:00,1.1284419832882138,0.9938155762453622
2026-07-21T18:20:00+00:00,1.1284419832882138,0.9938312028011105
2026-07-21T18:25:00+00:00,1.1284419832882138,0.9939570127753651
2026-07-21T18:30:00+00:00,1.1284419832882138,0.9932925789998874
2026-07-21T18:35:00+00:00,1.1284419832882138,0.9934183631725283
2026-07-21T18:40:00+00:00,1.1284419832882138,0.994063041733117
2026-07-21T18:45:00+00:00,1.1284419832882138,0.9943974687741031
2026-07-21T18:50:00+00:00,1.1284419832882138,0.9939442263765771
2026-07-21T18:55:00+00:00,1.1284419832882138,0.9935267644215399
2026-07-21T19:00:00+00:00,1.1284419832882138,0.9940387715596776
2026-07-21T19:05:00+00:00,1.1284419832882138,0.9933834008956862
2026-07-21T19:10:00+00:00,1.1284419832882138,0.9922334231492863
2026-07-21T19:15:00+00:00,1.1284419832882138,0.9921343950666212
2026-07-21T19:20:00+00:00,1.1284419832882138,0.9925213751626752
2026-07-21T19:25:00+00:00,1.1284419832882138,0.9922156443867751
2026-07-21T19:30:00+00:00,1.1284419832882138,0.9907044546114846
2026-07-21T19:35:00+00:00,1.1284419832882138,0.9915556794056111
2026-07-21T19:40:00+00:00,1.1284419832882138,0.9923926997574325
2026-07-21T19:45:00+00:00,1.1284419832882138,0.9929188008560436
2026-07-21T19:50:00+00:00,1.1284419832882138,0.9931794818728253
2026-07-21T19:55:00+00:00,1.1284419832882138,0.994253320894821
2026-07-21T20:00:00+00:00,1.1284419832882138,0.9932345705896227
2026-07-21T20:05:00+00:00,1.1284419832882138,0.9927673267669493
2026-07-21T20:10:00+00:00,1.1284419832882138,0.9933336771806472
2026-07-21T20:15:00+00:00,1.1284419832882138,0.993198908682477
2026-07-21T20:20:00+00:00,1.1284419832882138,0.9934235533284287
2026-07-21T20:25:00+00:00,1.1284419832882138,0.9932528619962416
2026-07-21T20:30:00+00:00,1.1284419832882138,0.9928934312701484
2026-07-21T20:35:00+00:00,1.1284419832882138,0.9935136413583022
2026-07-21T20:40:00+00:00,1.1284419832882138,0.9939088909082097
2026-07-21T20:45:00+00:00,1.1284419832882138,0.9939088909082097
2026-07-21T20:50:00+00:00,1.1284419832882138,0.9935676747162601
2026-07-21T20:55:00+00:00,1.1284419832882138,0.9935676747162601
2026-07-21T21:00:00+00:00,1.1284419832882138,0.9932443391339385
2026-07-21T21:05:00+00:00,1.1284419832882138,0.9936396960266641
2026-07-21T21:10:00+00:00,1.1284419832882138,0.9949600221223716
2026-07-21T21:15:00+00:00,1.1284419832882138,0.9950407512851985
2026-07-21T21:20:00+00:00,1.1284419832882138,0.9946371382168027
2026-07-21T21:25:00+00:00,1.1284419832882138,0.9953100997446895
2026-07-21T21:30:00+00:00,1.1284419832882138,0.9949514294384753
2026-07-21T21:35:00+00:00,1.1284419832882138,0.9953012590972211
2026-07-21T21:40:00+00:00,1.1284419832882138,0.996206909894252
2026-07-21T21:45:00+00:00,1.1284419832882138,0.9958127273040059
2026-07-21T21:50:00+00:00,1.1284419832882138,0.995328766190225
2026-07-21T21:55:00+00:00,1.1284419832882138,0.9952213993954022
2026-07-21T22:00:00+00:00,1.1284419832882138,0.9944232852798301
2026-07-21T22:05:00+00:00,1.1284419832882138,0.9938309208089878
2026-07-21T22:10:00+00:00,1.1284419832882138,0.9933729342095367
2026-07-21T22:15:00+00:00,1.1284419832882138,0.9941723745828928
2026-07-21T22:20:00+00:00,1.1284419832882138,0.9938291819630212
2026-07-21T22:25:00+00:00,1.1284419832882138,0.9935887833203491
2026-07-21T22:30:00+00:00,1.1284419832882138,0.9930071778227719
2026-07-21T22:35:00+00:00,1.1284419832882138,0.9933734220471458
2026-07-21T22:40:00+00:00,1.1284419832882138,0.9935171704621734
2026-07-21T22:45:00+00:00,1.1284419832882138,0.9932297152229799
2026-07-21T22:50:00+00:00,1.1284419832882138,0.9928882698082883
2026-07-21T22:55:00+00:00,1.1284419832882138,0.9926545644396931
2026-07-21T23:00:00+00:00,1.1284419832882138,0.993372928142493
2026-07-21T23:05:00+00:00,1.1284419832882138,0.9931761722413507
2026-07-21T23:10:00+00:00,1.1284419832882138,0.9933199522553385
2026-07-21T23:15:00+00:00,1.1284419832882138,0.9935176281119448
2026-07-21T23:20:00+00:00,1.1284419832882138,0.9938589813657263
2026-07-21T23:25:00+00:00,1.1284419832882138,0.9940924586644675
2026-07-21T23:30:00+00:00,1.1284419832882138,0.9940026807890733
2026-07-21T23:35:00+00:00,1.1284419832882138,0.9943887605238163
2026-07-21T23:40:00+00:00,1.1284419832882138,0.9940746315401319
2026-07-21T23:45:00+00:00,1.1284419832882138,0.9935180883660307
2026-07-21T23:50:00+00:00,1.1284419832882138,0.9940568876803547
2026-07-21T23:55:00+00:00,1.1284419832882138,0.9936978527984993
2026-07-22T00:00:00+00:00,1.1284419832882138,0.9943264646572622
2026-07-22T08:05:00+00:00,1.1284419832882138,0.981204012126761
2026-07-22T08:10:00+00:00,1.1284419832882138,0.981204012126761
2026-07-22T08:15:00+00:00,1.1284419832882138,0.981204012126761
2026-07-22T08:20:00+00:00,1.1284419832882138,0.981204012126761
2026-07-22T08:25:00+00:00,1.1284419832882138,0.981204012126761
2026-07-22T08:30:00+00:00,1.1284419832882138,0.981204012126761
2026-07-22T08:35:00+00:00,1.1284419832882138,0.981204012126761
2026-07-22T08:40:00+00:00,1.1284419832882138,0.981204012126761
2026-07-22T08:45:00+00:00,1.1284419832882138,0.981204012126761
2026-07-22T08:50:00+00:00,1.1284419832882138,0.981204012126761
2026-07-22T08:55:00+00:00,1.1284419832882138,0.981204012126761
2026-07-22T09:00:00+00:00,1.1284419832882138,0.981204012126761
2026-07-22T09:05:00+00:00,1.1284419832882138,0.981204012126761
2026-07-22T09:10:00+00:00,1.1284419832882138,0.981204012126761
2026-07-22T09:15:00+00:00,1.1284419832882138,0.981204012126761
2026-07-22T09:20:00+00:00,1.1284419832882138,0.981204012126761
2026-07-22T09:25:00+00:00,1.1284419832882138,0.981204012126761
2026-07-22T09:30:00+00:00,1.1284419832882138,0.981204012126761
2026-07-22T09:35:00+00:00,1.1284419832882138,0.981204012126761
2026-07-22T09:40:00+00:00,1.1284419832882138,0.981204012126761
2026-07-22T09:45:00+00:00,1.1284419832882138,0.981204012126761
2026-07-22T09:50:00+00:00,1.1284419832882138,0.981204012126761
2026-07-22T09:55:00+00:00,1.1284419832882138,0.981204012126761
2026-07-22T10:00:00+00:00,1.1284419832882138,0.981204012126761
2026-07-22T10:05:00+00:00,1.1284419832882138,0.981204012126761
2026-07-22T10:10:00+00:00,1.1284419832882138,0.981204012126761
2026-07-22T10:15:00+00:00,1.1284419832882138,0.981204012126761
2026-07-22T10:20:00+00:00,1.1284419832882138,0.981204012126761
2026-07-22T10:25:00+00:00,1.1284419832882138,0.981204012126761
2026-07-22T10:30:00+00:00,1.1284419832882138,0.981204012126761
2026-07-22T10:35:00+00:00,1.1284419832882138,0.981204012126761
2026-07-22T10:40:00+00:00,1.1284419832882138,0.981204012126761
2026-07-22T10:45:00+00:00,1.1284419832882138,0.981204012126761
2026-07-22T10:50:00+00:00,1.1284419832882138,0.981204012126761
2026-07-22T10:55:00+00:00,1.1284419832882138,0.981204012126761
2026-07-22T11:00:00+00:00,1.1284419832882138,0.981204012126761
2026-07-22T11:05:00+00:00,1.1284419832882138,0.981204012126761
2026-07-22T11:10:00+00:00,1.1284419832882138,0.981204012126761
2026-07-22T11:15:00+00:00,1.1284419832882138,0.981204012126761
2026-07-22T11:20:00+00:00,1.1284419832882138,0.981204012126761
2026-07-22T11:25:00+00:00,1.1284419832882138,0.981204012126761
2026-07-22T11:30:00+00:00,1.1284419832882138,0.981204012126761
2026-07-22T11:35:00+00:00,1.1284419832882138,0.981204012126761
2026-07-22T11:40:00+00:00,1.1284419832882138,0.981204012126761
2026-07-22T11:45:00+00:00,1.1284419832882138,0.981204012126761
2026-07-22T11:50:00+00:00,1.1284419832882138,0.981204012126761
2026-07-22T11:55:00+00:00,1.1284419832882138,0.981204012126761
2026-07-22T12:00:00+00:00,1.1284419832882138,0.981204012126761
2026-07-22T12:05:00+00:00,1.1284419832882138,0.981204012126761
2026-07-22T12:10:00+00:00,1.1284419832882138,0.981204012126761
2026-07-22T12:15:00+00:00,1.1284419832882138,0.981204012126761
2026-07-22T12:20:00+00:00,1.1284419832882138,0.981204012126761
2026-07-22T12:25:00+00:00,1.1284419832882138,0.981204012126761
2026-07-22T12:30:00+00:00,1.1284419832882138,0.981204012126761
2026-07-22T12:35:00+00:00,1.1284419832882138,0.981204012126761
2026-07-22T12:40:00+00:00,1.1284419832882138,0.981204012126761
2026-07-22T12:45:00+00:00,1.1284419832882138,0.981204012126761
2026-07-22T12:50:00+00:00,1.1284419832882138,0.981204012126761
2026-07-22T12:55:00+00:00,1.1284419832882138,0.981204012126761
2026-07-22T13:00:00+00:00,1.1284419832882138,0.981204012126761
2026-07-22T13:05:00+00:00,1.1284419832882138,0.981204012126761
2026-07-22T13:10:00+00:00,1.1284419832882138,0.981204012126761
2026-07-22T13:15:00+00:00,1.1284419832882138,0.981204012126761
2026-07-22T13:20:00+00:00,1.1284419832882138,0.981204012126761
2026-07-22T13:25:00+00:00,1.1284419832882138,0.981204012126761
2026-07-22T13:30:00+00:00,1.1284419832882138,0.981204012126761
2026-07-22T13:35:00+00:00,1.1284419832882138,0.981204012126761
2026-07-22T13:40:00+00:00,1.1284419832882138,0.981204012126761
2026-07-22T13:45:00+00:00,1.1284419832882138,0.981204012126761
2026-07-22T13:50:00+00:00,1.1284419832882138,0.981204012126761
2026-07-22T13:55:00+00:00,1.1284419832882138,0.981204012126761
2026-07-22T14:00:00+00:00,1.1284419832882138,0.981204012126761
2026-07-22T14:05:00+00:00,1.1284419832882138,0.981204012126761
2026-07-22T14:10:00+00:00,1.1284419832882138,0.981204012126761
2026-07-22T14:15:00+00:00,1.1284419832882138,0.981204012126761
2026-07-22T14:20:00+00:00,1.1284419832882138,0.981204012126761
2026-07-22T14:25:00+00:00,1.1284419832882138,0.981204012126761
2026-07-22T14:30:00+00:00,1.1284419832882138,0.981204012126761
2026-07-22T14:35:00+00:00,1.1284419832882138,0.981204012126761
2026-07-22T14:40:00+00:00,1.1284419832882138,0.981204012126761
2026-07-22T14:45:00+00:00,1.1284419832882138,0.981204012126761
2026-07-22T14:50:00+00:00,1.1284419832882138,0.981204012126761
2026-07-22T14:55:00+00:00,1.1284419832882138,0.981204012126761
2026-07-22T15:00:00+00:00,1.1284419832882138,0.981204012126761
2026-07-22T15:05:00+00:00,1.1284419832882138,0.981204012126761
2026-07-22T15:10:00+00:00,1.1284419832882138,0.981204012126761
2026-07-22T15:15:00+00:00,1.1284419832882138,0.981204012126761
2026-07-22T15:20:00+00:00,1.1284419832882138,0.981204012126761
2026-07-22T15:25:00+00:00,1.1284419832882138,0.981204012126761
2026-07-22T15:30:00+00:00,1.1284419832882138,0.981204012126761
2026-07-22T15:35:00+00:00,1.1284419832882138,0.981204012126761
2026-07-22T15:40:00+00:00,1.1284419832882138,0.981204012126761
2026-07-22T15:45:00+00:00,1.1284419832882138,0.981204012126761
2026-07-22T15:50:00+00:00,1.1284419832882138,0.981204012126761
2026-07-22T15:55:00+00:00,1.1284419832882138,0.981204012126761
2026-07-22T16:00:00+00:00,1.1284419832882138,0.981204012126761
2026-07-22T16:05:00+00:00,1.1284419832882138,0.981204012126761
2026-07-22T16:10:00+00:00,1.1284419832882138,0.981204012126761
2026-07-22T16:15:00+00:00,1.1284419832882138,0.981204012126761
2026-07-22T16:20:00+00:00,1.1284419832882138,0.981204012126761
2026-07-22T16:25:00+00:00,1.1284419832882138,0.981204012126761
2026-07-22T16:30:00+00:00,1.1284419832882138,0.981204012126761
2026-07-22T16:35:00+00:00,1.1284419832882138,0.981204012126761
2026-07-22T16:40:00+00:00,1.1284419832882138,0.981204012126761
2026-07-22T16:45:00+00:00,1.1284419832882138,0.981204012126761
2026-07-22T16:50:00+00:00,1.1284419832882138,0.981204012126761
2026-07-22T16:55:00+00:00,1.1284419832882138,0.981204012126761
2026-07-22T17:00:00+00:00,1.1284419832882138,0.981204012126761
2026-07-22T17:05:00+00:00,1.1284419832882138,0.981204012126761
2026-07-22T17:10:00+00:00,1.1284419832882138,0.981204012126761
2026-07-22T17:15:00+00:00,1.1284419832882138,0.981204012126761
2026-07-22T17:20:00+00:00,1.1284419832882138,0.981204012126761
2026-07-22T17:25:00+00:00,1.1284419832882138,0.981204012126761
2026-07-22T17:30:00+00:00,1.1284419832882138,0.981204012126761
2026-07-22T17:35:00+00:00,1.1284419832882138,0.981204012126761
2026-07-22T17:40:00+00:00,1.1284419832882138,0.981204012126761
2026-07-22T17:45:00+00:00,1.1284419832882138,0.981204012126761
2026-07-22T17:50:00+00:00,1.1284419832882138,0.981204012126761
2026-07-22T17:55:00+00:00,1.1284419832882138,0.981204012126761
2026-07-22T18:00:00+00:00,1.1284419832882138,0.981204012126761
2026-07-22T18:05:00+00:00,1.1284419832882138,0.981204012126761
2026-07-22T18:10:00+00:00,1.1284419832882138,0.981204012126761
2026-07-22T18:15:00+00:00,1.1284419832882138,0.981204012126761
2026-07-22T18:20:00+00:00,1.1284419832882138,0.981204012126761
2026-07-22T18:25:00+00:00,1.1284419832882138,0.981204012126761
2026-07-22T18:30:00+00:00,1.1284419832882138,0.981204012126761
2026-07-22T18:35:00+00:00,1.1284419832882138,0.981204012126761
2026-07-22T18:40:00+00:00,1.1284419832882138,0.981204012126761
2026-07-22T18:45:00+00:00,1.1284419832882138,0.981204012126761
2026-07-22T18:50:00+00:00,1.1284419832882138,0.981204012126761
2026-07-22T18:55:00+00:00,1.1284419832882138,0.981204012126761
2026-07-22T19:00:00+00:00,1.1284419832882138,0.981204012126761
2026-07-22T19:05:00+00:00,1.1284419832882138,0.981204012126761
2026-07-22T19:10:00+00:00,1.1284419832882138,0.981204012126761
2026-07-22T19:15:00+00:00,1.1284419832882138,0.981204012126761
2026-07-22T19:20:00+00:00,1.1284419832882138,0.981204012126761
2026-07-22T19:25:00+00:00,1.1284419832882138,0.981204012126761
2026-07-22T19:30:00+00:00,1.1284419832882138,0.981204012126761
2026-07-22T19:35:00+00:00,1.1284419832882138,0.981204012126761
2026-07-22T19:40:00+00:00,1.1284419832882138,0.981204012126761
2026-07-22T19:45:00+00:00,1.1284419832882138,0.981204012126761
2026-07-22T19:50:00+00:00,1.1284419832882138,0.981204012126761
2026-07-22T19:55:00+00:00,1.1284419832882138,0.981204012126761
2026-07-22T20:00:00+00:00,1.1284419832882138,0.981204012126761
2026-07-22T20:05:00+00:00,1.1284419832882138,0.981204012126761
2026-07-22T20:10:00+00:00,1.1284419832882138,0.981204012126761
2026-07-22T20:15:00+00:00,1.1284419832882138,0.981204012126761
2026-07-22T20:20:00+00:00,1.1284419832882138,0.981204012126761
2026-07-22T20:25:00+00:00,1.1284419832882138,0.981204012126761
2026-07-22T20:30:00+00:00,1.1284419832882138,0.981204012126761
2026-07-22T20:35:00+00:00,1.1284419832882138,0.981204012126761
2026-07-22T20:40:00+00:00,1.1284419832882138,0.981204012126761
2026-07-22T20:45:00+00:00,1.1284419832882138,0.981204012126761
2026-07-22T20:50:00+00:00,1.1284419832882138,0.981204012126761
2026-07-22T20:55:00+00:00,1.1284419832882138,0.981204012126761
2026-07-22T21:00:00+00:00,1.1284419832882138,0.981204012126761
2026-07-22T21:05:00+00:00,1.1284419832882138,0.981204012126761
2026-07-22T21:10:00+00:00,1.1284419832882138,0.981204012126761
2026-07-22T21:15:00+00:00,1.1284419832882138,0.981204012126761
2026-07-22T21:20:00+00:00,1.1284419832882138,0.981204012126761
2026-07-22T21:25:00+00:00,1.1284419832882138,0.981204012126761
2026-07-22T21:30:00+00:00,1.1284419832882138,0.981204012126761
2026-07-22T21:35:00+00:00,1.1284419832882138,0.981204012126761
2026-07-22T21:40:00+00:00,1.1284419832882138,0.981204012126761
2026-07-22T21:45:00+00:00,1.1284419832882138,0.981204012126761
2026-07-22T21:50:00+00:00,1.1284419832882138,0.981204012126761
2026-07-22T21:55:00+00:00,1.1284419832882138,0.981204012126761
2026-07-22T22:00:00+00:00,1.1284419832882138,0.981204012126761
2026-07-22T22:05:00+00:00,1.1284419832882138,0.981204012126761
2026-07-22T22:10:00+00:00,1.1284419832882138,0.981204012126761
2026-07-22T22:15:00+00:00,1.1284419832882138,0.981204012126761
2026-07-22T22:20:00+00:00,1.1284419832882138,0.981204012126761
2026-07-22T22:25:00+00:00,1.1284419832882138,0.981204012126761
2026-07-22T22:30:00+00:00,1.1284419832882138,0.981204012126761
2026-07-22T22:35:00+00:00,1.1284419832882138,0.981204012126761
2026-07-22T22:40:00+00:00,1.1284419832882138,0.981204012126761
2026-07-22T22:45:00+00:00,1.1284419832882138,0.981204012126761
2026-07-22T22:50:00+00:00,1.1284419832882138,0.981204012126761
2026-07-22T22:55:00+00:00,1.1284419832882138,0.981204012126761
2026-07-22T23:00:00+00:00,1.1284419832882138,0.981204012126761
2026-07-22T23:05:00+00:00,1.1284419832882138,0.981204012126761
2026-07-22T23:10:00+00:00,1.1284419832882138,0.981204012126761
2026-07-22T23:15:00+00:00,1.1284419832882138,0.981204012126761
2026-07-22T23:20:00+00:00,1.1284419832882138,0.981204012126761
2026-07-22T23:25:00+00:00,1.1284419832882138,0.981204012126761
2026-07-22T23:30:00+00:00,1.1284419832882138,0.981204012126761
2026-07-22T23:35:00+00:00,1.1284419832882138,0.981204012126761
2026-07-22T23:40:00+00:00,1.1284419832882138,0.981204012126761
2026-07-22T23:45:00+00:00,1.1284419832882138,0.981204012126761
2026-07-22T23:50:00+00:00,1.1284419832882138,0.981204012126761
2026-07-22T23:55:00+00:00,1.1284419832882138,0.981204012126761
2026-07-23T00:00:00+00:00,1.1284419832882138,0.981204012126761
2026-07-23T08:05:00+00:00,1.1284419832882138,0.981204012126761
2026-07-23T08:10:00+00:00,1.1284419832882138,0.981204012126761
2026-07-23T08:15:00+00:00,1.1284419832882138,0.981204012126761
2026-07-23T08:20:00+00:00,1.1284419832882138,0.981204012126761
2026-07-23T08:25:00+00:00,1.1284419832882138,0.981204012126761
2026-07-23T08:30:00+00:00,1.1284419832882138,0.981204012126761
2026-07-23T08:35:00+00:00,1.1284419832882138,0.981204012126761
2026-07-23T08:40:00+00:00,1.1284419832882138,0.981204012126761
2026-07-23T08:45:00+00:00,1.1284419832882138,0.981204012126761
2026-07-23T08:50:00+00:00,1.1284419832882138,0.981204012126761
2026-07-23T08:55:00+00:00,1.1284419832882138,0.981204012126761
2026-07-23T09:00:00+00:00,1.1284419832882138,0.981204012126761
2026-07-23T09:05:00+00:00,1.1284419832882138,0.981204012126761
2026-07-23T09:10:00+00:00,1.1284419832882138,0.981204012126761
2026-07-23T09:15:00+00:00,1.1284419832882138,0.981204012126761
2026-07-23T09:20:00+00:00,1.1284419832882138,0.981204012126761
2026-07-23T09:25:00+00:00,1.1284419832882138,0.981204012126761
2026-07-23T09:30:00+00:00,1.1284419832882138,0.981204012126761
2026-07-23T09:35:00+00:00,1.1284419832882138,0.981204012126761
2026-07-23T09:40:00+00:00,1.1284419832882138,0.981204012126761
2026-07-23T09:45:00+00:00,1.1284419832882138,0.981204012126761
2026-07-23T09:50:00+00:00,1.1284419832882138,0.981204012126761
2026-07-23T09:55:00+00:00,1.1284419832882138,0.981204012126761
2026-07-23T10:00:00+00:00,1.1284419832882138,0.981204012126761
2026-07-23T10:05:00+00:00,1.1284419832882138,0.981204012126761
2026-07-23T10:10:00+00:00,1.1284419832882138,0.981204012126761
2026-07-23T10:15:00+00:00,1.1284419832882138,0.981204012126761
2026-07-23T10:20:00+00:00,1.1284419832882138,0.981204012126761
2026-07-23T10:25:00+00:00,1.1284419832882138,0.981204012126761
2026-07-23T10:30:00+00:00,1.1284419832882138,0.981204012126761
2026-07-23T10:35:00+00:00,1.1284419832882138,0.981204012126761
2026-07-23T10:40:00+00:00,1.1284419832882138,0.981204012126761
2026-07-23T10:45:00+00:00,1.1284419832882138,0.981204012126761
2026-07-23T10:50:00+00:00,1.1284419832882138,0.981204012126761
2026-07-23T10:55:00+00:00,1.1284419832882138,0.981204012126761
2026-07-23T11:00:00+00:00,1.1284419832882138,0.981204012126761
2026-07-23T11:05:00+00:00,1.1284419832882138,0.981204012126761
2026-07-23T11:10:00+00:00,1.1284419832882138,0.981204012126761
2026-07-23T11:15:00+00:00,1.1284419832882138,0.981204012126761
2026-07-23T11:20:00+00:00,1.1284419832882138,0.981204012126761
2026-07-23T11:25:00+00:00,1.1284419832882138,0.981204012126761
2026-07-23T11:30:00+00:00,1.1284419832882138,0.981204012126761
2026-07-23T11:35:00+00:00,1.1284419832882138,0.981204012126761
2026-07-23T11:40:00+00:00,1.1284419832882138,0.981204012126761
2026-07-23T11:45:00+00:00,1.1284419832882138,0.981204012126761
2026-07-23T11:50:00+00:00,1.1284419832882138,0.981204012126761
2026-07-23T11:55:00+00:00,1.1284419832882138,0.981204012126761
2026-07-23T12:00:00+00:00,1.1284419832882138,0.981204012126761
2026-07-23T12:05:00+00:00,1.1284419832882138,0.981204012126761
2026-07-23T12:10:00+00:00,1.1284419832882138,0.981204012126761
2026-07-23T12:15:00+00:00,1.1284419832882138,0.981204012126761
2026-07-23T12:20:00+00:00,1.1284419832882138,0.981204012126761
2026-07-23T12:25:00+00:00,1.1284419832882138,0.981204012126761
2026-07-23T12:30:00+00:00,1.1284419832882138,0.981204012126761
2026-07-23T12:35:00+00:00,1.1284419832882138,0.981204012126761
2026-07-23T12:40:00+00:00,1.1284419832882138,0.981204012126761
2026-07-23T12:45:00+00:00,1.1284419832882138,0.981204012126761
2026-07-23T12:50:00+00:00,1.1284419832882138,0.981204012126761
2026-07-23T12:55:00+00:00,1.1284419832882138,0.981204012126761
2026-07-23T13:00:00+00:00,1.1284419832882138,0.981204012126761
2026-07-23T13:05:00+00:00,1.1284419832882138,0.981204012126761
2026-07-23T13:10:00+00:00,1.1284419832882138,0.981204012126761
2026-07-23T13:15:00+00:00,1.1284419832882138,0.981204012126761
2026-07-23T13:20:00+00:00,1.1284419832882138,0.981204012126761
2026-07-23T13:25:00+00:00,1.1284419832882138,0.981204012126761
2026-07-23T13:30:00+00:00,1.1284419832882138,0.981204012126761
2026-07-23T13:35:00+00:00,1.1284419832882138,0.981204012126761
2026-07-23T13:40:00+00:00,1.1284419832882138,0.981204012126761
2026-07-23T13:45:00+00:00,1.1284419832882138,0.981204012126761
2026-07-23T13:50:00+00:00,1.1284419832882138,0.981204012126761
2026-07-23T13:55:00+00:00,1.1284419832882138,0.981204012126761
2026-07-23T14:00:00+00:00,1.1284419832882138,0.981204012126761
2026-07-23T14:05:00+00:00,1.1284419832882138,0.981204012126761
2026-07-23T14:10:00+00:00,1.1284419832882138,0.981204012126761
2026-07-23T14:15:00+00:00,1.1284419832882138,0.981204012126761
2026-07-23T14:20:00+00:00,1.1284419832882138,0.981204012126761
2026-07-23T14:25:00+00:00,1.1284419832882138,0.981204012126761
2026-07-23T14:30:00+00:00,1.1284419832882138,0.981204012126761
2026-07-23T14:35:00+00:00,1.1284419832882138,0.981204012126761
2026-07-23T14:40:00+00:00,1.1284419832882138,0.981204012126761
2026-07-23T14:45:00+00:00,1.1284419832882138,0.981204012126761
2026-07-23T14:50:00+00:00,1.1284419832882138,0.981204012126761
2026-07-23T14:55:00+00:00,1.1284419832882138,0.981204012126761
2026-07-23T15:00:00+00:00,1.1284419832882138,0.981204012126761
2026-07-23T15:05:00+00:00,1.1284419832882138,0.981204012126761
2026-07-23T15:10:00+00:00,1.1284419832882138,0.981204012126761
2026-07-23T15:15:00+00:00,1.1284419832882138,0.981204012126761
2026-07-23T15:20:00+00:00,1.1284419832882138,0.981204012126761
2026-07-23T15:25:00+00:00,1.1284419832882138,0.981204012126761
2026-07-23T15:30:00+00:00,1.1284419832882138,0.981204012126761
2026-07-23T15:35:00+00:00,1.1284419832882138,0.981204012126761
2026-07-23T15:40:00+00:00,1.1284419832882138,0.981204012126761
2026-07-23T15:45:00+00:00,1.1284419832882138,0.981204012126761
2026-07-23T15:50:00+00:00,1.1284419832882138,0.981204012126761
2026-07-23T15:55:00+00:00,1.1284419832882138,0.981204012126761
2026-07-23T16:00:00+00:00,1.1284419832882138,0.981204012126761
2026-07-23T16:05:00+00:00,1.1284419832882138,0.981204012126761
2026-07-23T16:10:00+00:00,1.1284419832882138,0.981204012126761
2026-07-23T16:15:00+00:00,1.1284419832882138,0.981204012126761
2026-07-23T16:20:00+00:00,1.1284419832882138,0.981204012126761
2026-07-23T16:25:00+00:00,1.1284419832882138,0.981204012126761
2026-07-23T16:30:00+00:00,1.1284419832882138,0.981204012126761
2026-07-23T16:35:00+00:00,1.1284419832882138,0.981204012126761
2026-07-23T16:40:00+00:00,1.1284419832882138,0.981204012126761
2026-07-23T16:45:00+00:00,1.1284419832882138,0.981204012126761
2026-07-23T16:50:00+00:00,1.1284419832882138,0.981204012126761
2026-07-23T16:55:00+00:00,1.1284419832882138,0.981204012126761
2026-07-23T17:00:00+00:00,1.1284419832882138,0.981204012126761
2026-07-23T17:05:00+00:00,1.1284419832882138,0.981204012126761
2026-07-23T17:10:00+00:00,1.1284419832882138,0.981204012126761
2026-07-23T17:15:00+00:00,1.1284419832882138,0.981204012126761
2026-07-23T17:20:00+00:00,1.1284419832882138,0.981204012126761
2026-07-23T17:25:00+00:00,1.1284419832882138,0.981204012126761
2026-07-23T17:30:00+00:00,1.1284419832882138,0.981204012126761
2026-07-23T17:35:00+00:00,1.1284419832882138,0.981204012126761
2026-07-23T17:40:00+00:00,1.1284419832882138,0.981204012126761
2026-07-23T17:45:00+00:00,1.1284419832882138,0.981204012126761
2026-07-23T17:50:00+00:00,1.1284419832882138,0.981204012126761
2026-07-23T17:55:00+00:00,1.1284419832882138,0.981204012126761
2026-07-23T18:00:00+00:00,1.1284419832882138,0.981204012126761
2026-07-23T18:05:00+00:00,1.1284419832882138,0.981204012126761
2026-07-23T18:10:00+00:00,1.1284419832882138,0.981204012126761
2026-07-23T18:15:00+00:00,1.1284419832882138,0.981204012126761
2026-07-23T18:20:00+00:00,1.1284419832882138,0.981204012126761
2026-07-23T18:25:00+00:00,1.1284419832882138,0.981204012126761
2026-07-23T18:30:00+00:00,1.1284419832882138,0.981204012126761
2026-07-23T18:35:00+00:00,1.1284419832882138,0.981204012126761
2026-07-23T18:40:00+00:00,1.1284419832882138,0.981204012126761
2026-07-23T18:45:00+00:00,1.1284419832882138,0.981204012126761
2026-07-23T18:50:00+00:00,1.1284419832882138,0.981204012126761
2026-07-23T18:55:00+00:00,1.1284419832882138,0.981204012126761
2026-07-23T19:00:00+00:00,1.1284419832882138,0.981204012126761
2026-07-23T19:05:00+00:00,1.1284419832882138,0.981204012126761
2026-07-23T19:10:00+00:00,1.1284419832882138,0.981204012126761
2026-07-23T19:15:00+00:00,1.1284419832882138,0.981204012126761
2026-07-23T19:20:00+00:00,1.1284419832882138,0.981204012126761
2026-07-23T19:25:00+00:00,1.1284419832882138,0.981204012126761
2026-07-23T19:30:00+00:00,1.1284419832882138,0.981204012126761
2026-07-23T19:35:00+00:00,1.1284419832882138,0.981204012126761
2026-07-23T19:40:00+00:00,1.1284419832882138,0.981204012126761
2026-07-23T19:45:00+00:00,1.1284419832882138,0.981204012126761
2026-07-23T19:50:00+00:00,1.1284419832882138,0.981204012126761
2026-07-23T19:55:00+00:00,1.1284419832882138,0.981204012126761
2026-07-23T20:00:00+00:00,1.1284419832882138,0.981204012126761
2026-07-23T20:05:00+00:00,1.1284419832882138,0.981204012126761
2026-07-23T20:10:00+00:00,1.1284419832882138,0.981204012126761
2026-07-23T20:15:00+00:00,1.1284419832882138,0.981204012126761
2026-07-23T20:20:00+00:00,1.1284419832882138,0.981204012126761
2026-07-23T20:25:00+00:00,1.1284419832882138,0.981204012126761
2026-07-23T20:30:00+00:00,1.1284419832882138,0.981204012126761
2026-07-23T20:35:00+00:00,1.1284419832882138,0.981204012126761
2026-07-23T20:40:00+00:00,1.1284419832882138,0.981204012126761
2026-07-23T20:45:00+00:00,1.1284419832882138,0.981204012126761
2026-07-23T20:50:00+00:00,1.1284419832882138,0.981204012126761
2026-07-23T20:55:00+00:00,1.1284419832882138,0.981204012126761
2026-07-23T21:00:00+00:00,1.1284419832882138,0.981204012126761
2026-07-23T21:05:00+00:00,1.1284419832882138,0.981204012126761
2026-07-23T21:10:00+00:00,1.1284419832882138,0.981204012126761
2026-07-23T21:15:00+00:00,1.1284419832882138,0.981204012126761
2026-07-23T21:20:00+00:00,1.1284419832882138,0.981204012126761
2026-07-23T21:25:00+00:00,1.1284419832882138,0.981204012126761
2026-07-23T21:30:00+00:00,1.1284419832882138,0.981204012126761
2026-07-23T21:35:00+00:00,1.1284419832882138,0.981204012126761
2026-07-23T21:40:00+00:00,1.1284419832882138,0.981204012126761
2026-07-23T21:45:00+00:00,1.1284419832882138,0.981204012126761
2026-07-23T21:50:00+00:00,1.1284419832882138,0.981204012126761
2026-07-23T21:55:00+00:00,1.1284419832882138,0.981204012126761
2026-07-23T22:00:00+00:00,1.1284419832882138,0.981204012126761
2026-07-23T22:05:00+00:00,1.1284419832882138,0.981204012126761
2026-07-23T22:10:00+00:00,1.1284419832882138,0.981204012126761
2026-07-23T22:15:00+00:00,1.1284419832882138,0.981204012126761
2026-07-23T22:20:00+00:00,1.1284419832882138,0.981204012126761
2026-07-23T22:25:00+00:00,1.1284419832882138,0.981204012126761
2026-07-23T22:30:00+00:00,1.1284419832882138,0.981204012126761
2026-07-23T22:35:00+00:00,1.1284419832882138,0.981204012126761
2026-07-23T22:40:00+00:00,1.1284419832882138,0.981204012126761
2026-07-23T22:45:00+00:00,1.1284419832882138,0.981204012126761
2026-07-23T22:50:00+00:00,1.1284419832882138,0.981204012126761
2026-07-23T22:55:00+00:00,1.1284419832882138,0.981204012126761
2026-07-23T23:00:00+00:00,1.1284419832882138,0.981204012126761
2026-07-23T23:05:00+00:00,1.1284419832882138,0.981204012126761
2026-07-23T23:10:00+00:00,1.1284419832882138,0.981204012126761
2026-07-23T23:15:00+00:00,1.1284419832882138,0.981204012126761
2026-07-23T23:20:00+00:00,1.1284419832882138,0.981204012126761
2026-07-23T23:25:00+00:00,1.1284419832882138,0.981204012126761
2026-07-23T23:30:00+00:00,1.1284419832882138,0.981204012126761
2026-07-23T23:35:00+00:00,1.1284419832882138,0.981204012126761
2026-07-23T23:40:00+00:00,1.1284419832882138,0.981204012126761
2026-07-23T23:45:00+00:00,1.1284419832882138,0.981204012126761
2026-07-23T23:50:00+00:00,1.1284419832882138,0.981204012126761
2026-07-23T23:55:00+00:00,1.1284419832882138,0.981204012126761
2026-07-24T00:00:00+00:00,1.1284419832882138,0.981204012126761
2026-07-24T08:05:00+00:00,1.1284419832882138,0.981204012126761
2026-07-24T08:10:00+00:00,1.1284419832882138,0.981204012126761
2026-07-24T08:15:00+00:00,1.1284419832882138,0.981204012126761
2026-07-24T08:20:00+00:00,1.1284419832882138,0.981204012126761
2026-07-24T08:25:00+00:00,1.1284419832882138,0.981204012126761
2026-07-24T08:30:00+00:00,1.1284419832882138,0.981204012126761
2026-07-24T08:35:00+00:00,1.1284419832882138,0.981204012126761
2026-07-24T08:40:00+00:00,1.1284419832882138,0.981204012126761
2026-07-24T08:45:00+00:00,1.1284419832882138,0.981204012126761
2026-07-24T08:50:00+00:00,1.1284419832882138,0.981204012126761
2026-07-24T08:55:00+00:00,1.1284419832882138,0.981204012126761
2026-07-24T09:00:00+00:00,1.1284419832882138,0.981204012126761
2026-07-24T09:05:00+00:00,1.1284419832882138,0.981204012126761
2026-07-24T09:10:00+00:00,1.1284419832882138,0.981204012126761
2026-07-24T09:15:00+00:00,1.1284419832882138,0.981204012126761
2026-07-24T09:20:00+00:00,1.1284419832882138,0.981204012126761
2026-07-24T09:25:00+00:00,1.1284419832882138,0.981204012126761
2026-07-24T09:30:00+00:00,1.1284419832882138,0.981204012126761
2026-07-24T09:35:00+00:00,1.1284419832882138,0.981204012126761
2026-07-24T09:40:00+00:00,1.1284419832882138,0.981204012126761
2026-07-24T09:45:00+00:00,1.1284419832882138,0.981204012126761
2026-07-24T09:50:00+00:00,1.1284419832882138,0.981204012126761
2026-07-24T09:55:00+00:00,1.1284419832882138,0.981204012126761
2026-07-24T10:00:00+00:00,1.1284419832882138,0.981204012126761
2026-07-24T10:05:00+00:00,1.1284419832882138,0.981204012126761
2026-07-24T10:10:00+00:00,1.1284419832882138,0.981204012126761
2026-07-24T10:15:00+00:00,1.1284419832882138,0.981204012126761
2026-07-24T10:20:00+00:00,1.1284419832882138,0.981204012126761
2026-07-24T10:25:00+00:00,1.1284419832882138,0.981204012126761
2026-07-24T10:30:00+00:00,1.1284419832882138,0.981204012126761
2026-07-24T10:35:00+00:00,1.1284419832882138,0.981204012126761
2026-07-24T10:40:00+00:00,1.1284419832882138,0.981204012126761
2026-07-24T10:45:00+00:00,1.1284419832882138,0.981204012126761
2026-07-24T10:50:00+00:00,1.1284419832882138,0.981204012126761
2026-07-24T10:55:00+00:00,1.1284419832882138,0.981204012126761
2026-07-24T11:00:00+00:00,1.1284419832882138,0.981204012126761
2026-07-24T11:05:00+00:00,1.1284419832882138,0.981204012126761
2026-07-24T11:10:00+00:00,1.1284419832882138,0.981204012126761
2026-07-24T11:15:00+00:00,1.1284419832882138,0.981204012126761
2026-07-24T11:20:00+00:00,1.1284419832882138,0.981204012126761
2026-07-24T11:25:00+00:00,1.1284419832882138,0.981204012126761
2026-07-24T11:30:00+00:00,1.1284419832882138,0.981204012126761
2026-07-24T11:35:00+00:00,1.1284419832882138,0.981204012126761
2026-07-24T11:40:00+00:00,1.1284419832882138,0.981204012126761
2026-07-24T11:45:00+00:00,1.1284419832882138,0.981204012126761
2026-07-24T11:50:00+00:00,1.1284419832882138,0.981204012126761
2026-07-24T11:55:00+00:00,1.1284419832882138,0.981204012126761
2026-07-24T12:00:00+00:00,1.1284419832882138,0.981204012126761
2026-07-24T12:05:00+00:00,1.1284419832882138,0.981204012126761
2026-07-24T12:10:00+00:00,1.1284419832882138,0.981204012126761
2026-07-24T12:15:00+00:00,1.1284419832882138,0.981204012126761
2026-07-24T12:20:00+00:00,1.1284419832882138,0.981204012126761
2026-07-24T12:25:00+00:00,1.1284419832882138,0.981204012126761
2026-07-24T12:30:00+00:00,1.1284419832882138,0.981204012126761
2026-07-24T12:35:00+00:00,1.1284419832882138,0.981204012126761
2026-07-24T12:40:00+00:00,1.1284419832882138,0.981204012126761
2026-07-24T12:45:00+00:00,1.1284419832882138,0.981204012126761
2026-07-24T12:50:00+00:00,1.1284419832882138,0.981204012126761
2026-07-24T12:55:00+00:00,1.1284419832882138,0.981204012126761
2026-07-24T13:00:00+00:00,1.1284419832882138,0.981204012126761
2026-07-24T13:05:00+00:00,1.1284419832882138,0.981204012126761
2026-07-24T13:10:00+00:00,1.1284419832882138,0.981204012126761
2026-07-24T13:15:00+00:00,1.1284419832882138,0.981204012126761
2026-07-24T13:20:00+00:00,1.1284419832882138,0.981204012126761
2026-07-24T13:25:00+00:00,1.1284419832882138,0.981204012126761
2026-07-24T13:30:00+00:00,1.1284419832882138,0.981204012126761
2026-07-24T13:35:00+00:00,1.1284419832882138,0.981204012126761
2026-07-24T13:40:00+00:00,1.1284419832882138,0.981204012126761
2026-07-24T13:45:00+00:00,1.1284419832882138,0.981204012126761
2026-07-24T13:50:00+00:00,1.1284419832882138,0.981204012126761
2026-07-24T13:55:00+00:00,1.1284419832882138,0.981204012126761
2026-07-24T14:00:00+00:00,1.1284419832882138,0.981204012126761
2026-07-24T14:05:00+00:00,1.1284419832882138,0.981204012126761
2026-07-24T14:10:00+00:00,1.1284419832882138,0.981204012126761
2026-07-24T14:15:00+00:00,1.1284419832882138,0.981204012126761
2026-07-24T14:20:00+00:00,1.1284419832882138,0.981204012126761
2026-07-24T14:25:00+00:00,1.1284419832882138,0.981204012126761
2026-07-24T14:30:00+00:00,1.1284419832882138,0.981204012126761
2026-07-24T14:35:00+00:00,1.1284419832882138,0.981204012126761
2026-07-24T14:40:00+00:00,1.1284419832882138,0.981204012126761
2026-07-24T14:45:00+00:00,1.1284419832882138,0.981204012126761
2026-07-24T14:50:00+00:00,1.1284419832882138,0.981204012126761
2026-07-24T14:55:00+00:00,1.1284419832882138,0.981204012126761
2026-07-24T15:00:00+00:00,1.1284419832882138,0.981204012126761
2026-07-24T15:05:00+00:00,1.1284419832882138,0.981204012126761
2026-07-24T15:10:00+00:00,1.1284419832882138,0.981204012126761
2026-07-24T15:15:00+00:00,1.1284419832882138,0.981204012126761
2026-07-24T15:20:00+00:00,1.1284419832882138,0.981204012126761
2026-07-24T15:25:00+00:00,1.1284419832882138,0.981204012126761
2026-07-24T15:30:00+00:00,1.1284419832882138,0.981204012126761
2026-07-24T15:35:00+00:00,1.1284419832882138,0.981204012126761
2026-07-24T15:40:00+00:00,1.1284419832882138,0.981204012126761
2026-07-24T15:45:00+00:00,1.1284419832882138,0.981204012126761
2026-07-24T15:50:00+00:00,1.1284419832882138,0.981204012126761
2026-07-24T15:55:00+00:00,1.1284419832882138,0.981204012126761
2026-07-24T16:00:00+00:00,1.1284419832882138,0.981204012126761
2026-07-24T16:05:00+00:00,1.1284419832882138,0.981204012126761
2026-07-24T16:10:00+00:00,1.1284419832882138,0.981204012126761
2026-07-24T16:15:00+00:00,1.1284419832882138,0.981204012126761
2026-07-24T16:20:00+00:00,1.1284419832882138,0.981204012126761
2026-07-24T16:25:00+00:00,1.1284419832882138,0.981204012126761
2026-07-24T16:30:00+00:00,1.1284419832882138,0.981204012126761
2026-07-24T16:35:00+00:00,1.1284419832882138,0.981204012126761
2026-07-24T16:40:00+00:00,1.1284419832882138,0.981204012126761
2026-07-24T16:45:00+00:00,1.1284419832882138,0.981204012126761
2026-07-24T16:50:00+00:00,1.1284419832882138,0.981204012126761
2026-07-24T16:55:00+00:00,1.1284419832882138,0.981204012126761
2026-07-24T17:00:00+00:00,1.1284419832882138,0.981204012126761
2026-07-24T17:05:00+00:00,1.1284419832882138,0.981204012126761
2026-07-24T17:10:00+00:00,1.1284419832882138,0.981204012126761
2026-07-24T17:15:00+00:00,1.1284419832882138,0.981204012126761
2026-07-24T17:20:00+00:00,1.1284419832882138,0.981204012126761
2026-07-24T17:25:00+00:00,1.1284419832882138,0.981204012126761
2026-07-24T17:30:00+00:00,1.1284419832882138,0.981204012126761
2026-07-24T17:35:00+00:00,1.1284419832882138,0.981204012126761
2026-07-24T17:40:00+00:00,1.1284419832882138,0.981204012126761
2026-07-24T17:45:00+00:00,1.1284419832882138,0.981204012126761
2026-07-24T17:50:00+00:00,1.1284419832882138,0.981204012126761
2026-07-24T17:55:00+00:00,1.1284419832882138,0.981204012126761
2026-07-24T18:00:00+00:00,1.1284419832882138,0.981204012126761
2026-07-24T18:05:00+00:00,1.1284419832882138,0.981204012126761
2026-07-24T18:10:00+00:00,1.1284419832882138,0.981204012126761
2026-07-24T18:15:00+00:00,1.1284419832882138,0.981204012126761
2026-07-24T18:20:00+00:00,1.1284419832882138,0.981204012126761
2026-07-24T18:25:00+00:00,1.1284419832882138,0.981204012126761
2026-07-24T18:30:00+00:00,1.1284419832882138,0.981204012126761
2026-07-24T18:35:00+00:00,1.1284419832882138,0.981204012126761
2026-07-24T18:40:00+00:00,1.1284419832882138,0.981204012126761
2026-07-24T18:45:00+00:00,1.1284419832882138,0.981204012126761
2026-07-24T18:50:00+00:00,1.1284419832882138,0.981204012126761
2026-07-24T18:55:00+00:00,1.1284419832882138,0.981204012126761
2026-07-24T19:00:00+00:00,1.1284419832882138,0.981204012126761
2026-07-24T19:05:00+00:00,1.1284419832882138,0.981204012126761
2026-07-24T19:10:00+00:00,1.1284419832882138,0.981204012126761
2026-07-24T19:15:00+00:00,1.1284419832882138,0.981204012126761
2026-07-24T19:20:00+00:00,1.1284419832882138,0.981204012126761
2026-07-24T19:25:00+00:00,1.1284419832882138,0.981204012126761
2026-07-24T19:30:00+00:00,1.1284419832882138,0.981204012126761
2026-07-24T19:35:00+00:00,1.1284419832882138,0.981204012126761
2026-07-24T19:40:00+00:00,1.1284419832882138,0.981204012126761
2026-07-24T19:45:00+00:00,1.1284419832882138,0.981204012126761
2026-07-24T19:50:00+00:00,1.1284419832882138,0.981204012126761
2026-07-24T19:55:00+00:00,1.1284419832882138,0.981204012126761
2026-07-24T20:00:00+00:00,1.1284419832882138,0.981204012126761
2026-07-24T20:05:00+00:00,1.1284419832882138,0.981204012126761
2026-07-24T20:10:00+00:00,1.1284419832882138,0.981204012126761
2026-07-24T20:15:00+00:00,1.1284419832882138,0.981204012126761
2026-07-24T20:20:00+00:00,1.1284419832882138,0.981204012126761
2026-07-24T20:25:00+00:00,1.1284419832882138,0.981204012126761
2026-07-24T20:30:00+00:00,1.1284419832882138,0.981204012126761
2026-07-24T20:35:00+00:00,1.1284419832882138,0.981204012126761
2026-07-24T20:40:00+00:00,1.1284419832882138,0.981204012126761
2026-07-24T20:45:00+00:00,1.1284419832882138,0.981204012126761
2026-07-24T20:50:00+00:00,1.1284419832882138,0.981204012126761
2026-07-24T20:55:00+00:00,1.1284419832882138,0.981204012126761
2026-07-24T21:00:00+00:00,1.1284419832882138,0.981204012126761
2026-07-24T21:05:00+00:00,1.1284419832882138,0.981204012126761
2026-07-24T21:10:00+00:00,1.1284419832882138,0.981204012126761
2026-07-24T21:15:00+00:00,1.1284419832882138,0.981204012126761
2026-07-24T21:20:00+00:00,1.1284419832882138,0.981204012126761
2026-07-24T21:25:00+00:00,1.1284419832882138,0.981204012126761
2026-07-24T21:30:00+00:00,1.1284419832882138,0.981204012126761
2026-07-24T21:35:00+00:00,1.1284419832882138,0.981204012126761
2026-07-24T21:40:00+00:00,1.1284419832882138,0.981204012126761
2026-07-24T21:45:00+00:00,1.1284419832882138,0.981204012126761
2026-07-24T21:50:00+00:00,1.1284419832882138,0.981204012126761
2026-07-24T21:55:00+00:00,1.1284419832882138,0.981204012126761
2026-07-24T22:00:00+00:00,1.1284419832882138,0.981204012126761
2026-07-24T22:05:00+00:00,1.1284419832882138,0.981204012126761
2026-07-24T22:10:00+00:00,1.1284419832882138,0.981204012126761
2026-07-24T22:15:00+00:00,1.1284419832882138,0.981204012126761
2026-07-24T22:20:00+00:00,1.1284419832882138,0.981204012126761
2026-07-24T22:25:00+00:00,1.1284419832882138,0.981204012126761
2026-07-24T22:30:00+00:00,1.1284419832882138,0.981204012126761
2026-07-24T22:35:00+00:00,1.1284419832882138,0.981204012126761
2026-07-24T22:40:00+00:00,1.1284419832882138,0.981204012126761
2026-07-24T22:45:00+00:00,1.1284419832882138,0.981204012126761
2026-07-24T22:50:00+00:00,1.1284419832882138,0.981204012126761
2026-07-24T22:55:00+00:00,1.1284419832882138,0.981204012126761
2026-07-24T23:00:00+00:00,1.1284419832882138,0.981204012126761
2026-07-24T23:05:00+00:00,1.1284419832882138,0.981204012126761
2026-07-24T23:10:00+00:00,1.1284419832882138,0.981204012126761
2026-07-24T23:15:00+00:00,1.1284419832882138,0.981204012126761
2026-07-24T23:20:00+00:00,1.1284419832882138,0.981204012126761
2026-07-24T23:25:00+00:00,1.1284419832882138,0.981204012126761
2026-07-24T23:30:00+00:00,1.1284419832882138,0.981204012126761
2026-07-24T23:35:00+00:00,1.1284419832882138,0.981204012126761
2026-07-24T23:40:00+00:00,1.1284419832882138,0.981204012126761
2026-07-24T23:45:00+00:00,1.1284419832882138,0.981204012126761
2026-07-24T23:50:00+00:00,1.1284419832882138,0.981204012126761
2026-07-24T23:55:00+00:00,1.1284419832882138,0.981204012126761
2026-07-25T00:00:00+00:00,1.1284419832882138,0.981204012126761
2026-07-27T08:05:00+00:00,1.1284419832882138,0.981204012126761
2026-07-27T08:10:00+00:00,1.1284419832882138,0.981204012126761
2026-07-27T08:15:00+00:00,1.1284419832882138,0.981204012126761
2026-07-27T08:20:00+00:00,1.1284419832882138,0.981204012126761
2026-07-27T08:25:00+00:00,1.1284419832882138,0.981204012126761
2026-07-27T08:30:00+00:00,1.1284419832882138,0.981204012126761
2026-07-27T08:35:00+00:00,1.1284419832882138,0.981204012126761
2026-07-27T08:40:00+00:00,1.1284419832882138,0.981204012126761
2026-07-27T08:45:00+00:00,1.1284419832882138,0.981204012126761
2026-07-27T08:50:00+00:00,1.1284419832882138,0.981204012126761
2026-07-27T08:55:00+00:00,1.1284419832882138,0.981204012126761
2026-07-27T09:00:00+00:00,1.1284419832882138,0.981204012126761
2026-07-27T09:05:00+00:00,1.1284419832882138,0.981204012126761
2026-07-27T09:10:00+00:00,1.1284419832882138,0.981204012126761
2026-07-27T09:15:00+00:00,1.1284419832882138,0.981204012126761
2026-07-27T09:20:00+00:00,1.1284419832882138,0.981204012126761
2026-07-27T09:25:00+00:00,1.1284419832882138,0.981204012126761
2026-07-27T09:30:00+00:00,1.1284419832882138,0.981204012126761
2026-07-27T09:35:00+00:00,1.1284419832882138,0.981204012126761
2026-07-27T09:40:00+00:00,1.1284419832882138,0.981204012126761
2026-07-27T09:45:00+00:00,1.1284419832882138,0.981204012126761
2026-07-27T09:50:00+00:00,1.1284419832882138,0.981204012126761
2026-07-27T09:55:00+00:00,1.1284419832882138,0.981204012126761
2026-07-27T10:00:00+00:00,1.1284419832882138,0.981204012126761
2026-07-27T10:05:00+00:00,1.1284419832882138,0.981204012126761
2026-07-27T10:10:00+00:00,1.1284419832882138,0.981204012126761
2026-07-27T10:15:00+00:00,1.1284419832882138,0.981204012126761
2026-07-27T10:20:00+00:00,1.1284419832882138,0.981204012126761
2026-07-27T10:25:00+00:00,1.1284419832882138,0.981204012126761
2026-07-27T10:30:00+00:00,1.1284419832882138,0.981204012126761
2026-07-27T10:35:00+00:00,1.1284419832882138,0.981204012126761
2026-07-27T10:40:00+00:00,1.1284419832882138,0.981204012126761
2026-07-27T10:45:00+00:00,1.1284419832882138,0.981204012126761
2026-07-27T10:50:00+00:00,1.1284419832882138,0.981204012126761
2026-07-27T10:55:00+00:00,1.1284419832882138,0.981204012126761
2026-07-27T11:00:00+00:00,1.1284419832882138,0.981204012126761
2026-07-27T11:05:00+00:00,1.1284419832882138,0.981204012126761
2026-07-27T11:10:00+00:00,1.1284419832882138,0.981204012126761
2026-07-27T11:15:00+00:00,1.1284419832882138,0.981204012126761
2026-07-27T11:20:00+00:00,1.1284419832882138,0.981204012126761
2026-07-27T11:25:00+00:00,1.1284419832882138,0.981204012126761
2026-07-27T11:30:00+00:00,1.1284419832882138,0.981204012126761
2026-07-27T11:35:00+00:00,1.1284419832882138,0.981204012126761
2026-07-27T11:40:00+00:00,1.1284419832882138,0.981204012126761
2026-07-27T11:45:00+00:00,1.1284419832882138,0.981204012126761
2026-07-27T11:50:00+00:00,1.1284419832882138,0.981204012126761
2026-07-27T11:55:00+00:00,1.1284419832882138,0.981204012126761
2026-07-27T12:00:00+00:00,1.1284419832882138,0.981204012126761
2026-07-27T12:05:00+00:00,1.1284419832882138,0.981204012126761
2026-07-27T12:10:00+00:00,1.1284419832882138,0.981204012126761
2026-07-27T12:15:00+00:00,1.1284419832882138,0.981204012126761
2026-07-27T12:20:00+00:00,1.1284419832882138,0.981204012126761
2026-07-27T12:25:00+00:00,1.1284419832882138,0.981204012126761
2026-07-27T12:30:00+00:00,1.1284419832882138,0.981204012126761
2026-07-27T12:35:00+00:00,1.1284419832882138,0.981204012126761
2026-07-27T12:40:00+00:00,1.1284419832882138,0.981204012126761
2026-07-27T12:45:00+00:00,1.1284419832882138,0.981204012126761
2026-07-27T12:50:00+00:00,1.1284419832882138,0.981204012126761
2026-07-27T12:55:00+00:00,1.1284419832882138,0.981204012126761
2026-07-27T13:00:00+00:00,1.1284419832882138,0.981204012126761
2026-07-27T13:05:00+00:00,1.1284419832882138,0.981204012126761
2026-07-27T13:10:00+00:00,1.1284419832882138,0.981204012126761
2026-07-27T13:15:00+00:00,1.1284419832882138,0.981204012126761
2026-07-27T13:20:00+00:00,1.1284419832882138,0.981204012126761
2026-07-27T13:25:00+00:00,1.1284419832882138,0.981204012126761
2026-07-27T13:30:00+00:00,1.1284419832882138,0.981204012126761
2026-07-27T13:35:00+00:00,1.1284419832882138,0.981204012126761
2026-07-27T13:40:00+00:00,1.1284419832882138,0.981204012126761
2026-07-27T13:45:00+00:00,1.1284419832882138,0.981204012126761
2026-07-27T13:50:00+00:00,1.1284419832882138,0.981204012126761
2026-07-27T13:55:00+00:00,1.1284419832882138,0.981204012126761
2026-07-27T14:00:00+00:00,1.1284419832882138,0.981204012126761
2026-07-27T14:05:00+00:00,1.1284419832882138,0.981204012126761
2026-07-27T14:10:00+00:00,1.1284419832882138,0.981204012126761
2026-07-27T14:15:00+00:00,1.1284419832882138,0.981204012126761
2026-07-27T14:20:00+00:00,1.1284419832882138,0.981204012126761
2026-07-27T14:25:00+00:00,1.1284419832882138,0.981204012126761
2026-07-27T14:30:00+00:00,1.1284419832882138,0.981204012126761
2026-07-27T14:35:00+00:00,1.1284419832882138,0.981204012126761
2026-07-27T14:40:00+00:00,1.1284419832882138,0.981204012126761
2026-07-27T14:45:00+00:00,1.1284419832882138,0.981204012126761
2026-07-27T14:50:00+00:00,1.1284419832882138,0.981204012126761
2026-07-27T14:55:00+00:00,1.1284419832882138,0.981204012126761
2026-07-27T15:00:00+00:00,1.1284419832882138,0.981204012126761
2026-07-27T15:05:00+00:00,1.1284419832882138,0.981204012126761
2026-07-27T15:10:00+00:00,1.1284419832882138,0.981204012126761
2026-07-27T15:15:00+00:00,1.1284419832882138,0.981204012126761
2026-07-27T15:20:00+00:00,1.1284419832882138,0.981204012126761
2026-07-27T15:25:00+00:00,1.1284419832882138,0.981204012126761
2026-07-27T15:30:00+00:00,1.1284419832882138,0.981204012126761
2026-07-27T15:35:00+00:00,1.1284419832882138,0.981204012126761
2026-07-27T15:40:00+00:00,1.1284419832882138,0.981204012126761
2026-07-27T15:45:00+00:00,1.1284419832882138,0.981204012126761
2026-07-27T15:50:00+00:00,1.1284419832882138,0.981204012126761
2026-07-27T15:55:00+00:00,1.1284419832882138,0.981204012126761
2026-07-27T16:00:00+00:00,1.1284419832882138,0.981204012126761
2026-07-27T16:05:00+00:00,1.1284419832882138,0.981204012126761
2026-07-27T16:10:00+00:00,1.1284419832882138,0.981204012126761
2026-07-27T16:15:00+00:00,1.1284419832882138,0.981204012126761
2026-07-27T16:20:00+00:00,1.1284419832882138,0.981204012126761
2026-07-27T16:25:00+00:00,1.1284419832882138,0.981204012126761
2026-07-27T16:30:00+00:00,1.1284419832882138,0.981204012126761
2026-07-27T16:35:00+00:00,1.1284419832882138,0.981204012126761
2026-07-27T16:40:00+00:00,1.1284419832882138,0.981204012126761
2026-07-27T16:45:00+00:00,1.1284419832882138,0.981204012126761
2026-07-27T16:50:00+00:00,1.1284419832882138,0.981204012126761
2026-07-27T16:55:00+00:00,1.1284419832882138,0.981204012126761
2026-07-27T17:00:00+00:00,1.1284419832882138,0.981204012126761
2026-07-27T17:05:00+00:00,1.1284419832882138,0.981204012126761
2026-07-27T17:10:00+00:00,1.1284419832882138,0.981204012126761
2026-07-27T17:15:00+00:00,1.1284419832882138,0.981204012126761
2026-07-27T17:20:00+00:00,1.1284419832882138,0.981204012126761
2026-07-27T17:25:00+00:00,1.1284419832882138,0.981204012126761
2026-07-27T17:30:00+00:00,1.1284419832882138,0.981204012126761
2026-07-27T17:35:00+00:00,1.1284419832882138,0.981204012126761
2026-07-27T17:40:00+00:00,1.1284419832882138,0.981204012126761
2026-07-27T17:45:00+00:00,1.1284419832882138,0.981204012126761
2026-07-27T17:50:00+00:00,1.1284419832882138,0.981204012126761
2026-07-27T17:55:00+00:00,1.1284419832882138,0.981204012126761
2026-07-27T18:00:00+00:00,1.1284419832882138,0.981204012126761
2026-07-27T18:05:00+00:00,1.1284419832882138,0.981204012126761
2026-07-27T18:10:00+00:00,1.1284419832882138,0.981204012126761
2026-07-27T18:15:00+00:00,1.1284419832882138,0.981204012126761
2026-07-27T18:20:00+00:00,1.1284419832882138,0.981204012126761
2026-07-27T18:25:00+00:00,1.1284419832882138,0.981204012126761
2026-07-27T18:30:00+00:00,1.1284419832882138,0.981204012126761
2026-07-27T18:35:00+00:00,1.1284419832882138,0.981204012126761
2026-07-27T18:40:00+00:00,1.1284419832882138,0.981204012126761
2026-07-27T18:45:00+00:00,1.1284419832882138,0.981204012126761
2026-07-27T18:50:00+00:00,1.1284419832882138,0.981204012126761
2026-07-27T18:55:00+00:00,1.1284419832882138,0.981204012126761
2026-07-27T19:00:00+00:00,1.1284419832882138,0.981204012126761
2026-07-27T19:05:00+00:00,1.1284419832882138,0.981204012126761
2026-07-27T19:10:00+00:00,1.1284419832882138,0.981204012126761
2026-07-27T19:15:00+00:00,1.1284419832882138,0.981204012126761
2026-07-27T19:20:00+00:00,1.1284419832882138,0.981204012126761
2026-07-27T19:25:00+00:00,1.1284419832882138,0.981204012126761
2026-07-27T19:30:00+00:00,1.1284419832882138,0.981204012126761
2026-07-27T19:35:00+00:00,1.1284419832882138,0.981204012126761
2026-07-27T19:40:00+00:00,1.1284419832882138,0.981204012126761
2026-07-27T19:45:00+00:00,1.1284419832882138,0.981204012126761
2026-07-27T19:50:00+00:00,1.1284419832882138,0.981204012126761
2026-07-27T19:55:00+00:00,1.1284419832882138,0.981204012126761
2026-07-27T20:00:00+00:00,1.1284419832882138,0.981204012126761
2026-07-27T20:05:00+00:00,1.1284419832882138,0.981204012126761
2026-07-27T20:10:00+00:00,1.1284419832882138,0.981204012126761
2026-07-27T20:15:00+00:00,1.1284419832882138,0.981204012126761
2026-07-27T20:20:00+00:00,1.1284419832882138,0.981204012126761
2026-07-27T20:25:00+00:00,1.1284419832882138,0.981204012126761
2026-07-27T20:30:00+00:00,1.1284419832882138,0.981204012126761
2026-07-27T20:35:00+00:00,1.1284419832882138,0.981204012126761
2026-07-27T20:40:00+00:00,1.1284419832882138,0.981204012126761
2026-07-27T20:45:00+00:00,1.1284419832882138,0.981204012126761
2026-07-27T20:50:00+00:00,1.1284419832882138,0.981204012126761
2026-07-27T20:55:00+00:00,1.1284419832882138,0.981204012126761
2026-07-27T21:00:00+00:00,1.1284419832882138,0.981204012126761
2026-07-27T21:05:00+00:00,1.1284419832882138,0.981204012126761
2026-07-27T21:10:00+00:00,1.1284419832882138,0.981204012126761
2026-07-27T21:15:00+00:00,1.1284419832882138,0.981204012126761
2026-07-27T21:20:00+00:00,1.1284419832882138,0.981204012126761
2026-07-27T21:25:00+00:00,1.1284419832882138,0.981204012126761
2026-07-27T21:30:00+00:00,1.1284419832882138,0.981204012126761
2026-07-27T21:35:00+00:00,1.1284419832882138,0.981204012126761
2026-07-27T21:40:00+00:00,1.1284419832882138,0.981204012126761
2026-07-27T21:45:00+00:00,1.1284419832882138,0.981204012126761
2026-07-27T21:50:00+00:00,1.1284419832882138,0.981204012126761
2026-07-27T21:55:00+00:00,1.1284419832882138,0.981204012126761
2026-07-27T22:00:00+00:00,1.1284419832882138,0.981204012126761
2026-07-27T22:05:00+00:00,1.1284419832882138,0.981204012126761
2026-07-27T22:10:00+00:00,1.1284419832882138,0.981204012126761
2026-07-27T22:15:00+00:00,1.1284419832882138,0.981204012126761
2026-07-27T22:20:00+00:00,1.1284419832882138,0.981204012126761
2026-07-27T22:25:00+00:00,1.1284419832882138,0.981204012126761
2026-07-27T22:30:00+00:00,1.1284419832882138,0.981204012126761
2026-07-27T22:35:00+00:00,1.1284419832882138,0.981204012126761
2026-07-27T22:40:00+00:00,1.1284419832882138,0.981204012126761
2026-07-27T22:45:00+00:00,1.1284419832882138,0.981204012126761
2026-07-27T22:50:00+00:00,1.1284419832882138,0.981204012126761
2026-07-27T22:55:00+00:00,1.1284419832882138,0.981204012126761
2026-07-27T23:00:00+00:00,1.1284419832882138,0.981204012126761
2026-07-27T23:05:00+00:00,1.1284419832882138,0.981204012126761
2026-07-27T23:10:00+00:00,1.1284419832882138,0.981204012126761
2026-07-27T23:15:00+00:00,1.1284419832882138,0.981204012126761
2026-07-27T23:20:00+00:00,1.1284419832882138,0.981204012126761
2026-07-27T23:25:00+00:00,1.1284419832882138,0.981204012126761
2026-07-27T23:30:00+00:00,1.1284419832882138,0.981204012126761
2026-07-27T23:35:00+00:00,1.1284419832882138,0.981204012126761
2026-07-27T23:40:00+00:00,1.1284419832882138,0.981204012126761
2026-07-27T23:45:00+00:00,1.1284419832882138,0.981204012126761
2026-07-27T23:50:00+00:00,1.1284419832882138,0.981204012126761
2026-07-27T23:55:00+00:00,1.1284419832882138,0.981204012126761
2026-07-28T00:00:00+00:00,1.1284419832882138,0.981204012126761
2026-07-28T08:05:00+00:00,1.1284419832882138,0.981204012126761
2026-07-28T08:10:00+00:00,1.1284419832882138,0.981204012126761
2026-07-28T08:15:00+00:00,1.1284419832882138,0.981204012126761
2026-07-28T08:20:00+00:00,1.1284419832882138,0.981204012126761
2026-07-28T08:25:00+00:00,1.1284419832882138,0.981204012126761
2026-07-28T08:30:00+00:00,1.1284419832882138,0.981204012126761
2026-07-28T08:35:00+00:00,1.1284419832882138,0.981204012126761
2026-07-28T08:40:00+00:00,1.1284419832882138,0.981204012126761
2026-07-28T08:45:00+00:00,1.1284419832882138,0.981204012126761
2026-07-28T08:50:00+00:00,1.1284419832882138,0.981204012126761
2026-07-28T08:55:00+00:00,1.1284419832882138,0.981204012126761
2026-07-28T09:00:00+00:00,1.1284419832882138,0.981204012126761
2026-07-28T09:05:00+00:00,1.1284419832882138,0.981204012126761
2026-07-28T09:10:00+00:00,1.1284419832882138,0.981204012126761
2026-07-28T09:15:00+00:00,1.1284419832882138,0.981204012126761
2026-07-28T09:20:00+00:00,1.1284419832882138,0.981204012126761
2026-07-28T09:25:00+00:00,1.1284419832882138,0.981204012126761
2026-07-28T09:30:00+00:00,1.1284419832882138,0.981204012126761
2026-07-28T09:35:00+00:00,1.1284419832882138,0.981204012126761
2026-07-28T09:40:00+00:00,1.1284419832882138,0.981204012126761
2026-07-28T09:45:00+00:00,1.1284419832882138,0.981204012126761
2026-07-28T09:50:00+00:00,1.1284419832882138,0.981204012126761
2026-07-28T09:55:00+00:00,1.1284419832882138,0.981204012126761
2026-07-28T10:00:00+00:00,1.1284419832882138,0.981204012126761
2026-07-28T10:05:00+00:00,1.1284419832882138,0.981204012126761
2026-07-28T10:10:00+00:00,1.1284419832882138,0.981204012126761
2026-07-28T10:15:00+00:00,1.1284419832882138,0.981204012126761
2026-07-28T10:20:00+00:00,1.1284419832882138,0.981204012126761
2026-07-28T10:25:00+00:00,1.1284419832882138,0.981204012126761
2026-07-28T10:30:00+00:00,1.1284419832882138,0.981204012126761
2026-07-28T10:35:00+00:00,1.1284419832882138,0.981204012126761
2026-07-28T10:40:00+00:00,1.1284419832882138,0.981204012126761
2026-07-28T10:45:00+00:00,1.1284419832882138,0.981204012126761
2026-07-28T10:50:00+00:00,1.1284419832882138,0.981204012126761
2026-07-28T10:55:00+00:00,1.1284419832882138,0.981204012126761
2026-07-28T11:00:00+00:00,1.1284419832882138,0.981204012126761
2026-07-28T11:05:00+00:00,1.1284419832882138,0.981204012126761
2026-07-28T11:10:00+00:00,1.1284419832882138,0.981204012126761
2026-07-28T11:15:00+00:00,1.1284419832882138,0.981204012126761
2026-07-28T11:20:00+00:00,1.1284419832882138,0.981204012126761
2026-07-28T11:25:00+00:00,1.1284419832882138,0.981204012126761
2026-07-28T11:30:00+00:00,1.1284419832882138,0.981204012126761
2026-07-28T11:35:00+00:00,1.1284419832882138,0.981204012126761
2026-07-28T11:40:00+00:00,1.1284419832882138,0.981204012126761
2026-07-28T11:45:00+00:00,1.1284419832882138,0.981204012126761
2026-07-28T11:50:00+00:00,1.1284419832882138,0.981204012126761
2026-07-28T11:55:00+00:00,1.1284419832882138,0.981204012126761
2026-07-28T12:00:00+00:00,1.1284419832882138,0.981204012126761
2026-07-28T12:05:00+00:00,1.1284419832882138,0.981204012126761
2026-07-28T12:10:00+00:00,1.1284419832882138,0.981204012126761
2026-07-28T12:15:00+00:00,1.1284419832882138,0.981204012126761
2026-07-28T12:20:00+00:00,1.1284419832882138,0.981204012126761
2026-07-28T12:25:00+00:00,1.1284419832882138,0.981204012126761
2026-07-28T12:30:00+00:00,1.1284419832882138,0.981204012126761
2026-07-28T12:35:00+00:00,1.1284419832882138,0.981204012126761
2026-07-28T12:40:00+00:00,1.1284419832882138,0.981204012126761
2026-07-28T12:45:00+00:00,1.1284419832882138,0.981204012126761
2026-07-28T12:50:00+00:00,1.1284419832882138,0.981204012126761
2026-07-28T12:55:00+00:00,1.1284419832882138,0.981204012126761
2026-07-28T13:00:00+00:00,1.1284419832882138,0.981204012126761
2026-07-28T13:05:00+00:00,1.1284419832882138,0.981204012126761
2026-07-28T13:10:00+00:00,1.1284419832882138,0.981204012126761
2026-07-28T13:15:00+00:00,1.1284419832882138,0.981204012126761
2026-07-28T13:20:00+00:00,1.1284419832882138,0.981204012126761
2026-07-28T13:25:00+00:00,1.1284419832882138,0.981204012126761
2026-07-28T13:30:00+00:00,1.1284419832882138,0.981204012126761
2026-07-28T13:35:00+00:00,1.1284419832882138,0.981204012126761
2026-07-28T13:40:00+00:00,1.1284419832882138,0.981204012126761
2026-07-28T13:45:00+00:00,1.1284419832882138,0.981204012126761
2026-07-28T13:50:00+00:00,1.1284419832882138,0.981204012126761
2026-07-28T13:55:00+00:00,1.1284419832882138,0.981204012126761
2026-07-28T14:00:00+00:00,1.1284419832882138,0.981204012126761
2026-07-28T14:05:00+00:00,1.1284419832882138,0.981204012126761
2026-07-28T14:10:00+00:00,1.1284419832882138,0.981204012126761
2026-07-28T14:15:00+00:00,1.1284419832882138,0.981204012126761
2026-07-28T14:20:00+00:00,1.1284419832882138,0.981204012126761
2026-07-28T14:25:00+00:00,1.1284419832882138,0.981204012126761
2026-07-28T14:30:00+00:00,1.1284419832882138,0.981204012126761
2026-07-28T14:35:00+00:00,1.1284419832882138,0.981204012126761
2026-07-28T14:40:00+00:00,1.1284419832882138,0.981204012126761
2026-07-28T14:45:00+00:00,1.1284419832882138,0.981204012126761
2026-07-28T14:50:00+00:00,1.1284419832882138,0.981204012126761
2026-07-28T14:55:00+00:00,1.1284419832882138,0.981204012126761
2026-07-28T15:00:00+00:00,1.1284419832882138,0.981204012126761
2026-07-28T15:05:00+00:00,1.1284419832882138,0.981204012126761
2026-07-28T15:10:00+00:00,1.1284419832882138,0.981204012126761
2026-07-28T15:15:00+00:00,1.1284419832882138,0.981204012126761
2026-07-28T15:20:00+00:00,1.1284419832882138,0.981204012126761
2026-07-28T15:25:00+00:00,1.1284419832882138,0.981204012126761
2026-07-28T15:30:00+00:00,1.1284419832882138,0.981204012126761
2026-07-28T15:35:00+00:00,1.1284419832882138,0.981204012126761
2026-07-28T15:40:00+00:00,1.1284419832882138,0.981204012126761
2026-07-28T15:45:00+00:00,1.1284419832882138,0.981204012126761
2026-07-28T15:50:00+00:00,1.1284419832882138,0.981204012126761
2026-07-28T15:55:00+00:00,1.1284419832882138,0.981204012126761
2026-07-28T16:00:00+00:00,1.1284419832882138,0.981204012126761
2026-07-28T16:05:00+00:00,1.1284419832882138,0.981204012126761
2026-07-28T16:10:00+00:00,1.1284419832882138,0.981204012126761
2026-07-28T16:15:00+00:00,1.1284419832882138,0.981204012126761
2026-07-28T16:20:00+00:00,1.1284419832882138,0.981204012126761
2026-07-28T16:25:00+00:00,1.1284419832882138,0.981204012126761
2026-07-28T16:30:00+00:00,1.1284419832882138,0.981204012126761
2026-07-28T16:35:00+00:00,1.1284419832882138,0.981204012126761
2026-07-28T16:40:00+00:00,1.1284419832882138,0.981204012126761
2026-07-28T16:45:00+00:00,1.1284419832882138,0.981204012126761
2026-07-28T16:50:00+00:00,1.1284419832882138,0.981204012126761
2026-07-28T16:55:00+00:00,1.1284419832882138,0.981204012126761
2026-07-28T17:00:00+00:00,1.1284419832882138,0.981204012126761
2026-07-28T17:05:00+00:00,1.1284419832882138,0.981204012126761
2026-07-28T17:10:00+00:00,1.1284419832882138,0.981204012126761
2026-07-28T17:15:00+00:00,1.1284419832882138,0.981204012126761
2026-07-28T17:20:00+00:00,1.1284419832882138,0.981204012126761
2026-07-28T17:25:00+00:00,1.1284419832882138,0.981204012126761
2026-07-28T17:30:00+00:00,1.1284419832882138,0.981204012126761
2026-07-28T17:35:00+00:00,1.1284419832882138,0.981204012126761
2026-07-28T17:40:00+00:00,1.1284419832882138,0.981204012126761
2026-07-28T17:45:00+00:00,1.1284419832882138,0.981204012126761
2026-07-28T17:50:00+00:00,1.1284419832882138,0.981204012126761
2026-07-28T17:55:00+00:00,1.1284419832882138,0.981204012126761
2026-07-28T18:00:00+00:00,1.1284419832882138,0.981204012126761
2026-07-28T18:05:00+00:00,1.1284419832882138,0.981204012126761
2026-07-28T18:10:00+00:00,1.1284419832882138,0.981204012126761
2026-07-28T18:15:00+00:00,1.1284419832882138,0.981204012126761
2026-07-28T18:20:00+00:00,1.1284419832882138,0.981204012126761
2026-07-28T18:25:00+00:00,1.1284419832882138,0.981204012126761
2026-07-28T18:30:00+00:00,1.1284419832882138,0.981204012126761
2026-07-28T18:35:00+00:00,1.1284419832882138,0.981204012126761
2026-07-28T18:40:00+00:00,1.1284419832882138,0.981204012126761
2026-07-28T18:45:00+00:00,1.1284419832882138,0.981204012126761
2026-07-28T18:50:00+00:00,1.1284419832882138,0.981204012126761
2026-07-28T18:55:00+00:00,1.1284419832882138,0.981204012126761
2026-07-28T19:00:00+00:00,1.1284419832882138,0.981204012126761
2026-07-28T19:05:00+00:00,1.1284419832882138,0.981204012126761
2026-07-28T19:10:00+00:00,1.1284419832882138,0.981204012126761
2026-07-28T19:15:00+00:00,1.1284419832882138,0.981204012126761
2026-07-28T19:20:00+00:00,1.1284419832882138,0.981204012126761
2026-07-28T19:25:00+00:00,1.1284419832882138,0.981204012126761
2026-07-28T19:30:00+00:00,1.1284419832882138,0.981204012126761
2026-07-28T19:35:00+00:00,1.1284419832882138,0.981204012126761
2026-07-28T19:40:00+00:00,1.1284419832882138,0.981204012126761
2026-07-28T19:45:00+00:00,1.1284419832882138,0.981204012126761
2026-07-28T19:50:00+00:00,1.1284419832882138,0.981204012126761
2026-07-28T19:55:00+00:00,1.1284419832882138,0.981204012126761
2026-07-28T20:00:00+00:00,1.1284419832882138,0.981204012126761
2026-07-28T20:05:00+00:00,1.1284419832882138,0.981204012126761
2026-07-28T20:10:00+00:00,1.1284419832882138,0.981204012126761
2026-07-28T20:15:00+00:00,1.1284419832882138,0.981204012126761
2026-07-28T20:20:00+00:00,1.1284419832882138,0.981204012126761
2026-07-28T20:25:00+00:00,1.1284419832882138,0.981204012126761
2026-07-28T20:30:00+00:00,1.1284419832882138,0.981204012126761
2026-07-28T20:35:00+00:00,1.1284419832882138,0.981204012126761
2026-07-28T20:40:00+00:00,1.1284419832882138,0.981204012126761
2026-07-28T20:45:00+00:00,1.1284419832882138,0.981204012126761
2026-07-28T20:50:00+00:00,1.1284419832882138,0.981204012126761
2026-07-28T20:55:00+00:00,1.1284419832882138,0.981204012126761
2026-07-28T21:00:00+00:00,1.1284419832882138,0.981204012126761
2026-07-28T21:05:00+00:00,1.1284419832882138,0.981204012126761
2026-07-28T21:10:00+00:00,1.1284419832882138,0.981204012126761
2026-07-28T21:15:00+00:00,1.1284419832882138,0.981204012126761
2026-07-28T21:20:00+00:00,1.1284419832882138,0.981204012126761
2026-07-28T21:25:00+00:00,1.1284419832882138,0.981204012126761
2026-07-28T21:30:00+00:00,1.1284419832882138,0.981204012126761
2026-07-28T21:35:00+00:00,1.1284419832882138,0.981204012126761
2026-07-28T21:40:00+00:00,1.1284419832882138,0.981204012126761
2026-07-28T21:45:00+00:00,1.1284419832882138,0.981204012126761
2026-07-28T21:50:00+00:00,1.1284419832882138,0.981204012126761
2026-07-28T21:55:00+00:00,1.1284419832882138,0.981204012126761
2026-07-28T22:00:00+00:00,1.1284419832882138,0.981204012126761
2026-07-28T22:05:00+00:00,1.1284419832882138,0.981204012126761
2026-07-28T22:10:00+00:00,1.1284419832882138,0.981204012126761
2026-07-28T22:15:00+00:00,1.1284419832882138,0.981204012126761
2026-07-28T22:20:00+00:00,1.1284419832882138,0.981204012126761
2026-07-28T22:25:00+00:00,1.1284419832882138,0.981204012126761
2026-07-28T22:30:00+00:00,1.1284419832882138,0.981204012126761
2026-07-28T22:35:00+00:00,1.1284419832882138,0.981204012126761
2026-07-28T22:40:00+00:00,1.1284419832882138,0.981204012126761
2026-07-28T22:45:00+00:00,1.1284419832882138,0.981204012126761
2026-07-28T22:50:00+00:00,1.1284419832882138,0.981204012126761
2026-07-28T22:55:00+00:00,1.1284419832882138,0.981204012126761
2026-07-28T23:00:00+00:00,1.1284419832882138,0.981204012126761
2026-07-28T23:05:00+00:00,1.1284419832882138,0.981204012126761
2026-07-28T23:10:00+00:00,1.1284419832882138,0.981204012126761
2026-07-28T23:15:00+00:00,1.1284419832882138,0.981204012126761
2026-07-28T23:20:00+00:00,1.1284419832882138,0.981204012126761
2026-07-28T23:25:00+00:00,1.1284419832882138,0.981204012126761
2026-07-28T23:30:00+00:00,1.1284419832882138,0.981204012126761
2026-07-28T23:35:00+00:00,1.1284419832882138,0.981204012126761
2026-07-28T23:40:00+00:00,1.1284419832882138,0.981204012126761
2026-07-28T23:45:00+00:00,1.1284419832882138,0.981204012126761
2026-07-28T23:50:00+00:00,1.1284419832882138,0.981204012126761
2026-07-28T23:55:00+00:00,1.1284419832882138,0.981204012126761
2026-07-29T00:00:00+00:00,1.1284419832882138,0.981204012126761
2026-07-29T08:05:00+00:00,1.1284419832882138,0.981204012126761
2026-07-29T08:10:00+00:00,1.1284419832882138,0.981204012126761
2026-07-29T08:15:00+00:00,1.1284419832882138,0.981204012126761
2026-07-29T08:20:00+00:00,1.1284419832882138,0.981204012126761
2026-07-29T08:25:00+00:00,1.1284419832882138,0.981204012126761
2026-07-29T08:30:00+00:00,1.1284419832882138,0.981204012126761
2026-07-29T08:35:00+00:00,1.1284419832882138,0.981204012126761
2026-07-29T08:40:00+00:00,1.1284419832882138,0.981204012126761
2026-07-29T08:45:00+00:00,1.1284419832882138,0.981204012126761
2026-07-29T08:50:00+00:00,1.1284419832882138,0.981204012126761
2026-07-29T08:55:00+00:00,1.1284419832882138,0.981204012126761
2026-07-29T09:00:00+00:00,1.1284419832882138,0.981204012126761
2026-07-29T09:05:00+00:00,1.1284419832882138,0.981204012126761
2026-07-29T09:10:00+00:00,1.1284419832882138,0.981204012126761
2026-07-29T09:15:00+00:00,1.1284419832882138,0.981204012126761
2026-07-29T09:20:00+00:00,1.1284419832882138,0.981204012126761
2026-07-29T09:25:00+00:00,1.1284419832882138,0.981204012126761
2026-07-29T09:30:00+00:00,1.1284419832882138,0.981204012126761
2026-07-29T09:35:00+00:00,1.1284419832882138,0.981204012126761
2026-07-29T09:40:00+00:00,1.1284419832882138,0.981204012126761
2026-07-29T09:45:00+00:00,1.1284419832882138,0.981204012126761
2026-07-29T09:50:00+00:00,1.1284419832882138,0.981204012126761
2026-07-29T09:55:00+00:00,1.1284419832882138,0.981204012126761
2026-07-29T10:00:00+00:00,1.1284419832882138,0.981204012126761
2026-07-29T10:05:00+00:00,1.1284419832882138,0.981204012126761
2026-07-29T10:10:00+00:00,1.1284419832882138,0.981204012126761
2026-07-29T10:15:00+00:00,1.1284419832882138,0.981204012126761
2026-07-29T10:20:00+00:00,1.1284419832882138,0.981204012126761
2026-07-29T10:25:00+00:00,1.1284419832882138,0.981204012126761
2026-07-29T10:30:00+00:00,1.1284419832882138,0.981204012126761
2026-07-29T10:35:00+00:00,1.1284419832882138,0.981204012126761
2026-07-29T10:40:00+00:00,1.1284419832882138,0.981204012126761
2026-07-29T10:45:00+00:00,1.1284419832882138,0.981204012126761
2026-07-29T10:50:00+00:00,1.1284419832882138,0.981204012126761
2026-07-29T10:55:00+00:00,1.1284419832882138,0.981204012126761
2026-07-29T11:00:00+00:00,1.1284419832882138,0.981204012126761
2026-07-29T11:05:00+00:00,1.1284419832882138,0.981204012126761
2026-07-29T11:10:00+00:00,1.1284419832882138,0.981204012126761
2026-07-29T11:15:00+00:00,1.1284419832882138,0.981204012126761
2026-07-29T11:20:00+00:00,1.1284419832882138,0.981204012126761
2026-07-29T11:25:00+00:00,1.1284419832882138,0.981204012126761
2026-07-29T11:30:00+00:00,1.1284419832882138,0.981204012126761
2026-07-29T11:35:00+00:00,1.1284419832882138,0.981204012126761
2026-07-29T11:40:00+00:00,1.1284419832882138,0.981204012126761
2026-07-29T11:45:00+00:00,1.1284419832882138,0.981204012126761
2026-07-29T11:50:00+00:00,1.1284419832882138,0.981204012126761
2026-07-29T11:55:00+00:00,1.1284419832882138,0.981204012126761
2026-07-29T12:00:00+00:00,1.1284419832882138,0.981204012126761
2026-07-29T12:05:00+00:00,1.1284419832882138,0.981204012126761
2026-07-29T12:10:00+00:00,1.1284419832882138,0.981204012126761
2026-07-29T12:15:00+00:00,1.1284419832882138,0.981204012126761
2026-07-29T12:20:00+00:00,1.1284419832882138,0.981204012126761
2026-07-29T12:25:00+00:00,1.1284419832882138,0.981204012126761
2026-07-29T12:30:00+00:00,1.1284419832882138,0.981204012126761
2026-07-29T12:35:00+00:00,1.1284419832882138,0.981204012126761
2026-07-29T12:40:00+00:00,1.1284419832882138,0.981204012126761
2026-07-29T12:45:00+00:00,1.1284419832882138,0.981204012126761
2026-07-29T12:50:00+00:00,1.1284419832882138,0.981204012126761
2026-07-29T12:55:00+00:00,1.1284419832882138,0.981204012126761
2026-07-29T13:00:00+00:00,1.1284419832882138,0.981204012126761
2026-07-29T13:05:00+00:00,1.1284419832882138,0.981204012126761
2026-07-29T13:10:00+00:00,1.1284419832882138,0.981204012126761
2026-07-29T13:15:00+00:00,1.1284419832882138,0.981204012126761
2026-07-29T13:20:00+00:00,1.1284419832882138,0.981204012126761
2026-07-29T13:25:00+00:00,1.1284419832882138,0.981204012126761
2026-07-29T13:30:00+00:00,1.1284419832882138,0.981204012126761
2026-07-29T13:35:00+00:00,1.1284419832882138,0.981204012126761
2026-07-29T13:40:00+00:00,1.1284419832882138,0.981204012126761
2026-07-29T13:45:00+00:00,1.1284419832882138,0.981204012126761
2026-07-29T13:50:00+00:00,1.1284419832882138,0.981204012126761
2026-07-29T13:55:00+00:00,1.1284419832882138,0.981204012126761
2026-07-29T14:00:00+00:00,1.1284419832882138,0.981204012126761
2026-07-29T14:05:00+00:00,1.1284419832882138,0.981204012126761
2026-07-29T14:10:00+00:00,1.1284419832882138,0.981204012126761
2026-07-29T14:15:00+00:00,1.1284419832882138,0.981204012126761
2026-07-29T14:20:00+00:00,1.1284419832882138,0.981204012126761
2026-07-29T14:25:00+00:00,1.1284419832882138,0.981204012126761
2026-07-29T14:30:00+00:00,1.1284419832882138,0.981204012126761
2026-07-29T14:35:00+00:00,1.1284419832882138,0.981204012126761
2026-07-29T14:40:00+00:00,1.1284419832882138,0.981204012126761
2026-07-29T14:45:00+00:00,1.1284419832882138,0.981204012126761
2026-07-29T14:50:00+00:00,1.1284419832882138,0.981204012126761
2026-07-29T14:55:00+00:00,1.1284419832882138,0.981204012126761
2026-07-29T15:00:00+00:00,1.1284419832882138,0.981204012126761
2026-07-29T15:05:00+00:00,1.1284419832882138,0.981204012126761
2026-07-29T15:10:00+00:00,1.1284419832882138,0.981204012126761
2026-07-29T15:15:00+00:00,1.1284419832882138,0.981204012126761
2026-07-29T15:20:00+00:00,1.1284419832882138,0.981204012126761
2026-07-29T15:25:00+00:00,1.1284419832882138,0.981204012126761
2026-07-29T15:30:00+00:00,1.1284419832882138,0.981204012126761
2026-07-29T15:35:00+00:00,1.1284419832882138,0.981204012126761
2026-07-29T15:40:00+00:00,1.1284419832882138,0.981204012126761
2026-07-29T15:45:00+00:00,1.1284419832882138,0.981204012126761
2026-07-29T15:50:00+00:00,1.1284419832882138,0.981204012126761
2026-07-29T15:55:00+00:00,1.1284419832882138,0.981204012126761
2026-07-29T16:00:00+00:00,1.1284419832882138,0.981204012126761
2026-07-29T16:05:00+00:00,1.1284419832882138,0.981204012126761
2026-07-29T16:10:00+00:00,1.1284419832882138,0.981204012126761
2026-07-29T16:15:00+00:00,1.1284419832882138,0.981204012126761
2026-07-29T16:20:00+00:00,1.1284419832882138,0.981204012126761
2026-07-29T16:25:00+00:00,1.1284419832882138,0.981204012126761
2026-07-29T16:30:00+00:00,1.1284419832882138,0.981204012126761
2026-07-29T16:35:00+00:00,1.1284419832882138,0.981204012126761
2026-07-29T16:40:00+00:00,1.1284419832882138,0.981204012126761
2026-07-29T16:45:00+00:00,1.1284419832882138,0.981204012126761
2026-07-29T16:50:00+00:00,1.1284419832882138,0.981204012126761
2026-07-29T16:55:00+00:00,1.1284419832882138,0.981204012126761
2026-07-29T17:00:00+00:00,1.1284419832882138,0.981204012126761
2026-07-29T17:05:00+00:00,1.1284419832882138,0.981204012126761
2026-07-29T17:10:00+00:00,1.1284419832882138,0.981204012126761
2026-07-29T17:15:00+00:00,1.1284419832882138,0.981204012126761
2026-07-29T17:20:00+00:00,1.1284419832882138,0.981204012126761
2026-07-29T17:25:00+00:00,1.1284419832882138,0.981204012126761
2026-07-29T17:30:00+00:00,1.1284419832882138,0.981204012126761
2026-07-29T17:35:00+00:00,1.1284419832882138,0.981204012126761
2026-07-29T17:40:00+00:00,1.1284419832882138,0.981204012126761
2026-07-29T17:45:00+00:00,1.1284419832882138,0.981204012126761
2026-07-29T17:50:00+00:00,1.1284419832882138,0.981204012126761
2026-07-29T17:55:00+00:00,1.1284419832882138,0.981204012126761
2026-07-29T18:00:00+00:00,1.1284419832882138,0.981204012126761
2026-07-29T18:05:00+00:00,1.1284419832882138,0.981204012126761
2026-07-29T18:10:00+00:00,1.1284419832882138,0.981204012126761
2026-07-29T18:15:00+00:00,1.1284419832882138,0.981204012126761
2026-07-29T18:20:00+00:00,1.1284419832882138,0.981204012126761
2026-07-29T18:25:00+00:00,1.1284419832882138,0.981204012126761
2026-07-29T18:30:00+00:00,1.1284419832882138,0.981204012126761
2026-07-29T18:35:00+00:00,1.1284419832882138,0.981204012126761
2026-07-29T18:40:00+00:00,1.1284419832882138,0.981204012126761
2026-07-29T18:45:00+00:00,1.1284419832882138,0.981204012126761
2026-07-29T18:50:00+00:00,1.1284419832882138,0.981204012126761
2026-07-29T18:55:00+00:00,1.1284419832882138,0.981204012126761
2026-07-29T19:00:00+00:00,1.1284419832882138,0.981204012126761
2026-07-29T19:05:00+00:00,1.1284419832882138,0.981204012126761
2026-07-29T19:10:00+00:00,1.1284419832882138,0.981204012126761
2026-07-29T19:15:00+00:00,1.1284419832882138,0.981204012126761
2026-07-29T19:20:00+00:00,1.1284419832882138,0.981204012126761
2026-07-29T19:25:00+00:00,1.1284419832882138,0.981204012126761
2026-07-29T19:30:00+00:00,1.1284419832882138,0.981204012126761
2026-07-29T19:35:00+00:00,1.1284419832882138,0.981204012126761
2026-07-29T19:40:00+00:00,1.1284419832882138,0.981204012126761
2026-07-29T19:45:00+00:00,1.1284419832882138,0.981204012126761
2026-07-29T19:50:00+00:00,1.1284419832882138,0.981204012126761
2026-07-29T19:55:00+00:00,1.1284419832882138,0.981204012126761
2026-07-29T20:00:00+00:00,1.1284419832882138,0.981204012126761
2026-07-29T20:05:00+00:00,1.1284419832882138,0.981204012126761
2026-07-29T20:10:00+00:00,1.1284419832882138,0.981204012126761
2026-07-29T20:15:00+00:00,1.1284419832882138,0.981204012126761
2026-07-29T20:20:00+00:00,1.1284419832882138,0.981204012126761
2026-07-29T20:25:00+00:00,1.1284419832882138,0.981204012126761
2026-07-29T20:30:00+00:00,1.1284419832882138,0.981204012126761
2026-07-29T20:35:00+00:00,1.1284419832882138,0.981204012126761
2026-07-29T20:40:00+00:00,1.1284419832882138,0.981204012126761
2026-07-29T20:45:00+00:00,1.1284419832882138,0.981204012126761
2026-07-29T20:50:00+00:00,1.1284419832882138,0.981204012126761
2026-07-29T20:55:00+00:00,1.1284419832882138,0.981204012126761
2026-07-29T21:00:00+00:00,1.1284419832882138,0.981204012126761
2026-07-29T21:05:00+00:00,1.1284419832882138,0.981204012126761
2026-07-29T21:10:00+00:00,1.1284419832882138,0.981204012126761
2026-07-29T21:15:00+00:00,1.1284419832882138,0.981204012126761
2026-07-29T21:20:00+00:00,1.1284419832882138,0.981204012126761
2026-07-29T21:25:00+00:00,1.1284419832882138,0.981204012126761
2026-07-29T21:30:00+00:00,1.1284419832882138,0.981204012126761
2026-07-29T21:35:00+00:00,1.1284419832882138,0.981204012126761
2026-07-29T21:40:00+00:00,1.1284419832882138,0.981204012126761
2026-07-29T21:45:00+00:00,1.1284419832882138,0.981204012126761
2026-07-29T21:50:00+00:00,1.1284419832882138,0.981204012126761
2026-07-29T21:55:00+00:00,1.1284419832882138,0.981204012126761
2026-07-29T22:00:00+00:00,1.1284419832882138,0.981204012126761
2026-07-29T22:05:00+00:00,1.1284419832882138,0.981204012126761
2026-07-29T22:10:00+00:00,1.1284419832882138,0.981204012126761
2026-07-29T22:15:00+00:00,1.1284419832882138,0.981204012126761
2026-07-29T22:20:00+00:00,1.1284419832882138,0.981204012126761
2026-07-29T22:25:00+00:00,1.1284419832882138,0.981204012126761
2026-07-29T22:30:00+00:00,1.1284419832882138,0.981204012126761
2026-07-29T22:35:00+00:00,1.1284419832882138,0.981204012126761
2026-07-29T22:40:00+00:00,1.1284419832882138,0.981204012126761
2026-07-29T22:45:00+00:00,1.1284419832882138,0.981204012126761
2026-07-29T22:50:00+00:00,1.1284419832882138,0.981204012126761
2026-07-29T22:55:00+00:00,1.1284419832882138,0.981204012126761
2026-07-29T23:00:00+00:00,1.1284419832882138,0.981204012126761
2026-07-29T23:05:00+00:00,1.1284419832882138,0.981204012126761
2026-07-29T23:10:00+00:00,1.1284419832882138,0.981204012126761
2026-07-29T23:15:00+00:00,1.1284419832882138,0.981204012126761
2026-07-29T23:20:00+00:00,1.1284419832882138,0.981204012126761
2026-07-29T23:25:00+00:00,1.1284419832882138,0.981204012126761
2026-07-29T23:30:00+00:00,1.1284419832882138,0.981204012126761
2026-07-29T23:35:00+00:00,1.1284419832882138,0.981204012126761
2026-07-29T23:40:00+00:00,1.1284419832882138,0.981204012126761
2026-07-29T23:45:00+00:00,1.1284419832882138,0.981204012126761
2026-07-29T23:50:00+00:00,1.1284419832882138,0.981204012126761
2026-07-29T23:55:00+00:00,1.1284419832882138,0.981204012126761
2026-07-30T00:00:00+00:00,1.1284419832882138,0.981204012126761
2026-07-30T08:05:00+00:00,1.1284419832882138,0.981204012126761
2026-07-30T08:10:00+00:00,1.1284419832882138,0.981204012126761
2026-07-30T08:15:00+00:00,1.1284419832882138,0.981204012126761
2026-07-30T08:20:00+00:00,1.1284419832882138,0.981204012126761
2026-07-30T08:25:00+00:00,1.1284419832882138,0.981204012126761
2026-07-30T08:30:00+00:00,1.1284419832882138,0.981204012126761
2026-07-30T08:35:00+00:00,1.1284419832882138,0.981204012126761
2026-07-30T08:40:00+00:00,1.1284419832882138,0.981204012126761
2026-07-30T08:45:00+00:00,1.1284419832882138,0.981204012126761
2026-07-30T08:50:00+00:00,1.1284419832882138,0.981204012126761
2026-07-30T08:55:00+00:00,1.1284419832882138,0.981204012126761
2026-07-30T09:00:00+00:00,1.1284419832882138,0.981204012126761
2026-07-30T09:05:00+00:00,1.1284419832882138,0.981204012126761
2026-07-30T09:10:00+00:00,1.1284419832882138,0.981204012126761
2026-07-30T09:15:00+00:00,1.1284419832882138,0.981204012126761
2026-07-30T09:20:00+00:00,1.1284419832882138,0.981204012126761
2026-07-30T09:25:00+00:00,1.1284419832882138,0.981204012126761
2026-07-30T09:30:00+00:00,1.1284419832882138,0.981204012126761
2026-07-30T09:35:00+00:00,1.1284419832882138,0.981204012126761
2026-07-30T09:40:00+00:00,1.1284419832882138,0.981204012126761
2026-07-30T09:45:00+00:00,1.1284419832882138,0.981204012126761
2026-07-30T09:50:00+00:00,1.1284419832882138,0.981204012126761
2026-07-30T09:55:00+00:00,1.1284419832882138,0.981204012126761
2026-07-30T10:00:00+00:00,1.1284419832882138,0.981204012126761
2026-07-30T10:05:00+00:00,1.1284419832882138,0.981204012126761
2026-07-30T10:10:00+00:00,1.1284419832882138,0.981204012126761
2026-07-30T10:15:00+00:00,1.1284419832882138,0.981204012126761
2026-07-30T10:20:00+00:00,1.1284419832882138,0.981204012126761
2026-07-30T10:25:00+00:00,1.1284419832882138,0.981204012126761
2026-07-30T10:30:00+00:00,1.1284419832882138,0.981204012126761
2026-07-30T10:35:00+00:00,1.1284419832882138,0.981204012126761
2026-07-30T10:40:00+00:00,1.1284419832882138,0.981204012126761
2026-07-30T10:45:00+00:00,1.1284419832882138,0.981204012126761
2026-07-30T10:50:00+00:00,1.1284419832882138,0.981204012126761
2026-07-30T10:55:00+00:00,1.1284419832882138,0.981204012126761
2026-07-30T11:00:00+00:00,1.1284419832882138,0.981204012126761
2026-07-30T11:05:00+00:00,1.1284419832882138,0.981204012126761
2026-07-30T11:10:00+00:00,1.1284419832882138,0.981204012126761
2026-07-30T11:15:00+00:00,1.1284419832882138,0.981204012126761
2026-07-30T11:20:00+00:00,1.1284419832882138,0.981204012126761
2026-07-30T11:25:00+00:00,1.1284419832882138,0.981204012126761
2026-07-30T11:30:00+00:00,1.1284419832882138,0.981204012126761
2026-07-30T11:35:00+00:00,1.1284419832882138,0.981204012126761
2026-07-30T11:40:00+00:00,1.1284419832882138,0.981204012126761
2026-07-30T11:45:00+00:00,1.1284419832882138,0.981204012126761
2026-07-30T11:50:00+00:00,1.1284419832882138,0.981204012126761
2026-07-30T11:55:00+00:00,1.1284419832882138,0.981204012126761
2026-07-30T12:00:00+00:00,1.1284419832882138,0.981204012126761
2026-07-30T12:05:00+00:00,1.1284419832882138,0.981204012126761
2026-07-30T12:10:00+00:00,1.1284419832882138,0.981204012126761
2026-07-30T12:15:00+00:00,1.1284419832882138,0.981204012126761
2026-07-30T12:20:00+00:00,1.1284419832882138,0.981204012126761
2026-07-30T12:25:00+00:00,1.1284419832882138,0.981204012126761
2026-07-30T12:30:00+00:00,1.1284419832882138,0.981204012126761
2026-07-30T12:35:00+00:00,1.1284419832882138,0.981204012126761
2026-07-30T12:40:00+00:00,1.1284419832882138,0.981204012126761
2026-07-30T12:45:00+00:00,1.1284419832882138,0.981204012126761
2026-07-30T12:50:00+00:00,1.1284419832882138,0.981204012126761
2026-07-30T12:55:00+00:00,1.1284419832882138,0.981204012126761
2026-07-30T13:00:00+00:00,1.1284419832882138,0.981204012126761
2026-07-30T13:05:00+00:00,1.1284419832882138,0.981204012126761
2026-07-30T13:10:00+00:00,1.1284419832882138,0.981204012126761
2026-07-30T13:15:00+00:00,1.1284419832882138,0.981204012126761
2026-07-30T13:20:00+00:00,1.1284419832882138,0.981204012126761
2026-07-30T13:25:00+00:00,1.1284419832882138,0.981204012126761
2026-07-30T13:30:00+00:00,1.1284419832882138,0.981204012126761
2026-07-30T13:35:00+00:00,1.1284419832882138,0.981204012126761
2026-07-30T13:40:00+00:00,1.1284419832882138,0.981204012126761
2026-07-30T13:45:00+00:00,1.1284419832882138,0.981204012126761
2026-07-30T13:50:00+00:00,1.1284419832882138,0.981204012126761
2026-07-30T13:55:00+00:00,1.1284419832882138,0.981204012126761
2026-07-30T14:00:00+00:00,1.1284419832882138,0.981204012126761
2026-07-30T14:05:00+00:00,1.1284419832882138,0.981204012126761
2026-07-30T14:10:00+00:00,1.1284419832882138,0.981204012126761
2026-07-30T14:15:00+00:00,1.1284419832882138,0.981204012126761
2026-07-30T14:20:00+00:00,1.1284419832882138,0.981204012126761
2026-07-30T14:25:00+00:00,1.1284419832882138,0.981204012126761
2026-07-30T14:30:00+00:00,1.1284419832882138,0.981204012126761
2026-07-30T14:35:00+00:00,1.1284419832882138,0.981204012126761
2026-07-30T14:40:00+00:00,1.1284419832882138,0.981204012126761
2026-07-30T14:45:00+00:00,1.1284419832882138,0.981204012126761
2026-07-30T14:50:00+00:00,1.1284419832882138,0.981204012126761
2026-07-30T14:55:00+00:00,1.1284419832882138,0.981204012126761
2026-07-30T15:00:00+00:00,1.1284419832882138,0.981204012126761
2026-07-30T15:05:00+00:00,1.1284419832882138,0.981204012126761
2026-07-30T15:10:00+00:00,1.1284419832882138,0.981204012126761
2026-07-30T15:15:00+00:00,1.1284419832882138,0.981204012126761
2026-07-30T15:20:00+00:00,1.1284419832882138,0.981204012126761
2026-07-30T15:25:00+00:00,1.1284419832882138,0.981204012126761
2026-07-30T15:30:00+00:00,1.1284419832882138,0.981204012126761
2026-07-30T15:35:00+00:00,1.1284419832882138,0.981204012126761
2026-07-30T15:40:00+00:00,1.1284419832882138,0.981204012126761
2026-07-30T15:45:00+00:00,1.1284419832882138,0.981204012126761
2026-07-30T15:50:00+00:00,1.1284419832882138,0.981204012126761
2026-07-30T15:55:00+00:00,1.1284419832882138,0.981204012126761
2026-07-30T16:00:00+00:00,1.1284419832882138,0.981204012126761
2026-07-30T16:05:00+00:00,1.1284419832882138,0.981204012126761
2026-07-30T16:10:00+00:00,1.1284419832882138,0.981204012126761
2026-07-30T16:15:00+00:00,1.1284419832882138,0.981204012126761
2026-07-30T16:20:00+00:00,1.1284419832882138,0.981204012126761
2026-07-30T16:25:00+00:00,1.1284419832882138,0.981204012126761
2026-07-30T16:30:00+00:00,1.1284419832882138,0.981204012126761
2026-07-30T16:35:00+00:00,1.1284419832882138,0.981204012126761
2026-07-30T16:40:00+00:00,1.1284419832882138,0.981204012126761
2026-07-30T16:45:00+00:00,1.1284419832882138,0.981204012126761
2026-07-30T16:50:00+00:00,1.1284419832882138,0.981204012126761
2026-07-30T16:55:00+00:00,1.1284419832882138,0.981204012126761
2026-07-30T17:00:00+00:00,1.1284419832882138,0.981204012126761
2026-07-30T17:05:00+00:00,1.1284419832882138,0.981204012126761
2026-07-30T17:10:00+00:00,1.1284419832882138,0.981204012126761
2026-07-30T17:15:00+00:00,1.1284419832882138,0.981204012126761
2026-07-30T17:20:00+00:00,1.1284419832882138,0.981204012126761
2026-07-30T17:25:00+00:00,1.1284419832882138,0.981204012126761
2026-07-30T17:30:00+00:00,1.1284419832882138,0.981204012126761
2026-07-30T17:35:00+00:00,1.1284419832882138,0.981204012126761
2026-07-30T17:40:00+00:00,1.1284419832882138,0.981204012126761
2026-07-30T17:45:00+00:00,1.1284419832882138,0.981204012126761
2026-07-30T17:50:00+00:00,1.1284419832882138,0.981204012126761
2026-07-30T17:55:00+00:00,1.1284419832882138,0.981204012126761
2026-07-30T18:00:00+00:00,1.1284419832882138,0.981204012126761
2026-07-30T18:05:00+00:00,1.1284419832882138,0.981204012126761
2026-07-30T18:10:00+00:00,1.1284419832882138,0.981204012126761
2026-07-30T18:15:00+00:00,1.1284419832882138,0.981204012126761
2026-07-30T18:20:00+00:00,1.1284419832882138,0.981204012126761
2026-07-30T18:25:00+00:00,1.1284419832882138,0.981204012126761
2026-07-30T18:30:00+00:00,1.1284419832882138,0.981204012126761
2026-07-30T18:35:00+00:00,1.1284419832882138,0.981204012126761
2026-07-30T18:40:00+00:00,1.1284419832882138,0.981204012126761
2026-07-30T18:45:00+00:00,1.1284419832882138,0.981204012126761
2026-07-30T18:50:00+00:00,1.1284419832882138,0.981204012126761
2026-07-30T18:55:00+00:00,1.1284419832882138,0.981204012126761
2026-07-30T19:00:00+00:00,1.1284419832882138,0.981204012126761
2026-07-30T19:05:00+00:00,1.1284419832882138,0.981204012126761
2026-07-30T19:10:00+00:00,1.1284419832882138,0.981204012126761
2026-07-30T19:15:00+00:00,1.1284419832882138,0.981204012126761
2026-07-30T19:20:00+00:00,1.1284419832882138,0.981204012126761
2026-07-30T19:25:00+00:00,1.1284419832882138,0.981204012126761
2026-07-30T19:30:00+00:00,1.1284419832882138,0.981204012126761
2026-07-30T19:35:00+00:00,1.1284419832882138,0.981204012126761
2026-07-30T19:40:00+00:00,1.1284419832882138,0.981204012126761
2026-07-30T19:45:00+00:00,1.1284419832882138,0.981204012126761
2026-07-30T19:50:00+00:00,1.1284419832882138,0.981204012126761
2026-07-30T19:55:00+00:00,1.1284419832882138,0.981204012126761
2026-07-30T20:00:00+00:00,1.1284419832882138,0.981204012126761
2026-07-30T20:05:00+00:00,1.1284419832882138,0.981204012126761
2026-07-30T20:10:00+00:00,1.1284419832882138,0.981204012126761
2026-07-30T20:15:00+00:00,1.1284419832882138,0.981204012126761
2026-07-30T20:20:00+00:00,1.1284419832882138,0.981204012126761
2026-07-30T20:25:00+00:00,1.1284419832882138,0.981204012126761
2026-07-30T20:30:00+00:00,1.1284419832882138,0.981204012126761
2026-07-30T20:35:00+00:00,1.1284419832882138,0.981204012126761
2026-07-30T20:40:00+00:00,1.1284419832882138,0.981204012126761
2026-07-30T20:45:00+00:00,1.1284419832882138,0.981204012126761
2026-07-30T20:50:00+00:00,1.1284419832882138,0.981204012126761
2026-07-30T20:55:00+00:00,1.1284419832882138,0.981204012126761
2026-07-30T21:00:00+00:00,1.1284419832882138,0.981204012126761
2026-07-30T21:05:00+00:00,1.1284419832882138,0.981204012126761
2026-07-30T21:10:00+00:00,1.1284419832882138,0.981204012126761
2026-07-30T21:15:00+00:00,1.1284419832882138,0.981204012126761
2026-07-30T21:20:00+00:00,1.1284419832882138,0.981204012126761
2026-07-30T21:25:00+00:00,1.1284419832882138,0.981204012126761
2026-07-30T21:30:00+00:00,1.1284419832882138,0.981204012126761
2026-07-30T21:35:00+00:00,1.1284419832882138,0.981204012126761
2026-07-30T21:40:00+00:00,1.1284419832882138,0.981204012126761
2026-07-30T21:45:00+00:00,1.1284419832882138,0.981204012126761
2026-07-30T21:50:00+00:00,1.1284419832882138,0.981204012126761
2026-07-30T21:55:00+00:00,1.1284419832882138,0.981204012126761
2026-07-30T22:00:00+00:00,1.1284419832882138,0.981204012126761
2026-07-30T22:05:00+00:00,1.1284419832882138,0.981204012126761
2026-07-30T22:10:00+00:00,1.1284419832882138,0.981204012126761
2026-07-30T22:15:00+00:00,1.1284419832882138,0.981204012126761
2026-07-30T22:20:00+00:00,1.1284419832882138,0.981204012126761
2026-07-30T22:25:00+00:00,1.1284419832882138,0.981204012126761
2026-07-30T22:30:00+00:00,1.1284419832882138,0.981204012126761
2026-07-30T22:35:00+00:00,1.1284419832882138,0.981204012126761
2026-07-30T22:40:00+00:00,1.1284419832882138,0.981204012126761
2026-07-30T22:45:00+00:00,1.1284419832882138,0.981204012126761
2026-07-30T22:50:00+00:00,1.1284419832882138,0.981204012126761
2026-07-30T22:55:00+00:00,1.1284419832882138,0.981204012126761
2026-07-30T23:00:00+00:00,1.1284419832882138,0.981204012126761
2026-07-30T23:05:00+00:00,1.1284419832882138,0.981204012126761
2026-07-30T23:10:00+00:00,1.1284419832882138,0.981204012126761
2026-07-30T23:15:00+00:00,1.1284419832882138,0.981204012126761
2026-07-30T23:20:00+00:00,1.1284419832882138,0.981204012126761
2026-07-30T23:25:00+00:00,1.1284419832882138,0.981204012126761
2026-07-30T23:30:00+00:00,1.1284419832882138,0.981204012126761
2026-07-30T23:35:00+00:00,1.1284419832882138,0.981204012126761
2026-07-30T23:40:00+00:00,1.1284419832882138,0.981204012126761
2026-07-30T23:45:00+00:00,1.1284419832882138,0.981204012126761
2026-07-30T23:50:00+00:00,1.1284419832882138,0.981204012126761
2026-07-30T23:55:00+00:00,1.1284419832882138,0.981204012126761
2026-07-31T00:00:00+00:00,1.1284419832882138,0.981204012126761
2026-07-31T08:05:00+00:00,1.1284419832882138,0.981204012126761
2026-07-31T08:10:00+00:00,1.1284419832882138,0.981204012126761
2026-07-31T08:15:00+00:00,1.1284419832882138,0.981204012126761
2026-07-31T08:20:00+00:00,1.1284419832882138,0.981204012126761
2026-07-31T08:25:00+00:00,1.1284419832882138,0.981204012126761
2026-07-31T08:30:00+00:00,1.1284419832882138,0.981204012126761
2026-07-31T08:35:00+00:00,1.1284419832882138,0.981204012126761
2026-07-31T08:40:00+00:00,1.1284419832882138,0.981204012126761
2026-07-31T08:45:00+00:00,1.1284419832882138,0.981204012126761
2026-07-31T08:50:00+00:00,1.1284419832882138,0.981204012126761
2026-07-31T08:55:00+00:00,1.1284419832882138,0.981204012126761
2026-07-31T09:00:00+00:00,1.1284419832882138,0.981204012126761
2026-07-31T09:05:00+00:00,1.1284419832882138,0.981204012126761
2026-07-31T09:10:00+00:00,1.1284419832882138,0.981204012126761
2026-07-31T09:15:00+00:00,1.1284419832882138,0.981204012126761
2026-07-31T09:20:00+00:00,1.1284419832882138,0.981204012126761
2026-07-31T09:25:00+00:00,1.1284419832882138,0.981204012126761
2026-07-31T09:30:00+00:00,1.1284419832882138,0.981204012126761
2026-07-31T09:35:00+00:00,1.1284419832882138,0.981204012126761
2026-07-31T09:40:00+00:00,1.1284419832882138,0.981204012126761
2026-07-31T09:45:00+00:00,1.1284419832882138,0.981204012126761
2026-07-31T09:50:00+00:00,1.1284419832882138,0.981204012126761
2026-07-31T09:55:00+00:00,1.1284419832882138,0.981204012126761
2026-07-31T10:00:00+00:00,1.1284419832882138,0.981204012126761
2026-07-31T10:05:00+00:00,1.1284419832882138,0.981204012126761
2026-07-31T10:10:00+00:00,1.1284419832882138,0.981204012126761
2026-07-31T10:15:00+00:00,1.1284419832882138,0.981204012126761
2026-07-31T10:20:00+00:00,1.1284419832882138,0.981204012126761
2026-07-31T10:25:00+00:00,1.1284419832882138,0.981204012126761
2026-07-31T10:30:00+00:00,1.1284419832882138,0.981204012126761
2026-07-31T10:35:00+00:00,1.1284419832882138,0.981204012126761
2026-07-31T10:40:00+00:00,1.1284419832882138,0.981204012126761
2026-07-31T10:45:00+00:00,1.1284419832882138,0.981204012126761
2026-07-31T10:50:00+00:00,1.1284419832882138,0.981204012126761
2026-07-31T10:55:00+00:00,1.1284419832882138,0.981204012126761
2026-07-31T11:00:00+00:00,1.1284419832882138,0.981204012126761
2026-07-31T11:05:00+00:00,1.1284419832882138,0.981204012126761
2026-07-31T11:10:00+00:00,1.1284419832882138,0.981204012126761
2026-07-31T11:15:00+00:00,1.1284419832882138,0.981204012126761
2026-07-31T11:20:00+00:00,1.1284419832882138,0.981204012126761
2026-07-31T11:25:00+00:00,1.1284419832882138,0.981204012126761
2026-07-31T11:30:00+00:00,1.1284419832882138,0.981204012126761
2026-07-31T11:35:00+00:00,1.1284419832882138,0.981204012126761
2026-07-31T11:40:00+00:00,1.1284419832882138,0.981204012126761
2026-07-31T11:45:00+00:00,1.1284419832882138,0.981204012126761
2026-07-31T11:50:00+00:00,1.1284419832882138,0.981204012126761
2026-07-31T11:55:00+00:00,1.1284419832882138,0.981204012126761
2026-07-31T12:00:00+00:00,1.1284419832882138,0.981204012126761
2026-07-31T12:05:00+00:00,1.1284419832882138,0.981204012126761
2026-07-31T12:10:00+00:00,1.1284419832882138,0.981204012126761
2026-07-31T12:15:00+00:00,1.1284419832882138,0.981204012126761
2026-07-31T12:20:00+00:00,1.1284419832882138,0.981204012126761
2026-07-31T12:25:00+00:00,1.1284419832882138,0.981204012126761
2026-07-31T12:30:00+00:00,1.1284419832882138,0.981204012126761
2026-07-31T12:35:00+00:00,1.1284419832882138,0.981204012126761
2026-07-31T12:40:00+00:00,1.1284419832882138,0.981204012126761
2026-07-31T12:45:00+00:00,1.1284419832882138,0.981204012126761
2026-07-31T12:50:00+00:00,1.1284419832882138,0.981204012126761
2026-07-31T12:55:00+00:00,1.1284419832882138,0.981204012126761
2026-07-31T13:00:00+00:00,1.1284419832882138,0.981204012126761
2026-07-31T13:05:00+00:00,1.1284419832882138,0.981204012126761
2026-07-31T13:10:00+00:00,1.1284419832882138,0.981204012126761
2026-07-31T13:15:00+00:00,1.1284419832882138,0.981204012126761
2026-07-31T13:20:00+00:00,1.1284419832882138,0.981204012126761
2026-07-31T13:25:00+00:00,1.1284419832882138,0.981204012126761
2026-07-31T13:30:00+00:00,1.1284419832882138,0.981204012126761
2026-07-31T13:35:00+00:00,1.1284419832882138,0.981204012126761
2026-07-31T13:40:00+00:00,1.1284419832882138,0.981204012126761
2026-07-31T13:45:00+00:00,1.1284419832882138,0.981204012126761
2026-07-31T13:50:00+00:00,1.1284419832882138,0.981204012126761
2026-07-31T13:55:00+00:00,1.1284419832882138,0.981204012126761
2026-07-31T14:00:00+00:00,1.1284419832882138,0.981204012126761
2026-07-31T14:05:00+00:00,1.1284419832882138,0.981204012126761
2026-07-31T14:10:00+00:00,1.1284419832882138,0.981204012126761
2026-07-31T14:15:00+00:00,1.1284419832882138,0.981204012126761
2026-07-31T14:20:00+00:00,1.1284419832882138,0.981204012126761
2026-07-31T14:25:00+00:00,1.1284419832882138,0.981204012126761
2026-07-31T14:30:00+00:00,1.1284419832882138,0.981204012126761
2026-07-31T14:35:00+00:00,1.1284419832882138,0.981204012126761
2026-07-31T14:40:00+00:00,1.1284419832882138,0.981204012126761
2026-07-31T14:45:00+00:00,1.1284419832882138,0.981204012126761
2026-07-31T14:50:00+00:00,1.1284419832882138,0.981204012126761
2026-07-31T14:55:00+00:00,1.1284419832882138,0.981204012126761
2026-07-31T15:00:00+00:00,1.1284419832882138,0.981204012126761
2026-07-31T15:05:00+00:00,1.1284419832882138,0.981204012126761
2026-07-31T15:10:00+00:00,1.1284419832882138,0.981204012126761
2026-07-31T15:15:00+00:00,1.1284419832882138,0.981204012126761
2026-07-31T15:20:00+00:00,1.1284419832882138,0.981204012126761
2026-07-31T15:25:00+00:00,1.1284419832882138,0.981204012126761
2026-07-31T15:30:00+00:00,1.1284419832882138,0.981204012126761
2026-07-31T15:35:00+00:00,1.1284419832882138,0.981204012126761
2026-07-31T15:40:00+00:00,1.1284419832882138,0.981204012126761
2026-07-31T15:45:00+00:00,1.1284419832882138,0.981204012126761
2026-07-31T15:50:00+00:00,1.1284419832882138,0.981204012126761
2026-07-31T15:55:00+00:00,1.1284419832882138,0.981204012126761
2026-07-31T16:00:00+00:00,1.1284419832882138,0.981204012126761
2026-07-31T16:05:00+00:00,1.1284419832882138,0.981204012126761
2026-07-31T16:10:00+00:00,1.1284419832882138,0.981204012126761
2026-07-31T16:15:00+00:00,1.1284419832882138,0.981204012126761
2026-07-31T16:20:00+00:00,1.1284419832882138,0.981204012126761
2026-07-31T16:25:00+00:00,1.1284419832882138,0.981204012126761
2026-07-31T16:30:00+00:00,1.1284419832882138,0.981204012126761
2026-07-31T16:35:00+00:00,1.1284419832882138,0.981204012126761
2026-07-31T16:40:00+00:00,1.1284419832882138,0.981204012126761
2026-07-31T16:45:00+00:00,1.1284419832882138,0.981204012126761
2026-07-31T16:50:00+00:00,1.1284419832882138,0.981204012126761
2026-07-31T16:55:00+00:00,1.1284419832882138,0.981204012126761
2026-07-31T17:00:00+00:00,1.1284419832882138,0.981204012126761
2026-07-31T17:05:00+00:00,1.1284419832882138,0.981204012126761
2026-07-31T17:10:00+00:00,1.1284419832882138,0.981204012126761
2026-07-31T17:15:00+00:00,1.1284419832882138,0.981204012126761
2026-07-31T17:20:00+00:00,1.1284419832882138,0.981204012126761
2026-07-31T17:25:00+00:00,1.1284419832882138,0.981204012126761
2026-07-31T17:30:00+00:00,1.1284419832882138,0.981204012126761
2026-07-31T17:35:00+00:00,1.1284419832882138,0.981204012126761
2026-07-31T17:40:00+00:00,1.1284419832882138,0.981204012126761
2026-07-31T17:45:00+00:00,1.1284419832882138,0.981204012126761
2026-07-31T17:50:00+00:00,1.1284419832882138,0.981204012126761
2026-07-31T17:55:00+00:00,1.1284419832882138,0.981204012126761
2026-07-31T18:00:00+00:00,1.1284419832882138,0.981204012126761
2026-07-31T18:05:00+00:00,1.1284419832882138,0.981204012126761
2026-07-31T18:10:00+00:00,1.1284419832882138,0.981204012126761
2026-07-31T18:15:00+00:00,1.1284419832882138,0.981204012126761
2026-07-31T18:20:00+00:00,1.1284419832882138,0.981204012126761
2026-07-31T18:25:00+00:00,1.1284419832882138,0.981204012126761
2026-07-31T18:30:00+00:00,1.1284419832882138,0.981204012126761
2026-07-31T18:35:00+00:00,1.1284419832882138,0.981204012126761
2026-07-31T18:40:00+00:00,1.1284419832882138,0.981204012126761
2026-07-31T18:45:00+00:00,1.1284419832882138,0.981204012126761
2026-07-31T18:50:00+00:00,1.1284419832882138,0.981204012126761
2026-07-31T18:55:00+00:00,1.1284419832882138,0.981204012126761
2026-07-31T19:00:00+00:00,1.1284419832882138,0.981204012126761
2026-07-31T19:05:00+00:00,1.1284419832882138,0.981204012126761
2026-07-31T19:10:00+00:00,1.1284419832882138,0.981204012126761
2026-07-31T19:15:00+00:00,1.1284419832882138,0.981204012126761
2026-07-31T19:20:00+00:00,1.1284419832882138,0.981204012126761
2026-07-31T19:25:00+00:00,1.1284419832882138,0.981204012126761
2026-07-31T19:30:00+00:00,1.1284419832882138,0.981204012126761
2026-07-31T19:35:00+00:00,1.1284419832882138,0.981204012126761
2026-07-31T19:40:00+00:00,1.1284419832882138,0.981204012126761
2026-07-31T19:45:00+00:00,1.1284419832882138,0.981204012126761
2026-07-31T19:50:00+00:00,1.1284419832882138,0.981204012126761
2026-07-31T19:55:00+00:00,1.1284419832882138,0.981204012126761
2026-07-31T20:00:00+00:00,1.1284419832882138,0.981204012126761
2026-07-31T20:05:00+00:00,1.1284419832882138,0.981204012126761
2026-07-31T20:10:00+00:00,1.1284419832882138,0.981204012126761
2026-07-31T20:15:00+00:00,1.1284419832882138,0.981204012126761
2026-07-31T20:20:00+00:00,1.1284419832882138,0.981204012126761
2026-07-31T20:25:00+00:00,1.1284419832882138,0.981204012126761
2026-07-31T20:30:00+00:00,1.1284419832882138,0.981204012126761
2026-07-31T20:35:00+00:00,1.1284419832882138,0.981204012126761
2026-07-31T20:40:00+00:00,1.1284419832882138,0.981204012126761
2026-07-31T20:45:00+00:00,1.1284419832882138,0.981204012126761
2026-07-31T20:50:00+00:00,1.1284419832882138,0.981204012126761
2026-07-31T20:55:00+00:00,1.1284419832882138,0.981204012126761
2026-07-31T21:00:00+00:00,1.1284419832882138,0.981204012126761
2026-07-31T21:05:00+00:00,1.1284419832882138,0.981204012126761
2026-07-31T21:10:00+00:00,1.1284419832882138,0.981204012126761
2026-07-31T21:15:00+00:00,1.1284419832882138,0.981204012126761
2026-07-31T21:20:00+00:00,1.1284419832882138,0.981204012126761
2026-07-31T21:25:00+00:00,1.1284419832882138,0.981204012126761
2026-07-31T21:30:00+00:00,1.1284419832882138,0.981204012126761
2026-07-31T21:35:00+00:00,1.1284419832882138,0.981204012126761
2026-07-31T21:40:00+00:00,1.1284419832882138,0.981204012126761
2026-07-31T21:45:00+00:00,1.1284419832882138,0.981204012126761
2026-07-31T21:50:00+00:00,1.1284419832882138,0.981204012126761
2026-07-31T21:55:00+00:00,1.1284419832882138,0.981204012126761
2026-07-31T22:00:00+00:00,1.1284419832882138,0.981204012126761
2026-07-31T22:05:00+00:00,1.1284419832882138,0.981204012126761
2026-07-31T22:10:00+00:00,1.1284419832882138,0.981204012126761
2026-07-31T22:15:00+00:00,1.1284419832882138,0.981204012126761
2026-07-31T22:20:00+00:00,1.1284419832882138,0.981204012126761
2026-07-31T22:25:00+00:00,1.1284419832882138,0.981204012126761
2026-07-31T22:30:00+00:00,1.1284419832882138,0.981204012126761
2026-07-31T22:35:00+00:00,1.1284419832882138,0.981204012126761
2026-07-31T22:40:00+00:00,1.1284419832882138,0.981204012126761
2026-07-31T22:45:00+00:00,1.1284419832882138,0.981204012126761
2026-07-31T22:50:00+00:00,1.1284419832882138,0.981204012126761
2026-07-31T22:55:00+00:00,1.1284419832882138,0.981204012126761
2026-07-31T23:00:00+00:00,1.1284419832882138,0.981204012126761
2026-07-31T23:05:00+00:00,1.1284419832882138,0.981204012126761
2026-07-31T23:10:00+00:00,1.1284419832882138,0.981204012126761
2026-07-31T23:15:00+00:00,1.1284419832882138,0.981204012126761
2026-07-31T23:20:00+00:00,1.1284419832882138,0.981204012126761
2026-07-31T23:25:00+00:00,1.1284419832882138,0.981204012126761
2026-07-31T23:30:00+00:00,1.1284419832882138,0.981204012126761
2026-07-31T23:35:00+00:00,1.1284419832882138,0.981204012126761
2026-07-31T23:40:00+00:00,1.1284419832882138,0.981204012126761
2026-07-31T23:45:00+00:00,1.1284419832882138,0.981204012126761
2026-07-31T23:50:00+00:00,1.1284419832882138,0.981204012126761
2026-07-31T23:55:00+00:00,1.1284419832882138,0.981204012126761
2026-08-01T00:00:00+00:00,1.1284419832882138,0.981204012126761
2026-08-03T08:05:00+00:00,1.1284419832882138,0.9779443094614961
2026-08-03T08:10:00+00:00,1.1284419832882138,0.9773599831338637
2026-08-03T08:15:00+00:00,1.1284419832882138,0.9801828230455857
2026-08-03T08:20:00+00:00,1.1284419832882138,0.9765969293929662
2026-08-03T08:25:00+00:00,1.1284419832882138,0.9742845986407875
2026-08-03T08:30:00+00:00,1.1284419832882138,0.9734699631936949
2026-08-03T08:35:00+00:00,1.1284419832882138,0.9734020200491164
2026-08-03T08:40:00+00:00,1.1284419832882138,0.9759556929585063
2026-08-03T08:45:00+00:00,1.1284419832882138,0.9762751832454696
2026-08-03T08:50:00+00:00,1.1284419832882138,0.9764590720201708
2026-08-03T08:55:00+00:00,1.1284419832882138,0.9778621694876459
2026-08-03T09:00:00+00:00,1.1284419832882138,0.9793117227361694
2026-08-03T09:05:00+00:00,1.1284419832882138,0.9778644640326184
2026-08-03T09:10:00+00:00,1.1284419832882138,0.9778644640326184
2026-08-03T09:15:00+00:00,1.1284419832882138,0.9768981947993846
2026-08-03T09:20:00+00:00,1.1284419832882138,0.977768698141285
2026-08-03T09:25:00+00:00,1.1284419832882138,0.9762225132064897
2026-08-03T09:30:00+00:00,1.1284419832882138,0.9752062196918487
2026-08-03T09:35:00+00:00,1.1284419832882138,0.9750221271118771
2026-08-03T09:40:00+00:00,1.1284419832882138,0.9754485053344801
2026-08-03T09:45:00+00:00,1.1284419832882138,0.9754485053344801
2026-08-03T09:50:00+00:00,1.1284419832882138,0.9745767042870114
2026-08-03T09:55:00+00:00,1.1284419832882138,0.9736944273263058
2026-08-03T10:00:00+00:00,1.1284419832882138,0.9738455208525221
2026-08-03T10:05:00+00:00,1.1284419832882138,0.9739281328473843
2026-08-03T10:10:00+00:00,1.1284419832882138,0.9736467797119613
2026-08-03T10:15:00+00:00,1.1284419832882138,0.9720552193113476
2026-08-03T10:20:00+00:00,1.1284419832882138,0.9712775751358985
2026-08-03T10:25:00+00:00,1.1284419832882138,0.9678908590895442
2026-08-03T10:30:00+00:00,1.1284419832882138,0.969775016837913
2026-08-03T10:35:00+00:00,1.1284419832882138,0.9701257844517599
2026-08-03T10:40:00+00:00,1.1284419832882138,0.970807586071322
2026-08-03T10:45:00+00:00,1.1284419832882138,0.9703127869964172
2026-08-03T10:50:00+00:00,1.1284419832882138,0.9707785628117349
2026-08-03T10:55:00+00:00,1.1284419832882138,0.9718687127980479
2026-08-03T11:00:00+00:00,1.1284419832882138,0.9720631643212168
2026-08-03T11:05:00+00:00,1.1284419832882138,0.9693025049345445
2026-08-03T11:10:00+00:00,1.1284419832882138,0.9676873935126074
2026-08-03T11:15:00+00:00,1.1284419832882138,0.968683398700683
2026-08-03T11:20:00+00:00,1.1284419832882138,0.9683322400251098
2026-08-03T11:25:00+00:00,1.1284419832882138,0.9681956243027585
2026-08-03T11:30:00+00:00,1.1284419832882138,0.9676198053656808
2026-08-03T11:35:00+00:00,1.1284419832882138,0.9687037707936482
2026-08-03T11:40:00+00:00,1.1284419832882138,0.966421208639887
2026-08-03T11:45:00+00:00,1.1284419832882138,0.9667732034143816
2026-08-03T11:50:00+00:00,1.1284419832882138,0.9655219040919069
2026-08-03T11:55:00+00:00,1.1284419832882138,0.9636432679565419
2026-08-03T12:00:00+00:00,1.1284419832882138,0.9637805502521234
2026-08-03T12:05:00+00:00,1.1284419832882138,0.9624765541871841
2026-08-03T12:10:00+00:00,1.1284419832882138,0.9637823193473009
2026-08-03T12:15:00+00:00,1.1284419832882138,0.9650370799553496
2026-08-03T12:20:00+00:00,1.1284419832882138,0.9641952242182331
2026-08-03T12:25:00+00:00,1.1284419832882138,0.9654104645805183
2026-08-03T12:30:00+00:00,1.1284419832882138,0.9649895803849533
2026-08-03T12:35:00+00:00,1.1284419832882138,0.9652050104457215
2026-08-03T12:40:00+00:00,1.1284419832882138,0.9647057158364027
2026-08-03T12:45:00+00:00,1.1284419832882138,0.9658125689138285
2026-08-03T12:50:00+00:00,1.1284419832882138,0.9647363347162423
2026-08-03T12:55:00+00:00,1.1284419832882138,0.9652064886755332
2026-08-03T13:00:00+00:00,1.1284419832882138,0.9642862187705175
2026-08-03T13:05:00+00:00,1.1284419832882138,0.9637864464370558
2026-08-03T13:10:00+00:00,1.1284419832882138,0.9642766735206962
2026-08-03T13:15:00+00:00,1.1284419832882138,0.9635711052229982
2026-08-03T13:20:00+00:00,1.1284419832882138,0.9657776218598974
2026-08-03T13:25:00+00:00,1.1284419832882138,0.9648187520146775
2026-08-03T13:30:00+00:00,1.1284419832882138,0.9648971049739314
2026-08-03T13:35:00+00:00,1.1284419832882138,0.9588997667832547
2026-08-03T13:40:00+00:00,1.1284419832882138,0.9639157992271172
2026-08-03T13:45:00+00:00,1.1284419832882138,0.9620529551807486
2026-08-03T13:50:00+00:00,1.1284419832882138,0.9592058904207293
2026-08-03T13:55:00+00:00,1.1284419832882138,0.959704901601371
2026-08-03T14:00:00+00:00,1.1284419832882138,0.9663317817888641
2026-08-03T14:05:00+00:00,1.1284419832882138,0.9625678589806939
2026-08-03T14:10:00+00:00,1.1284419832882138,0.9644035641329232
2026-08-03T14:15:00+00:00,1.1284419832882138,0.9648837926011125
2026-08-03T14:20:00+00:00,1.1284419832882138,0.968067227009527
2026-08-03T14:25:00+00:00,1.1284419832882138,0.9711232635350191
2026-08-03T14:30:00+00:00,1.1284419832882138,0.9722567660005907
2026-08-03T14:35:00+00:00,1.1284419832882138,0.9736224063337652
2026-08-03T14:40:00+00:00,1.1284419832882138,0.9742680564582534
2026-08-03T14:45:00+00:00,1.1284419832882138,0.9727207606221216
2026-08-03T14:50:00+00:00,1.1284419832882138,0.9764908489894734
2026-08-03T14:55:00+00:00,1.1284419832882138,0.978620242014136
2026-08-03T15:00:00+00:00,1.1284419832882138,0.97910793316095
2026-08-03T15:05:00+00:00,1.1284419832882138,0.9785238878762399
2026-08-03T15:10:00+00:00,1.1284419832882138,0.9754917916358823
2026-08-03T15:15:00+00:00,1.1284419832882138,0.9742515496620866
2026-08-03T15:20:00+00:00,1.1284419832882138,0.9752701951209471
2026-08-03T15:25:00+00:00,1.1284419832882138,0.9738216708746261
2026-08-03T15:30:00+00:00,1.1284419832882138,0.9713123457798484
2026-08-03T15:35:00+00:00,1.1284419832882138,0.9735065829015549
2026-08-03T15:40:00+00:00,1.1284419832882138,0.9728027089038808
2026-08-03T15:45:00+00:00,1.1284419832882138,0.9740657736917557
2026-08-03T15:50:00+00:00,1.1284419832882138,0.9746672856374651
2026-08-03T15:55:00+00:00,1.1284419832882138,0.9757824881753957
2026-08-03T16:00:00+00:00,1.1284419832882138,0.9752690877441841
2026-08-03T16:05:00+00:00,1.1284419832882138,0.9763060940804622
2026-08-03T16:10:00+00:00,1.1284419832882138,0.9761512271234043
2026-08-03T16:15:00+00:00,1.1284419832882138,0.9760301986204125
2026-08-03T16:20:00+00:00,1.1284419832882138,0.9781266792968343
2026-08-03T16:25:00+00:00,1.1284419832882138,0.9765902788783559
2026-08-03T16:30:00+00:00,1.1284419832882138,0.9760338246345427
2026-08-03T16:35:00+00:00,1.1284419832882138,0.9757868869140665
2026-08-03T16:40:00+00:00,1.1284419832882138,0.9745907434528887
2026-08-03T16:45:00+00:00,1.1284419832882138,0.9749738182378626
2026-08-03T16:50:00+00:00,1.1284419832882138,0.9752258696962622
2026-08-03T16:55:00+00:00,1.1284419832882138,0.9745667873887996
2026-08-03T17:00:00+00:00,1.1284419832882138,0.9745377008422929
2026-08-03T17:05:00+00:00,1.1284419832882138,0.9748286597307034
2026-08-03T17:10:00+00:00,1.1284419832882138,0.9755994864391079
2026-08-03T17:15:00+00:00,1.1284419832882138,0.9765828942482141
2026-08-03T17:20:00+00:00,1.1284419832882138,0.977018428654966
2026-08-03T17:25:00+00:00,1.1284419832882138,0.9769894104126615
2026-08-03T17:30:00+00:00,1.1284419832882138,0.9772893274942331
2026-08-03T17:35:00+00:00,1.1284419832882138,0.9781210392620985
2026-08-03T17:40:00+00:00,1.1284419832882138,0.9775605835295108
2026-08-03T17:45:00+00:00,1.1284419832882138,0.9781697221932818
2026-08-03T17:50:00+00:00,1.1284419832882138,0.9788461843021378
2026-08-03T17:55:00+00:00,1.1284419832882138,0.9792420686966412
2026-08-03T18:00:00+00:00,1.1284419832882138,0.9808829222034365
2026-08-03T18:05:00+00:00,1.1284419832882138,0.9817790095142271
2026-08-03T18:10:00+00:00,1.1284419832882138,0.9821063333652124
2026-08-03T18:15:00+00:00,1.1284419832882138,0.9814711924419384
2026-08-03T18:20:00+00:00,1.1284419832882138,0.9809415315880556
2026-08-03T18:25:00+00:00,1.1284419832882138,0.9801417933887175
2026-08-03T18:30:00+00:00,1.1284419832882138,0.9787723718568669
2026-08-03T18:35:00+00:00,1.1284419832882138,0.9789172200943117
2026-08-03T18:40:00+00:00,1.1284419832882138,0.9781303459977968
2026-08-03T18:45:00+00:00,1.1284419832882138,0.9790628328294797
2026-08-03T18:50:00+00:00,1.1284419832882138,0.9794151795267438
2026-08-03T18:55:00+00:00,1.1284419832882138,0.9788506612892033
2026-08-03T19:00:00+00:00,1.1284419832882138,0.9785706736785208
2026-08-03T19:05:00+00:00,1.1284419832882138,0.980415714493866
2026-08-03T19:10:00+00:00,1.1284419832882138,0.9795866025215203
2026-08-03T19:15:00+00:00,1.1284419832882138,0.9793936170347785
2026-08-03T19:20:00+00:00,1.1284419832882138,0.9801754622924077
2026-08-03T19:25:00+00:00,1.1284419832882138,0.9798138831813226
2026-08-03T19:30:00+00:00,1.1284419832882138,0.979587187203222
2026-08-03T19:35:00+00:00,1.1284419832882138,0.9797077987837521
2026-08-03T19:40:00+00:00,1.1284419832882138,0.9792399005451878
2026-08-03T19:45:00+00:00,1.1284419832882138,0.9799831059497072
2026-08-03T19:50:00+00:00,1.1284419832882138,0.9799831093665979
2026-08-03T19:55:00+00:00,1.1284419832882138,0.9798287958415982
2026-08-03T20:00:00+00:00,1.1284419832882138,0.9796455132385601
2026-08-03T20:05:00+00:00,1.1284419832882138,0.979954287874507
2026-08-03T20:10:00+00:00,1.1284419832882138,0.9807259632463385
2026-08-03T20:15:00+00:00,1.1284419832882138,0.9802440680306419
2026-08-03T20:20:00+00:00,1.1284419832882138,0.9811600938663975
2026-08-03T20:25:00+00:00,1.1284419832882138,0.9812082607831312
2026-08-03T20:30:00+00:00,1.1284419832882138,0.9814009189925919
2026-08-03T20:35:00+00:00,1.1284419832882138,0.9814009189925919
2026-08-03T20:40:00+00:00,1.1284419832882138,0.9811601434972551
2026-08-03T20:45:00+00:00,1.1284419832882138,0.9813239110224339
2026-08-03T20:50:00+00:00,1.1284419832882138,0.9809193764118675
2026-08-03T20:55:00+00:00,1.1284419832882138,0.9806225953038765
2026-08-03T21:00:00+00:00,1.1284419832882138,0.9813050129529404
2026-08-03T21:05:00+00:00,1.1284419832882138,0.9813050129529404
2026-08-03T21:10:00+00:00,1.1284419832882138,0.9813918861234541
2026-08-03T21:15:00+00:00,1.1284419832882138,0.9809199612336619
2026-08-03T21:20:00+00:00,1.1284419832882138,0.9809199724818879
2026-08-03T21:25:00+00:00,1.1284419832882138,0.9809199724818879
2026-08-03T21:30:00+00:00,1.1284419832882138,0.9809199724818879
2026-08-03T21:35:00+00:00,1.1284419832882138,0.9812861312142485
2026-08-03T21:40:00+00:00,1.1284419832882138,0.9813920849957414
2026-08-03T21:45:00+00:00,1.1284419832882138,0.981883272225469
2026-08-03T21:50:00+00:00,1.1284419832882138,0.9823645875549913
2026-08-03T21:55:00+00:00,1.1284419832882138,0.9822972364079504
2026-08-03T22:00:00+00:00,1.1284419832882138,0.9820362809287331
2026-08-03T22:05:00+00:00,1.1284419832882138,0.9822684313404872
2026-08-03T22:10:00+00:00,1.1284419832882138,0.981979755273283
2026-08-03T22:15:00+00:00,1.1284419832882138,0.982480274262444
2026-08-03T22:20:00+00:00,1.1284419832882138,0.9831344658202545
2026-08-03T22:25:00+00:00,1.1284419832882138,0.9831153167064818
2026-08-03T22:30:00+00:00,1.1284419832882138,0.9831345452176051
2026-08-03T22:35:00+00:00,1.1284419832882138,0.9830384214236331
2026-08-03T22:40:00+00:00,1.1284419832882138,0.9834230217450038
2026-08-03T22:45:00+00:00,1.1284419832882138,0.9835287454865909
2026-08-03T22:50:00+00:00,1.1284419832882138,0.9833749820275243
2026-08-03T22:55:00+00:00,1.1284419832882138,0.9840107972465754
2026-08-03T23:00:00+00:00,1.1284419832882138,0.9837019800184238
2026-08-03T23:05:00+00:00,1.1284419832882138,0.9838076738372151
2026-08-03T23:10:00+00:00,1.1284419832882138,0.9830390740920298
2026-08-03T23:15:00+00:00,1.1284419832882138,0.9830390740920298
2026-08-03T23:20:00+00:00,1.1284419832882138,0.98299099901994
2026-08-03T23:25:00+00:00,1.1284419832882138,0.9838083152178926
2026-08-03T23:30:00+00:00,1.1284419832882138,0.9838083887351333
2026-08-03T23:35:00+00:00,1.1284419832882138,0.9837315287047634
2026-08-03T23:40:00+00:00,1.1284419832882138,0.9838083947407616
2026-08-03T23:45:00+00:00,1.1284419832882138,0.9838083947407616
2026-08-03T23:50:00+00:00,1.1284419832882138,0.9843656299643452
2026-08-03T23:55:00+00:00,1.1284419832882138,0.9836934387213508
2026-08-04T00:00:00+00:00,1.1284419832882138,0.9840489581520053
2026-08-04T08:05:00+00:00,1.1284419832882138,0.9910238085180362
2026-08-04T08:10:00+00:00,1.1284419832882138,0.9928169298223305
2026-08-04T08:15:00+00:00,1.1284419832882138,0.9919410268922993
2026-08-04T08:20:00+00:00,1.1284419832882138,0.9925318049062014
2026-08-04T08:25:00+00:00,1.1284419832882138,0.9922366308521889
2026-08-04T08:30:00+00:00,1.1284419832882138,0.9925128734963089
2026-08-04T08:35:00+00:00,1.1284419832882138,0.9904462494313984
2026-08-04T08:40:00+00:00,1.1284419832882138,0.9905416846946841
2026-08-04T08:45:00+00:00,1.1284419832882138,0.9913814341046485
2026-08-04T08:50:00+00:00,1.1284419832882138,0.9905900680557662
2026-08-04T08:55:00+00:00,1.1284419832882138,0.9901606496245191
2026-08-04T09:00:00+00:00,1.1284419832882138,0.9910675475026388
2026-08-04T09:05:00+00:00,1.1284419832882138,0.9892744851139782
2026-08-04T09:10:00+00:00,1.1284419832882138,0.987870445429756
2026-08-04T09:15:00+00:00,1.1284419832882138,0.9879948358502301
2026-08-04T09:20:00+00:00,1.1284419832882138,0.9877843554846889
2026-08-04T09:25:00+00:00,1.1284419832882138,0.9883298072038882
2026-08-04T09:30:00+00:00,1.1284419832882138,0.9895635696642543
2026-08-04T09:35:00+00:00,1.1284419832882138,0.9896399867899861
2026-08-04T09:40:00+00:00,1.1284419832882138,0.9899647344982715
2026-08-04T09:45:00+00:00,1.1284419832882138,0.9905853721115276
2026-08-04T09:50:00+00:00,1.1284419832882138,0.9912437902858434
2026-08-04T09:55:00+00:00,1.1284419832882138,0.9900611111879447
2026-08-04T10:00:00+00:00,1.1284419832882138,0.990538479129694
2026-08-04T10:05:00+00:00,1.1284419832882138,0.990538479129694
2026-08-04T10:10:00+00:00,1.1284419832882138,0.9918840082776447
2026-08-04T10:15:00+00:00,1.1284419832882138,0.9926654545284735
2026-08-04T10:20:00+00:00,1.1284419832882138,0.993339180022459
2026-08-04T10:25:00+00:00,1.1284419832882138,0.9939791231177195
2026-08-04T10:30:00+00:00,1.1284419832882138,0.9934017698024183
2026-08-04T10:35:00+00:00,1.1284419832882138,0.9949432553072841
2026-08-04T10:40:00+00:00,1.1284419832882138,0.994354330062232
2026-08-04T10:45:00+00:00,1.1284419832882138,0.9966643501597954
2026-08-04T10:50:00+00:00,1.1284419832882138,0.9977930230970731
2026-08-04T10:55:00+00:00,1.1284419832882138,0.9954341071543518
2026-08-04T11:00:00+00:00,1.1284419832882138,0.9961747999248288
2026-08-04T11:05:00+00:00,1.1284419832882138,0.9988139266141558
2026-08-04T11:10:00+00:00,1.1284419832882138,0.9976025318311713
2026-08-04T11:15:00+00:00,1.1284419832882138,0.9984553293451319
2026-08-04T11:20:00+00:00,1.1284419832882138,0.9990888276286612
2026-08-04T11:25:00+00:00,1.1284419832882138,0.9982853782582384
2026-08-04T11:30:00+00:00,1.1284419832882138,0.9993743204404295
2026-08-04T11:35:00+00:00,1.1284419832882138,0.9989959702017528
2026-08-04T11:40:00+00:00,1.1284419832882138,0.9984944662006475
2026-08-04T11:45:00+00:00,1.1284419832882138,0.9994790440378037
2026-08-04T11:50:00+00:00,1.1284419832882138,1.0009477423548483
2026-08-04T11:55:00+00:00,1.1284419832882138,1.0021443815440305
2026-08-04T12:00:00+00:00,1.1284419832882138,1.0018991324530857
2026-08-04T12:05:00+00:00,1.1284419832882138,1.001182074970588
2026-08-04T12:10:00+00:00,1.1284419832882138,1.0009554734711321
2026-08-04T12:15:00+00:00,1.1284419832882138,1.0002471834389561
2026-08-04T12:20:00+00:00,1.1284419832882138,1.001437953895431
2026-08-04T12:25:00+00:00,1.1284419832882138,1.0010753890290025
2026-08-04T12:30:00+00:00,1.1284419832882138,1.001305886682699
2026-08-04T12:35:00+00:00,1.1284419832882138,1.0001635762636254
2026-08-04T12:40:00+00:00,1.1284419832882138,1.0003338228443321
2026-08-04T12:45:00+00:00,1.1284419832882138,1.0005322662429217
2026-08-04T12:50:00+00:00,1.1284419832882138,0.9997197471220823
2026-08-04T12:55:00+00:00,1.1284419832882138,0.9997102915403338
2026-08-04T13:00:00+00:00,1.1284419832882138,1.0000696070453043
2026-08-04T13:05:00+00:00,1.1284419832882138,1.0010999050280263
2026-08-04T13:10:00+00:00,1.1284419832882138,1.0018930798254453
2026-08-04T13:15:00+00:00,1.1284419832882138,1.0025441008683875
2026-08-04T13:20:00+00:00,1.1284419832882138,1.002176371245023
2026-08-04T13:25:00+00:00,1.1284419832882138,1.0025536682750826
2026-08-04T13:30:00+00:00,1.1284419832882138,1.0004604575088023
2026-08-04T13:35:00+00:00,1.1284419832882138,1.0026905805234125
2026-08-04T13:40:00+00:00,1.1284419832882138,1.002440797189187
2026-08-04T13:45:00+00:00,1.1284419832882138,1.0041991224035334
2026-08-04T13:50:00+00:00,1.1284419832882138,1.0051499882248518
2026-08-04T13:55:00+00:00,1.1284419832882138,1.0064384130585742
2026-08-04T14:00:00+00:00,1.1284419832882138,1.0029814837653335
2026-08-04T14:05:00+00:00,1.1284419832882138,1.00400871663809
2026-08-04T14:10:00+00:00,1.1284419832882138,1.0034437559633094
2026-08-04T14:15:00+00:00,1.1284419832882138,1.0042351276215042
2026-08-04T14:20:00+00:00,1.1284419832882138,1.0027194894627045
2026-08-04T14:25:00+00:00,1.1284419832882138,1.0027336314825417
2026-08-04T14:30:00+00:00,1.1284419832882138,1.0046782888895605
2026-08-04T14:35:00+00:00,1.1284419832882138,1.003546721794645
2026-08-04T14:40:00+00:00,1.1284419832882138,1.0038999473345436
2026-08-04T14:45:00+00:00,1.1284419832882138,1.005058212488918
2026-08-04T14:50:00+00:00,1.1284419832882138,1.0048230555982811
2026-08-04T14:55:00+00:00,1.1284419832882138,1.0047948316189614
2026-08-04T15:00:00+00:00,1.1284419832882138,1.0050535518754142
2026-08-04T15:05:00+00:00,1.1284419832882138,1.0060716724799583
2026-08-04T15:10:00+00:00,1.1284419832882138,1.0066424572824038
2026-08-04T15:15:00+00:00,1.1284419832882138,1.0087178830785992
2026-08-04T15:20:00+00:00,1.1284419832882138,1.0088069248860183
2026-08-04T15:25:00+00:00,1.1284419832882138,1.0086429354273312
2026-08-04T15:30:00+00:00,1.1284419832882138,1.0079353382361493
2026-08-04T15:35:00+00:00,1.1284419832882138,1.0082073531744271
2026-08-04T15:40:00+00:00,1.1284419832882138,1.0093606783834408
2026-08-04T15:45:00+00:00,1.1284419832882138,1.0104099531640605
2026-08-04T15:50:00+00:00,1.1284419832882138,1.0103301718407
2026-08-04T15:55:00+00:00,1.1284419832882138,1.0100728584311653
2026-08-04T16:00:00+00:00,1.1284419832882138,1.0095955312049032
2026-08-04T16:05:00+00:00,1.1284419832882138,1.010667582472466
2026-08-04T16:10:00+00:00,1.1284419832882138,1.0100174483952975
2026-08-04T16:15:00+00:00,1.1284419832882138,1.0094278082612693
2026-08-04T16:20:00+00:00,1.1284419832882138,1.0110713550185204
2026-08-04T16:25:00+00:00,1.1284419832882138,1.0110292940331735
2026-08-04T16:30:00+00:00,1.1284419832882138,1.0106786610930807
2026-08-04T16:35:00+00:00,1.1284419832882138,1.0112632497717169
2026-08-04T16:40:00+00:00,1.1284419832882138,1.0109640995650024
2026-08-04T16:45:00+00:00,1.1284419832882138,1.0109734530682746
2026-08-04T16:50:00+00:00,1.1284419832882138,1.011665384047888
2026-08-04T16:55:00+00:00,1.1284419832882138,1.011254267632451
2026-08-04T17:00:00+00:00,1.1284419832882138,1.0119459862021827
2026-08-04T17:05:00+00:00,1.1284419832882138,1.0123196504184298
2026-08-04T17:10:00+00:00,1.1284419832882138,1.0121795791063866
2026-08-04T17:15:00+00:00,1.1284419832882138,1.0124037218678996
2026-08-04T17:20:00+00:00,1.1284419832882138,1.0120582224017747
2026-08-04T17:25:00+00:00,1.1284419832882138,1.0126746945685738
2026-08-04T17:30:00+00:00,1.1284419832882138,1.0131414576206295
2026-08-04T17:35:00+00:00,1.1284419832882138,1.012982829911143
2026-08-04T17:40:00+00:00,1.1284419832882138,1.013486738796446
2026-08-04T17:45:00+00:00,1.1284419832882138,1.013757165462941
2026-08-04T17:50:00+00:00,1.1284419832882138,1.0144892709882891
2026-08-04T17:55:00+00:00,1.1284419832882138,1.0133289847142455
2026-08-04T18:00:00+00:00,1.1284419832882138,1.0126665352496382
2026-08-04T18:05:00+00:00,1.1284419832882138,1.011620980499578
2026-08-04T18:10:00+00:00,1.1284419832882138,1.0122937942183539
2026-08-04T18:15:00+00:00,1.1284419832882138,1.0128167600708256
2026-08-04T18:20:00+00:00,1.1284419832882138,1.0131527667098277
2026-08-04T18:25:00+00:00,1.1284419832882138,1.013512007996025
2026-08-04T18:30:00+00:00,1.1284419832882138,1.0136753251720394
2026-08-04T18:35:00+00:00,1.1284419832882138,1.0134887290428691
2026-08-04T18:40:00+00:00,1.1284419832882138,1.01319022580804
2026-08-04T18:45:00+00:00,1.1284419832882138,1.0128076461315851
2026-08-04T18:50:00+00:00,1.1284419832882138,1.013806294764667
2026-08-04T18:55:00+00:00,1.1284419832882138,1.0136384429521321
2026-08-04T19:00:00+00:00,1.1284419832882138,1.0139275454394874
2026-08-04T19:05:00+00:00,1.1284419832882138,1.014785336728429
2026-08-04T19:10:00+00:00,1.1284419832882138,1.0151952110633786
2026-08-04T19:15:00+00:00,1.1284419832882138,1.0146364759220747
2026-08-04T19:20:00+00:00,1.1284419832882138,1.015377188500916
2026-08-04T19:25:00+00:00,1.1284419832882138,1.014441520558428
2026-08-04T19:30:00+00:00,1.1284419832882138,1.0139196646178332
2026-08-04T19:35:00+00:00,1.1284419832882138,1.0131737865930257
2026-08-04T19:40:00+00:00,1.1284419832882138,1.0139621660369156
2026-08-04T19:45:00+00:00,1.1284419832882138,1.0144796471456359
2026-08-04T19:50:00+00:00,1.1284419832882138,1.0134825842676647
2026-08-04T19:55:00+00:00,1.1284419832882138,1.012414731994201
2026-08-04T20:00:00+00:00,1.1284419832882138,1.012503437618234
2026-08-04T20:05:00+00:00,1.1284419832882138,1.0124474166980582
2026-08-04T20:10:00+00:00,1.1284419832882138,1.0146510281555952
2026-08-04T20:15:00+00:00,1.1284419832882138,1.0132814141802884
2026-08-04T20:20:00+00:00,1.1284419832882138,1.0041868279271329
2026-08-04T20:25:00+00:00,1.1284419832882138,1.0060980762729599
2026-08-04T20:30:00+00:00,1.1284419832882138,1.0052335370906287
2026-08-04T20:35:00+00:00,1.1284419832882138,1.0032584337711206
2026-08-04T20:40:00+00:00,1.1284419832882138,1.0046060380922672
2026-08-04T20:45:00+00:00,1.1284419832882138,1.0033559386146802
2026-08-04T20:50:00+00:00,1.1284419832882138,1.0048616261902104
2026-08-04T20:55:00+00:00,1.1284419832882138,1.004014832684994
2026-08-04T21:00:00+00:00,1.1284419832882138,1.0059264347393464
2026-08-04T21:05:00+00:00,1.1284419832882138,1.0066125542779256
2026-08-04T21:10:00+00:00,1.1284419832882138,1.0048749425645918
2026-08-04T21:15:00+00:00,1.1284419832882138,1.0056088262514147
2026-08-04T21:20:00+00:00,1.1284419832882138,1.005900285269102
2026-08-04T21:25:00+00:00,1.1284419832882138,1.0048663754262723
2026-08-04T21:30:00+00:00,1.1284419832882138,1.0053838627918945
2026-08-04T21:35:00+00:00,1.1284419832882138,1.006747445806625
2026-08-04T21:40:00+00:00,1.1284419832882138,1.0066558806238208
2026-08-04T21:45:00+00:00,1.1284419832882138,1.0066079806327666
2026-08-04T21:50:00+00:00,1.1284419832882138,1.0064093287380578
2026-08-04T21:55:00+00:00,1.1284419832882138,1.004492859625757
2026-08-04T22:00:00+00:00,1.1284419832882138,1.0044931874331156
2026-08-04T22:05:00+00:00,1.1284419832882138,1.005293242914111
2026-08-04T22:10:00+00:00,1.1284419832882138,1.006205521373861
2026-08-04T22:15:00+00:00,1.1284419832882138,1.006863303213167
2026-08-04T22:20:00+00:00,1.1284419832882138,1.0067507498328427
2026-08-04T22:25:00+00:00,1.1284419832882138,1.0071264030977056
2026-08-04T22:30:00+00:00,1.1284419832882138,1.0072202813977706
2026-08-04T22:35:00+00:00,1.1284419832882138,1.0074080204996156
2026-08-04T22:40:00+00:00,1.1284419832882138,1.006948145401754
2026-08-04T22:45:00+00:00,1.1284419832882138,1.0066195131020106
2026-08-04T22:50:00+00:00,1.1284419832882138,1.006224989077524
2026-08-04T22:55:00+00:00,1.1284419832882138,1.0059712904865978
2026-08-04T23:00:00+00:00,1.1284419832882138,1.0075498084513208
2026-08-04T23:05:00+00:00,1.1284419832882138,1.0072964430342752
2026-08-04T23:10:00+00:00,1.1284419832882138,1.0072213529121659
2026-08-04T23:15:00+00:00,1.1284419832882138,1.0072401268423228
2026-08-04T23:20:00+00:00,1.1284419832882138,1.0079722964715416
2026-08-04T23:25:00+00:00,1.1284419832882138,1.0071936081578727
2026-08-04T23:30:00+00:00,1.1284419832882138,1.0071936081578727
2026-08-04T23:35:00+00:00,1.1284419832882138,1.006301821172813
2026-08-04T23:40:00+00:00,1.1284419832882138,1.0065648967908367
2026-08-04T23:45:00+00:00,1.1284419832882138,1.0071472691648666
2026-08-04T23:50:00+00:00,1.1284419832882138,1.0074101240503726
2026-08-04T23:55:00+00:00,1.1284419832882138,1.0077763373375876
2026-08-05T00:00:00+00:00,1.1284419832882138,1.0081603352288833
2026-08-05T08:05:00+00:00,1.1284419832882138,1.0125688089535048
2026-08-05T08:10:00+00:00,1.1284419832882138,1.011915177298887
2026-08-05T08:15:00+00:00,1.1284419832882138,1.0098969531225568
2026-08-05T08:20:00+00:00,1.1284419832882138,1.0086423994855336
2026-08-05T08:25:00+00:00,1.1284419832882138,1.0069738274863849
2026-08-05T08:30:00+00:00,1.1284419832882138,1.007236735128487
2026-08-05T08:35:00+00:00,1.1284419832882138,1.0055470556100983
2026-08-05T08:40:00+00:00,1.1284419832882138,1.0042964687539533
2026-08-05T08:45:00+00:00,1.1284419832882138,1.0041740785361513
2026-08-05T08:50:00+00:00,1.1284419832882138,1.00554878237932
2026-08-05T08:55:00+00:00,1.1284419832882138,1.0064420602391109
2026-08-05T09:00:00+00:00,1.1284419832882138,1.0061884064014701
2026-08-05T09:05:00+00:00,1.1284419832882138,1.0072032775947473
2026-08-05T09:10:00+00:00,1.1284419832882138,1.0072408275808635
2026-08-05T09:15:00+00:00,1.1284419832882138,1.005832755594497
2026-08-05T09:20:00+00:00,1.1284419832882138,1.0055131451861774
2026-08-05T09:25:00+00:00,1.1284419832882138,1.006303021969513
2026-08-05T09:30:00+00:00,1.1284419832882138,1.006058728051948
2026-08-05T09:35:00+00:00,1.1284419832882138,1.007769200816553
2026-08-05T09:40:00+00:00,1.1284419832882138,1.0080881982547143
2026-08-05T09:45:00+00:00,1.1284419832882138,1.007619232773576
2026-08-05T09:50:00+00:00,1.1284419832882138,1.006774701846498
2026-08-05T09:55:00+00:00,1.1284419832882138,1.007103406273407
2026-08-05T10:00:00+00:00,1.1284419832882138,1.0077136581742903
2026-08-05T10:05:00+00:00,1.1284419832882138,1.008051537172013
2026-08-05T10:10:00+00:00,1.1284419832882138,1.008051537172013
2026-08-05T10:15:00+00:00,1.1284419832882138,1.0067852821705405
2026-08-05T10:20:00+00:00,1.1284419832882138,1.00688860420608
2026-08-05T10:25:00+00:00,1.1284419832882138,1.00688860420608
2026-08-05T10:30:00+00:00,1.1284419832882138,1.0060341462887719
2026-08-05T10:35:00+00:00,1.1284419832882138,1.0060435447879243
2026-08-05T10:40:00+00:00,1.1284419832882138,1.0065322621782402
2026-08-05T10:45:00+00:00,1.1284419832882138,1.0077158873045557
2026-08-05T10:50:00+00:00,1.1284419832882138,1.0077158873045557
2026-08-05T10:55:00+00:00,1.1284419832882138,1.0077158873045557
2026-08-05T11:00:00+00:00,1.1284419832882138,1.0077158873045557
2026-08-05T11:05:00+00:00,1.1284419832882138,1.0077158873045557
2026-08-05T11:10:00+00:00,1.1284419832882138,1.0077158873045557
2026-08-05T11:15:00+00:00,1.1284419832882138,1.0077158873045557
2026-08-05T11:20:00+00:00,1.1284419832882138,1.0077158873045557
2026-08-05T11:25:00+00:00,1.1284419832882138,1.0077158873045557
2026-08-05T11:30:00+00:00,1.1284419832882138,1.0077158873045557
2026-08-05T11:35:00+00:00,1.1284419832882138,1.0077158873045557
2026-08-05T11:40:00+00:00,1.1284419832882138,1.0077158873045557
2026-08-05T11:45:00+00:00,1.1284419832882138,1.0077158873045557
2026-08-05T11:50:00+00:00,1.1284419832882138,1.0077158873045557
2026-08-05T11:55:00+00:00,1.1284419832882138,1.0077158873045557
2026-08-05T12:00:00+00:00,1.1284419832882138,1.0077158873045557
2026-08-05T12:05:00+00:00,1.1284419832882138,1.0077158873045557
2026-08-05T12:10:00+00:00,1.1284419832882138,1.0077158873045557
2026-08-05T12:15:00+00:00,1.1284419832882138,1.0077158873045557
2026-08-05T12:20:00+00:00,1.1284419832882138,1.0077158873045557
2026-08-05T12:25:00+00:00,1.1284419832882138,1.0077158873045557
2026-08-05T12:30:00+00:00,1.1284419832882138,1.0077158873045557
2026-08-05T12:35:00+00:00,1.1284419832882138,1.0077158873045557
2026-08-05T12:40:00+00:00,1.1284419832882138,1.0077158873045557
2026-08-05T12:45:00+00:00,1.1284419832882138,1.0077158873045557
2026-08-05T12:50:00+00:00,1.1284419832882138,1.0077158873045557
2026-08-05T12:55:00+00:00,1.1284419832882138,1.0077158873045557
2026-08-05T13:00:00+00:00,1.1284419832882138,1.0077158873045557
2026-08-05T13:05:00+00:00,1.1284419832882138,1.0077158873045557
2026-08-05T13:10:00+00:00,1.1284419832882138,1.0077158873045557
2026-08-05T13:15:00+00:00,1.1284419832882138,1.0077158873045557
2026-08-05T13:20:00+00:00,1.1284419832882138,1.0077158873045557
2026-08-05T13:25:00+00:00,1.1284419832882138,1.0077158873045557
2026-08-05T13:30:00+00:00,1.1284419832882138,1.0077158873045557
2026-08-05T13:35:00+00:00,1.1284419832882138,1.0077158873045557
2026-08-05T13:40:00+00:00,1.1284419832882138,1.0077158873045557
2026-08-05T13:45:00+00:00,1.1284419832882138,1.0077158873045557
2026-08-05T13:50:00+00:00,1.1284419832882138,1.0077158873045557
2026-08-05T13:55:00+00:00,1.1284419832882138,1.0077158873045557
2026-08-05T14:00:00+00:00,1.1284419832882138,1.0077158873045557
2026-08-05T14:05:00+00:00,1.1284419832882138,1.0077158873045557
2026-08-05T14:10:00+00:00,1.1284419832882138,1.0077158873045557
2026-08-05T14:15:00+00:00,1.1284419832882138,1.0077158873045557
2026-08-05T14:20:00+00:00,1.1284419832882138,1.0077158873045557
2026-08-05T14:25:00+00:00,1.1284419832882138,1.0077158873045557
2026-08-05T14:30:00+00:00,1.1284419832882138,1.0077158873045557
2026-08-05T14:35:00+00:00,1.1284419832882138,1.0077158873045557
2026-08-05T14:40:00+00:00,1.1284419832882138,1.0077158873045557
2026-08-05T14:45:00+00:00,1.1284419832882138,1.0077158873045557
2026-08-05T14:50:00+00:00,1.1284419832882138,1.0077158873045557
2026-08-05T14:55:00+00:00,1.1284419832882138,1.0077158873045557
2026-08-05T15:00:00+00:00,1.1284419832882138,1.0077158873045557
2026-08-05T15:05:00+00:00,1.1284419832882138,1.0077158873045557
2026-08-05T15:10:00+00:00,1.1284419832882138,1.0077158873045557
2026-08-05T15:15:00+00:00,1.1284419832882138,1.0077158873045557
2026-08-05T15:20:00+00:00,1.1284419832882138,1.0077158873045557
2026-08-05T15:25:00+00:00,1.1284419832882138,1.0077158873045557
2026-08-05T15:30:00+00:00,1.1284419832882138,1.0077158873045557
2026-08-05T15:35:00+00:00,1.1284419832882138,1.0077158873045557
2026-08-05T15:40:00+00:00,1.1284419832882138,1.0077158873045557
2026-08-05T15:45:00+00:00,1.1284419832882138,1.0077158873045557
2026-08-05T15:50:00+00:00,1.1284419832882138,1.0077158873045557
2026-08-05T15:55:00+00:00,1.1284419832882138,1.0077158873045557
2026-08-05T16:00:00+00:00,1.1284419832882138,1.0077158873045557
2026-08-05T16:05:00+00:00,1.1284419832882138,1.0077158873045557
2026-08-05T16:10:00+00:00,1.1284419832882138,1.0077158873045557
2026-08-05T16:15:00+00:00,1.1284419832882138,1.0077158873045557
2026-08-05T16:20:00+00:00,1.1284419832882138,1.0077158873045557
2026-08-05T16:25:00+00:00,1.1284419832882138,1.0077158873045557
2026-08-05T16:30:00+00:00,1.1284419832882138,1.0077158873045557
2026-08-05T16:35:00+00:00,1.1284419832882138,1.0077158873045557
2026-08-05T16:40:00+00:00,1.1284419832882138,1.0077158873045557
2026-08-05T16:45:00+00:00,1.1284419832882138,1.0077158873045557
2026-08-05T16:50:00+00:00,1.1284419832882138,1.0077158873045557
2026-08-05T16:55:00+00:00,1.1284419832882138,1.0077158873045557
2026-08-05T17:00:00+00:00,1.1284419832882138,1.0077158873045557
2026-08-05T17:05:00+00:00,1.1284419832882138,1.0077158873045557
2026-08-05T17:10:00+00:00,1.1284419832882138,1.0077158873045557
2026-08-05T17:15:00+00:00,1.1284419832882138,1.0077158873045557
2026-08-05T17:20:00+00:00,1.1284419832882138,1.0077158873045557
2026-08-05T17:25:00+00:00,1.1284419832882138,1.0077158873045557
2026-08-05T17:30:00+00:00,1.1284419832882138,1.0077158873045557
2026-08-05T17:35:00+00:00,1.1284419832882138,1.0077158873045557
2026-08-05T17:40:00+00:00,1.1284419832882138,1.0077158873045557
2026-08-05T17:45:00+00:00,1.1284419832882138,1.0077158873045557
2026-08-05T17:50:00+00:00,1.1284419832882138,1.0077158873045557
2026-08-05T17:55:00+00:00,1.1284419832882138,1.0077158873045557
2026-08-05T18:00:00+00:00,1.1284419832882138,1.0077158873045557
2026-08-05T18:05:00+00:00,1.1284419832882138,1.0077158873045557
2026-08-05T18:10:00+00:00,1.1284419832882138,1.0077158873045557
2026-08-05T18:15:00+00:00,1.1284419832882138,1.0077158873045557
2026-08-05T18:20:00+00:00,1.1284419832882138,1.0077158873045557
2026-08-05T18:25:00+00:00,1.1284419832882138,1.0077158873045557
2026-08-05T18:30:00+00:00,1.1284419832882138,1.0077158873045557
2026-08-05T18:35:00+00:00,1.1284419832882138,1.0077158873045557
2026-08-05T18:40:00+00:00,1.1284419832882138,1.0077158873045557
2026-08-05T18:45:00+00:00,1.1284419832882138,1.0077158873045557
2026-08-05T18:50:00+00:00,1.1284419832882138,1.0077158873045557
2026-08-05T18:55:00+00:00,1.1284419832882138,1.0077158873045557
2026-08-05T19:00:00+00:00,1.1284419832882138,1.0077158873045557
2026-08-05T19:05:00+00:00,1.1284419832882138,1.0077158873045557
2026-08-05T19:10:00+00:00,1.1284419832882138,1.0077158873045557
2026-08-05T19:15:00+00:00,1.1284419832882138,1.0077158873045557
2026-08-05T19:20:00+00:00,1.1284419832882138,1.0077158873045557
2026-08-05T19:25:00+00:00,1.1284419832882138,1.0077158873045557
2026-08-05T19:30:00+00:00,1.1284419832882138,1.0077158873045557
2026-08-05T19:35:00+00:00,1.1284419832882138,1.0077158873045557
2026-08-05T19:40:00+00:00,1.1284419832882138,1.0077158873045557
2026-08-05T19:45:00+00:00,1.1284419832882138,1.0077158873045557
2026-08-05T19:50:00+00:00,1.1284419832882138,1.0077158873045557
2026-08-05T19:55:00+00:00,1.1284419832882138,1.0077158873045557
2026-08-05T20:00:00+00:00,1.1284419832882138,1.0077158873045557
2026-08-05T20:05:00+00:00,1.1284419832882138,1.0077158873045557
2026-08-05T20:10:00+00:00,1.1284419832882138,1.0077158873045557
2026-08-05T20:15:00+00:00,1.1284419832882138,1.0077158873045557
2026-08-05T20:20:00+00:00,1.1284419832882138,1.0077158873045557
2026-08-05T20:25:00+00:00,1.1284419832882138,1.0077158873045557
2026-08-05T20:30:00+00:00,1.1284419832882138,1.0077158873045557
2026-08-05T20:35:00+00:00,1.1284419832882138,1.0077158873045557
2026-08-05T20:40:00+00:00,1.1284419832882138,1.0077158873045557
2026-08-05T20:45:00+00:00,1.1284419832882138,1.0077158873045557
2026-08-05T20:50:00+00:00,1.1284419832882138,1.0077158873045557
2026-08-05T20:55:00+00:00,1.1284419832882138,1.0077158873045557
2026-08-05T21:00:00+00:00,1.1284419832882138,1.0077158873045557
2026-08-05T21:05:00+00:00,1.1284419832882138,1.0077158873045557
2026-08-05T21:10:00+00:00,1.1284419832882138,1.0077158873045557
2026-08-05T21:15:00+00:00,1.1284419832882138,1.0077158873045557
2026-08-05T21:20:00+00:00,1.1284419832882138,1.0077158873045557
2026-08-05T21:25:00+00:00,1.1284419832882138,1.0077158873045557
2026-08-05T21:30:00+00:00,1.1284419832882138,1.0077158873045557
2026-08-05T21:35:00+00:00,1.1284419832882138,1.0077158873045557
2026-08-05T21:40:00+00:00,1.1284419832882138,1.0077158873045557
2026-08-05T21:45:00+00:00,1.1284419832882138,1.0077158873045557
2026-08-05T21:50:00+00:00,1.1284419832882138,1.0077158873045557
2026-08-05T21:55:00+00:00,1.1284419832882138,1.0077158873045557
2026-08-05T22:00:00+00:00,1.1284419832882138,1.0077158873045557
2026-08-05T22:05:00+00:00,1.1284419832882138,1.0077158873045557
2026-08-05T22:10:00+00:00,1.1284419832882138,1.0077158873045557
2026-08-05T22:15:00+00:00,1.1284419832882138,1.0077158873045557
2026-08-05T22:20:00+00:00,1.1284419832882138,1.0077158873045557
2026-08-05T22:25:00+00:00,1.1284419832882138,1.0077158873045557
2026-08-05T22:30:00+00:00,1.1284419832882138,1.0077158873045557
2026-08-05T22:35:00+00:00,1.1284419832882138,1.0077158873045557
2026-08-05T22:40:00+00:00,1.1284419832882138,1.0077158873045557
2026-08-05T22:45:00+00:00,1.1284419832882138,1.0077158873045557
2026-08-05T22:50:00+00:00,1.1284419832882138,1.0077158873045557
2026-08-05T22:55:00+00:00,1.1284419832882138,1.0077158873045557
2026-08-05T23:00:00+00:00,1.1284419832882138,1.0077158873045557
2026-08-05T23:05:00+00:00,1.1284419832882138,1.0077158873045557
2026-08-05T23:10:00+00:00,1.1284419832882138,1.0077158873045557
2026-08-05T23:15:00+00:00,1.1284419832882138,1.0077158873045557
2026-08-05T23:20:00+00:00,1.1284419832882138,1.0077158873045557
2026-08-05T23:25:00+00:00,1.1284419832882138,1.0077158873045557
2026-08-05T23:30:00+00:00,1.1284419832882138,1.0077158873045557
2026-08-05T23:35:00+00:00,1.1284419832882138,1.0077158873045557
2026-08-05T23:40:00+00:00,1.1284419832882138,1.0077158873045557
2026-08-05T23:45:00+00:00,1.1284419832882138,1.0077158873045557
2026-08-05T23:50:00+00:00,1.1284419832882138,1.0077158873045557
2026-08-05T23:55:00+00:00,1.1284419832882138,1.0077158873045557
2026-08-06T00:00:00+00:00,1.1284419832882138,1.0077158873045557
2026-08-06T08:05:00+00:00,1.1284419832882138,1.0077158873045557
2026-08-06T08:10:00+00:00,1.1284419832882138,1.0077158873045557
2026-08-06T08:15:00+00:00,1.1284419832882138,1.0077158873045557
2026-08-06T08:20:00+00:00,1.1284419832882138,1.0077158873045557
2026-08-06T08:25:00+00:00,1.1284419832882138,1.0077158873045557
2026-08-06T08:30:00+00:00,1.1284419832882138,1.0077158873045557
2026-08-06T08:35:00+00:00,1.1284419832882138,1.0077158873045557
2026-08-06T08:40:00+00:00,1.1284419832882138,1.0077158873045557
2026-08-06T08:45:00+00:00,1.1284419832882138,1.0077158873045557
2026-08-06T08:50:00+00:00,1.1284419832882138,1.0077158873045557
2026-08-06T08:55:00+00:00,1.1284419832882138,1.0077158873045557
2026-08-06T09:00:00+00:00,1.1284419832882138,1.0077158873045557
2026-08-06T09:05:00+00:00,1.1284419832882138,1.0077158873045557
2026-08-06T09:10:00+00:00,1.1284419832882138,1.0077158873045557
2026-08-06T09:15:00+00:00,1.1284419832882138,1.0077158873045557
2026-08-06T09:20:00+00:00,1.1284419832882138,1.0077158873045557
2026-08-06T09:25:00+00:00,1.1284419832882138,1.0077158873045557
2026-08-06T09:30:00+00:00,1.1284419832882138,1.0077158873045557
2026-08-06T09:35:00+00:00,1.1284419832882138,1.0077158873045557
2026-08-06T09:40:00+00:00,1.1284419832882138,1.0077158873045557
2026-08-06T09:45:00+00:00,1.1284419832882138,1.0077158873045557
2026-08-06T09:50:00+00:00,1.1284419832882138,1.0077158873045557
2026-08-06T09:55:00+00:00,1.1284419832882138,1.0077158873045557
2026-08-06T10:00:00+00:00,1.1284419832882138,1.0077158873045557
2026-08-06T10:05:00+00:00,1.1284419832882138,1.0077158873045557
2026-08-06T10:10:00+00:00,1.1284419832882138,1.0077158873045557
2026-08-06T10:15:00+00:00,1.1284419832882138,1.0077158873045557
2026-08-06T10:20:00+00:00,1.1284419832882138,1.0077158873045557
2026-08-06T10:25:00+00:00,1.1284419832882138,1.0077158873045557
2026-08-06T10:30:00+00:00,1.1284419832882138,1.0077158873045557
2026-08-06T10:35:00+00:00,1.1284419832882138,1.0077158873045557
2026-08-06T10:40:00+00:00,1.1284419832882138,1.0077158873045557
2026-08-06T10:45:00+00:00,1.1284419832882138,1.0077158873045557
2026-08-06T10:50:00+00:00,1.1284419832882138,1.0077158873045557
2026-08-06T10:55:00+00:00,1.1284419832882138,1.0077158873045557
2026-08-06T11:00:00+00:00,1.1284419832882138,1.0077158873045557
2026-08-06T11:05:00+00:00,1.1284419832882138,1.0077158873045557
2026-08-06T11:10:00+00:00,1.1284419832882138,1.0077158873045557
2026-08-06T11:15:00+00:00,1.1284419832882138,1.0077158873045557
2026-08-06T11:20:00+00:00,1.1284419832882138,1.0077158873045557
2026-08-06T11:25:00+00:00,1.1284419832882138,1.0077158873045557
2026-08-06T11:30:00+00:00,1.1284419832882138,1.0077158873045557
2026-08-06T11:35:00+00:00,1.1284419832882138,1.0077158873045557
2026-08-06T11:40:00+00:00,1.1284419832882138,1.0077158873045557
2026-08-06T11:45:00+00:00,1.1284419832882138,1.0077158873045557
2026-08-06T11:50:00+00:00,1.1284419832882138,1.0077158873045557
2026-08-06T11:55:00+00:00,1.1284419832882138,1.0077158873045557
2026-08-06T12:00:00+00:00,1.1284419832882138,1.0077158873045557
2026-08-06T12:05:00+00:00,1.1284419832882138,1.0077158873045557
2026-08-06T12:10:00+00:00,1.1284419832882138,1.0077158873045557
2026-08-06T12:15:00+00:00,1.1284419832882138,1.0077158873045557
2026-08-06T12:20:00+00:00,1.1284419832882138,1.0077158873045557
2026-08-06T12:25:00+00:00,1.1284419832882138,1.0077158873045557
2026-08-06T12:30:00+00:00,1.1284419832882138,1.0077158873045557
2026-08-06T12:35:00+00:00,1.1284419832882138,1.0077158873045557
2026-08-06T12:40:00+00:00,1.1284419832882138,1.0077158873045557
2026-08-06T12:45:00+00:00,1.1284419832882138,1.0077158873045557
2026-08-06T12:50:00+00:00,1.1284419832882138,1.0077158873045557
2026-08-06T12:55:00+00:00,1.1284419832882138,1.0077158873045557
2026-08-06T13:00:00+00:00,1.1284419832882138,1.0077158873045557
2026-08-06T13:05:00+00:00,1.1284419832882138,1.0077158873045557
2026-08-06T13:10:00+00:00,1.1284419832882138,1.0077158873045557
2026-08-06T13:15:00+00:00,1.1284419832882138,1.0077158873045557
2026-08-06T13:20:00+00:00,1.1284419832882138,1.0077158873045557
2026-08-06T13:25:00+00:00,1.1284419832882138,1.0077158873045557
2026-08-06T13:30:00+00:00,1.1284419832882138,1.0077158873045557
2026-08-06T13:35:00+00:00,1.1284419832882138,1.0077158873045557
2026-08-06T13:40:00+00:00,1.1284419832882138,1.0077158873045557
2026-08-06T13:45:00+00:00,1.1284419832882138,1.0077158873045557
2026-08-06T13:50:00+00:00,1.1284419832882138,1.0077158873045557
2026-08-06T13:55:00+00:00,1.1284419832882138,1.0077158873045557
2026-08-06T14:00:00+00:00,1.1284419832882138,1.0077158873045557
2026-08-06T14:05:00+00:00,1.1284419832882138,1.0077158873045557
2026-08-06T14:10:00+00:00,1.1284419832882138,1.0077158873045557
2026-08-06T14:15:00+00:00,1.1284419832882138,1.0077158873045557
2026-08-06T14:20:00+00:00,1.1284419832882138,1.0077158873045557
2026-08-06T14:25:00+00:00,1.1284419832882138,1.0077158873045557
2026-08-06T14:30:00+00:00,1.1284419832882138,1.0077158873045557
2026-08-06T14:35:00+00:00,1.1284419832882138,1.0077158873045557
2026-08-06T14:40:00+00:00,1.1284419832882138,1.0077158873045557
2026-08-06T14:45:00+00:00,1.1284419832882138,1.0077158873045557
2026-08-06T14:50:00+00:00,1.1284419832882138,1.0077158873045557
2026-08-06T14:55:00+00:00,1.1284419832882138,1.0077158873045557
2026-08-06T15:00:00+00:00,1.1284419832882138,1.0077158873045557
2026-08-06T15:05:00+00:00,1.1284419832882138,1.0077158873045557
2026-08-06T15:10:00+00:00,1.1284419832882138,1.0077158873045557
2026-08-06T15:15:00+00:00,1.1284419832882138,1.0077158873045557
2026-08-06T15:20:00+00:00,1.1284419832882138,1.0077158873045557
2026-08-06T15:25:00+00:00,1.1284419832882138,1.0077158873045557
2026-08-06T15:30:00+00:00,1.1284419832882138,1.0077158873045557
2026-08-06T15:35:00+00:00,1.1284419832882138,1.0077158873045557
2026-08-06T15:40:00+00:00,1.1284419832882138,1.0077158873045557
2026-08-06T15:45:00+00:00,1.1284419832882138,1.0077158873045557
2026-08-06T15:50:00+00:00,1.1284419832882138,1.0077158873045557
2026-08-06T15:55:00+00:00,1.1284419832882138,1.0077158873045557
2026-08-06T16:00:00+00:00,1.1284419832882138,1.0077158873045557
2026-08-06T16:05:00+00:00,1.1284419832882138,1.0077158873045557
2026-08-06T16:10:00+00:00,1.1284419832882138,1.0077158873045557
2026-08-06T16:15:00+00:00,1.1284419832882138,1.0077158873045557
2026-08-06T16:20:00+00:00,1.1284419832882138,1.0077158873045557
2026-08-06T16:25:00+00:00,1.1284419832882138,1.0077158873045557
2026-08-06T16:30:00+00:00,1.1284419832882138,1.0077158873045557
2026-08-06T16:35:00+00:00,1.1284419832882138,1.0077158873045557
2026-08-06T16:40:00+00:00,1.1284419832882138,1.0077158873045557
2026-08-06T16:45:00+00:00,1.1284419832882138,1.0077158873045557
2026-08-06T16:50:00+00:00,1.1284419832882138,1.0077158873045557
2026-08-06T16:55:00+00:00,1.1284419832882138,1.0077158873045557
2026-08-06T17:00:00+00:00,1.1284419832882138,1.0077158873045557
2026-08-06T17:05:00+00:00,1.1284419832882138,1.0077158873045557
2026-08-06T17:10:00+00:00,1.1284419832882138,1.0077158873045557
2026-08-06T17:15:00+00:00,1.1284419832882138,1.0077158873045557
2026-08-06T17:20:00+00:00,1.1284419832882138,1.0077158873045557
2026-08-06T17:25:00+00:00,1.1284419832882138,1.0077158873045557
2026-08-06T17:30:00+00:00,1.1284419832882138,1.0077158873045557
2026-08-06T17:35:00+00:00,1.1284419832882138,1.0077158873045557
2026-08-06T17:40:00+00:00,1.1284419832882138,1.0077158873045557
2026-08-06T17:45:00+00:00,1.1284419832882138,1.0077158873045557
2026-08-06T17:50:00+00:00,1.1284419832882138,1.0077158873045557
2026-08-06T17:55:00+00:00,1.1284419832882138,1.0077158873045557
2026-08-06T18:00:00+00:00,1.1284419832882138,1.0077158873045557
2026-08-06T18:05:00+00:00,1.1284419832882138,1.0077158873045557
2026-08-06T18:10:00+00:00,1.1284419832882138,1.0077158873045557
2026-08-06T18:15:00+00:00,1.1284419832882138,1.0077158873045557
2026-08-06T18:20:00+00:00,1.1284419832882138,1.0077158873045557
2026-08-06T18:25:00+00:00,1.1284419832882138,1.0077158873045557
2026-08-06T18:30:00+00:00,1.1284419832882138,1.0077158873045557
2026-08-06T18:35:00+00:00,1.1284419832882138,1.0077158873045557
2026-08-06T18:40:00+00:00,1.1284419832882138,1.0077158873045557
2026-08-06T18:45:00+00:00,1.1284419832882138,1.0077158873045557
2026-08-06T18:50:00+00:00,1.1284419832882138,1.0077158873045557
2026-08-06T18:55:00+00:00,1.1284419832882138,1.0077158873045557
2026-08-06T19:00:00+00:00,1.1284419832882138,1.0077158873045557
2026-08-06T19:05:00+00:00,1.1284419832882138,1.0077158873045557
2026-08-06T19:10:00+00:00,1.1284419832882138,1.0077158873045557
2026-08-06T19:15:00+00:00,1.1284419832882138,1.0077158873045557
2026-08-06T19:20:00+00:00,1.1284419832882138,1.0077158873045557
2026-08-06T19:25:00+00:00,1.1284419832882138,1.0077158873045557
2026-08-06T19:30:00+00:00,1.1284419832882138,1.0077158873045557
2026-08-06T19:35:00+00:00,1.1284419832882138,1.0077158873045557
2026-08-06T19:40:00+00:00,1.1284419832882138,1.0077158873045557
2026-08-06T19:45:00+00:00,1.1284419832882138,1.0077158873045557
2026-08-06T19:50:00+00:00,1.1284419832882138,1.0077158873045557
2026-08-06T19:55:00+00:00,1.1284419832882138,1.0077158873045557
2026-08-06T20:00:00+00:00,1.1284419832882138,1.0077158873045557
2026-08-06T20:05:00+00:00,1.1284419832882138,1.0077158873045557
2026-08-06T20:10:00+00:00,1.1284419832882138,1.0077158873045557
2026-08-06T20:15:00+00:00,1.1284419832882138,1.0077158873045557
2026-08-06T20:20:00+00:00,1.1284419832882138,1.0077158873045557
2026-08-06T20:25:00+00:00,1.1284419832882138,1.0077158873045557
2026-08-06T20:30:00+00:00,1.1284419832882138,1.0077158873045557
2026-08-06T20:35:00+00:00,1.1284419832882138,1.0077158873045557
2026-08-06T20:40:00+00:00,1.1284419832882138,1.0077158873045557
2026-08-06T20:45:00+00:00,1.1284419832882138,1.0077158873045557
2026-08-06T20:50:00+00:00,1.1284419832882138,1.0077158873045557
2026-08-06T20:55:00+00:00,1.1284419832882138,1.0077158873045557
2026-08-06T21:00:00+00:00,1.1284419832882138,1.0077158873045557
2026-08-06T21:05:00+00:00,1.1284419832882138,1.0077158873045557
2026-08-06T21:10:00+00:00,1.1284419832882138,1.0077158873045557
2026-08-06T21:15:00+00:00,1.1284419832882138,1.0077158873045557
2026-08-06T21:20:00+00:00,1.1284419832882138,1.0077158873045557
2026-08-06T21:25:00+00:00,1.1284419832882138,1.0077158873045557
2026-08-06T21:30:00+00:00,1.1284419832882138,1.0077158873045557
2026-08-06T21:35:00+00:00,1.1284419832882138,1.0077158873045557
2026-08-06T21:40:00+00:00,1.1284419832882138,1.0077158873045557
2026-08-06T21:45:00+00:00,1.1284419832882138,1.0077158873045557
2026-08-06T21:50:00+00:00,1.1284419832882138,1.0077158873045557
2026-08-06T21:55:00+00:00,1.1284419832882138,1.0077158873045557
2026-08-06T22:00:00+00:00,1.1284419832882138,1.0077158873045557
2026-08-06T22:05:00+00:00,1.1284419832882138,1.0077158873045557
2026-08-06T22:10:00+00:00,1.1284419832882138,1.0077158873045557
2026-08-06T22:15:00+00:00,1.1284419832882138,1.0077158873045557
2026-08-06T22:20:00+00:00,1.1284419832882138,1.0077158873045557
2026-08-06T22:25:00+00:00,1.1284419832882138,1.0077158873045557
2026-08-06T22:30:00+00:00,1.1284419832882138,1.0077158873045557
2026-08-06T22:35:00+00:00,1.1284419832882138,1.0077158873045557
2026-08-06T22:40:00+00:00,1.1284419832882138,1.0077158873045557
2026-08-06T22:45:00+00:00,1.1284419832882138,1.0077158873045557
2026-08-06T22:50:00+00:00,1.1284419832882138,1.0077158873045557
2026-08-06T22:55:00+00:00,1.1284419832882138,1.0077158873045557
2026-08-06T23:00:00+00:00,1.1284419832882138,1.0077158873045557
2026-08-06T23:05:00+00:00,1.1284419832882138,1.0077158873045557
2026-08-06T23:10:00+00:00,1.1284419832882138,1.0077158873045557
2026-08-06T23:15:00+00:00,1.1284419832882138,1.0077158873045557
2026-08-06T23:20:00+00:00,1.1284419832882138,1.0077158873045557
2026-08-06T23:25:00+00:00,1.1284419832882138,1.0077158873045557
2026-08-06T23:30:00+00:00,1.1284419832882138,1.0077158873045557
2026-08-06T23:35:00+00:00,1.1284419832882138,1.0077158873045557
2026-08-06T23:40:00+00:00,1.1284419832882138,1.0077158873045557
2026-08-06T23:45:00+00:00,1.1284419832882138,1.0077158873045557
2026-08-06T23:50:00+00:00,1.1284419832882138,1.0077158873045557
2026-08-06T23:55:00+00:00,1.1284419832882138,1.0077158873045557
2026-08-07T00:00:00+00:00,1.1284419832882138,1.0077158873045557
2026-08-07T08:05:00+00:00,1.1284419832882138,1.0077158873045557
2026-08-07T08:10:00+00:00,1.1284419832882138,1.0077158873045557
2026-08-07T08:15:00+00:00,1.1284419832882138,1.0077158873045557
2026-08-07T08:20:00+00:00,1.1284419832882138,1.0077158873045557
2026-08-07T08:25:00+00:00,1.1284419832882138,1.0077158873045557
2026-08-07T08:30:00+00:00,1.1284419832882138,1.0077158873045557
2026-08-07T08:35:00+00:00,1.1284419832882138,1.0077158873045557
2026-08-07T08:40:00+00:00,1.1284419832882138,1.0077158873045557
2026-08-07T08:45:00+00:00,1.1284419832882138,1.0077158873045557
2026-08-07T08:50:00+00:00,1.1284419832882138,1.0077158873045557
2026-08-07T08:55:00+00:00,1.1284419832882138,1.0077158873045557
2026-08-07T09:00:00+00:00,1.1284419832882138,1.0077158873045557
2026-08-07T09:05:00+00:00,1.1284419832882138,1.0077158873045557
2026-08-07T09:10:00+00:00,1.1284419832882138,1.0077158873045557
2026-08-07T09:15:00+00:00,1.1284419832882138,1.0077158873045557
2026-08-07T09:20:00+00:00,1.1284419832882138,1.0077158873045557
2026-08-07T09:25:00+00:00,1.1284419832882138,1.0077158873045557
2026-08-07T09:30:00+00:00,1.1284419832882138,1.0077158873045557
2026-08-07T09:35:00+00:00,1.1284419832882138,1.0077158873045557
2026-08-07T09:40:00+00:00,1.1284419832882138,1.0077158873045557
2026-08-07T09:45:00+00:00,1.1284419832882138,1.0077158873045557
2026-08-07T09:50:00+00:00,1.1284419832882138,1.0077158873045557
2026-08-07T09:55:00+00:00,1.1284419832882138,1.0077158873045557
2026-08-07T10:00:00+00:00,1.1284419832882138,1.0077158873045557
2026-08-07T10:05:00+00:00,1.1284419832882138,1.0077158873045557
2026-08-07T10:10:00+00:00,1.1284419832882138,1.0077158873045557
2026-08-07T10:15:00+00:00,1.1284419832882138,1.0077158873045557
2026-08-07T10:20:00+00:00,1.1284419832882138,1.0077158873045557
2026-08-07T10:25:00+00:00,1.1284419832882138,1.0077158873045557
2026-08-07T10:30:00+00:00,1.1284419832882138,1.0077158873045557
2026-08-07T10:35:00+00:00,1.1284419832882138,1.0077158873045557
2026-08-07T10:40:00+00:00,1.1284419832882138,1.0077158873045557
2026-08-07T10:45:00+00:00,1.1284419832882138,1.0077158873045557
2026-08-07T10:50:00+00:00,1.1284419832882138,1.0077158873045557
2026-08-07T10:55:00+00:00,1.1284419832882138,1.0077158873045557
2026-08-07T11:00:00+00:00,1.1284419832882138,1.0077158873045557
2026-08-07T11:05:00+00:00,1.1284419832882138,1.0077158873045557
2026-08-07T11:10:00+00:00,1.1284419832882138,1.0077158873045557
2026-08-07T11:15:00+00:00,1.1284419832882138,1.0077158873045557
2026-08-07T11:20:00+00:00,1.1284419832882138,1.0077158873045557
2026-08-07T11:25:00+00:00,1.1284419832882138,1.0077158873045557
2026-08-07T11:30:00+00:00,1.1284419832882138,1.0077158873045557
2026-08-07T11:35:00+00:00,1.1284419832882138,1.0077158873045557
2026-08-07T11:40:00+00:00,1.1284419832882138,1.0077158873045557
2026-08-07T11:45:00+00:00,1.1284419832882138,1.0077158873045557
2026-08-07T11:50:00+00:00,1.1284419832882138,1.0077158873045557
2026-08-07T11:55:00+00:00,1.1284419832882138,1.0077158873045557
2026-08-07T12:00:00+00:00,1.1284419832882138,1.0077158873045557
2026-08-07T12:05:00+00:00,1.1284419832882138,1.0077158873045557
2026-08-07T12:10:00+00:00,1.1284419832882138,1.0077158873045557
2026-08-07T12:15:00+00:00,1.1284419832882138,1.0077158873045557
2026-08-07T12:20:00+00:00,1.1284419832882138,1.0077158873045557
2026-08-07T12:25:00+00:00,1.1284419832882138,1.0077158873045557
2026-08-07T12:30:00+00:00,1.1284419832882138,1.0077158873045557
2026-08-07T12:35:00+00:00,1.1284419832882138,1.0077158873045557
2026-08-07T12:40:00+00:00,1.1284419832882138,1.0077158873045557
2026-08-07T12:45:00+00:00,1.1284419832882138,1.0077158873045557
2026-08-07T12:50:00+00:00,1.1284419832882138,1.0077158873045557
2026-08-07T12:55:00+00:00,1.1284419832882138,1.0077158873045557
2026-08-07T13:00:00+00:00,1.1284419832882138,1.0077158873045557
2026-08-07T13:05:00+00:00,1.1284419832882138,1.0077158873045557
2026-08-07T13:10:00+00:00,1.1284419832882138,1.0077158873045557
2026-08-07T13:15:00+00:00,1.1284419832882138,1.0077158873045557
2026-08-07T13:20:00+00:00,1.1284419832882138,1.0077158873045557
2026-08-07T13:25:00+00:00,1.1284419832882138,1.0077158873045557
2026-08-07T13:30:00+00:00,1.1284419832882138,1.0077158873045557
2026-08-07T13:35:00+00:00,1.1284419832882138,1.0077158873045557
2026-08-07T13:40:00+00:00,1.1284419832882138,1.0077158873045557
2026-08-07T13:45:00+00:00,1.1284419832882138,1.0077158873045557
2026-08-07T13:50:00+00:00,1.1284419832882138,1.0077158873045557
2026-08-07T13:55:00+00:00,1.1284419832882138,1.0077158873045557
2026-08-07T14:00:00+00:00,1.1284419832882138,1.0077158873045557
2026-08-07T14:05:00+00:00,1.1284419832882138,1.0077158873045557
2026-08-07T14:10:00+00:00,1.1284419832882138,1.0077158873045557
2026-08-07T14:15:00+00:00,1.1284419832882138,1.0077158873045557
2026-08-07T14:20:00+00:00,1.1284419832882138,1.0077158873045557
2026-08-07T14:25:00+00:00,1.1284419832882138,1.0077158873045557
2026-08-07T14:30:00+00:00,1.1284419832882138,1.0077158873045557
2026-08-07T14:35:00+00:00,1.1284419832882138,1.0077158873045557
2026-08-07T14:40:00+00:00,1.1284419832882138,1.0077158873045557
2026-08-07T14:45:00+00:00,1.1284419832882138,1.0077158873045557
2026-08-07T14:50:00+00:00,1.1284419832882138,1.0077158873045557
2026-08-07T14:55:00+00:00,1.1284419832882138,1.0077158873045557
2026-08-07T15:00:00+00:00,1.1284419832882138,1.0077158873045557
2026-08-07T15:05:00+00:00,1.1284419832882138,1.0077158873045557
2026-08-07T15:10:00+00:00,1.1284419832882138,1.0077158873045557
2026-08-07T15:15:00+00:00,1.1284419832882138,1.0077158873045557
2026-08-07T15:20:00+00:00,1.1284419832882138,1.0077158873045557
2026-08-07T15:25:00+00:00,1.1284419832882138,1.0077158873045557
2026-08-07T15:30:00+00:00,1.1284419832882138,1.0077158873045557
2026-08-07T15:35:00+00:00,1.1284419832882138,1.0077158873045557
2026-08-07T15:40:00+00:00,1.1284419832882138,1.0077158873045557
2026-08-07T15:45:00+00:00,1.1284419832882138,1.0077158873045557
2026-08-07T15:50:00+00:00,1.1284419832882138,1.0077158873045557
2026-08-07T15:55:00+00:00,1.1284419832882138,1.0077158873045557
2026-08-07T16:00:00+00:00,1.1284419832882138,1.0077158873045557
2026-08-07T16:05:00+00:00,1.1284419832882138,1.0077158873045557
2026-08-07T16:10:00+00:00,1.1284419832882138,1.0077158873045557
2026-08-07T16:15:00+00:00,1.1284419832882138,1.0077158873045557
2026-08-07T16:20:00+00:00,1.1284419832882138,1.0077158873045557
2026-08-07T16:25:00+00:00,1.1284419832882138,1.0077158873045557
2026-08-07T16:30:00+00:00,1.1284419832882138,1.0077158873045557
2026-08-07T16:35:00+00:00,1.1284419832882138,1.0077158873045557
2026-08-07T16:40:00+00:00,1.1284419832882138,1.0077158873045557
2026-08-07T16:45:00+00:00,1.1284419832882138,1.0077158873045557
2026-08-07T16:50:00+00:00,1.1284419832882138,1.0077158873045557
2026-08-07T16:55:00+00:00,1.1284419832882138,1.0077158873045557
2026-08-07T17:00:00+00:00,1.1284419832882138,1.0077158873045557
2026-08-07T17:05:00+00:00,1.1284419832882138,1.0077158873045557
2026-08-07T17:10:00+00:00,1.1284419832882138,1.0077158873045557
2026-08-07T17:15:00+00:00,1.1284419832882138,1.0077158873045557
2026-08-07T17:20:00+00:00,1.1284419832882138,1.0077158873045557
2026-08-07T17:25:00+00:00,1.1284419832882138,1.0077158873045557
2026-08-07T17:30:00+00:00,1.1284419832882138,1.0077158873045557
2026-08-07T17:35:00+00:00,1.1284419832882138,1.0077158873045557
2026-08-07T17:40:00+00:00,1.1284419832882138,1.0077158873045557
2026-08-07T17:45:00+00:00,1.1284419832882138,1.0077158873045557
2026-08-07T17:50:00+00:00,1.1284419832882138,1.0077158873045557
2026-08-07T17:55:00+00:00,1.1284419832882138,1.0077158873045557
2026-08-07T18:00:00+00:00,1.1284419832882138,1.0077158873045557
2026-08-07T18:05:00+00:00,1.1284419832882138,1.0077158873045557
2026-08-07T18:10:00+00:00,1.1284419832882138,1.0077158873045557
2026-08-07T18:15:00+00:00,1.1284419832882138,1.0077158873045557
2026-08-07T18:20:00+00:00,1.1284419832882138,1.0077158873045557
2026-08-07T18:25:00+00:00,1.1284419832882138,1.0077158873045557
2026-08-07T18:30:00+00:00,1.1284419832882138,1.0077158873045557
2026-08-07T18:35:00+00:00,1.1284419832882138,1.0077158873045557
2026-08-07T18:40:00+00:00,1.1284419832882138,1.0077158873045557
2026-08-07T18:45:00+00:00,1.1284419832882138,1.0077158873045557
2026-08-07T18:50:00+00:00,1.1284419832882138,1.0077158873045557
2026-08-07T18:55:00+00:00,1.1284419832882138,1.0077158873045557
2026-08-07T19:00:00+00:00,1.1284419832882138,1.0077158873045557
2026-08-07T19:05:00+00:00,1.1284419832882138,1.0077158873045557
2026-08-07T19:10:00+00:00,1.1284419832882138,1.0077158873045557
2026-08-07T19:15:00+00:00,1.1284419832882138,1.0077158873045557
2026-08-07T19:20:00+00:00,1.1284419832882138,1.0077158873045557
2026-08-07T19:25:00+00:00,1.1284419832882138,1.0077158873045557
2026-08-07T19:30:00+00:00,1.1284419832882138,1.0077158873045557
2026-08-07T19:35:00+00:00,1.1284419832882138,1.0077158873045557
2026-08-07T19:40:00+00:00,1.1284419832882138,1.0071937450583164
2026-08-07T19:45:00+00:00,1.1284419832882138,1.0080223981163823
2026-08-07T19:50:00+00:00,1.1284419832882138,1.0080783952127892
2026-08-07T19:55:00+00:00,1.1284419832882138,1.0058007571941447
2026-08-07T20:00:00+00:00,1.1284419832882138,1.0050313576597714
2026-08-07T20:05:00+00:00,1.1284419832882138,1.005364351648725
2026-08-07T20:10:00+00:00,1.1284419832882138,1.005282316613861
2026-08-07T20:15:00+00:00,1.1284419832882138,1.004947777050385
2026-08-07T20:20:00+00:00,1.1284419832882138,1.004947777050385
2026-08-07T20:25:00+00:00,1.1284419832882138,1.0052806881956093
2026-08-07T20:30:00+00:00,1.1284419832882138,1.0051418372718255
2026-08-07T20:35:00+00:00,1.1284419832882138,1.005701544808754
2026-08-07T20:40:00+00:00,1.1284419832882138,1.004946265488321
2026-08-07T20:45:00+00:00,1.1284419832882138,1.005279176132807
2026-08-07T20:50:00+00:00,1.1284419832882138,1.0052143791325037
2026-08-07T20:55:00+00:00,1.1284419832882138,1.0049090356177972
2026-08-07T21:00:00+00:00,1.1284419832882138,1.0047795846930765
2026-08-07T21:05:00+00:00,1.1284419832882138,1.0052324878800543
2026-08-07T21:10:00+00:00,1.1284419832882138,1.0047512054072638
2026-08-07T21:15:00+00:00,1.1284419832882138,1.0052780080150991
2026-08-07T21:20:00+00:00,1.1284419832882138,1.0055557091222858
2026-08-07T21:25:00+00:00,1.1284419832882138,1.0053055708861858
2026-08-07T21:30:00+00:00,1.1284419832882138,1.0051324562189337
2026-08-07T21:35:00+00:00,1.1284419832882138,1.0051481857886124
2026-08-07T21:40:00+00:00,1.1284419832882138,1.005082135410644
2026-08-07T21:45:00+00:00,1.1284419832882138,1.0052776153787635
2026-08-07T21:50:00+00:00,1.1284419832882138,1.0052776153787635
2026-08-07T21:55:00+00:00,1.1284419832882138,1.005185048379189
2026-08-07T22:00:00+00:00,1.1284419832882138,1.0053701312457661
2026-08-07T22:05:00+00:00,1.1284419832882138,1.0052312423899117
2026-08-07T22:10:00+00:00,1.1284419832882138,1.0052312423899117
2026-08-07T22:15:00+00:00,1.1284419832882138,1.0052312423899117
2026-08-07T22:20:00+00:00,1.1284419832882138,1.0051757098657026
2026-08-07T22:25:00+00:00,1.1284419832882138,1.005413072066344
2026-08-07T22:30:00+00:00,1.1284419832882138,1.0051978507238444
2026-08-07T22:35:00+00:00,1.1284419832882138,1.0050921642977284
2026-08-07T22:40:00+00:00,1.1284419832882138,1.0051578253371727
2026-08-07T22:45:00+00:00,1.1284419832882138,1.0051786454840164
2026-08-07T22:50:00+00:00,1.1284419832882138,1.0048862199174167
2026-08-07T22:55:00+00:00,1.1284419832882138,1.0052066828756336
2026-08-07T23:00:00+00:00,1.1284419832882138,1.0052121431800118
2026-08-07T23:05:00+00:00,1.1284419832882138,1.0052121431800118
2026-08-07T23:10:00+00:00,1.1284419832882138,1.0050362948913487
2026-08-07T23:15:00+00:00,1.1284419832882138,1.0050362948913487
2026-08-07T23:20:00+00:00,1.1284419832882138,1.0050686700619127
2026-08-07T23:25:00+00:00,1.1284419832882138,1.0050686700619127
2026-08-07T23:30:00+00:00,1.1284419832882138,1.004923615280316
2026-08-07T23:35:00+00:00,1.1284419832882138,1.0048605511598743
2026-08-07T23:40:00+00:00,1.1284419832882138,1.0048143251707695
2026-08-07T23:45:00+00:00,1.1284419832882138,1.0043891047571738
2026-08-07T23:50:00+00:00,1.1284419832882138,1.0036881040887036
2026-08-07T23:55:00+00:00,1.1284419832882138,1.004581109788422
2026-08-08T00:00:00+00:00,1.1284419832882138,1.0034265112329053
2026-08-10T08:05:00+00:00,1.1284419832882138,1.005019013838669
2026-08-10T08:10:00+00:00,1.1284419832882138,1.005019013838669
2026-08-10T08:15:00+00:00,1.1284419832882138,1.005019013838669
2026-08-10T08:20:00+00:00,1.1284419832882138,1.005019013838669
2026-08-10T08:25:00+00:00,1.1284419832882138,1.005019013838669
2026-08-10T08:30:00+00:00,1.1284419832882138,1.005019013838669
2026-08-10T08:35:00+00:00,1.1284419832882138,1.005019013838669
2026-08-10T08:40:00+00:00,1.1284419832882138,1.005019013838669
2026-08-10T08:45:00+00:00,1.1284419832882138,1.005019013838669
2026-08-10T08:50:00+00:00,1.1284419832882138,1.005019013838669
2026-08-10T08:55:00+00:00,1.1284419832882138,1.005019013838669
2026-08-10T09:00:00+00:00,1.1284419832882138,1.005019013838669
2026-08-10T09:05:00+00:00,1.1284419832882138,1.005019013838669
2026-08-10T09:10:00+00:00,1.1284419832882138,1.005019013838669
2026-08-10T09:15:00+00:00,1.1284419832882138,1.005019013838669
2026-08-10T09:20:00+00:00,1.1284419832882138,1.005019013838669
2026-08-10T09:25:00+00:00,1.1284419832882138,1.005019013838669
2026-08-10T09:30:00+00:00,1.1284419832882138,1.005019013838669
2026-08-10T09:35:00+00:00,1.1284419832882138,1.005019013838669
2026-08-10T09:40:00+00:00,1.1284419832882138,1.005019013838669
2026-08-10T09:45:00+00:00,1.1284419832882138,1.005019013838669
2026-08-10T09:50:00+00:00,1.1284419832882138,1.005019013838669
2026-08-10T09:55:00+00:00,1.1284419832882138,1.005019013838669
2026-08-10T10:00:00+00:00,1.1284419832882138,1.005019013838669
2026-08-10T10:05:00+00:00,1.1284419832882138,1.005019013838669
2026-08-10T10:10:00+00:00,1.1284419832882138,1.005019013838669
2026-08-10T10:15:00+00:00,1.1284419832882138,1.005019013838669
2026-08-10T10:20:00+00:00,1.1284419832882138,1.005019013838669
2026-08-10T10:25:00+00:00,1.1284419832882138,1.005019013838669
2026-08-10T10:30:00+00:00,1.1284419832882138,1.005019013838669
2026-08-10T10:35:00+00:00,1.1284419832882138,1.005019013838669
2026-08-10T10:40:00+00:00,1.1284419832882138,1.005019013838669
2026-08-10T10:45:00+00:00,1.1284419832882138,1.005019013838669
2026-08-10T10:50:00+00:00,1.1284419832882138,1.005019013838669
2026-08-10T10:55:00+00:00,1.1284419832882138,1.005019013838669
2026-08-10T11:00:00+00:00,1.1284419832882138,1.005019013838669
2026-08-10T11:05:00+00:00,1.1284419832882138,1.005019013838669
2026-08-10T11:10:00+00:00,1.1284419832882138,1.005019013838669
2026-08-10T11:15:00+00:00,1.1284419832882138,1.005019013838669
2026-08-10T11:20:00+00:00,1.1284419832882138,1.005019013838669
2026-08-10T11:25:00+00:00,1.1284419832882138,1.005019013838669
2026-08-10T11:30:00+00:00,1.1284419832882138,1.005019013838669
2026-08-10T11:35:00+00:00,1.1284419832882138,1.005019013838669
2026-08-10T11:40:00+00:00,1.1284419832882138,1.005019013838669
2026-08-10T11:45:00+00:00,1.1284419832882138,1.005019013838669
2026-08-10T11:50:00+00:00,1.1284419832882138,1.005019013838669
2026-08-10T11:55:00+00:00,1.1284419832882138,1.005019013838669
2026-08-10T12:00:00+00:00,1.1284419832882138,1.005019013838669
2026-08-10T12:05:00+00:00,1.1284419832882138,1.005019013838669
2026-08-10T12:10:00+00:00,1.1284419832882138,1.005019013838669
2026-08-10T12:15:00+00:00,1.1284419832882138,1.005019013838669
2026-08-10T12:20:00+00:00,1.1284419832882138,1.005019013838669
2026-08-10T12:25:00+00:00,1.1284419832882138,1.005019013838669
2026-08-10T12:30:00+00:00,1.1284419832882138,1.005019013838669
2026-08-10T12:35:00+00:00,1.1284419832882138,1.005019013838669
2026-08-10T12:40:00+00:00,1.1284419832882138,1.005019013838669
2026-08-10T12:45:00+00:00,1.1284419832882138,1.005019013838669
2026-08-10T12:50:00+00:00,1.1284419832882138,1.005019013838669
2026-08-10T12:55:00+00:00,1.1284419832882138,1.005019013838669
2026-08-10T13:00:00+00:00,1.1284419832882138,1.005019013838669
2026-08-10T13:05:00+00:00,1.1284419832882138,1.005019013838669
2026-08-10T13:10:00+00:00,1.1284419832882138,1.005019013838669
2026-08-10T13:15:00+00:00,1.1284419832882138,1.005019013838669
2026-08-10T13:20:00+00:00,1.1284419832882138,1.005019013838669
2026-08-10T13:25:00+00:00,1.1284419832882138,1.005019013838669
2026-08-10T13:30:00+00:00,1.1284419832882138,1.005019013838669
2026-08-10T13:35:00+00:00,1.1284419832882138,1.005019013838669
2026-08-10T13:40:00+00:00,1.1284419832882138,1.005019013838669
2026-08-10T13:45:00+00:00,1.1284419832882138,1.005019013838669
2026-08-10T13:50:00+00:00,1.1284419832882138,1.005019013838669
2026-08-10T13:55:00+00:00,1.1284419832882138,1.005019013838669
2026-08-10T14:00:00+00:00,1.1284419832882138,1.005019013838669
2026-08-10T14:05:00+00:00,1.1284419832882138,1.005019013838669
2026-08-10T14:10:00+00:00,1.1284419832882138,1.005019013838669
2026-08-10T14:15:00+00:00,1.1284419832882138,1.005019013838669
2026-08-10T14:20:00+00:00,1.1284419832882138,1.005019013838669
2026-08-10T14:25:00+00:00,1.1284419832882138,1.005019013838669
2026-08-10T14:30:00+00:00,1.1284419832882138,1.005019013838669
2026-08-10T14:35:00+00:00,1.1284419832882138,1.005019013838669
2026-08-10T14:40:00+00:00,1.1284419832882138,1.005019013838669
2026-08-10T14:45:00+00:00,1.1284419832882138,1.005019013838669
2026-08-10T14:50:00+00:00,1.1284419832882138,1.005019013838669
2026-08-10T14:55:00+00:00,1.1284419832882138,1.005019013838669
2026-08-10T15:00:00+00:00,1.1284419832882138,1.005019013838669
2026-08-10T15:05:00+00:00,1.1284419832882138,1.005019013838669
2026-08-10T15:10:00+00:00,1.1284419832882138,1.005019013838669
2026-08-10T15:15:00+00:00,1.1284419832882138,1.005019013838669
2026-08-10T15:20:00+00:00,1.1284419832882138,1.005019013838669
2026-08-10T15:25:00+00:00,1.1284419832882138,1.005019013838669
2026-08-10T15:30:00+00:00,1.1284419832882138,1.005019013838669
2026-08-10T15:35:00+00:00,1.1284419832882138,1.005019013838669
2026-08-10T15:40:00+00:00,1.1284419832882138,1.005019013838669
2026-08-10T15:45:00+00:00,1.1284419832882138,1.005019013838669
2026-08-10T15:50:00+00:00,1.1284419832882138,1.005019013838669
2026-08-10T15:55:00+00:00,1.1284419832882138,1.005019013838669
2026-08-10T16:00:00+00:00,1.1284419832882138,1.005019013838669
2026-08-10T16:05:00+00:00,1.1284419832882138,1.005019013838669
2026-08-10T16:10:00+00:00,1.1284419832882138,1.005019013838669
2026-08-10T16:15:00+00:00,1.1284419832882138,1.005019013838669
2026-08-10T16:20:00+00:00,1.1284419832882138,1.005019013838669
2026-08-10T16:25:00+00:00,1.1284419832882138,1.005019013838669
2026-08-10T16:30:00+00:00,1.1284419832882138,1.005019013838669
2026-08-10T16:35:00+00:00,1.1284419832882138,1.005019013838669
2026-08-10T16:40:00+00:00,1.1284419832882138,1.005019013838669
2026-08-10T16:45:00+00:00,1.1284419832882138,1.005019013838669
2026-08-10T16:50:00+00:00,1.1284419832882138,1.005019013838669
2026-08-10T16:55:00+00:00,1.1284419832882138,1.005019013838669
2026-08-10T17:00:00+00:00,1.1284419832882138,1.005019013838669
2026-08-10T17:05:00+00:00,1.1284419832882138,1.005019013838669
2026-08-10T17:10:00+00:00,1.1284419832882138,1.005019013838669
2026-08-10T17:15:00+00:00,1.1284419832882138,1.005019013838669
2026-08-10T17:20:00+00:00,1.1284419832882138,1.005019013838669
2026-08-10T17:25:00+00:00,1.1284419832882138,1.005019013838669
2026-08-10T17:30:00+00:00,1.1284419832882138,1.005019013838669
2026-08-10T17:35:00+00:00,1.1284419832882138,1.005019013838669
2026-08-10T17:40:00+00:00,1.1284419832882138,1.005019013838669
2026-08-10T17:45:00+00:00,1.1284419832882138,1.005019013838669
2026-08-10T17:50:00+00:00,1.1284419832882138,1.005019013838669
2026-08-10T17:55:00+00:00,1.1284419832882138,1.005019013838669
2026-08-10T18:00:00+00:00,1.1284419832882138,1.005019013838669
2026-08-10T18:05:00+00:00,1.1284419832882138,1.005019013838669
2026-08-10T18:10:00+00:00,1.1284419832882138,1.005019013838669
2026-08-10T18:15:00+00:00,1.1284419832882138,1.005019013838669
2026-08-10T18:20:00+00:00,1.1284419832882138,1.005019013838669
2026-08-10T18:25:00+00:00,1.1284419832882138,1.005019013838669
2026-08-10T18:30:00+00:00,1.1284419832882138,1.005019013838669
2026-08-10T18:35:00+00:00,1.1284419832882138,1.005019013838669
2026-08-10T18:40:00+00:00,1.1284419832882138,1.005019013838669
2026-08-10T18:45:00+00:00,1.1284419832882138,1.005019013838669
2026-08-10T18:50:00+00:00,1.1284419832882138,1.005019013838669
2026-08-10T18:55:00+00:00,1.1284419832882138,1.005019013838669
2026-08-10T19:00:00+00:00,1.1284419832882138,1.005019013838669
2026-08-10T19:05:00+00:00,1.1284419832882138,1.005019013838669
2026-08-10T19:10:00+00:00,1.1284419832882138,1.005019013838669
2026-08-10T19:15:00+00:00,1.1284419832882138,1.005019013838669
2026-08-10T19:20:00+00:00,1.1284419832882138,1.005019013838669
2026-08-10T19:25:00+00:00,1.1284419832882138,1.005019013838669
2026-08-10T19:30:00+00:00,1.1284419832882138,1.005019013838669
2026-08-10T19:35:00+00:00,1.1284419832882138,1.005019013838669
2026-08-10T19:40:00+00:00,1.1284419832882138,1.005019013838669
2026-08-10T19:45:00+00:00,1.1284419832882138,1.005019013838669
2026-08-10T19:50:00+00:00,1.1284419832882138,1.005019013838669
2026-08-10T19:55:00+00:00,1.1284419832882138,1.005019013838669
2026-08-10T20:00:00+00:00,1.1284419832882138,1.005019013838669
2026-08-10T20:05:00+00:00,1.1284419832882138,1.005019013838669
2026-08-10T20:10:00+00:00,1.1284419832882138,1.005019013838669
2026-08-10T20:15:00+00:00,1.1284419832882138,1.005019013838669
2026-08-10T20:20:00+00:00,1.1284419832882138,1.005019013838669
2026-08-10T20:25:00+00:00,1.1284419832882138,1.005019013838669
2026-08-10T20:30:00+00:00,1.1284419832882138,1.005019013838669
2026-08-10T20:35:00+00:00,1.1284419832882138,1.005019013838669
2026-08-10T20:40:00+00:00,1.1284419832882138,1.005019013838669
2026-08-10T20:45:00+00:00,1.1284419832882138,1.005019013838669
2026-08-10T20:50:00+00:00,1.1284419832882138,1.005019013838669
2026-08-10T20:55:00+00:00,1.1284419832882138,1.005019013838669
2026-08-10T21:00:00+00:00,1.1284419832882138,1.005019013838669
2026-08-10T21:05:00+00:00,1.1284419832882138,1.005019013838669
2026-08-10T21:10:00+00:00,1.1284419832882138,1.005019013838669
2026-08-10T21:15:00+00:00,1.1284419832882138,1.005019013838669
2026-08-10T21:20:00+00:00,1.1284419832882138,1.005019013838669
2026-08-10T21:25:00+00:00,1.1284419832882138,1.005019013838669
2026-08-10T21:30:00+00:00,1.1284419832882138,1.005019013838669
2026-08-10T21:35:00+00:00,1.1284419832882138,1.005019013838669
2026-08-10T21:40:00+00:00,1.1284419832882138,1.005019013838669
2026-08-10T21:45:00+00:00,1.1284419832882138,1.005019013838669
2026-08-10T21:50:00+00:00,1.1284419832882138,1.005019013838669
2026-08-10T21:55:00+00:00,1.1284419832882138,1.005019013838669
2026-08-10T22:00:00+00:00,1.1284419832882138,1.005019013838669
2026-08-10T22:05:00+00:00,1.1284419832882138,1.005019013838669
2026-08-10T22:10:00+00:00,1.1284419832882138,1.005019013838669
2026-08-10T22:15:00+00:00,1.1284419832882138,1.005019013838669
2026-08-10T22:20:00+00:00,1.1284419832882138,1.005019013838669
2026-08-10T22:25:00+00:00,1.1284419832882138,1.005019013838669
2026-08-10T22:30:00+00:00,1.1284419832882138,1.005019013838669
2026-08-10T22:35:00+00:00,1.1284419832882138,1.005019013838669
2026-08-10T22:40:00+00:00,1.1284419832882138,1.005019013838669
2026-08-10T22:45:00+00:00,1.1284419832882138,1.005019013838669
2026-08-10T22:50:00+00:00,1.1284419832882138,1.005019013838669
2026-08-10T22:55:00+00:00,1.1284419832882138,1.005019013838669
2026-08-10T23:00:00+00:00,1.1284419832882138,1.005019013838669
2026-08-10T23:05:00+00:00,1.1284419832882138,1.005019013838669
2026-08-10T23:10:00+00:00,1.1284419832882138,1.005019013838669
2026-08-10T23:15:00+00:00,1.1284419832882138,1.005019013838669
2026-08-10T23:20:00+00:00,1.1284419832882138,1.005019013838669
2026-08-10T23:25:00+00:00,1.1284419832882138,1.005019013838669
2026-08-10T23:30:00+00:00,1.1284419832882138,1.005019013838669
2026-08-10T23:35:00+00:00,1.1284419832882138,1.005019013838669
2026-08-10T23:40:00+00:00,1.1284419832882138,1.005019013838669
2026-08-10T23:45:00+00:00,1.1284419832882138,1.005019013838669
2026-08-10T23:50:00+00:00,1.1284419832882138,1.005019013838669
2026-08-10T23:55:00+00:00,1.1284419832882138,1.005019013838669
2026-08-11T00:00:00+00:00,1.1284419832882138,1.005019013838669
2026-08-11T08:05:00+00:00,1.1284419832882138,1.005019013838669
2026-08-11T08:10:00+00:00,1.1284419832882138,1.005019013838669
2026-08-11T08:15:00+00:00,1.1284419832882138,1.005019013838669
2026-08-11T08:20:00+00:00,1.1284419832882138,1.005019013838669
2026-08-11T08:25:00+00:00,1.1284419832882138,1.005019013838669
2026-08-11T08:30:00+00:00,1.1284419832882138,1.005019013838669
2026-08-11T08:35:00+00:00,1.1284419832882138,1.005019013838669
2026-08-11T08:40:00+00:00,1.1284419832882138,1.005019013838669
2026-08-11T08:45:00+00:00,1.1284419832882138,1.005019013838669
2026-08-11T08:50:00+00:00,1.1284419832882138,1.005019013838669
2026-08-11T08:55:00+00:00,1.1284419832882138,1.005019013838669
2026-08-11T09:00:00+00:00,1.1284419832882138,1.005019013838669
2026-08-11T09:05:00+00:00,1.1284419832882138,1.005019013838669
2026-08-11T09:10:00+00:00,1.1284419832882138,1.005019013838669
2026-08-11T09:15:00+00:00,1.1284419832882138,1.005019013838669
2026-08-11T09:20:00+00:00,1.1284419832882138,1.005019013838669
2026-08-11T09:25:00+00:00,1.1284419832882138,1.005019013838669
2026-08-11T09:30:00+00:00,1.1284419832882138,1.005019013838669
2026-08-11T09:35:00+00:00,1.1284419832882138,1.005019013838669
2026-08-11T09:40:00+00:00,1.1284419832882138,1.005019013838669
2026-08-11T09:45:00+00:00,1.1284419832882138,1.005019013838669
2026-08-11T09:50:00+00:00,1.1284419832882138,1.005019013838669
2026-08-11T09:55:00+00:00,1.1284419832882138,1.005019013838669
2026-08-11T10:00:00+00:00,1.1284419832882138,1.005019013838669
2026-08-11T10:05:00+00:00,1.1284419832882138,1.005019013838669
2026-08-11T10:10:00+00:00,1.1284419832882138,1.005019013838669
2026-08-11T10:15:00+00:00,1.1284419832882138,1.005019013838669
2026-08-11T10:20:00+00:00,1.1284419832882138,1.005019013838669
2026-08-11T10:25:00+00:00,1.1284419832882138,1.005019013838669
2026-08-11T10:30:00+00:00,1.1284419832882138,1.005019013838669
2026-08-11T10:35:00+00:00,1.1284419832882138,1.005019013838669
2026-08-11T10:40:00+00:00,1.1284419832882138,1.005019013838669
2026-08-11T10:45:00+00:00,1.1284419832882138,1.005019013838669
2026-08-11T10:50:00+00:00,1.1284419832882138,1.005019013838669
2026-08-11T10:55:00+00:00,1.1284419832882138,1.005019013838669
2026-08-11T11:00:00+00:00,1.1284419832882138,1.005019013838669
2026-08-11T11:05:00+00:00,1.1284419832882138,1.005019013838669
2026-08-11T11:10:00+00:00,1.1284419832882138,1.005019013838669
2026-08-11T11:15:00+00:00,1.1284419832882138,1.005019013838669
2026-08-11T11:20:00+00:00,1.1284419832882138,1.005019013838669
2026-08-11T11:25:00+00:00,1.1284419832882138,1.005019013838669
2026-08-11T11:30:00+00:00,1.1284419832882138,1.005019013838669
2026-08-11T11:35:00+00:00,1.1284419832882138,1.005019013838669
2026-08-11T11:40:00+00:00,1.1284419832882138,1.005019013838669
2026-08-11T11:45:00+00:00,1.1284419832882138,1.005019013838669
2026-08-11T11:50:00+00:00,1.1284419832882138,1.005019013838669
2026-08-11T11:55:00+00:00,1.1284419832882138,1.005019013838669
2026-08-11T12:00:00+00:00,1.1284419832882138,1.005019013838669
2026-08-11T12:05:00+00:00,1.1284419832882138,1.005019013838669
2026-08-11T12:10:00+00:00,1.1284419832882138,1.005019013838669
2026-08-11T12:15:00+00:00,1.1284419832882138,1.005019013838669
2026-08-11T12:20:00+00:00,1.1284419832882138,1.005019013838669
2026-08-11T12:25:00+00:00,1.1284419832882138,1.005019013838669
2026-08-11T12:30:00+00:00,1.1284419832882138,1.005019013838669
2026-08-11T12:35:00+00:00,1.1284419832882138,1.005019013838669
2026-08-11T12:40:00+00:00,1.1284419832882138,1.005019013838669
2026-08-11T12:45:00+00:00,1.1284419832882138,1.005019013838669
2026-08-11T12:50:00+00:00,1.1284419832882138,1.005019013838669
2026-08-11T12:55:00+00:00,1.1284419832882138,1.005019013838669
2026-08-11T13:00:00+00:00,1.1284419832882138,1.005019013838669
2026-08-11T13:05:00+00:00,1.1284419832882138,1.005019013838669
2026-08-11T13:10:00+00:00,1.1284419832882138,1.005019013838669
2026-08-11T13:15:00+00:00,1.1284419832882138,1.005019013838669
2026-08-11T13:20:00+00:00,1.1284419832882138,1.005019013838669
2026-08-11T13:25:00+00:00,1.1284419832882138,1.005019013838669
2026-08-11T13:30:00+00:00,1.1284419832882138,1.005019013838669
2026-08-11T13:35:00+00:00,1.1284419832882138,1.005019013838669
2026-08-11T13:40:00+00:00,1.1284419832882138,1.005019013838669
2026-08-11T13:45:00+00:00,1.1284419832882138,1.005019013838669
2026-08-11T13:50:00+00:00,1.1284419832882138,1.005019013838669
2026-08-11T13:55:00+00:00,1.1284419832882138,1.005019013838669
2026-08-11T14:00:00+00:00,1.1284419832882138,1.005019013838669
2026-08-11T14:05:00+00:00,1.1284419832882138,1.005019013838669
2026-08-11T14:10:00+00:00,1.1284419832882138,1.005019013838669
2026-08-11T14:15:00+00:00,1.1284419832882138,1.005019013838669
2026-08-11T14:20:00+00:00,1.1284419832882138,1.005019013838669
2026-08-11T14:25:00+00:00,1.1284419832882138,1.005019013838669
2026-08-11T14:30:00+00:00,1.1284419832882138,1.005019013838669
2026-08-11T14:35:00+00:00,1.1284419832882138,1.005019013838669
2026-08-11T14:40:00+00:00,1.1284419832882138,1.005019013838669
2026-08-11T14:45:00+00:00,1.1284419832882138,1.005019013838669
2026-08-11T14:50:00+00:00,1.1284419832882138,1.0060744203024357
2026-08-11T14:55:00+00:00,1.1284419832882138,1.0065054882200886
2026-08-11T15:00:00+00:00,1.1284419832882138,1.0056623517611598
2026-08-11T15:05:00+00:00,1.1284419832882138,1.006679555702911
2026-08-11T15:10:00+00:00,1.1284419832882138,1.0047314671268475
2026-08-11T15:15:00+00:00,1.1284419832882138,1.0049848867770093
2026-08-11T15:20:00+00:00,1.1284419832882138,1.0044501093253606
2026-08-11T15:25:00+00:00,1.1284419832882138,1.00361000537397
2026-08-11T15:30:00+00:00,1.1284419832882138,1.0040703514307334
2026-08-11T15:35:00+00:00,1.1284419832882138,1.0035257175122858
2026-08-11T15:40:00+00:00,1.1284419832882138,1.0037793786046245
2026-08-11T15:45:00+00:00,1.1284419832882138,1.0045590661288781
2026-08-11T15:50:00+00:00,1.1284419832882138,1.0036485984598127
2026-08-11T15:55:00+00:00,1.1284419832882138,1.0034701069085497
2026-08-11T16:00:00+00:00,1.1284419832882138,1.0030472885522987
2026-08-11T16:05:00+00:00,1.1284419832882138,1.002840492209439
2026-08-11T16:10:00+00:00,1.1284419832882138,1.003395204318776
2026-08-11T16:15:00+00:00,1.1284419832882138,1.0026199754447769
2026-08-11T16:20:00+00:00,1.1284419832882138,1.0027633808153202
2026-08-11T16:25:00+00:00,1.1284419832882138,1.0027704327624885
2026-08-11T16:30:00+00:00,1.1284419832882138,1.0026905105953103
2026-08-11T16:35:00+00:00,1.1278282318293282,1.002163917413286
2026-08-11T16:40:00+00:00,1.129067033486532,1.0032646899304518
2026-08-11T16:45:00+00:00,1.128041118601879,1.0023530840221044
2026-08-11T16:50:00+00:00,1.1275118128015675,1.0018827542685307
2026-08-11T16:55:00+00:00,1.1276071293008747,1.0019674504604188
2026-08-11T17:00:00+00:00,1.127225912633925,1.001628709526692
2026-08-11T17:05:00+00:00,1.1262513269437602,1.00076271363694
2026-08-11T17:10:00+00:00,1.1265694286126628,1.0010453719404353
2026-08-11T17:15:00+00:00,1.1254352275729171,1.000037545282929
2026-08-11T17:20:00+00:00,1.1262736557483077,1.0007825545325701
2026-08-11T17:25:00+00:00,1.12595558710153,1.000499925571825
2026-08-11T17:30:00+00:00,1.1259980116543893,1.000537623117327
2026-08-11T17:35:00+00:00,1.126178294677591,1.0006978187354858
2026-08-11T17:40:00+00:00,1.126146485924658,1.0006695541615485
2026-08-11T17:45:00+00:00,1.1264221878412175,1.0009145369567474
2026-08-11T17:50:00+00:00,1.1266766316252632,1.0011406302324648
2026-08-11T17:55:00+00:00,1.1273443237044556,1.0017339270580141
2026-08-11T18:00:00+00:00,1.1270477207492005,1.0014703720492228
2026-08-11T18:05:00+00:00,1.1274662746149287,1.001842290014999
2026-08-11T18:10:00+00:00,1.1267513382148797,1.0012070129017347
2026-08-11T18:15:00+00:00,1.1271434730040994,1.0015554554441608
2026-08-11T18:20:00+00:00,1.1270481229593863,1.0014707294445462
2026-08-11T18:25:00+00:00,1.1265819234612229,1.001056474594215
2026-08-11T18:30:00+00:00,1.1257445526058654,1.000312404856422
2026-08-11T18:35:00+00:00,1.1262961213954423,1.0008025170235815
2026-08-11T18:40:00+00:00,1.1265081672225985,1.0009909363864034
2026-08-11T18:45:00+00:00,1.1259356998649326,1.0004822542009795
2026-08-11T18:50:00+00:00,1.1272083696400794,1.0016131211995523
2026-08-11T18:55:00+00:00,1.1273354930521295,1.0017260803302246
2026-08-11T19:00:00+00:00,1.1267316947395625,1.001189558131921
2026-08-11T19:05:00+00:00,1.1268535727642723,1.0012978563241834
2026-08-11T19:10:00+00:00,1.125958109117321,1.0005021665808311
2026-08-11T19:15:00+00:00,1.126838377028486,1.0012843537200868
2026-08-11T19:20:00+00:00,1.127172193836939,1.0015809761586962
2026-08-11T19:25:00+00:00,1.1272569466380071,1.0016562856754587
2026-08-11T19:30:00+00:00,1.1278872584115147,1.002216367165089
2026-08-11T19:35:00+00:00,1.1285225089090711,1.002780837098722
2026-08-11T19:40:00+00:00,1.1291626927983258,1.003349690738145
2026-08-11T19:45:00+00:00,1.1280892943637233,1.0023958919682545
2026-08-11T19:50:00+00:00,1.12840686958646,1.0026780824830057
2026-08-11T19:55:00+00:00,1.1297507828566888,1.003872254919505
2026-08-11T20:00:00+00:00,1.1295288033641164,1.0036750087151773
2026-08-11T20:05:00+00:00,1.1291124719875114,1.0033050656054505
2026-08-11T20:10:00+00:00,1.130248128497702,1.0043141855627
2026-08-11T20:15:00+00:00,1.1301636050061898,1.0042390798054788
2026-08-11T20:20:00+00:00,1.1303749295396615,1.004426858242241
2026-08-11T20:25:00+00:00,1.1312200696738968,1.005177831594198
2026-08-11T20:30:00+00:00,1.131082833973488,1.005055886901514
2026-08-11T20:35:00+00:00,1.1307449893052486,1.0047556853933015
2026-08-11T20:40:00+00:00,1.130676344097156,1.0046946887373283
2026-08-11T20:45:00+00:00,1.1308400405308845,1.004840145868709
2026-08-11T20:50:00+00:00,1.130840040629496,1.0048401459563332
2026-08-11T20:55:00+00:00,1.1306710820099488,1.004690012959776
2026-08-11T21:00:00+00:00,1.130269745315916,1.004333393802583
2026-08-11T21:05:00+00:00,1.1304810501851095,1.0045211547660906
2026-08-11T21:10:00+00:00,1.1311148463261216,1.0050843323897682
2026-08-11T21:15:00+00:00,1.1305764213012697,1.00460589948934
2026-08-11T21:20:00+00:00,1.1305764213012697,1.00460589948934
2026-08-11T21:25:00+00:00,1.1305764213012697,1.00460589948934
2026-08-11T21:30:00+00:00,1.130375736011889,1.0044275748561229
2026-08-11T21:35:00+00:00,1.1301644508275877,1.0042398313841872
2026-08-11T21:40:00+00:00,1.130661063852914,1.0046811110408351
2026-08-11T21:45:00+00:00,1.1301646688559863,1.0042400251195345
2026-08-11T21:50:00+00:00,1.1300378740165484,1.0041273579514207
2026-08-11T21:55:00+00:00,1.1299004975262905,1.004005288155904
2026-08-11T22:00:00+00:00,1.1299004975262905,1.004005288155904
2026-08-11T22:05:00+00:00,1.1297422336037855,1.0038646582371924
2026-08-11T22:10:00+00:00,1.1301505601614588,1.0042274884369278
2026-08-11T22:15:00+00:00,1.1295067509087664,1.0036554133775026
2026-08-11T22:20:00+00:00,1.130472011172293,1.0045131228936495
2026-08-11T22:25:00+00:00,1.130472011172293,1.0045131228936495
2026-08-11T22:30:00+00:00,1.1300177857477811,1.004109507947711
2026-08-11T22:35:00+00:00,1.1296584863358614,1.0037902422155613
2026-08-11T22:40:00+00:00,1.1306098756135434,1.0046356262719263
2026-08-11T22:45:00+00:00,1.1301150410345617,1.004195926904462
2026-08-11T22:50:00+00:00,1.1304304555168876,1.0044761974317424
2026-08-11T22:55:00+00:00,1.1308107517172297,1.004814120458633
2026-08-11T23:00:00+00:00,1.1304939447603974,1.0045326126084457
2026-08-11T23:05:00+00:00,1.1303777496473144,1.0044293641292668
2026-08-11T23:10:00+00:00,1.1303777496473144,1.0044293641292668
2026-08-11T23:15:00+00:00,1.1303777496473144,1.0044293641292668
2026-08-11T23:20:00+00:00,1.1305256495397915,1.0045607847937323
2026-08-11T23:25:00+00:00,1.1308108477359418,1.0048142057787963
2026-08-11T23:30:00+00:00,1.1308002875031506,1.0048048221829933
2026-08-11T23:35:00+00:00,1.1308002875031506,1.0048048221829933
2026-08-11T23:40:00+00:00,1.1307897271717395,1.0047954384995585
2026-08-11T23:45:00+00:00,1.130599639431129,1.004626530620321
2026-08-11T23:50:00+00:00,1.1308003213424274,1.0048048522518467
2026-08-11T23:55:00+00:00,1.1306524781775342,1.0046734819942926
2026-08-12T00:00:00+00:00,1.1313812363604197,1.0053210408466038
2026-08-12T08:05:00+00:00,1.138266304341261,1.011438964218805
2026-08-12T08:10:00+00:00,1.1381928650980595,1.0113737076863105
2026-08-12T08:15:00+00:00,1.1381299131134852,1.0113177699063458
2026-08-12T08:20:00+00:00,1.1388119306699742,1.0119237960430094
2026-08-12T08:25:00+00:00,1.1393467318528856,1.0123990088754053
2026-08-12T08:30:00+00:00,1.1390322905182682,1.012119603066255
2026-08-12T08:35:00+00:00,1.1382983914706044,1.0114674761520352
2026-08-12T08:40:00+00:00,1.1382594697269282,1.0114328911274595
2026-08-12T08:45:00+00:00,1.1380780735112686,1.011271706350417
2026-08-12T08:50:00+00:00,1.13823546951996,1.011411565059575
2026-08-12T08:55:00+00:00,1.1387705419593142,1.0118870189246136
2026-08-12T09:00:00+00:00,1.1387915153374997,1.0119056554175214
2026-08-12T09:05:00+00:00,1.1392738941516873,1.0123342868602008
2026-08-12T09:10:00+00:00,1.1398608893864186,1.0128558782048218
2026-08-12T09:15:00+00:00,1.1400913759633167,1.0130606836213707
2026-08-12T09:20:00+00:00,1.1397142626911176,1.012725588875992
2026-08-12T09:25:00+00:00,1.140489635539269,1.0134145685175984
2026-08-12T09:30:00+00:00,1.140489635539269,1.0134145685175984
2026-08-12T09:35:00+00:00,1.140070799830294,1.013042400111973
2026-08-12T09:40:00+00:00,1.14067833480264,1.0135822426258143
2026-08-12T09:45:00+00:00,1.14067833480264,1.0135822426258143
2026-08-12T09:50:00+00:00,1.1398615957683065,1.0128565058805794
2026-08-12T09:55:00+00:00,1.140364471358403,1.0133033503176312
2026-08-12T10:00:00+00:00,1.1401655023884147,1.0131265507689238
2026-08-12T10:05:00+00:00,1.140385453843982,1.0133219949031733
2026-08-12T10:10:00+00:00,1.140385453843982,1.0133219949031733
2026-08-12T10:15:00+00:00,1.1406891377573105,1.0135918418990613
2026-08-12T10:20:00+00:00,1.1406996068292259,1.0136011444912703
2026-08-12T10:25:00+00:00,1.1407833586358946,1.0136755645459317
2026-08-12T10:30:00+00:00,1.1405949309045094,1.0135081317152
2026-08-12T10:35:00+00:00,1.140437889157027,1.0133685877949354
2026-08-12T10:40:00+00:00,1.139882906068924,1.0128754417555164
2026-08-12T10:45:00+00:00,1.1408991246076603,1.0137784316993628
2026-08-12T10:50:00+00:00,1.1395279271056546,1.012560015081144
2026-08-12T10:55:00+00:00,1.139622245007214,1.0126438239405442
2026-08-12T11:00:00+00:00,1.1392450046223062,1.0123086162455457
2026-08-12T11:05:00+00:00,1.1398634644893744,1.0128581663859413
2026-08-12T11:10:00+00:00,1.14000489975381,1.0129838427209248
2026-08-12T11:15:00+00:00,1.1394339378913867,1.0124764982862038
2026-08-12T11:20:00+00:00,1.1387527375225042,1.011871198284877
2026-08-12T11:25:00+00:00,1.1391617270679728,1.0122346176013124
2026-08-12T11:30:00+00:00,1.139077861886439,1.0121600968041835
2026-08-12T11:35:00+00:00,1.1398641558546072,1.0128587807182223
2026-08-12T11:40:00+00:00,1.1402937002515745,1.0132404646337505
2026-08-12T11:45:00+00:00,1.1404507914650328,1.0133800525084176
2026-08-12T11:50:00+00:00,1.140607861042967,1.0135196211582231
2026-08-12T11:55:00+00:00,1.1412779323020477,1.0141150320718664
2026-08-12T12:00:00+00:00,1.1414976704204884,1.0143102866393323
2026-08-12T12:05:00+00:00,1.141748751365665,1.0145333917687347
2026-08-12T12:10:00+00:00,1.1412048622572826,1.0140501036011644
2026-08-12T12:15:00+00:00,1.1409746456073995,1.0138455380359574
2026-08-12T12:20:00+00:00,1.141330506778194,1.0141617486209684
2026-08-12T12:25:00+00:00,1.1417594997262863,1.0145429425308827
2026-08-12T12:30:00+00:00,1.143840902965926,1.0163924326974578
2026-08-12T12:35:00+00:00,1.1457410402819155,1.0180808538616686
2026-08-12T12:40:00+00:00,1.1467208050083308,1.0189514517316787
2026-08-12T12:45:00+00:00,1.1468469210483114,1.0190635157331893
2026-08-12T12:50:00+00:00,1.146662819455174,1.0188999270158885
2026-08-12T12:55:00+00:00,1.147595654907784,1.0197288245422196
2026-08-12T13:00:00+00:00,1.1478142891939853,1.019923098268091
2026-08-12T13:05:00+00:00,1.1477864058860772,1.0198983217602016
2026-08-12T13:10:00+00:00,1.147699840677991,1.0198214017775313
2026-08-12T13:15:00+00:00,1.1476894354210492,1.0198121558899358
2026-08-12T13:20:00+00:00,1.1489325627384053,1.020916772095707
2026-08-12T13:25:00+00:00,1.149312259394716,1.0212541623806621
2026-08-12T13:30:00+00:00,1.1496759329240427,1.0215773148594915
2026-08-12T13:35:00+00:00,1.1456664017521174,1.01801453166889
2026-08-12T13:40:00+00:00,1.1450722041354677,1.0174865404425546
2026-08-12T13:45:00+00:00,1.1466470840874534,1.0188859449064573
2026-08-12T13:50:00+00:00,1.149053342257805,1.02102409417977
2026-08-12T13:55:00+00:00,1.1474425001330057,1.0195927345023263
2026-08-12T14:00:00+00:00,1.1477859453251205,1.0198979125156382
2026-08-12T14:05:00+00:00,1.146672693425666,1.0189087008137678
2026-08-12T14:10:00+00:00,1.1480894911099448,1.020167636773507
2026-08-12T14:15:00+00:00,1.1464719370650684,1.0187303130281955
2026-08-12T14:20:00+00:00,1.1468937923238183,1.0191051645408273
2026-08-12T14:25:00+00:00,1.1480809574052087,1.020160053906961
2026-08-12T14:30:00+00:00,1.148132969277983,1.020206270538803
2026-08-12T14:35:00+00:00,1.146198299759855,1.0184871648022473
2026-08-12T14:40:00+00:00,1.147229793929466,1.0194037283432482
2026-08-12T14:45:00+00:00,1.1479428016780162,1.0200372916982585
2026-08-12T14:50:00+00:00,1.1478335676336144,1.0199402286750399
2026-08-12T14:55:00+00:00,1.1452532545980905,1.0176474179908819
2026-08-12T15:00:00+00:00,1.1457954440548443,1.0181291958845593
2026-08-12T15:05:00+00:00,1.1460195501515817,1.0183283317436238
2026-08-12T15:10:00+00:00,1.1471710615252075,1.019351539991627
2026-08-12T15:15:00+00:00,1.1478581183767642,1.019962043937538
2026-08-12T15:20:00+00:00,1.1475876163558607,1.0197216816578165
2026-08-12T15:25:00+00:00,1.1467758943354773,1.0190004029233068
2026-08-12T15:30:00+00:00,1.1476350320574094,1.0197638142307295
2026-08-12T15:35:00+00:00,1.1462927330749908,1.01857107621567
2026-08-12T15:40:00+00:00,1.1455894537063218,1.0179461572898523
2026-08-12T15:45:00+00:00,1.1450056835032114,1.0174274316389884
2026-08-12T15:50:00+00:00,1.1451829939272051,1.0175849858694048
2026-08-12T15:55:00+00:00,1.1453811431750867,1.0177610570306732
2026-08-12T16:00:00+00:00,1.1456522849934745,1.018001987820683
2026-08-12T16:05:00+00:00,1.1465069734620348,1.0187614456172225
2026-08-12T16:10:00+00:00,1.1470329995899227,1.0192288611243967
2026-08-12T16:15:00+00:00,1.1468820418852044,1.0190947233537195
2026-08-12T16:20:00+00:00,1.14632005548454,1.0185953543213366
2026-08-12T16:25:00+00:00,1.1474031516326981,1.0195577702709824
2026-08-12T16:30:00+00:00,1.146651789254776,1.0188901258169736
2026-08-12T16:35:00+00:00,1.1459820262665292,1.018294988826165
2026-08-12T16:40:00+00:00,1.1469356289195682,1.0191423396402826
2026-08-12T16:45:00+00:00,1.1465816046821997,1.018827761314818
2026-08-12T16:50:00+00:00,1.1466753458353556,1.0189110576879874
2026-08-12T16:55:00+00:00,1.1473314935109502,1.0194940964047157
2026-08-12T17:00:00+00:00,1.1473314943609187,1.0194940971599795
2026-08-12T17:05:00+00:00,1.1478831619462238,1.0199842971148987
2026-08-12T17:10:00+00:00,1.1473213945883993,1.0194851227192736
2026-08-12T17:15:00+00:00,1.1473630355859703,1.0195221240143937
2026-08-12T17:20:00+00:00,1.147310998597753,1.0194758850655088
2026-08-12T17:25:00+00:00,1.147560813797211,1.0196978654804805
2026-08-12T17:30:00+00:00,1.1478314108370817,1.0199383121920134
2026-08-12T17:35:00+00:00,1.1478886373493524,1.0199891624403923
2026-08-12T17:40:00+00:00,1.1485388944250245,1.0205669668966828
2026-08-12T17:45:00+00:00,1.1490380154033852,1.0210104750664737
2026-08-12T17:50:00+00:00,1.1492354946194345,1.0211859508518621
2026-08-12T17:55:00+00:00,1.1488302069004002,1.0208258208988035
2026-08-12T18:00:00+00:00,1.1490589016677397,1.0210290341519042
2026-08-12T18:05:00+00:00,1.1479260098831974,1.0200223708704215
2026-08-12T18:10:00+00:00,1.1478583847394916,1.0199622806217303
2026-08-12T18:15:00+00:00,1.1480612613263,1.0201425523947265
2026-08-12T18:20:00+00:00,1.1481340788105274,1.020207256445565
2026-08-12T18:25:00+00:00,1.1486125319839682,1.0206323996482816
2026-08-12T18:30:00+00:00,1.1480406455996914,1.0201242337033198
2026-08-12T18:35:00+00:00,1.1479782332419872,1.0200687754241895
2026-08-12T18:40:00+00:00,1.1479470238581861,1.0200410434367755
2026-08-12T18:45:00+00:00,1.14811348291713,1.0201889553775234
2026-08-12T18:50:00+00:00,1.1477285927859098,1.0198469502824288
2026-08-12T18:55:00+00:00,1.1475881196660063,1.0197221288883898
2026-08-12T19:00:00+00:00,1.1471978567265466,1.019375349631414
2026-08-12T19:05:00+00:00,1.146687737380608,1.0189220685486686
2026-08-12T19:10:00+00:00,1.1466356619838871,1.0188757954708136
2026-08-12T19:15:00+00:00,1.1466721164455753,1.0189081881216637
2026-08-12T19:20:00+00:00,1.1471043808834311,1.019292289007042
2026-08-12T19:25:00+00:00,1.1455634911066004,1.0179230874819603
2026-08-12T19:30:00+00:00,1.1451465140199641,1.0175525706081832
2026-08-12T19:35:00+00:00,1.1444998662845445,1.0169779733340367
2026-08-12T19:40:00+00:00,1.144197241044792,1.016709067052726
2026-08-12T19:45:00+00:00,1.143503234989757,1.0160923881940185
2026-08-12T19:50:00+00:00,1.144615568756015,1.017080784062471
2026-08-12T19:55:00+00:00,1.144010329380957,1.0165429813670224
2026-08-12T20:00:00+00:00,1.142632369278761,1.0153185556476765
2026-08-12T20:05:00+00:00,1.143667116214955,1.0162380095271255
2026-08-12T20:10:00+00:00,1.1427795002098575,1.0154492930295926
2026-08-12T20:15:00+00:00,1.1423102656459854,1.0150323412851296
2026-08-12T20:20:00+00:00,1.1425287741655743,1.0152265032574932
2026-08-12T20:25:00+00:00,1.142392885764043,1.0151057557456238
2026-08-12T20:30:00+00:00,1.1426333323064912,1.0153194113734116
2026-08-12T20:35:00+00:00,1.1426333323064912,1.0153194113734116
2026-08-12T20:40:00+00:00,1.1432500001922423,1.0158673691977382
2026-08-12T20:45:00+00:00,1.142779913843479,1.0154496605755352
2026-08-12T20:50:00+00:00,1.142581351261284,1.0152732221342828
2026-08-12T20:55:00+00:00,1.1429367355369617,1.0155890089605468
2026-08-12T21:00:00+00:00,1.1423306595639733,1.0150504628821646
2026-08-12T21:05:00+00:00,1.1423306595639733,1.0150504628821646
2026-08-12T21:10:00+00:00,1.1428533983706999,1.0155149573464355
2026-08-12T21:15:00+00:00,1.1430310483082688,1.015672813261315
2026-08-12T21:20:00+00:00,1.1435639153027635,1.0161463074154709
2026-08-12T21:25:00+00:00,1.1433341581690954,1.0159421501664925
2026-08-12T21:30:00+00:00,1.1433341581690954,1.0159421501664925
2026-08-12T21:35:00+00:00,1.1426343026235126,1.0153202735762539
2026-08-12T21:40:00+00:00,1.1437317633521442,1.0162954535832562
2026-08-12T21:45:00+00:00,1.1430425921840726,1.0156830709011497
2026-08-12T21:50:00+00:00,1.143627696253198,1.016202981796675
2026-08-12T21:55:00+00:00,1.14356503858849,1.0161473055430152
2026-08-12T22:00:00+00:00,1.14356503858849,1.0161473055430152
2026-08-12T22:05:00+00:00,1.1432412895821316,1.0158596291368798
2026-08-12T22:10:00+00:00,1.1437740597878068,1.0163330372865715
2026-08-12T22:15:00+00:00,1.1430431470236553,1.015683563919673
2026-08-12T22:20:00+00:00,1.1425416290066797,1.0152379257929076
2026-08-12T22:25:00+00:00,1.142437100203616,1.015145043745975
2026-08-12T22:30:00+00:00,1.1426775384498797,1.0153586920019517
2026-08-12T22:35:00+00:00,1.142332634409188,1.0150522176871613
2026-08-12T22:40:00+00:00,1.142406863448069,1.0151181760151153
2026-08-12T22:45:00+00:00,1.1424695881377207,1.0151739118256986
2026-08-12T22:50:00+00:00,1.1424695881377207,1.0151739118256986
2026-08-12T22:55:00+00:00,1.1428239817686707,1.0154888183863573
2026-08-12T23:00:00+00:00,1.1428239821508983,1.0154888187259967
2026-08-12T23:05:00+00:00,1.1432524444789236,1.0158695411383285
2026-08-12T23:10:00+00:00,1.143513604119932,1.0161016019801457
2026-08-12T23:15:00+00:00,1.143983584138065,1.016519216119237
2026-08-12T23:20:00+00:00,1.143983584138065,1.016519216119237
2026-08-12T23:25:00+00:00,1.1440879812528797,1.016611981150823
2026-08-12T23:30:00+00:00,1.1439835936633493,1.0165192245831998
2026-08-12T23:35:00+00:00,1.1436912817394347,1.0162594824925963
2026-08-12T23:40:00+00:00,1.143722612694106,1.0162873225052718
2026-08-12T23:45:00+00:00,1.1442969278926651,1.0167976466423831
2026-08-12T23:50:00+00:00,1.1442029961857056,1.016714180947201
2026-08-12T23:55:00+00:00,1.1436706728126103,1.016241169843332
2026-08-13T00:00:00+00:00,1.1445060787094785,1.0169834935612598
2026-08-13T08:05:00+00:00,1.1426816509940894,1.0153623463203132
2026-08-13T08:10:00+00:00,1.142535327541113,1.015232326446093
2026-08-13T08:15:00+00:00,1.1421067665933986,1.0148515164024259
2026-08-13T08:20:00+00:00,1.1420649388414632,1.0148143491613928
2026-08-13T08:25:00+00:00,1.141981280273625,1.0147400119567516
2026-08-13T08:30:00+00:00,1.1425251008034452,1.0152232391868858
2026-08-13T08:35:00+00:00,1.1425982725848323,1.015288258058563
2026-08-13T08:40:00+00:00,1.1423265090862207,1.015046774856873
2026-08-13T08:45:00+00:00,1.1429433499278314,1.0155948863660578
2026-08-13T08:50:00+00:00,1.1427343641260528,1.0154091860759928
2026-08-13T08:55:00+00:00,1.1439467034916886,1.016486444769836
2026-08-13T09:00:00+00:00,1.1439467034916886,1.016486444769836
2026-08-13T09:05:00+00:00,1.1431950136197195,1.0158185093116585
2026-08-13T09:10:00+00:00,1.1424846171862095,1.0151872663150472
2026-08-13T09:15:00+00:00,1.1414183595374063,1.0142398126938843
2026-08-13T09:20:00+00:00,1.1411216208981747,1.0139761371192288
2026-08-13T09:25:00+00:00,1.1413870387150251,1.014211981684544
2026-08-13T09:30:00+00:00,1.1423182963601513,1.0150394772050693
2026-08-13T09:35:00+00:00,1.1410741459183897,1.0139339518729495
2026-08-13T09:40:00+00:00,1.1420055916282519,1.0147616145037555
2026-08-13T09:45:00+00:00,1.1420055916282519,1.0147616145037555
2026-08-13T09:50:00+00:00,1.142528487961415,1.0152262489426307
2026-08-13T09:55:00+00:00,1.1429571155925662,1.015607118239766
2026-08-13T10:00:00+00:00,1.1430511586164671,1.0156906828487888
2026-08-13T10:05:00+00:00,1.142957123329195,1.015607125114368
2026-08-13T10:10:00+00:00,1.1440437153989578,1.016572647464786
2026-08-13T10:15:00+00:00,1.1440437153989578,1.016572647464786
2026-08-13T10:20:00+00:00,1.1443568946257299,1.0168509317920416
2026-08-13T10:25:00+00:00,1.1437933262508118,1.0163501570513507
2026-08-13T10:30:00+00:00,1.1433652208083669,1.0159697517598725
2026-08-13T10:35:00+00:00,1.1435741309528595,1.0161553848224998
2026-08-13T10:40:00+00:00,1.1430937253818656,1.0157285067612958
2026-08-13T10:45:00+00:00,1.1435116449948306,1.0160998611437033
2026-08-13T10:50:00+00:00,1.1435743100345606,1.0161555439506489
2026-08-13T10:55:00+00:00,1.1434162983513567,1.016015138166357
2026-08-13T11:00:00+00:00,1.143950353473208,1.016489688064936
2026-08-13T11:05:00+00:00,1.144584593826341,1.0170532604059532
2026-08-13T11:10:00+00:00,1.143679294085072,1.0162488305206756
2026-08-13T11:15:00+00:00,1.1439612457006698,1.0164993666640654
2026-08-13T11:20:00+00:00,1.1435749627677576,1.0161561239553336
2026-08-13T11:25:00+00:00,1.1432303237378825,1.0158498851234568
2026-08-13T11:30:00+00:00,1.1428437937565394,1.0155064228928012
2026-08-13T11:35:00+00:00,1.1426138873605753,1.0153021330125558
2026-08-13T11:40:00+00:00,1.1433246501431555,1.015933701539074
2026-08-13T11:45:00+00:00,1.143262028835665,1.0158780575916562
2026-08-13T11:50:00+00:00,1.143053203836063,1.015692500186948
2026-08-13T11:55:00+00:00,1.142896373607359,1.0155531442177221
2026-08-13T12:00:00+00:00,1.1428754739754012,1.0155345732541268
2026-08-13T12:05:00+00:00,1.1407854725600155,1.0136774429334527
2026-08-13T12:10:00+00:00,1.1416962918624836,1.014486777382136
2026-08-13T12:15:00+00:00,1.1409640329250603,1.013836107834612
2026-08-13T12:20:00+00:00,1.1400638227706423,1.0130362004467792
2026-08-13T12:25:00+00:00,1.1404409527153234,1.0133713100069668
2026-08-13T12:30:00+00:00,1.1415091343239274,1.0143204732174416
2026-08-13T12:35:00+00:00,1.1417916239359192,1.0145714874128593
2026-08-13T12:40:00+00:00,1.1420112837327518,1.014766672385428
2026-08-13T12:45:00+00:00,1.1422204889062804,1.0149525676045132
2026-08-13T12:50:00+00:00,1.142251857099861,1.0149804407068825
2026-08-13T12:55:00+00:00,1.1432660675070034,1.0158816462681715
2026-08-13T13:00:00+00:00,1.1431720489159256,1.0157981033696297
2026-08-13T13:05:00+00:00,1.1440182858332018,1.0165500512994148
2026-08-13T13:10:00+00:00,1.1442062142419396,1.016717040442778
2026-08-13T13:15:00+00:00,1.1442062142419396,1.016717040442778
2026-08-13T13:20:00+00:00,1.1433085520048951,1.0159193970795408
2026-08-13T13:25:00+00:00,1.143580151507418,1.0161607345578325
2026-08-13T13:30:00+00:00,1.1428282083940982,1.0154925740748355
2026-08-13T13:35:00+00:00,1.145565470373573,1.017924846216035
2026-08-13T13:40:00+00:00,1.1487288538305747,1.0207357607401442
2026-08-13T13:45:00+00:00,1.147238039118714,1.019411054841133
2026-08-13T13:50:00+00:00,1.151089840482173,1.0228336827152738
2026-08-13T13:55:00+00:00,1.1511935975133418,1.0229258789822946
2026-08-13T14:00:00+00:00,1.1530198783666756,1.0245486728817745
2026-08-13T14:05:00+00:00,1.1527194656085546,1.024281732564071
2026-08-13T14:10:00+00:00,1.1520796244977904,1.0237131835102442
2026-08-13T14:15:00+00:00,1.1527404938690693,1.0243004178242363
2026-08-13T14:20:00+00:00,1.1516112592387802,1.0232970042113905
2026-08-13T14:25:00+00:00,1.1526432065164398,1.024213970374461
2026-08-13T14:30:00+00:00,1.1543580272548184,1.0257377232122913
2026-08-13T14:35:00+00:00,1.155666812959134,1.0269006820489963
2026-08-13T14:40:00+00:00,1.1556719866359728,1.0269052792669964
2026-08-13T14:45:00+00:00,1.1551965885873852,1.026482850782536
2026-08-13T14:50:00+00:00,1.155341356729397,1.0266114886408737
2026-08-13T14:55:00+00:00,1.1557496842269113,1.0269743196757315
2026-08-13T15:00:00+00:00,1.1551941185196728,1.0264806559334756
2026-08-13T15:05:00+00:00,1.1556931197870501,1.0269240577306609
2026-08-13T15:10:00+00:00,1.1568195207966807,1.027924953449115
2026-08-13T15:15:00+00:00,1.1572892816874216,1.028342372876317
2026-08-13T15:20:00+00:00,1.1573357231096786,1.0283836397255992
2026-08-13T15:25:00+00:00,1.1584502249519293,1.029373962099763
2026-08-13T15:30:00+00:00,1.1574192454452128,1.0284578558771444
2026-08-13T15:35:00+00:00,1.1544160822552092,1.0257893096374004
2026-08-13T15:40:00+00:00,1.1544574685395654,1.0258260845998346
2026-08-13T15:45:00+00:00,1.154829885673908,1.0261570064580852
2026-08-13T15:50:00+00:00,1.1536818054244875,1.0251368470332782
2026-08-13T15:55:00+00:00,1.1523462634225607,1.023950113125802
2026-08-13T16:00:00+00:00,1.1529267853880771,1.02446595246258
2026-08-13T16:05:00+00:00,1.1544806458226988,1.025846679435293
2026-08-13T16:10:00+00:00,1.155473760898418,1.026729140138649
2026-08-13T16:15:00+00:00,1.154161091168792,1.0255627300405634
2026-08-13T16:20:00+00:00,1.1545025903352077,1.0258661788572805
2026-08-13T16:25:00+00:00,1.1558240290535817,1.027040380890226
2026-08-13T16:30:00+00:00,1.1564155958381985,1.0275660344157826
2026-08-13T16:35:00+00:00,1.1565653495059895,1.0276991044734098
2026-08-13T16:40:00+00:00,1.1555274279770906,1.0267768297171944
2026-08-13T16:45:00+00:00,1.1557961948606603,1.0270156501916923
2026-08-13T16:50:00+00:00,1.1558478645044412,1.027061562726306
2026-08-13T16:55:00+00:00,1.1547937588220836,1.0261249070792715
2026-08-13T17:00:00+00:00,1.1557297206490702,1.0269565826364084
2026-08-13T17:05:00+00:00,1.1568562769920663,1.0279576163828634
2026-08-13T17:10:00+00:00,1.1571505464929908,1.0282190979348598
2026-08-13T17:15:00+00:00,1.157057651680109,1.0281365536012868
2026-08-13T17:20:00+00:00,1.158038362253311,1.0290079919322535
2026-08-13T17:25:00+00:00,1.1576464327967324,1.0286597318432626
2026-08-13T17:30:00+00:00,1.157321470205674,1.0283709770712468
2026-08-13T17:35:00+00:00,1.1572853492452202,1.0283388807623552
2026-08-13T17:40:00+00:00,1.1571976236757167,1.0282609297073138
2026-08-13T17:45:00+00:00,1.1567402719712858,1.0278545368154002
2026-08-13T17:50:00+00:00,1.1568312422017637,1.0279353710064258
2026-08-13T17:55:00+00:00,1.155891728683599,1.0271005394928665
2026-08-13T18:00:00+00:00,1.1558813958592593,1.0270913579673044
2026-08-13T18:05:00+00:00,1.1556850669314616,1.0269169043029558
2026-08-13T18:10:00+00:00,1.1551167390438133,1.0264119003605217
2026-08-13T18:15:00+00:00,1.1547134498541138,1.0260535462569038
2026-08-13T18:20:00+00:00,1.154739308888289,1.0260765240387262
2026-08-13T18:25:00+00:00,1.1542893579263949,1.0256767072875217
2026-08-13T18:30:00+00:00,1.1545273368108226,1.0258881702078957
2026-08-13T18:35:00+00:00,1.154899746168417,1.0262190851565933
2026-08-13T18:40:00+00:00,1.1542533333293954,1.0256446966051236
2026-08-13T18:45:00+00:00,1.1531201652617236,1.0246377878222677
2026-08-13T18:50:00+00:00,1.1538141452187294,1.0252544434921285
2026-08-13T18:55:00+00:00,1.1534828783504136,1.0249600868748778
2026-08-13T19:00:00+00:00,1.1535657145822458,1.0250336933695805
2026-08-13T19:05:00+00:00,1.1524681713612068,1.0240584400595412
2026-08-13T19:10:00+00:00,1.152789447177399,1.024343918842673
2026-08-13T19:15:00+00:00,1.1513181678578883,1.023036571670516
2026-08-13T19:20:00+00:00,1.151930251454843,1.0235804559955324
2026-08-13T19:25:00+00:00,1.1506808942243614,1.0224703040205647
2026-08-13T19:30:00+00:00,1.1498712401973654,1.0217508628589975
2026-08-13T19:35:00+00:00,1.148598719681311,1.020620128486459
2026-08-13T19:40:00+00:00,1.1485883277615303,1.0206108944499588
2026-08-13T19:45:00+00:00,1.1472781287436857,1.0194466797707833
2026-08-13T19:50:00+00:00,1.1474447178183063,1.0195947072409783
2026-08-13T19:55:00+00:00,1.1464037557141702,1.0186697306949766
2026-08-13T20:00:00+00:00,1.1469975581036735,1.0191973707320807
2026-08-13T20:05:00+00:00,1.1468049229527464,1.0190261992784464
2026-08-13T20:10:00+00:00,1.1468517904060735,1.0190678446898656
2026-08-13T20:15:00+00:00,1.1471215276143147,1.0193075273740053
2026-08-13T20:20:00+00:00,1.148246973199481,1.020307574124933
2026-08-13T20:25:00+00:00,1.1467592532808455,1.0189856181898516
2026-08-13T20:30:00+00:00,1.147123793197149,1.019309540522204
2026-08-13T20:35:00+00:00,1.147790168707847,1.0199016674745458
2026-08-13T20:40:00+00:00,1.148404127184309,1.0204472177771842
2026-08-13T20:45:00+00:00,1.1484353287309914,1.0204749428007613
2026-08-13T20:50:00+00:00,1.1483209261679974,1.0203732871428353
2026-08-13T20:55:00+00:00,1.1484041363218835,1.0204472258966364
2026-08-13T21:00:00+00:00,1.1485393430252488,1.0205673676664264
2026-08-13T21:05:00+00:00,1.1476450039620116,1.019772677202306
2026-08-13T21:10:00+00:00,1.1477907075862812,1.0199021463103373
2026-08-13T21:15:00+00:00,1.1476866467787032,1.0198096801139356
2026-08-13T21:20:00+00:00,1.148146845396046,1.0202186027114568
2026-08-13T21:25:00+00:00,1.1483005995885935,1.0203552253813801
2026-08-13T21:30:00+00:00,1.1483005995885935,1.0203552253813801
2026-08-13T21:35:00+00:00,1.1485710376000549,1.0205955307841947
2026-08-13T21:40:00+00:00,1.1479928524512042,1.020081767891378
2026-08-13T21:45:00+00:00,1.1487346757298675,1.020740936108276
2026-08-13T21:50:00+00:00,1.1487689876088798,1.0207714249062922
2026-08-13T21:55:00+00:00,1.1487689876088798,1.0207714249062922
2026-08-13T22:00:00+00:00,1.148602631952141,1.0206236048462087
2026-08-13T22:05:00+00:00,1.148311467382587,1.020364882269475
2026-08-13T22:10:00+00:00,1.148311467382587,1.020364882269475
2026-08-13T22:15:00+00:00,1.148051433082908,1.02013382138128
2026-08-13T22:20:00+00:00,1.1480618368113453,1.020143065910699
2026-08-13T22:25:00+00:00,1.1480618368113453,1.020143065910699
2026-08-13T22:30:00+00:00,1.1480618368113453,1.020143065910699
2026-08-13T22:35:00+00:00,1.148269909494543,1.0203279548236157
2026-08-13T22:40:00+00:00,1.148269909494543,1.0203279548236157
2026-08-13T22:45:00+00:00,1.1484425785330383,1.0204813848189962
2026-08-13T22:50:00+00:00,1.1484779391641897,1.020512805515616
2026-08-13T22:55:00+00:00,1.1484155399716098,1.0204573589346153
2026-08-13T23:00:00+00:00,1.1484675421242985,1.0205035669294957
2026-08-13T23:05:00+00:00,1.1484675421242985,1.0205035669294957
2026-08-13T23:10:00+00:00,1.1486339513678796,1.0206514346056952
2026-08-13T23:15:00+00:00,1.1491018817675789,1.021067227498792
2026-08-13T23:20:00+00:00,1.1491018817675789,1.021067227498792
2026-08-13T23:25:00+00:00,1.148832025319819,1.0208274388609795
2026-08-13T23:30:00+00:00,1.1486760752711331,1.0206888650005006
2026-08-13T23:35:00+00:00,1.1484161232309251,1.0204578772063029
2026-08-13T23:40:00+00:00,1.148624170656437,1.0206427436757832
2026-08-13T23:45:00+00:00,1.148624170656437,1.0206427436757832
2026-08-13T23:50:00+00:00,1.1485825764442097,1.0206057839530356
2026-08-13T23:55:00+00:00,1.1486345710924026,1.0206519852795826
2026-08-14T00:00:00+00:00,1.1486241726334658,1.0206427454325286
2026-08-14T08:05:00+00:00,1.1462428610640316,1.0185267631679509
2026-08-14T08:10:00+00:00,1.1480038748957786,1.020091562198654
2026-08-14T08:15:00+00:00,1.1467657702998695,1.018991409072846
2026-08-14T08:20:00+00:00,1.1469636707657576,1.019167259172155
2026-08-14T08:25:00+00:00,1.1465991916621003,1.0188433908766128
2026-08-14T08:30:00+00:00,1.1473422362731776,1.0195036443432361
2026-08-14T08:35:00+00:00,1.1473804419203972,1.019537593059969
2026-08-14T08:40:00+00:00,1.1473804419203972,1.019537593059969
2026-08-14T08:45:00+00:00,1.147994626696965,1.020083344448016
2026-08-14T08:50:00+00:00,1.1474952181334468,1.0196395807353014
2026-08-14T08:55:00+00:00,1.1477346222626994,1.0198523100975854
2026-08-14T09:00:00+00:00,1.1483173925231844,1.0203701472220243
2026-08-14T09:05:00+00:00,1.1472876608218303,1.0194551497704911
2026-08-14T09:10:00+00:00,1.1472980717806398,1.0194644007246632
2026-08-14T09:15:00+00:00,1.1473813571838398,1.0195384063433865
2026-08-14T09:20:00+00:00,1.1473813571838398,1.0195384063433865
2026-08-14T09:25:00+00:00,1.1476103754188067,1.0197419070232956
2026-08-14T09:30:00+00:00,1.1475791518904905,1.0197141624673112
2026-08-14T09:35:00+00:00,1.1484430263450147,1.0204817827350903
2026-08-14T09:40:00+00:00,1.1470077845711648,1.0192064577512332
2026-08-14T09:45:00+00:00,1.1470077845711648,1.0192064577512332
2026-08-14T09:50:00+00:00,1.1468828245772036,1.0190954209871248
2026-08-14T09:55:00+00:00,1.1479138568647445,1.020011574111582
2026-08-14T10:00:00+00:00,1.1477994005239827,1.019909870667888
2026-08-14T10:05:00+00:00,1.1488920472787878,1.0208807730833016
2026-08-14T10:10:00+00:00,1.1491311502547477,1.021093234847244
2026-08-14T10:15:00+00:00,1.1491519384733926,1.0211117068114042
2026-08-14T10:20:00+00:00,1.1485386971169351,1.0205667937261846
2026-08-14T10:25:00+00:00,1.1487258876472415,1.0207331272069897
2026-08-14T10:30:00+00:00,1.1488090698835347,1.020807041153818
2026-08-14T10:35:00+00:00,1.1485803352957975,1.0206037925167393
2026-08-14T10:40:00+00:00,1.147800299367334,1.0199106693607658
2026-08-14T10:45:00+00:00,1.1485391372753584,1.0205671848414968
2026-08-14T10:50:00+00:00,1.1481335576375962,1.0202067954949727
2026-08-14T10:55:00+00:00,1.1488409720292396,1.0208353887146244
2026-08-14T11:00:00+00:00,1.1491010382207594,1.0210664779412237
2026-08-14T11:05:00+00:00,1.1498806183009636,1.0217591960402341
2026-08-14T11:10:00+00:00,1.1503895988817832,1.0222114652417333
2026-08-14T11:15:00+00:00,1.150036584871043,1.0218977845812682
2026-08-14T11:20:00+00:00,1.149558831029229,1.021473262788703
2026-08-14T11:25:00+00:00,1.1491328299078043,1.0210947273508395
2026-08-14T11:30:00+00:00,1.1490704651607129,1.021039311377359
2026-08-14T11:35:00+00:00,1.1493615164436817,1.0212979332900685
2026-08-14T11:40:00+00:00,1.1492575958725746,1.02120559170478
2026-08-14T11:45:00+00:00,1.1483222261526567,1.0203744422812546
2026-08-14T11:50:00+00:00,1.1489671172579237,1.0209474786528259
2026-08-14T11:55:00+00:00,1.1488215783736848,1.0208181559292442
2026-08-14T12:00:00+00:00,1.1484576850631298,1.0204948081568586
2026-08-14T12:05:00+00:00,1.1485304867927537,1.0205594982086317
2026-08-14T12:10:00+00:00,1.1483224950349136,1.0203746812042476
2026-08-14T12:15:00+00:00,1.146918296331746,1.019126940425601
2026-08-14T12:20:00+00:00,1.1470224385542402,1.0192194789655469
2026-08-14T12:25:00+00:00,1.146689213696921,1.0189233825213626
2026-08-14T12:30:00+00:00,1.1472829430101916,1.0194509576244977
2026-08-14T12:35:00+00:00,1.1486363620899676,1.0206535767215137
2026-08-14T12:40:00+00:00,1.148324402187173,1.0203763758587432
2026-08-14T12:45:00+00:00,1.147814729218811,1.0199234914165596
2026-08-14T12:50:00+00:00,1.148116506404604,1.0201916441359216
2026-08-14T12:55:00+00:00,1.148230943533731,1.0202933305085702
2026-08-14T13:00:00+00:00,1.1482621505496449,1.020321060391989
2026-08-14T13:05:00+00:00,1.1484702034483818,1.0205059317248595
2026-08-14T13:10:00+00:00,1.1484390029321148,1.0204782076168872
2026-08-14T13:15:00+00:00,1.147284552466397,1.0194523877526802
2026-08-14T13:20:00+00:00,1.1473261961888095,1.0194893914691139
2026-08-14T13:25:00+00:00,1.146961826842967,1.0191656207020061
2026-08-14T13:30:00+00:00,1.1449207100798044,1.017351928228404
2026-08-14T13:35:00+00:00,1.1431179760134127,1.0157500574941425
2026-08-14T13:40:00+00:00,1.145145114802215,1.0175513294402416
2026-08-14T13:45:00+00:00,1.1480550722084655,1.020137055030012
2026-08-14T13:50:00+00:00,1.1467648922664186,1.0189906288711985
2026-08-14T13:55:00+00:00,1.1475096507918512,1.0196524052852705
2026-08-14T14:00:00+00:00,1.1457922212194838,1.0181263342904303
2026-08-14T14:05:00+00:00,1.14799788328331,1.0200862381806286
2026-08-14T14:10:00+00:00,1.1475192332934727,1.0196609200901965
2026-08-14T14:15:00+00:00,1.147977188084521,1.0200678488719126
2026-08-14T14:20:00+00:00,1.144595431213835,1.0170628924213017
2026-08-14T14:25:00+00:00,1.1436876113591425,1.016256223215719
2026-08-14T14:30:00+00:00,1.1446170387980563,1.0170820924560977
2026-08-14T14:35:00+00:00,1.1451283974551247,1.0175364747650253
2026-08-14T14:40:00+00:00,1.1468287189246271,1.0190473438674679
2026-08-14T14:45:00+00:00,1.1468392059618322,1.0190566624232666
2026-08-14T14:50:00+00:00,1.1457454995496141,1.0180848184190576
2026-08-14T14:55:00+00:00,1.1457142235123199,1.018057027204724
2026-08-14T15:00:00+00:00,1.1448592656511087,1.0172973300300643
2026-08-14T15:05:00+00:00,1.1440663256694312,1.0165927406098303
2026-08-14T15:10:00+00:00,1.1438366865790195,1.016388688251121
2026-08-14T15:15:00+00:00,1.1429595200712415,1.0156092569505872
2026-08-14T15:20:00+00:00,1.1430117802545965,1.0156556942259705
2026-08-14T15:25:00+00:00,1.1395792477130524,1.0126056196058657
2026-08-14T15:30:00+00:00,1.141597133870162,1.0143986698623657
2026-08-14T15:35:00+00:00,1.1407759819551873,1.0136690119247347
2026-08-14T15:40:00+00:00,1.1402838761791931,1.0132317373120105
2026-08-14T15:45:00+00:00,1.139770584068089,1.0127756369773944
2026-08-14T15:50:00+00:00,1.1394614236164715,1.0125009236467541
2026-08-14T15:55:00+00:00,1.1402999754498526,1.013246042777799
2026-08-14T16:00:00+00:00,1.1406194668162515,1.0135299359372085
2026-08-14T16:05:00+00:00,1.141567126033313,1.0143720055436825
2026-08-14T16:10:00+00:00,1.1410753092330663,1.0139349877085948
2026-08-14T16:15:00+00:00,1.142085399908534,1.0148325325667895
2026-08-14T16:20:00+00:00,1.142613569583379,1.0153018527846915
2026-08-14T16:25:00+00:00,1.1429637763208864,1.0156130389625158
2026-08-14T16:30:00+00:00,1.14305261837441,1.015691982101254
2026-08-14T16:35:00+00:00,1.142091209359303,1.0148376947198448
2026-08-14T16:40:00+00:00,1.1424363324490872,1.0151443636775963
2026-08-14T16:45:00+00:00,1.1419762644333713,1.0147355571298728
2026-08-14T16:50:00+00:00,1.1424364822556246,1.0151444967924648
2026-08-14T16:55:00+00:00,1.1415895374644045,1.0143919198595253
2026-08-14T17:00:00+00:00,1.1412442417343873,1.0140850974973745
2026-08-14T17:05:00+00:00,1.1415593777549875,1.0143651205901436
2026-08-14T17:10:00+00:00,1.1421179842611862,1.0148614863220224
2026-08-14T17:15:00+00:00,1.1415480122494783,1.014355021446296
2026-08-14T17:20:00+00:00,1.1414956937165974,1.0143085323227787
2026-08-14T17:25:00+00:00,1.1405443819270962,1.0134632171189615
2026-08-14T17:30:00+00:00,1.1407057712650797,1.0136066242149704
2026-08-14T17:35:00+00:00,1.1411717505070507,1.0140206833512582
2026-08-14T17:40:00+00:00,1.1405541334722635,1.0134718821323478
2026-08-14T17:45:00+00:00,1.1405698487299698,1.0134858463724818
2026-08-14T17:50:00+00:00,1.140491302136404,1.0134160515581192
2026-08-14T17:55:00+00:00,1.1408092448765306,1.0136985686415174
2026-08-14T18:00:00+00:00,1.1409312315019482,1.0138069633342628
2026-08-14T18:05:00+00:00,1.1416116845989508,1.0144115993271399
2026-08-14T18:10:00+00:00,1.14198846245785,1.014746396032178
2026-08-14T18:15:00+00:00,1.1413922165564847,1.0142165847429665
2026-08-14T18:20:00+00:00,1.1416643154858332,1.0144583660017075
2026-08-14T18:25:00+00:00,1.141528300524319,1.0143375060311033
2026-08-14T18:30:00+00:00,1.1415073723310745,1.014318909688523
2026-08-14T18:35:00+00:00,1.14196778231983,1.0147280201061373
2026-08-14T18:40:00+00:00,1.1422972608541297,1.0150207876482287
2026-08-14T18:45:00+00:00,1.1427416632720535,1.01541567408255
2026-08-14T18:50:00+00:00,1.1425116881007635,1.0152113230895976
2026-08-14T18:55:00+00:00,1.1426371518996117,1.0153228075238971
2026-08-14T19:00:00+00:00,1.142392738653638,1.0151056271681864
2026-08-14T19:05:00+00:00,1.1424019400761358,1.0151138033543958
2026-08-14T19:10:00+00:00,1.1434527194958675,1.0160475033559726
2026-08-14T19:15:00+00:00,1.1431497769863554,1.015778315155007
2026-08-14T19:20:00+00:00,1.143766289452623,1.016326134878078
2026-08-14T19:25:00+00:00,1.1441057160150803,1.0166277420241168
2026-08-14T19:30:00+00:00,1.1444972418460841,1.0169756434600994
2026-08-14T19:35:00+00:00,1.144309382384302,1.0168087155811665
2026-08-14T19:40:00+00:00,1.1451861553636238,1.0175877972007743
2026-08-14T19:45:00+00:00,1.1451131446689307,1.0175229214671333
2026-08-14T19:50:00+00:00,1.1457077377883387,1.0180512641298307
2026-08-14T19:55:00+00:00,1.1461221859387738,1.0184195338460509
2026-08-14T20:00:00+00:00,1.1467188278185578,1.0189496969931722
2026-08-14T20:05:00+00:00,1.146750078104553,1.0189774653254549
2026-08-14T20:10:00+00:00,1.1465625814980867,1.0188108598719543
2026-08-14T20:15:00+00:00,1.1465625814980867,1.0188108598719543
2026-08-14T20:20:00+00:00,1.1465625814980867,1.0188108598719543
2026-08-14T20:25:00+00:00,1.1465625814980867,1.0188108598719543
2026-08-14T20:30:00+00:00,1.14668759967987,1.0189219483405103
2026-08-14T20:35:00+00:00,1.1468021871868783,1.0190237683357113
2026-08-14T20:40:00+00:00,1.1467188591442126,1.0189497248284753
2026-08-14T20:45:00+00:00,1.146948027914435,1.019153359270776
2026-08-14T20:50:00+00:00,1.146948027914435,1.019153359270776
2026-08-14T20:55:00+00:00,1.1468438811009167,1.0190608166513448
2026-08-14T21:00:00+00:00,1.1470834405268016,1.0192736840068775
2026-08-14T21:05:00+00:00,1.147093853979246,1.0192829371768397
2026-08-14T21:10:00+00:00,1.1470313738317834,1.0192274186610706
2026-08-14T21:15:00+00:00,1.1470313738317834,1.0192274186610706
2026-08-14T21:20:00+00:00,1.1467189560767086,1.0189498109606072
2026-08-14T21:25:00+00:00,1.1466981225503818,1.0189312987370152
2026-08-14T21:30:00+00:00,1.146475021157094,1.0187330556354155
2026-08-14T21:35:00+00:00,1.146475021157094,1.0187330556354155
2026-08-14T21:40:00+00:00,1.146475021157094,1.0187330556354155
2026-08-14T21:45:00+00:00,1.146475021157094,1.0187330556354155
2026-08-14T21:50:00+00:00,1.146475021157094,1.0187330556354155
2026-08-14T21:55:00+00:00,1.146475021157094,1.0187330556354155
2026-08-14T22:00:00+00:00,1.1465874060388328,1.0188329184251566
2026-08-14T22:05:00+00:00,1.1468025369638275,1.0190240791399885
2026-08-14T22:10:00+00:00,1.1466273397006872,1.018868402618543
2026-08-14T22:15:00+00:00,1.1466273397006872,1.018868402618543
2026-08-14T22:20:00+00:00,1.1466303608047606,1.0188710871066715
2026-08-14T22:25:00+00:00,1.1466303608047606,1.0188710871066715
2026-08-14T22:30:00+00:00,1.1466303608047606,1.0188710871066715
2026-08-14T22:35:00+00:00,1.1467942292249733,1.0190166970618513
2026-08-14T22:40:00+00:00,1.1467942292249733,1.0190166970618513
2026-08-14T22:45:00+00:00,1.1468025620925115,1.0190241014687966
2026-08-14T22:50:00+00:00,1.1467192340226047,1.0189500579373547
2026-08-14T22:55:00+00:00,1.1465023569609758,1.0187573456430499
2026-08-14T23:00:00+00:00,1.146562994007632,1.0188112264190676
2026-08-14T23:05:00+00:00,1.1471359942136257,1.0193203820831331
2026-08-14T23:10:00+00:00,1.1466778229077055,1.0189132609109566
2026-08-14T23:15:00+00:00,1.1467090743473356,1.0189410302683346
2026-08-14T23:20:00+00:00,1.1467090743473356,1.0189410302683346
2026-08-14T23:25:00+00:00,1.1467090743473356,1.0189410302683346
2026-08-14T23:30:00+00:00,1.1467194912099867,1.0189502864685334
2026-08-14T23:35:00+00:00,1.1470215778408457,1.019218714154128
2026-08-14T23:40:00+00:00,1.1465946106849132,1.01883932031877
2026-08-14T23:45:00+00:00,1.1463162442666186,1.018591969904097
2026-08-14T23:50:00+00:00,1.1468030870051984,1.0190245678949252
2026-08-14T23:55:00+00:00,1.1457719016681094,1.01810827877393
2026-08-15T00:00:00+00:00,1.145810162872447,1.0181422768575235
2026-08-17T08:05:00+00:00,1.1554458364015612,1.026704329197323
2026-08-17T08:10:00+00:00,1.1562729271935452,1.0274392642933843
2026-08-17T08:15:00+00:00,1.1556530525006252,1.0268884569679946
2026-08-17T08:20:00+00:00,1.1558597882881925,1.0270721579441966
2026-08-17T08:25:00+00:00,1.1564798847411366,1.027623162320776
2026-08-17T08:30:00+00:00,1.1560047322340083,1.0272009520182863
2026-08-17T08:35:00+00:00,1.156686753118689,1.0278069811135881
2026-08-17T08:40:00+00:00,1.156304633387748,1.0274674377358988
2026-08-17T08:45:00+00:00,1.1556537820046608,1.0268891051895972
2026-08-17T08:50:00+00:00,1.1556537820046608,1.0268891051895972
2026-08-17T08:55:00+00:00,1.1556537820046608,1.0268891051895972
2026-08-17T09:00:00+00:00,1.155912201902247,1.0271187315548007
2026-08-17T09:05:00+00:00,1.1553438052003728,1.0266136664655248
2026-08-17T09:10:00+00:00,1.1552507490499628,1.0265309787708927
2026-08-17T09:15:00+00:00,1.1550853025668637,1.026383966582959
2026-08-17T09:20:00+00:00,1.1546612852205906,1.026007193885046
2026-08-17T09:25:00+00:00,1.1543922973934122,1.0257681770848075
2026-08-17T09:30:00+00:00,1.154185335455481,1.0255842751562543
2026-08-17T09:35:00+00:00,1.154827032528531,1.026154473379466
2026-08-17T09:40:00+00:00,1.1551787354943674,1.026466989073616
2026-08-17T09:45:00+00:00,1.154641000558233,1.0259891693701766
2026-08-17T09:50:00+00:00,1.1552410612911137,1.026522370436657
2026-08-17T09:55:00+00:00,1.1552410612911137,1.026522370436657
2026-08-17T10:00:00+00:00,1.1547550576222927,1.0260905180251774
2026-08-17T10:05:00+00:00,1.1549516099138273,1.0262651701657404
2026-08-17T10:10:00+00:00,1.154879207306813,1.0262008347657374
2026-08-17T10:15:00+00:00,1.154868863561114,1.0261916435356904
2026-08-17T10:20:00+00:00,1.155055052651327,1.0263570871583585
2026-08-17T10:25:00+00:00,1.1554480551584072,1.0267063007369555
2026-08-17T10:30:00+00:00,1.1564715819789215,1.0276157846647738
2026-08-17T10:35:00+00:00,1.1564715819789215,1.0276157846647738
2026-08-17T10:40:00+00:00,1.1564819114916136,1.0276249632476768
2026-08-17T10:45:00+00:00,1.1564819114916136,1.0276249632476768
2026-08-17T10:50:00+00:00,1.1563682878668693,1.027523999737533
2026-08-17T10:55:00+00:00,1.1563682878668693,1.027523999737533
2026-08-17T11:00:00+00:00,1.1564819226572578,1.0276249731692282
2026-08-17T11:05:00+00:00,1.1562352611827058,1.0274057950859374
2026-08-17T11:10:00+00:00,1.1566886128738227,1.0278086336520171
2026-08-17T11:15:00+00:00,1.1556558551837568,1.0268909473719707
2026-08-17T11:20:00+00:00,1.1551390144614027,1.0264316938176898
2026-08-17T11:25:00+00:00,1.1554285748231299,1.0266889909298376
2026-08-17T11:30:00+00:00,1.1554285748231299,1.0266889909298376
2026-08-17T11:35:00+00:00,1.1551287455674049,1.0264225690992552
2026-08-17T11:40:00+00:00,1.1549322564076545,1.0262479730562384
2026-08-17T11:45:00+00:00,1.1552528985350827,1.0265328887571585
2026-08-17T11:50:00+00:00,1.1560491112164455,1.0272403862279729
2026-08-17T11:55:00+00:00,1.1561111110615179,1.0272954779573642
2026-08-17T12:00:00+00:00,1.1551501649964462,1.0264416019434033
2026-08-17T12:05:00+00:00,1.1533299918719189,1.0248242352370065
2026-08-17T12:10:00+00:00,1.1540346771514434,1.0254504034263028
2026-08-17T12:15:00+00:00,1.1543144751289778,1.0256990258937393
2026-08-17T12:20:00+00:00,1.1544383511988607,1.025809099506215
2026-08-17T12:25:00+00:00,1.1540140927248086,1.0254321125473416
2026-08-17T12:30:00+00:00,1.1535896782202095,1.0250549869430787
2026-08-17T12:35:00+00:00,1.1530824948524556,1.0246043147064714
2026-08-17T12:40:00+00:00,1.1517875018437356,1.0234536117600885
2026-08-17T12:45:00+00:00,1.150895543795627,1.0226610370148217
2026-08-17T12:50:00+00:00,1.1515702210173684,1.0232605406891178
2026-08-17T12:55:00+00:00,1.152545336779693,1.024127007591422
2026-08-17T13:00:00+00:00,1.1525557099727366,1.0241362249877461
2026-08-17T13:05:00+00:00,1.1526593570689572,1.0242283235691299
2026-08-17T13:10:00+00:00,1.1530220892888585,1.024550639621323
2026-08-17T13:15:00+00:00,1.1529702866970133,1.0245046089519176
2026-08-17T13:20:00+00:00,1.1529910086647825,1.024523022046974
2026-08-17T13:25:00+00:00,1.1523590000064978,1.0239614327408306
2026-08-17T13:30:00+00:00,1.1545974090024882,1.0259504348509207
2026-08-17T13:35:00+00:00,1.1550030088124659,1.0263108421220422
2026-08-17T13:40:00+00:00,1.1532632459258576,1.0247649262243137
2026-08-17T13:45:00+00:00,1.1568676256284278,1.0279677005371493
2026-08-17T13:50:00+00:00,1.1578331875734198,1.02882567812277
2026-08-17T13:55:00+00:00,1.1579827952944775,1.0289586163272726
2026-08-17T14:00:00+00:00,1.158354218922495,1.0292886553778604
2026-08-17T14:05:00+00:00,1.1570856278279107,1.0281614126047616
2026-08-17T14:10:00+00:00,1.1567449395520308,1.0278586843273012
2026-08-17T14:15:00+00:00,1.157643360055861,1.0286570014717853
2026-08-17T14:20:00+00:00,1.1558167438117426,1.0270339095478407
2026-08-17T14:25:00+00:00,1.1565506725154058,1.0276860628151196
2026-08-17T14:30:00+00:00,1.1575216358908553,1.0285488399957192
2026-08-17T14:35:00+00:00,1.1580170092844138,1.0289890181431602
2026-08-17T14:40:00+00:00,1.1577384594135374,1.0287415047164672
2026-08-17T14:45:00+00:00,1.1581202880549768,1.0290807894382836
2026-08-17T14:50:00+00:00,1.1591620037541095,1.0300064356125977
2026-08-17T14:55:00+00:00,1.1595112759551855,1.0303167913814408
2026-08-17T15:00:00+00:00,1.1609032322391468,1.0315536538095813
2026-08-17T15:05:00+00:00,1.1621997489516778,1.0327057106864121
2026-08-17T15:10:00+00:00,1.1614917659828485,1.032076612241297
2026-08-17T15:15:00+00:00,1.1609761674153793,1.0316184624391418
2026-08-17T15:20:00+00:00,1.161819937577002,1.0323682184644727
2026-08-17T15:25:00+00:00,1.1621592332211612,1.0326697092793264
2026-08-17T15:30:00+00:00,1.1620050406423488,1.0325326970687931
2026-08-17T15:35:00+00:00,1.1615423030964294,1.0321215184339234
2026-08-17T15:40:00+00:00,1.1601750445346948,1.0309066018707753
2026-08-17T15:45:00+00:00,1.1607923267804026,1.0314551056033072
2026-08-17T15:50:00+00:00,1.160864366874447,1.031519118882079
2026-08-17T15:55:00+00:00,1.1617287793984752,1.0322872172668514
2026-08-17T16:00:00+00:00,1.1619282810616145,1.0324644901556135
2026-08-17T16:05:00+00:00,1.161507774617286,1.032090837169687
2026-08-17T16:10:00+00:00,1.1612095167491512,1.031825811640334
2026-08-17T16:15:00+00:00,1.1603505699066936,1.031062569942698
2026-08-17T16:20:00+00:00,1.1609271109241617,1.0315748718957156
2026-08-17T16:25:00+00:00,1.1609579957620455,1.0316023154986635
2026-08-17T16:30:00+00:00,1.161030024607832,1.031666318782475
2026-08-17T16:35:00+00:00,1.1605978980368634,1.0312823404018385
2026-08-17T16:40:00+00:00,1.1608140712633381,1.0314744272833574
2026-08-17T16:45:00+00:00,1.160721451271865,1.0313921271501796
2026-08-17T16:50:00+00:00,1.1609314163372961,1.0315786975932648
2026-08-17T16:55:00+00:00,1.1614284482437214,1.0320203494595828
2026-08-17T17:00:00+00:00,1.1615436563317618,1.0321227208897468
2026-08-17T17:05:00+00:00,1.1611949906648606,1.0318129040741313
2026-08-17T17:10:00+00:00,1.1603616939356012,1.0310724545156293
2026-08-17T17:15:00+00:00,1.1586836146785555,1.0295813493649886
2026-08-17T17:20:00+00:00,1.1589362175106372,1.0298058068108467
2026-08-17T17:25:00+00:00,1.1579001683847803,1.0288851958317193
2026-08-17T17:30:00+00:00,1.1575906447209647,1.0286101597585287
2026-08-17T17:35:00+00:00,1.1575338867450724,1.0285597258413952
2026-08-17T17:40:00+00:00,1.1576112952574245,1.028628509381259
2026-08-17T17:45:00+00:00,1.1590663976703417,1.0299214821020057
2026-08-17T17:50:00+00:00,1.1591462745049907,1.0299924589399958
2026-08-17T17:55:00+00:00,1.159427130567592,1.0302420215990746
2026-08-17T18:00:00+00:00,1.15937046687793,1.0301916714626584
2026-08-17T18:05:00+00:00,1.1587161154317838,1.0296102288355706
2026-08-17T18:10:00+00:00,1.1575406283385627,1.0285657162764323
2026-08-17T18:15:00+00:00,1.1578914201490673,1.0288774223375434
2026-08-17T18:20:00+00:00,1.1575199942522918,1.028547381270986
2026-08-17T18:25:00+00:00,1.1578194510013828,1.028813472100182
2026-08-17T18:30:00+00:00,1.1580154844995967,1.028987663252154
2026-08-17T18:35:00+00:00,1.1577472740023254,1.028749337170559
2026-08-17T18:40:00+00:00,1.1579794425733152,1.0289556371713284
2026-08-17T18:45:00+00:00,1.1588098889271146,1.029693553947477
2026-08-17T18:50:00+00:00,1.1588717488490679,1.0297485213441928
2026-08-17T18:55:00+00:00,1.15937685355008,1.0301973465222227
2026-08-17T19:00:00+00:00,1.1589543812683785,1.0298219467354706
2026-08-17T19:05:00+00:00,1.1572433223228424,1.0283015365426704
2026-08-17T19:10:00+00:00,1.1568510489056039,1.027952970817632
2026-08-17T19:15:00+00:00,1.1554155855733628,1.0266774489617518
2026-08-17T19:20:00+00:00,1.1551881240754955,1.026475331564961
2026-08-17T19:25:00+00:00,1.1557053126618264,1.0269348942236929
2026-08-17T19:30:00+00:00,1.154919555656695,1.0262366874419901
2026-08-17T19:35:00+00:00,1.1565434809743027,1.027679672566307
2026-08-17T19:40:00+00:00,1.1577107595075216,1.028716891175504
2026-08-17T19:45:00+00:00,1.156843958535783,1.0279466704674454
2026-08-17T19:50:00+00:00,1.1574428771907643,1.0284788567080583
2026-08-17T19:55:00+00:00,1.1567204204817918,1.027836897208624
2026-08-17T20:00:00+00:00,1.1558114677225053,1.0270292213283754
2026-08-17T20:05:00+00:00,1.1556874358723421,1.0269190092928917
2026-08-17T20:10:00+00:00,1.1556874358723421,1.0269190092928917
2026-08-17T20:15:00+00:00,1.155532379418513,1.0267812294615912
2026-08-17T20:20:00+00:00,1.1554806869974958,1.026735296687615
2026-08-17T20:25:00+00:00,1.155708143825645,1.0269374099349944
2026-08-17T20:30:00+00:00,1.1556874700010265,1.0269190396189067
2026-08-17T20:35:00+00:00,1.155253282324792,1.0265332297844427
2026-08-17T20:40:00+00:00,1.1550671996860575,1.0263678807522696
2026-08-17T20:45:00+00:00,1.1551706261903274,1.0264597833203886
2026-08-17T20:50:00+00:00,1.1550672089453686,1.0263678889798944
2026-08-17T20:55:00+00:00,1.1556877679759623,1.0269193043930283
2026-08-17T21:00:00+00:00,1.1553383739995975,1.0266088404172815
2026-08-17T21:05:00+00:00,1.1558429770749021,1.0270572198614925
2026-08-17T21:10:00+00:00,1.155791298501305,1.0270112993920362
2026-08-17T21:15:00+00:00,1.155842979385695,1.0270572219148133
2026-08-17T21:20:00+00:00,1.1556879436645935,1.0269194605061687
2026-08-17T21:25:00+00:00,1.1556879436645935,1.0269194605061687
2026-08-17T21:30:00+00:00,1.1556879436645935,1.0269194605061687
2026-08-17T21:35:00+00:00,1.1556879436645935,1.0269194605061687
2026-08-17T21:40:00+00:00,1.1556879436645935,1.0269194605061687
2026-08-17T21:45:00+00:00,1.155843000186552,1.0270572403980076
2026-08-17T21:50:00+00:00,1.156260252998119,1.027428002275812
2026-08-17T21:55:00+00:00,1.1555848510417162,1.026827854617877
2026-08-17T22:00:00+00:00,1.1562671609376614,1.027434140522375
2026-08-17T22:05:00+00:00,1.1562671609376614,1.027434140522375
2026-08-17T22:10:00+00:00,1.1562051693463609,1.027379056127108
2026-08-17T22:15:00+00:00,1.1564428165214724,1.027590224297715
2026-08-17T22:20:00+00:00,1.1563085347200255,1.0274709043758852
2026-08-17T22:25:00+00:00,1.1565461606697982,1.0276820536861124
2026-08-17T22:30:00+00:00,1.156721761162192,1.0278380885084035
2026-08-17T22:35:00+00:00,1.1562260232645512,1.0273975864704714
2026-08-17T22:40:00+00:00,1.1559160541776738,1.0271221546039242
2026-08-17T22:45:00+00:00,1.1562054418036853,1.0273792982268284
2026-08-17T22:50:00+00:00,1.156308766686778,1.027471110496554
2026-08-17T22:55:00+00:00,1.1564224139029464,1.02757209496953
2026-08-17T23:00:00+00:00,1.156639355450283,1.0277648645644484
2026-08-17T23:05:00+00:00,1.1561848964950767,1.0273610421073043
2026-08-17T23:10:00+00:00,1.1567221955461398,1.0278384744926405
2026-08-17T23:15:00+00:00,1.1567221955461398,1.0278384744926405
2026-08-17T23:20:00+00:00,1.1563655739621022,1.0275215882201028
2026-08-17T23:25:00+00:00,1.156722305561684,1.027838572250088
2026-08-17T23:30:00+00:00,1.156722305561684,1.027838572250088
2026-08-17T23:35:00+00:00,1.156722305561684,1.027838572250088
2026-08-17T23:40:00+00:00,1.1566086989066735,1.027737623818885
2026-08-17T23:45:00+00:00,1.156267845461676,1.0274347487756976
2026-08-17T23:50:00+00:00,1.1566191313536776,1.0277468938670047
2026-08-17T23:55:00+00:00,1.1565468352824277,1.0276826531323915
2026-08-18T00:00:00+00:00,1.1570323192798757,1.0281140437750615
2026-08-18T08:05:00+00:00,1.1414882462490248,1.0143019146632062
2026-08-18T08:10:00+00:00,1.140389171808793,1.013325300744712
2026-08-18T08:15:00+00:00,1.140378694335283,1.013315990687007
2026-08-18T08:20:00+00:00,1.140284396207306,1.0132321993978102
2026-08-18T08:25:00+00:00,1.1388069366874916,1.011919360632532
2026-08-18T08:30:00+00:00,1.1389542550343583,1.0120502645483482
2026-08-18T08:35:00+00:00,1.1394473179072733,1.0124883896168195
2026-08-18T08:40:00+00:00,1.1404749617676377,1.0134015318577358
2026-08-18T08:45:00+00:00,1.1394587197708028,1.0124985210676223
2026-08-18T08:50:00+00:00,1.1380745580336151,1.0112685847061693
2026-08-18T08:55:00+00:00,1.138074564233109,1.0112685902149063
2026-08-18T09:00:00+00:00,1.1382320468757612,1.0114085259054344
2026-08-18T09:05:00+00:00,1.137906627771702,1.0111193654857806
2026-08-18T09:10:00+00:00,1.137392209238782,1.010662264236956
2026-08-18T09:15:00+00:00,1.1382851466894635,1.0114557092582928
2026-08-18T09:20:00+00:00,1.1370149128599614,1.0103270067862633
2026-08-18T09:25:00+00:00,1.1367101620099185,1.0100562117327798
2026-08-18T09:30:00+00:00,1.1360689624548732,1.0094864555933707
2026-08-18T09:35:00+00:00,1.1360899972631915,1.009505146671813
2026-08-18T09:40:00+00:00,1.135869125153147,1.009308884463376
2026-08-18T09:45:00+00:00,1.1350275847751858,1.0085611097758684
2026-08-18T09:50:00+00:00,1.1353433965683897,1.0088417333456445
2026-08-18T09:55:00+00:00,1.1349119071425526,1.0084583211184739
2026-08-18T10:00:00+00:00,1.1359752487873087,1.0094031836431308
2026-08-18T10:05:00+00:00,1.135880640649439,1.009319116885808
2026-08-18T10:10:00+00:00,1.1356492189856962,1.0091134805707602
2026-08-18T10:15:00+00:00,1.1348297141063506,1.0083852861535794
2026-08-18T10:20:00+00:00,1.1343336969726197,1.007944535992461
2026-08-18T10:25:00+00:00,1.1346075684914638,1.0081878923361187
2026-08-18T10:30:00+00:00,1.133817745142319,1.0074860722885486
2026-08-18T10:35:00+00:00,1.1346628529290794,1.008237016898819
2026-08-18T10:40:00+00:00,1.1353242721629835,1.0088247398101575
2026-08-18T10:45:00+00:00,1.1348506766250757,1.0084039129970437
2026-08-18T10:50:00+00:00,1.1354508147558868,1.0089371828376614
2026-08-18T10:55:00+00:00,1.1358506954876821,1.0092925082588646
2026-08-18T11:00:00+00:00,1.1360084875936345,1.009432718931828
2026-08-18T11:05:00+00:00,1.1373127211775245,1.010591632854643
2026-08-18T11:10:00+00:00,1.1367138811798605,1.010059516507231
2026-08-18T11:15:00+00:00,1.1370292262550907,1.0103397253614497
2026-08-18T11:20:00+00:00,1.1372183808398653,1.0105078040588296
2026-08-18T11:25:00+00:00,1.1368191209035048,1.0101530302631032
2026-08-18T11:30:00+00:00,1.1360833836765887,1.0094992699809433
2026-08-18T11:35:00+00:00,1.1355049298152462,1.0089852683159835
2026-08-18T11:40:00+00:00,1.134642068131947,1.0082185479749408
2026-08-18T11:45:00+00:00,1.1354530533939928,1.0089391720433531
2026-08-18T11:50:00+00:00,1.1362949092259809,1.0096872270365271
2026-08-18T11:55:00+00:00,1.1350751219830584,1.0086033503167766
2026-08-18T12:00:00+00:00,1.1352540762164087,1.0087623652011795
2026-08-18T12:05:00+00:00,1.1370117451229789,1.0103241920032833
2026-08-18T12:10:00+00:00,1.1361395134799865,1.009549145717503
2026-08-18T12:15:00+00:00,1.1350878245847908,1.0086146375755818
2026-08-18T12:20:00+00:00,1.1349299249523253,1.0084743313568705
2026-08-18T12:25:00+00:00,1.1350667903421616,1.0085959469997983
2026-08-18T12:30:00+00:00,1.1342667506850659,1.0078850489606241
2026-08-18T12:35:00+00:00,1.13439316189862,1.0079973752472629
2026-08-18T12:40:00+00:00,1.1341193014535853,1.007754028743554
2026-08-18T12:45:00+00:00,1.1337716253955064,1.0074450912730624
2026-08-18T12:50:00+00:00,1.1340772526230252,1.0077166650567295
2026-08-18T12:55:00+00:00,1.1340877898282133,1.0077260281907194
2026-08-18T13:00:00+00:00,1.1341826132220116,1.0078102862198324
2026-08-18T13:05:00+00:00,1.1336663956808362,1.007351586410949
2026-08-18T13:10:00+00:00,1.133265881335021,1.0069956979739498
2026-08-18T13:15:00+00:00,1.1331393584053195,1.0068832724187446
2026-08-18T13:20:00+00:00,1.1333818877673456,1.0070987787956815
2026-08-18T13:25:00+00:00,1.1332448441064864,1.0069770047449556
2026-08-18T13:30:00+00:00,1.132981358009019,1.006742876663456
2026-08-18T13:35:00+00:00,1.1343942691997984,1.0079983591712838
2026-08-18T13:40:00+00:00,1.1344048130643631,1.0080077282226525
2026-08-18T13:45:00+00:00,1.130994673018267,1.004977551092585
2026-08-18T13:50:00+00:00,1.1292799738595762,1.0034539062846368
2026-08-18T13:55:00+00:00,1.12687716716593,1.0013188239148096
2026-08-18T14:00:00+00:00,1.1283881320799076,1.002661434853006
2026-08-18T14:05:00+00:00,1.1286688257373763,1.0029108532023756
2026-08-18T14:10:00+00:00,1.1264882837815637,1.000973270500099
2026-08-18T14:15:00+00:00,1.1244196537053943,0.9991351302880702
2026-08-18T14:20:00+00:00,1.1256525798926829,1.000230681991309
2026-08-18T14:25:00+00:00,1.1261196273244045,1.0006456902980438
2026-08-18T14:30:00+00:00,1.1277909713762275,1.0021308106901246
2026-08-18T14:35:00+00:00,1.1267155204075245,1.0011751880805477
2026-08-18T14:40:00+00:00,1.1263973506353946,1.0008924692613923
2026-08-18T14:45:00+00:00,1.1240528148328646,0.9988091651526403
2026-08-18T14:50:00+00:00,1.122800324146746,0.9976962288563599
2026-08-18T14:55:00+00:00,1.1217556337105834,0.9967679393946752
2026-08-18T15:00:00+00:00,1.120179003578023,0.9953669797549884
2026-08-18T15:05:00+00:00,1.1214857359893133,0.9965281140821088
2026-08-18T15:10:00+00:00,1.1189127799680973,0.9942418406778586
2026-08-18T15:15:00+00:00,1.1199807097788979,0.9951907801482214
2026-08-18T15:20:00+00:00,1.1188924801858173,0.9942238027277513
2026-08-18T15:25:00+00:00,1.1210710391872578,0.9961596234194044
2026-08-18T15:30:00+00:00,1.122115675870782,0.9970878651176505
2026-08-18T15:35:00+00:00,1.1233192012900786,0.9981572919305414
2026-08-18T15:40:00+00:00,1.1214362954157338,0.9964841822513534
2026-08-18T15:45:00+00:00,1.1225337501198254,0.9974593569071365
2026-08-18T15:50:00+00:00,1.1235449771850068,0.9983579115367993
2026-08-18T15:55:00+00:00,1.1241193318042482,0.9988682707033582
2026-08-18T16:00:00+00:00,1.1244913757046955,0.999198860914692
2026-08-18T16:05:00+00:00,1.12401319972866,0.9987739640227331
2026-08-18T16:10:00+00:00,1.1236623531494214,0.9984622092953023
2026-08-18T16:15:00+00:00,1.1235719748834956,0.9983819011112506
2026-08-18T16:20:00+00:00,1.1224393311233785,0.9973754582168158
2026-08-18T16:25:00+00:00,1.123035468779622,0.9979051733217392
2026-08-18T16:30:00+00:00,1.1213540935130537,0.9964111394078976
2026-08-18T16:35:00+00:00,1.122270635355591,0.9972255587843645
2026-08-18T16:40:00+00:00,1.1226965187569855,0.99760398961874
2026-08-18T16:45:00+00:00,1.1226326578222996,0.9975472441651297
2026-08-18T16:50:00+00:00,1.1240802078895467,0.9988335060338824
2026-08-18T16:55:00+00:00,1.124207769720331,0.9989468547342547
2026-08-18T17:00:00+00:00,1.1231022833636426,0.9979645433246473
2026-08-18T17:05:00+00:00,1.1236023285772188,0.9984088727509163
2026-08-18T17:10:00+00:00,1.1229056939149915,0.9977898581670693
2026-08-18T17:15:00+00:00,1.1233047515767063,0.9981444522258943
2026-08-18T17:20:00+00:00,1.122219642171936,0.9971802473376755
2026-08-18T17:25:00+00:00,1.1219694141298113,0.9969579000791177
2026-08-18T17:30:00+00:00,1.1230824054668849,0.9979468802529451
2026-08-18T17:35:00+00:00,1.1229015213750342,0.9977861505377692
2026-08-18T17:40:00+00:00,1.1230930656182112,0.9979563526342301
2026-08-18T17:45:00+00:00,1.1227951440991457,0.9976916259774289
2026-08-18T17:50:00+00:00,1.1222736302776664,0.9972282200077327
2026-08-18T17:55:00+00:00,1.121884973643851,0.9968828680786866
2026-08-18T18:00:00+00:00,1.1207399179427564,0.9958653962003446
2026-08-18T18:05:00+00:00,1.1211984196789462,0.9962728109857548
2026-08-18T18:10:00+00:00,1.1195997757527059,0.9948522903622805
2026-08-18T18:15:00+00:00,1.1204322960215416,0.9955920499747434
2026-08-18T18:20:00+00:00,1.122144060280196,0.9971130868936171
2026-08-18T18:25:00+00:00,1.1220961404469187,0.9970705063599995
2026-08-18T18:30:00+00:00,1.121781997574035,0.9967913657569397
2026-08-18T18:35:00+00:00,1.1223572082060969,0.9973024855580872
2026-08-18T18:40:00+00:00,1.1233632680456411,0.9981964487021394
2026-08-18T18:45:00+00:00,1.1229164617260432,0.9977994262124721
2026-08-18T18:50:00+00:00,1.1230441666468258,0.9979129020595405
2026-08-18T18:55:00+00:00,1.122341892027111,0.9972888759307242
2026-08-18T19:00:00+00:00,1.1224270808839796,0.997364572917455
2026-08-18T19:05:00+00:00,1.1226080659961397,0.997525392397106
2026-08-18T19:10:00+00:00,1.1232574584352903,0.9981024285571916
2026-08-18T19:15:00+00:00,1.1227361713754234,0.997639224082989
2026-08-18T19:20:00+00:00,1.1227042417731121,0.9976108521248326
2026-08-18T19:25:00+00:00,1.123811131896947,0.9985944108917465
2026-08-18T19:30:00+00:00,1.1248531552619783,0.9995203304513636
2026-08-18T19:35:00+00:00,1.1241307316055533,0.9988784003217124
2026-08-18T19:40:00+00:00,1.1244017985904795,0.9991192646168253
2026-08-18T19:45:00+00:00,1.1253529612541011,0.9999644473105919
2026-08-18T19:50:00+00:00,1.1253423439154902,0.9999550129717654
2026-08-18T19:55:00+00:00,1.1239831839079537,0.998747292609766
2026-08-18T20:00:00+00:00,1.1269386847191547,1.001373487090034
2026-08-18T20:05:00+00:00,1.1269817113019716,1.0012604262602374
2026-08-18T20:10:00+00:00,1.1270559567137124,1.001194463350758
2026-08-18T20:15:00+00:00,1.1268437850351143,1.0013829412241297
2026-08-18T20:20:00+00:00,1.127238943746709,1.0010317788020426
2026-08-18T20:25:00+00:00,1.1275332632281188,1.0007704117195388
2026-08-18T20:30:00+00:00,1.126970293252131,1.0012700898337277
2026-08-18T20:35:00+00:00,1.1270657488747713,1.0011852811564907
2026-08-18T20:40:00+00:00,1.1271294021296636,1.0011287372485957
2026-08-18T20:45:00+00:00,1.1275219970487869,1.000780030121544
2026-08-18T20:50:00+00:00,1.1282230337867214,1.0001577951943827
2026-08-18T20:55:00+00:00,1.128717442786436,0.9997195068415744
2026-08-18T21:00:00+00:00,1.1285100846544396,0.9999031665969753
2026-08-18T21:05:00+00:00,1.1279562983040816,1.0003938425181484
2026-08-18T21:10:00+00:00,1.128817658350868,0.9996298951131897
2026-08-18T21:15:00+00:00,1.1286471227677806,0.9997809137172782
2026-08-18T21:20:00+00:00,1.1288844859723801,0.9995706520714633
2026-08-18T21:25:00+00:00,1.129243953621478,0.9992523614785176
2026-08-18T21:30:00+00:00,1.128977189638028,0.9994884172391573
2026-08-18T21:35:00+00:00,1.128977189638028,0.9994884172391573
2026-08-18T21:40:00+00:00,1.128977189638028,0.9994884172391573
2026-08-18T21:45:00+00:00,1.1289665266373137,0.9994978572400756
2026-08-18T21:50:00+00:00,1.1289665266373137,0.9994978572400756
2026-08-18T21:55:00+00:00,1.1285933321866874,0.9998282541517058
2026-08-18T22:00:00+00:00,1.1290726781040863,0.9994035984514997
2026-08-18T22:05:00+00:00,1.1292325411568431,0.9992620225774816
2026-08-18T22:10:00+00:00,1.1292325411568431,0.9992620225774816
2026-08-18T22:15:00+00:00,1.1284002616688886,0.9999985097527727
2026-08-18T22:20:00+00:00,1.1277508134779783,1.0005740566089132
2026-08-18T22:25:00+00:00,1.127793326796992,1.0005363375281047
2026-08-18T22:30:00+00:00,1.1283460624519726,1.000045970991333
2026-08-18T22:35:00+00:00,1.1286653878820498,0.9997629372494241
2026-08-18T22:40:00+00:00,1.1299971653088476,0.9985832592631289
2026-08-18T22:45:00+00:00,1.1300292413784871,0.9985549135051497
2026-08-18T22:50:00+00:00,1.1299864696433857,0.9985927089220122
2026-08-18T22:55:00+00:00,1.1306493562636064,0.9980069021326591
2026-08-18T23:00:00+00:00,1.1315276220285795,0.9972316703682803
2026-08-18T23:05:00+00:00,1.1308190753202882,0.9978561228373912
2026-08-18T23:10:00+00:00,1.1301491663733367,0.9984472741764111
2026-08-18T23:15:00+00:00,1.1304649238788596,0.9981683134603652
2026-08-18T23:20:00+00:00,1.1314068887707334,0.9973365853035688
2026-08-18T23:25:00+00:00,1.1301620645392443,0.9984338994181092
2026-08-18T23:30:00+00:00,1.130557846964784,0.998084248157594
2026-08-18T23:35:00+00:00,1.130557846964784,0.998084248157594
2026-08-18T23:40:00+00:00,1.1309862838266833,0.9977060807401045
2026-08-18T23:45:00+00:00,1.131007724324955,0.997687166880754
2026-08-18T23:50:00+00:00,1.1315116046904974,0.9972426827596177
2026-08-18T23:55:00+00:00,1.1319102026856225,0.9968913837253406
2026-08-19T00:00:00+00:00,1.1313708729621865,0.9973660248045542
2026-08-19T08:05:00+00:00,1.1225159154985973,1.0052026931084919
2026-08-19T08:10:00+00:00,1.1223691649493577,1.0053341068775743
2026-08-19T08:15:00+00:00,1.122976893127847,1.0047897495621507
2026-08-19T08:20:00+00:00,1.1231972904620124,1.004592547835601
2026-08-19T08:25:00+00:00,1.1230397710678863,1.0047334338676652
2026-08-19T08:30:00+00:00,1.1243413836937173,1.0035689392907072
2026-08-19T08:35:00+00:00,1.125099792721504,1.0028919956554352
2026-08-19T08:40:00+00:00,1.1246248265813819,1.0033153712024023
2026-08-19T08:45:00+00:00,1.124339701164569,1.0035694399587678
2026-08-19T08:50:00+00:00,1.123707694587186,1.0041335599362597
2026-08-19T08:55:00+00:00,1.1245489505816364,1.00338182229079
2026-08-19T09:00:00+00:00,1.1253181574195235,1.0026953967274423
2026-08-19T09:05:00+00:00,1.1252864743811368,1.0027236273540747
2026-08-19T09:10:00+00:00,1.1265536888793137,1.0015944340800274
2026-08-19T09:15:00+00:00,1.125727210439391,1.0023292381230884
2026-08-19T09:20:00+00:00,1.1266575984565843,1.0015008357323634
2026-08-19T09:25:00+00:00,1.1271875408829515,1.001029762902762
2026-08-19T09:30:00+00:00,1.128132650689594,1.0001907164109554
2026-08-19T09:35:00+00:00,1.1277439513089966,1.0005353332534077
2026-08-19T09:40:00+00:00,1.1269842565578927,1.0012093350426299
2026-08-19T09:45:00+00:00,1.128596689086713,0.9997768549608654
2026-08-19T09:50:00+00:00,1.128671265491112,0.9997107908267374
2026-08-19T09:55:00+00:00,1.129481112698224,0.998993475682262
2026-08-19T10:00:00+00:00,1.1289947580546509,0.9994236819599754
2026-08-19T10:05:00+00:00,1.1314535900442435,0.9972470421635303
2026-08-19T10:10:00+00:00,1.1317434365966563,0.9969915755499473
2026-08-19T10:15:00+00:00,1.1303663613660113,0.998203554064522
2026-08-19T10:20:00+00:00,1.1314367840566988,0.9972582855474154
2026-08-19T10:25:00+00:00,1.1319198453022639,0.9968325111370773
2026-08-19T10:30:00+00:00,1.1308879935773657,0.9977412180126747
2026-08-19T10:35:00+00:00,1.1306307348349167,0.9979681880154453
2026-08-19T10:40:00+00:00,1.1292917595449654,0.9991500546521287
2026-08-19T10:45:00+00:00,1.1298254513027846,0.9986778665355633
2026-08-19T10:50:00+00:00,1.130199565690633,0.9983471785002866
2026-08-19T10:55:00+00:00,1.1302311295334693,0.9983192969876806
2026-08-19T11:00:00+00:00,1.1308950958213482,0.9977328237076424
2026-08-19T11:05:00+00:00,1.1273576988391583,1.0008536941514672
2026-08-19T11:10:00+00:00,1.128069044594796,1.0002220785282636
2026-08-19T11:15:00+00:00,1.1284201497809923,0.9999107649958145
2026-08-19T11:20:00+00:00,1.1278770256998405,1.0003920357490685
2026-08-19T11:25:00+00:00,1.127781318535811,1.0004769250432715
2026-08-19T11:30:00+00:00,1.1278770013399855,1.0003920429512145
2026-08-19T11:35:00+00:00,1.1298230469665551,0.9986659606233302
2026-08-19T11:40:00+00:00,1.1293420255739435,0.9990911419757755
2026-08-19T11:45:00+00:00,1.1303668949749521,0.9981844742727745
2026-08-19T11:50:00+00:00,1.1308052918423317,0.9977970472096016
2026-08-19T11:55:00+00:00,1.1306874072606967,0.9979010693596211
2026-08-19T12:00:00+00:00,1.1295838690365427,0.9988750096077311
2026-08-19T12:05:00+00:00,1.129605234345206,0.9988561165680183
2026-08-19T12:10:00+00:00,1.128729206982564,0.9996307458480989
2026-08-19T12:15:00+00:00,1.128729206982564,0.9996307458480989
2026-08-19T12:20:00+00:00,1.1279085068037382,1.0003575784017371
2026-08-19T12:25:00+00:00,1.12713213513462,1.0010461531204966
2026-08-19T12:30:00+00:00,1.1255083007026463,1.002488338256348
2026-08-19T12:35:00+00:00,1.1238280590278888,1.0039849266718623
2026-08-19T12:40:00+00:00,1.1216561957843685,1.0059247248730745
2026-08-19T12:45:00+00:00,1.1202793952116255,1.0071594684090588
2026-08-19T12:50:00+00:00,1.1190601143814882,1.0060633041504183
2026-08-19T12:55:00+00:00,1.1187173350938484,1.0057551369141051
2026-08-19T13:00:00+00:00,1.1174201211153074,1.0045889087868856
2026-08-19T13:05:00+00:00,1.1203468207384044,1.0072200856604319
2026-08-19T13:10:00+00:00,1.119804804859963,1.0067327996973643
2026-08-19T13:15:00+00:00,1.1186286705053028,1.005675425209821
2026-08-19T13:20:00+00:00,1.1194068985092096,1.0063750718391047
2026-08-19T13:25:00+00:00,1.118283834439758,1.0053654088782282
2026-08-19T13:30:00+00:00,1.1217046136886006,1.0084407758130616
2026-08-19T13:35:00+00:00,1.1238168585429864,1.0103397372808758
2026-08-19T13:40:00+00:00,1.1328565315913333,1.0184666316439066
2026-08-19T13:45:00+00:00,1.1302156896210016,1.016092448019393
2026-08-19T13:50:00+00:00,1.1371974668116214,1.0159721593946285
2026-08-19T13:55:00+00:00,1.1395310966867478,1.0159721593946285
2026-08-19T14:00:00+00:00,1.1372596470284515,1.0159721593946285
2026-08-19T14:05:00+00:00,1.138993196051355,1.0159721593946285
2026-08-19T14:10:00+00:00,1.1407468641221086,1.0159721593946285
2026-08-19T14:15:00+00:00,1.1442684825171674,1.0159721593946285
2026-08-19T14:20:00+00:00,1.143546201968432,1.0159721593946285
2026-08-19T14:25:00+00:00,1.1421924995510186,1.0159721593946285
2026-08-19T14:30:00+00:00,1.138855404811313,1.0159721593946285
2026-08-19T14:35:00+00:00,1.138811590594588,1.0159721593946285
2026-08-19T14:40:00+00:00,1.134758358078368,1.0159721593946285
2026-08-19T14:45:00+00:00,1.1361344087866814,1.0159721593946285
2026-08-19T14:50:00+00:00,1.138858162481576,1.0159721593946285
2026-08-19T14:55:00+00:00,1.1371218460253194,1.0159721593946285
2026-08-19T15:00:00+00:00,1.135519949021178,1.0159721593946285
2026-08-19T15:05:00+00:00,1.1384631864792192,1.0159721593946285
2026-08-19T15:10:00+00:00,1.138506945856427,1.0159721593946285
2026-08-19T15:15:00+00:00,1.1361987743672106,1.0159721593946285
2026-08-19T15:20:00+00:00,1.1365139716614738,1.0159721593946285
2026-08-19T15:25:00+00:00,1.1368295018545542,1.0159721593946285
2026-08-19T15:30:00+00:00,1.136197506157175,1.0159721593946285
2026-08-19T15:35:00+00:00,1.1374475472524568,1.0159721593946285
2026-08-19T15:40:00+00:00,1.1375021144911925,1.0159721593946285
2026-08-19T15:45:00+00:00,1.1364974595474093,1.0159721593946285
2026-08-19T15:50:00+00:00,1.1380874312022935,1.0159721593946285
2026-08-19T15:55:00+00:00,1.1387323002787961,1.0159721593946285
2026-08-19T16:00:00+00:00,1.1369686324943469,1.0159721593946285
2026-08-19T16:05:00+00:00,1.1354856676084664,1.0159721593946285
2026-08-19T16:10:00+00:00,1.1344431716825492,1.0159721593946285
2026-08-19T16:15:00+00:00,1.1355419037902954,1.0159721593946285
2026-08-19T16:20:00+00:00,1.1346998471273175,1.0159721593946285
2026-08-19T16:25:00+00:00,1.1352741744422883,1.0159721593946285
2026-08-19T16:30:00+00:00,1.1359795492810925,1.0159721593946285
2026-08-19T16:35:00+00:00,1.1354575095612218,1.0159721593946285
2026-08-19T16:40:00+00:00,1.1347734859319465,1.0159721593946285
2026-08-19T16:45:00+00:00,1.134870984978573,1.0159721593946285
2026-08-19T16:50:00+00:00,1.13553211483309,1.0159721593946285
2026-08-19T16:55:00+00:00,1.135977470374407,1.0159721593946285
2026-08-19T17:00:00+00:00,1.1369618364993141,1.0159721593946285
2026-08-19T17:05:00+00:00,1.137141720627204,1.0159721593946285
2026-08-19T17:10:00+00:00,1.1376322518958246,1.0159721593946285
2026-08-19T17:15:00+00:00,1.1377577327013912,1.0159721593946285
2026-08-19T17:20:00+00:00,1.1384678927070484,1.0159721593946285
2026-08-19T17:25:00+00:00,1.1385171343958613,1.0159721593946285
2026-08-19T17:30:00+00:00,1.1383200479906743,1.0159721593946285
2026-08-19T17:35:00+00:00,1.1384457444410536,1.0159721593946285
2026-08-19T17:40:00+00:00,1.1389657350696827,1.0159721593946285
2026-08-19T17:45:00+00:00,1.138511061425245,1.0159721593946285
2026-08-19T17:50:00+00:00,1.1384836386391668,1.0159721593946285
2026-08-19T17:55:00+00:00,1.1385684525179038,1.0159721593946285
2026-08-19T18:00:00+00:00,1.1388937247134319,1.0159721593946285
2026-08-19T18:05:00+00:00,1.1389325092040135,1.0159721593946285
2026-08-19T18:10:00+00:00,1.1412664771130037,1.0159721593946285
2026-08-19T18:15:00+00:00,1.1410899659198228,1.0159721593946285
2026-08-19T18:20:00+00:00,1.1406216105651825,1.0159721593946285
2026-08-19T18:25:00+00:00,1.1407812153551786,1.0159721593946285
2026-08-19T18:30:00+00:00,1.1394485757426756,1.0159721593946285
2026-08-19T18:35:00+00:00,1.1376047165256549,1.0159721593946285
2026-08-19T18:40:00+00:00,1.139144975664061,1.0159721593946285
2026-08-19T18:45:00+00:00,1.1375658148693593,1.0159721593946285
2026-08-19T18:50:00+00:00,1.1381173577455346,1.0159721593946285
2026-08-19T18:55:00+00:00,1.1380462433106537,1.0159721593946285
2026-08-19T19:00:00+00:00,1.138543796497521,1.0159721593946285
2026-08-19T19:05:00+00:00,1.138439787532687,1.0159721593946285
2026-08-19T19:10:00+00:00,1.1379473682672805,1.0159721593946285
2026-08-19T19:15:00+00:00,1.137892721472397,1.0159721593946285
2026-08-19T19:20:00+00:00,1.1376632578929449,1.0159721593946285
2026-08-19T19:25:00+00:00,1.136947872781421,1.0159721593946285
2026-08-19T19:30:00+00:00,1.1370623041178316,1.0159721593946285
2026-08-19T19:35:00+00:00,1.1365063587672382,1.0159721593946285
2026-08-19T19:40:00+00:00,1.1379438327713403,1.0159721593946285
2026-08-19T19:45:00+00:00,1.1379547491196522,1.0159721593946285
2026-08-19T19:50:00+00:00,1.1385998376732973,1.0159721593946285
2026-08-19T19:55:00+00:00,1.1397550926243971,1.0159721593946285
2026-08-19T20:00:00+00:00,1.1389371467888303,1.0159721593946285
2026-08-19T20:05:00+00:00,1.1376440705739141,1.0159721593946285
2026-08-19T20:10:00+00:00,1.1377043546794106,1.0159721593946285
2026-08-19T20:15:00+00:00,1.1381246628657449,1.0159721593946285
2026-08-19T20:20:00+00:00,1.1384855140587904,1.0159721593946285
2026-08-19T20:25:00+00:00,1.1384636234743792,1.0159721593946285
2026-08-19T20:30:00+00:00,1.1383760661874365,1.0159721593946285
2026-08-19T20:35:00+00:00,1.1383760661874365,1.0159721593946285
2026-08-19T20:40:00+00:00,1.138102512786165,1.0159721593946285
2026-08-19T20:45:00+00:00,1.1376224991406092,1.0159721593946285
2026-08-19T20:50:00+00:00,1.137938099514457,1.0159721593946285
2026-08-19T20:55:00+00:00,1.1369325835019775,1.0159721593946285
2026-08-19T21:00:00+00:00,1.1363875535002987,1.0159721593946285
2026-08-19T21:05:00+00:00,1.1368120660921235,1.0159721593946285
2026-08-19T21:10:00+00:00,1.135842220097202,1.0159721593946285
2026-08-19T21:15:00+00:00,1.1365813327380307,1.0159721593946285
2026-08-19T21:20:00+00:00,1.137202094073032,1.0159721593946285
2026-08-19T21:25:00+00:00,1.1362808785637326,1.0159721593946285
2026-08-19T21:30:00+00:00,1.1366884074584271,1.0159721593946285
2026-08-19T21:35:00+00:00,1.1357865210705804,1.0159721593946285
2026-08-19T21:40:00+00:00,1.1359798587742613,1.0159721593946285
2026-08-19T21:45:00+00:00,1.136055972056144,1.0159721593946285
2026-08-19T21:50:00+00:00,1.136149256872307,1.0159721593946285
2026-08-19T21:55:00+00:00,1.135805614724148,1.0159721593946285
2026-08-19T22:00:00+00:00,1.1358485446246145,1.0159721593946285
2026-08-19T22:05:00+00:00,1.135294740456418,1.0159721593946285
2026-08-19T22:10:00+00:00,1.1352187647089687,1.0159721593946285
2026-08-19T22:15:00+00:00,1.134502565744482,1.0159721593946285
2026-08-19T22:20:00+00:00,1.1345902967392936,1.0159721593946285
2026-08-19T22:25:00+00:00,1.134524212388802,1.0159721593946285
2026-08-19T22:30:00+00:00,1.1347516761422167,1.0159721593946285
2026-08-19T22:35:00+00:00,1.134605361456181,1.0159721593946285
2026-08-19T22:40:00+00:00,1.1335490529326677,1.0159721593946285
2026-08-19T22:45:00+00:00,1.1336678939725093,1.0159721593946285
2026-08-19T22:50:00+00:00,1.1335382084174315,1.0159721593946285
2026-08-19T22:55:00+00:00,1.1335382084174315,1.0159721593946285
2026-08-19T23:00:00+00:00,1.1335057981526184,1.0159721593946285
2026-08-19T23:05:00+00:00,1.1331277108283513,1.0159721593946285
2026-08-19T23:10:00+00:00,1.1333136516898519,1.0159721593946285
2026-08-19T23:15:00+00:00,1.133883409739967,1.0159721593946285
2026-08-19T23:20:00+00:00,1.1340996758871613,1.0159721593946285
2026-08-19T23:25:00+00:00,1.1336668960070289,1.0159721593946285
2026-08-19T23:30:00+00:00,1.1342072520108453,1.0159721593946285
2026-08-19T23:35:00+00:00,1.1334172030662193,1.0159721593946285
2026-08-19T23:40:00+00:00,1.1334496030777415,1.0159721593946285
2026-08-19T23:45:00+00:00,1.1328231491328349,1.0159721593946285
2026-08-19T23:50:00+00:00,1.1331367199634088,1.0159721593946285
2026-08-19T23:55:00+00:00,1.1331250646030933,1.0159721593946285
2026-08-20T00:00:00+00:00,1.1334488146215511,1.0159721593946285
2026-08-20T08:05:00+00:00,1.1335890905824209,1.0159721593946285
2026-08-20T08:10:00+00:00,1.1330487716641262,1.0159721593946285
2026-08-20T08:15:00+00:00,1.1351961688599468,1.0159721593946285
2026-08-20T08:20:00+00:00,1.1352070213882814,1.0159721593946285
2026-08-20T08:25:00+00:00,1.137030298439842,1.0159721593946285
2026-08-20T08:30:00+00:00,1.136724950013191,1.0159721593946285
2026-08-20T08:35:00+00:00,1.1380216358744983,1.0159721593946285
2026-08-20T08:40:00+00:00,1.1363596838688401,1.0159721593946285
2026-08-20T08:45:00+00:00,1.136283480950948,1.0159721593946285
2026-08-20T08:50:00+00:00,1.138645296232235,1.0159721593946285
2026-08-20T08:55:00+00:00,1.1379115060042033,1.0159721593946285
2026-08-20T09:00:00+00:00,1.1384143295323128,1.0159721593946285
2026-08-20T09:05:00+00:00,1.1371446573703083,1.0159721593946285
2026-08-20T09:10:00+00:00,1.1361192199394488,1.0159721593946285
2026-08-20T09:15:00+00:00,1.136489121244443,1.0159721593946285
2026-08-20T09:20:00+00:00,1.1371425262585737,1.0159721593946285
2026-08-20T09:25:00+00:00,1.1371425262585737,1.0159721593946285
2026-08-20T09:30:00+00:00,1.1365970818388411,1.0159721593946285
2026-08-20T09:35:00+00:00,1.1367931595412861,1.0159721593946285
2026-08-20T09:40:00+00:00,1.1373163041153962,1.0159721593946285
2026-08-20T09:45:00+00:00,1.1370216286565915,1.0159721593946285
2026-08-20T09:50:00+00:00,1.136769809185709,1.0159721593946285
2026-08-20T09:55:00+00:00,1.136268491825367,1.0159721593946285
2026-08-20T10:00:00+00:00,1.1353977880002135,1.0159721593946285
2026-08-20T10:05:00+00:00,1.1353977880002135,1.0159721593946285
2026-08-20T10:10:00+00:00,1.1353977880002135,1.0159721593946285
2026-08-20T10:15:00+00:00,1.1351806116826924,1.0159721593946285
2026-08-20T10:20:00+00:00,1.1361333156596392,1.0159721593946285
2026-08-20T10:25:00+00:00,1.1357198755884386,1.0159721593946285
2026-08-20T10:30:00+00:00,1.1362634723433163,1.0159721593946285
2026-08-20T10:35:00+00:00,1.1362634723433163,1.0159721593946285
2026-08-20T10:40:00+00:00,1.1356757498576215,1.0159721593946285
2026-08-20T10:45:00+00:00,1.1368035145198505,1.0159721593946285
2026-08-20T10:50:00+00:00,1.1357268800285265,1.0159721593946285
2026-08-20T10:55:00+00:00,1.1356290643581763,1.0159721593946285
2026-08-20T11:00:00+00:00,1.1361614787650953,1.0159721593946285
2026-08-20T11:05:00+00:00,1.1367272853970534,1.0159721593946285
2026-08-20T11:10:00+00:00,1.1368035655799416,1.0159721593946285
2026-08-20T11:15:00+00:00,1.1372831375539159,1.0159721593946285
2026-08-20T11:20:00+00:00,1.1378942750016476,1.0159721593946285
2026-08-20T11:25:00+00:00,1.1384408140386322,1.0159721593946285
2026-08-20T11:30:00+00:00,1.1400171167042243,1.0159721593946285
2026-08-20T11:35:00+00:00,1.1395334013665808,1.0159721593946285
2026-08-20T11:40:00+00:00,1.1391930782891013,1.0159721593946285
2026-08-20T11:45:00+00:00,1.1395330966348578,1.0159721593946285
2026-08-20T11:50:00+00:00,1.1415640563928293,1.0159721593946285
2026-08-20T11:55:00+00:00,1.1424028736439737,1.0159721593946285
2026-08-20T12:00:00+00:00,1.14284533103999,1.0159721593946285
2026-08-20T12:05:00+00:00,1.144384658362366,1.0159721593946285
2026-08-20T12:10:00+00:00,1.1444957751778317,1.0159721593946285
2026-08-20T12:15:00+00:00,1.1456080159700357,1.0159721593946285
2026-08-20T12:20:00+00:00,1.1458311139283552,1.0159721593946285
2026-08-20T12:25:00+00:00,1.1436988976243083,1.0159721593946285
2026-08-20T12:30:00+00:00,1.1444869512503184,1.0159721593946285
2026-08-20T12:35:00+00:00,1.1449207218149324,1.0159721593946285
2026-08-20T12:40:00+00:00,1.145210231246447,1.0159721593946285
2026-08-20T12:45:00+00:00,1.1429369716651074,1.0159721593946285
2026-08-20T12:50:00+00:00,1.1420399364002234,1.0159721593946285
2026-08-20T12:55:00+00:00,1.1409348077603934,1.0159721593946285
2026-08-20T13:00:00+00:00,1.1412433472100485,1.0159721593946285
2026-08-20T13:05:00+00:00,1.1411760751253013,1.0159721593946285
2026-08-20T13:10:00+00:00,1.1416513069583338,1.0159721593946285
2026-08-20T13:15:00+00:00,1.141927308144621,1.0159721593946285
2026-08-20T13:20:00+00:00,1.1409771751289435,1.0159721593946285
2026-08-20T13:25:00+00:00,1.141153503556889,1.0159721593946285
2026-08-20T13:30:00+00:00,1.13949965789956,1.0159721593946285
2026-08-20T13:35:00+00:00,1.1365895273622277,1.0159721593946285
2026-08-20T13:40:00+00:00,1.1349774191509923,1.0159721593946285
2026-08-20T13:45:00+00:00,1.136187334718431,1.0159721593946285
2026-08-20T13:50:00+00:00,1.140121583980776,1.0159721593946285
2026-08-20T13:55:00+00:00,1.1402052366825888,1.0159721593946285
2026-08-20T14:00:00+00:00,1.141204720449419,1.0159721593946285
2026-08-20T14:05:00+00:00,1.1410943661216817,1.0159721593946285
2026-08-20T14:10:00+00:00,1.1374467497381695,1.0159721593946285
2026-08-20T14:15:00+00:00,1.1368354878964866,1.0159721593946285
2026-08-20T14:20:00+00:00,1.1397586834638789,1.0159721593946285
2026-08-20T14:25:00+00:00,1.1355047871605377,1.0159721593946285
2026-08-20T14:30:00+00:00,1.1371782811887408,1.0159721593946285
2026-08-20T14:35:00+00:00,1.1373419560801554,1.0159721593946285
2026-08-20T14:40:00+00:00,1.133952119642089,1.0159721593946285
2026-08-20T14:45:00+00:00,1.1331350095234713,1.0159721593946285
2026-08-20T14:50:00+00:00,1.135111634792444,1.0143405072738687
2026-08-20T14:55:00+00:00,1.1359692615049375,1.0135742338238687
2026-08-20T15:00:00+00:00,1.1347399988205924,1.014671049579079
2026-08-20T15:05:00+00:00,1.1331627355556442,1.016081670719479
2026-08-20T15:10:00+00:00,1.1354357342485715,1.0140435236493495
2026-08-20T15:15:00+00:00,1.1356312932188237,1.0138688836477332
2026-08-20T15:20:00+00:00,1.1360442679643825,1.0135001610851588
2026-08-20T15:25:00+00:00,1.1371324839640968,1.0125294099157123
2026-08-20T15:30:00+00:00,1.1369905199117707,1.012655754988075
2026-08-20T15:35:00+00:00,1.1367842680327198,1.0111549911267832
2026-08-20T15:40:00+00:00,1.1367842680327198,1.0099728723141452
2026-08-20T15:45:00+00:00,1.1367842680327198,1.0101287357314157
2026-08-20T15:50:00+00:00,1.1367842680327198,1.0110637335005712
2026-08-20T15:55:00+00:00,1.1367842680327198,1.0118811790716185
2026-08-20T16:00:00+00:00,1.1367842680327198,1.0123332964680467
2026-08-20T16:05:00+00:00,1.1367842680327198,1.0118619725722402
2026-08-20T16:10:00+00:00,1.1367842680327198,1.0123043489138859
2026-08-20T16:15:00+00:00,1.1367842680327198,1.011512359549388
2026-08-20T16:20:00+00:00,1.1367842680327198,1.0119305761198476
2026-08-20T16:25:00+00:00,1.1367842680327198,1.012708348669391
2026-08-20T16:30:00+00:00,1.1367842680327198,1.0123210200762687
2026-08-20T16:35:00+00:00,1.1367842680327198,1.011794912666771
2026-08-20T16:40:00+00:00,1.1367842680327198,1.0119699562129367
2026-08-20T16:45:00+00:00,1.1367842680327198,1.0123977074555974
2026-08-20T16:50:00+00:00,1.1367842680327198,1.0125046164780427
2026-08-20T16:55:00+00:00,1.1367842680327198,1.012392872472698
2026-08-20T17:00:00+00:00,1.1367842680327198,1.013068254641647
2026-08-20T17:05:00+00:00,1.1367842680327198,1.0129954195421451
2026-08-20T17:10:00+00:00,1.1367842680327198,1.0124661056921618
2026-08-20T17:15:00+00:00,1.1367842680327198,1.0127673311533671
2026-08-20T17:20:00+00:00,1.1367842680327198,1.0116501730177772
2026-08-20T17:25:00+00:00,1.1367842680327198,1.0117863315395277
2026-08-20T17:30:00+00:00,1.1367842680327198,1.0116939546106913
2026-08-20T17:35:00+00:00,1.1362498765556146,1.0111639146773603
2026-08-20T17:40:00+00:00,1.1368074675054434,1.0116601222979293
2026-08-20T17:45:00+00:00,1.136938605233776,1.0117768235108215
2026-08-20T17:50:00+00:00,1.1372445725408717,1.012049107896844
2026-08-20T17:55:00+00:00,1.1375285978732452,1.0123018658270109
2026-08-20T18:00:00+00:00,1.1373756995255206,1.0121657995487892
2026-08-20T18:05:00+00:00,1.1366712020356098,1.0115388578395077
2026-08-20T18:10:00+00:00,1.1354416363893516,1.0104446509772003
2026-08-20T18:15:00+00:00,1.135737070185598,1.0107075614514753
2026-08-20T18:20:00+00:00,1.1358027011799507,1.0107659673484028
2026-08-20T18:25:00+00:00,1.13571247509824,1.0106856739553112
2026-08-20T18:30:00+00:00,1.1357644386993129,1.0107319170567326
2026-08-20T18:35:00+00:00,1.1346978918362847,1.009782782783138
2026-08-20T18:40:00+00:00,1.1350974989877953,1.0101383985151984
2026-08-20T18:45:00+00:00,1.1351799102510396,1.0102117373971424
2026-08-20T18:50:00+00:00,1.1363943453443037,1.011292479378606
2026-08-20T18:55:00+00:00,1.1363943453443037,1.011292479378606
2026-08-20T19:00:00+00:00,1.136667648878432,1.0115356958375614
2026-08-20T19:05:00+00:00,1.1373809732157414,1.0121704926760309
2026-08-20T19:10:00+00:00,1.1381864117961606,1.0128872632075954
2026-08-20T19:15:00+00:00,1.137755309150478,1.0125036192153447
2026-08-20T19:20:00+00:00,1.1379463994372303,1.0126736730093175
2026-08-20T19:25:00+00:00,1.1390872733876038,1.0136889519489378
2026-08-20T19:30:00+00:00,1.1391891340570388,1.0137795991167684
2026-08-20T19:35:00+00:00,1.138645592088425,1.0132958938718968
2026-08-20T19:40:00+00:00,1.1390438085968588,1.0136502720521414
2026-08-20T19:45:00+00:00,1.1386020811751913,1.0132571729300826
2026-08-20T19:50:00+00:00,1.1388421134624833,1.0134707808628753
2026-08-20T19:55:00+00:00,1.1382967076068382,1.0129854169200834
2026-08-20T20:00:00+00:00,1.1392243364120715,1.0138109261618626
2026-08-20T20:05:00+00:00,1.1394969563834536,1.0140535343092163
2026-08-20T20:10:00+00:00,1.1393879344779443,1.013956514261923
2026-08-20T20:15:00+00:00,1.1386574178118198,1.0133064177408173
2026-08-20T20:20:00+00:00,1.1391701987810736,1.0137627483622247
2026-08-20T20:25:00+00:00,1.139061145535929,1.0136657004253722
2026-08-20T20:30:00+00:00,1.139061145535929,1.0136657004253722
2026-08-20T20:35:00+00:00,1.139061145535929,1.0136657004253722
2026-08-20T20:40:00+00:00,1.1388866436369576,1.0135104088588573
2026-08-20T20:45:00+00:00,1.1389740341733594,1.0135881788623724
2026-08-20T20:50:00+00:00,1.139115827845736,1.0137143629419443
2026-08-20T20:55:00+00:00,1.1389849576692483,1.0135978998270059
2026-08-20T21:00:00+00:00,1.1393339849100257,1.0139085038221265
2026-08-20T21:05:00+00:00,1.1393339849100257,1.0139085038221265
2026-08-20T21:10:00+00:00,1.1393339849100257,1.0139085038221265
2026-08-20T21:15:00+00:00,1.1388433156658784,1.0134718507197054
2026-08-20T21:20:00+00:00,1.1388433156658784,1.0134718507197054
2026-08-20T21:25:00+00:00,1.1388214987441223,1.0134524355501513
2026-08-20T21:30:00+00:00,1.1388214987441223,1.0134524355501513
2026-08-20T21:35:00+00:00,1.1398249962113338,1.0143454613257759
2026-08-20T21:40:00+00:00,1.1388440796913584,1.0134725306361667
2026-08-20T21:45:00+00:00,1.1388556635167097,1.0134828392367934
2026-08-20T21:50:00+00:00,1.1388556635167097,1.0134828392367934
2026-08-20T21:55:00+00:00,1.1388556635167097,1.0134828392367934
2026-08-20T22:00:00+00:00,1.1388774802570694,1.0135022542449204
2026-08-20T22:05:00+00:00,1.1382993477124492,1.0129877663852669
2026-08-20T22:10:00+00:00,1.1382993477124492,1.0129877663852669
2026-08-20T22:15:00+00:00,1.1382993477124492,1.0129877663852669
2026-08-20T22:20:00+00:00,1.137753662502616,1.012502153841458
2026-08-20T22:25:00+00:00,1.137753662502616,1.012502153841458
2026-08-20T22:30:00+00:00,1.137753662502616,1.012502153841458
2026-08-20T22:35:00+00:00,1.13809422427549,1.012805224303822
2026-08-20T22:40:00+00:00,1.138834416177383,1.0134639309462372
2026-08-20T22:45:00+00:00,1.1388453247619934,1.0134736386411254
2026-08-20T22:50:00+00:00,1.1389762265234604,1.0135901298639578
2026-08-20T22:55:00+00:00,1.1394888661718803,1.014046334722071
2026-08-20T23:00:00+00:00,1.139273000200945,1.0138542327164117
2026-08-20T23:05:00+00:00,1.139273000200945,1.0138542327164117
2026-08-20T23:10:00+00:00,1.1391726798323152,1.0137649562828044
2026-08-20T23:15:00+00:00,1.1391726798323152,1.0137649562828044
2026-08-20T23:20:00+00:00,1.1392272065736437,1.0138134803569134
2026-08-20T23:25:00+00:00,1.1392272170138797,1.0138134896478186
2026-08-20T23:30:00+00:00,1.1392272170138797,1.0138134896478186
2026-08-20T23:35:00+00:00,1.1392272170138797,1.0138134896478186
2026-08-20T23:40:00+00:00,1.1388455480888726,1.0134738373826928
2026-08-20T23:45:00+00:00,1.1388455898998433,1.0134738745908332
2026-08-20T23:50:00+00:00,1.1388455898998433,1.0134738745908332
2026-08-20T23:55:00+00:00,1.1380248402146207,1.0127434785029623
2026-08-21T00:00:00+00:00,1.1381910962797936,1.0128914319920388
2026-08-21T08:05:00+00:00,1.1467632386407844,1.0205198957707866
2026-08-21T08:10:00+00:00,1.1445206736406084,1.0185242072771865
2026-08-21T08:15:00+00:00,1.143250648423742,1.0173939949035504
2026-08-21T08:20:00+00:00,1.1432180474585194,1.017364982869933
2026-08-21T08:25:00+00:00,1.142142184925977,1.0164075584578327
2026-08-21T08:30:00+00:00,1.1437085513510183,1.0178014888237177
2026-08-21T08:35:00+00:00,1.1436651006804253,1.0177628214926324
2026-08-21T08:40:00+00:00,1.1442516322537528,1.0182847837599163
2026-08-21T08:45:00+00:00,1.1450985183063944,1.0190384389496274
2026-08-21T08:50:00+00:00,1.1449683244325628,1.01892257768544
2026-08-21T08:55:00+00:00,1.1454023126611623,1.019308789596402
2026-08-21T09:00:00+00:00,1.1454023126611623,1.019308789596402
2026-08-21T09:05:00+00:00,1.1436668546116757,1.0177643823394378
2026-08-21T09:10:00+00:00,1.1428629854319523,1.0170490084384773
2026-08-21T09:15:00+00:00,1.1439393658854278,1.0180068937553213
2026-08-21T09:20:00+00:00,1.1440479711608371,1.0181035430379337
2026-08-21T09:25:00+00:00,1.1444171940466414,1.0184321194068306
2026-08-21T09:30:00+00:00,1.1444606185382573,1.0184707634408952
2026-08-21T09:35:00+00:00,1.144102384322677,1.0181519660361416
2026-08-21T09:40:00+00:00,1.1453728852619876,1.0192826017615235
2026-08-21T09:45:00+00:00,1.1459260797346693,1.0197748968984615
2026-08-21T09:50:00+00:00,1.1456225116693446,1.0195047476296797
2026-08-21T09:55:00+00:00,1.1459478493761797,1.0197942699926945
2026-08-21T10:00:00+00:00,1.1458502757655422,1.019707437935647
2026-08-21T10:05:00+00:00,1.14663079990433,1.0204020367734212
2026-08-21T10:10:00+00:00,1.1464902326273587,1.0202769440794721
2026-08-21T10:15:00+00:00,1.1464902326273587,1.0202769440794721
2026-08-21T10:20:00+00:00,1.1464902326273587,1.0202769440794721
2026-08-21T10:25:00+00:00,1.1464902326273587,1.0202769440794721
2026-08-21T10:30:00+00:00,1.1464902326273587,1.0202769440794721
2026-08-21T10:35:00+00:00,1.1464902326273587,1.0202769440794721
2026-08-21T10:40:00+00:00,1.1461609146862477,1.019983879652907
2026-08-21T10:45:00+00:00,1.1462518581419892,1.0200648114467132
2026-08-21T10:50:00+00:00,1.1465119856486592,1.0202963023831586
2026-08-21T10:55:00+00:00,1.1465119856486592,1.0202963023831586
2026-08-21T11:00:00+00:00,1.1464469685234664,1.0202384427765814
2026-08-21T11:05:00+00:00,1.1449187972487296,1.0188785027842053
2026-08-21T11:10:00+00:00,1.1457315582942602,1.0196017896751024
2026-08-21T11:15:00+00:00,1.1443229759439015,1.018348273461
2026-08-21T11:20:00+00:00,1.1456255172537055,1.0195074223392757
2026-08-21T11:25:00+00:00,1.1475449001636608,1.021215506781827
2026-08-21T11:30:00+00:00,1.1474691146069202,1.0211480642044406
2026-08-21T11:35:00+00:00,1.147977994097263,1.021600922847747
2026-08-21T11:40:00+00:00,1.1486642441171142,1.0222116258901304
2026-08-21T11:45:00+00:00,1.1484326743282316,1.022005548847502
2026-08-21T11:50:00+00:00,1.1479674940780753,1.021591578740676
2026-08-21T11:55:00+00:00,1.147577882966879,1.021244858618168
2026-08-21T12:00:00+00:00,1.1470365726447247,1.0207631393452348
2026-08-21T12:05:00+00:00,1.1464971730099967,1.0202831204185172
2026-08-21T12:10:00+00:00,1.1473727554423807,1.0210623128991676
2026-08-21T12:15:00+00:00,1.1470370826972578,1.0207635932477843
2026-08-21T12:20:00+00:00,1.1475678175136144,1.0212359012371057
2026-08-21T12:25:00+00:00,1.146939782936604,1.0206770048934883
2026-08-21T12:30:00+00:00,1.1475356648558819,1.0212072881583008
2026-08-21T12:35:00+00:00,1.1473841982816213,1.0210724960343742
2026-08-21T12:40:00+00:00,1.1476332435853138,1.0212941247706318
2026-08-21T12:45:00+00:00,1.1477198578236976,1.0213712039361904
2026-08-21T12:50:00+00:00,1.1480445815784677,1.0216601799350766
2026-08-21T12:55:00+00:00,1.1475887661289637,1.0212545436892113
2026-08-21T13:00:00+00:00,1.14801228430952,1.021631438164823
2026-08-21T13:05:00+00:00,1.1470707583976145,1.0207935617025272
2026-08-21T13:10:00+00:00,1.146821644773805,1.020571872167287
2026-08-21T13:15:00+00:00,1.146290809136228,1.0200994744558172
2026-08-21T13:20:00+00:00,1.1458789499547906,1.0197329554789698
2026-08-21T13:25:00+00:00,1.1461262627383995,1.0199530424225054
2026-08-21T13:30:00+00:00,1.1464537958019398,1.0202445184627227
2026-08-21T13:35:00+00:00,1.1429623220311322,1.0171374094025347
2026-08-21T13:40:00+00:00,1.140853418834954,1.0152606683304146
2026-08-21T13:45:00+00:00,1.1402108992500815,1.0146888815851733
2026-08-21T13:50:00+00:00,1.1428205637286886,1.0170112567991376
2026-08-21T13:55:00+00:00,1.13956489284232,1.0141139918697535
2026-08-21T14:00:00+00:00,1.1393686637195888,1.0139393649571276
2026-08-21T14:05:00+00:00,1.1364781689778598,1.011367075147723
2026-08-21T14:10:00+00:00,1.1369537240237497,1.0117902779235985
2026-08-21T14:15:00+00:00,1.1333807653601222,1.0086106543708586
2026-08-21T14:20:00+00:00,1.1317966397032801,1.0072009198278116
2026-08-21T14:25:00+00:00,1.1333444600187732,1.0085783457635358
2026-08-21T14:30:00+00:00,1.134616324703699,1.0097101951043235
2026-08-21T14:35:00+00:00,1.1347477285240728,1.0098271331160709
2026-08-21T14:40:00+00:00,1.1341673554432015,1.0093106513733345
2026-08-21T14:45:00+00:00,1.1339920821930647,1.0091546733711332
2026-08-21T14:50:00+00:00,1.1344523014909897,1.0095642286604245
2026-08-21T14:55:00+00:00,1.1322071408309877,1.0075662302545376
2026-08-21T15:00:00+00:00,1.1319327807702695,1.0073220735784834
2026-08-21T15:05:00+00:00,1.1328932178975863,1.0081767793835155
2026-08-21T15:10:00+00:00,1.133370253621534,1.0086012998345364
2026-08-21T15:15:00+00:00,1.133847114087934,1.0090256643215292
2026-08-21T15:20:00+00:00,1.1330855153532304,1.0083479074531803
2026-08-21T15:25:00+00:00,1.1336995706386137,1.008894363438794
2026-08-21T15:30:00+00:00,1.1344667474282306,1.0095770842925822
2026-08-21T15:35:00+00:00,1.135545436118286,1.010537023739934
2026-08-21T15:40:00+00:00,1.1364152840701174,1.0113111130298833
2026-08-21T15:45:00+00:00,1.1359834160693105,1.0109267879379031
2026-08-21T15:50:00+00:00,1.1356060678285556,1.0112004968957127
2026-08-21T15:55:00+00:00,1.1367329254319176,1.0101971957130556
2026-08-21T16:00:00+00:00,1.1352518119215078,1.0115135838346705
2026-08-21T16:05:00+00:00,1.135005568059972,1.011732978817951
2026-08-21T16:10:00+00:00,1.1332759123417504,1.0132748931398574
2026-08-21T16:15:00+00:00,1.1334951859257438,1.013078832015606
2026-08-21T16:20:00+00:00,1.1342954266013288,1.0123634984265806
2026-08-21T16:25:00+00:00,1.1341858911533687,1.0124612572034142
2026-08-21T16:30:00+00:00,1.1343064091491706,1.0123536448852146
2026-08-21T16:35:00+00:00,1.1338356452027836,1.0127737600771738
2026-08-21T16:40:00+00:00,1.1344710601913672,1.0122060752507118
2026-08-21T16:45:00+00:00,1.134618916054251,1.0120741466631573
2026-08-21T16:50:00+00:00,1.133967349376032,1.0126553571406443
2026-08-21T16:55:00+00:00,1.1335126571290102,1.013061376565675
2026-08-21T17:00:00+00:00,1.1337154540383751,1.0128801045996751
2026-08-21T17:05:00+00:00,1.1339675066418682,1.0126549359483143
2026-08-21T17:10:00+00:00,1.1340661399097742,1.0125668158072565
2026-08-21T17:15:00+00:00,1.1340551849453209,1.0125765954467916
2026-08-21T17:20:00+00:00,1.1337922284326107,1.0128114068829455
2026-08-21T17:25:00+00:00,1.132992200093737,1.0135261669517097
2026-08-21T17:30:00+00:00,1.1340010431041634,1.0126237972964773
2026-08-21T17:35:00+00:00,1.134614577131558,1.0120759892941094
2026-08-21T17:40:00+00:00,1.1352934962300842,1.0114704269571266
2026-08-21T17:45:00+00:00,1.13592825198297,1.0109049021175
2026-08-21T17:50:00+00:00,1.1365024892293938,1.0103938763525753
2026-08-21T17:55:00+00:00,1.1365298209321126,1.0103695763088638
2026-08-21T18:00:00+00:00,1.136573554327762,1.010330689115002
2026-08-21T18:05:00+00:00,1.137131084481463,1.0098350658060133
2026-08-21T18:10:00+00:00,1.1368688524480577,1.0100679400179904
2026-08-21T18:15:00+00:00,1.1363715374744088,1.0105098750021504
2026-08-21T18:20:00+00:00,1.1367104604811828,1.010208528465183
2026-08-21T18:25:00+00:00,1.1372296068043646,1.009747244353753
2026-08-21T18:30:00+00:00,1.136208049165152,1.0106543369566305
2026-08-21T18:35:00+00:00,1.1357323538429913,1.011077485997794
2026-08-21T18:40:00+00:00,1.1359949068914874,1.0108437563838082
2026-08-21T18:45:00+00:00,1.1361644306723773,1.0106929174477075
2026-08-21T18:50:00+00:00,1.1364761008743867,1.0104156613682902
2026-08-21T18:55:00+00:00,1.1365416962371218,1.0103573434841064
2026-08-21T19:00:00+00:00,1.1369134273086046,1.0100268114285555
2026-08-21T19:05:00+00:00,1.1370992073502635,1.00986177343491
2026-08-21T19:10:00+00:00,1.1372631097097374,1.0097162081935736
2026-08-21T19:15:00+00:00,1.1369517364697017,1.0099926722603607
2026-08-21T19:20:00+00:00,1.137175758412006,1.0097936743914115
2026-08-21T19:25:00+00:00,1.1374926237070433,1.0095122819277418
2026-08-21T19:30:00+00:00,1.1374161663080633,1.0095801314480628
2026-08-21T19:35:00+00:00,1.1374489373166579,1.0095510436259052
2026-08-21T19:40:00+00:00,1.1368809050578985,1.0100552363833384
2026-08-21T19:45:00+00:00,1.1362470399885345,1.010618379108586
2026-08-21T19:50:00+00:00,1.1370125071012658,1.009937504536133
2026-08-21T19:55:00+00:00,1.1357448632113418,1.011063557364173
2026-08-21T20:00:00+00:00,1.1367950421913238,1.0101287353613269
2026-08-21T20:05:00+00:00,1.1364234333899152,1.0104589380053253
2026-08-21T20:10:00+00:00,1.13636876716099,1.0105075448696346
2026-08-21T20:15:00+00:00,1.1367405154010266,1.0101769704890244
2026-08-21T20:20:00+00:00,1.1366312134283918,1.010274102890033
2026-08-21T20:25:00+00:00,1.1362565995441432,1.0106070716677407
2026-08-21T20:30:00+00:00,1.135909636640306,1.0109156667195667
2026-08-21T20:35:00+00:00,1.1365987429024234,1.0103023887844758
2026-08-21T20:40:00+00:00,1.136555016634591,1.010341256285535
2026-08-21T20:45:00+00:00,1.1367517865235253,1.010166348042174
2026-08-21T20:50:00+00:00,1.1363255128011505,1.010166348042174
2026-08-21T20:55:00+00:00,1.1363255128011505,1.010166348042174
2026-08-21T21:00:00+00:00,1.1364567436803477,1.010166348042174
2026-08-21T21:05:00+00:00,1.1365988676307124,1.010166348042174
2026-08-21T21:10:00+00:00,1.1364567528283767,1.010166348042174
2026-08-21T21:15:00+00:00,1.1363583545178786,1.010166348042174
2026-08-21T21:20:00+00:00,1.1362490156980463,1.010166348042174
2026-08-21T21:25:00+00:00,1.1365114541195334,1.010166348042174
2026-08-21T21:30:00+00:00,1.1364021300219056,1.010166348042174
2026-08-21T21:35:00+00:00,1.1364021300219056,1.010166348042174
2026-08-21T21:40:00+00:00,1.136030392328081,1.010166348042174
2026-08-21T21:45:00+00:00,1.136030392328081,1.010166348042174
2026-08-21T21:50:00+00:00,1.136030392328081,1.010166348042174
2026-08-21T21:55:00+00:00,1.1361944479349446,1.010166348042174
2026-08-21T22:00:00+00:00,1.1365006408564284,1.010166348042174
2026-08-21T22:05:00+00:00,1.1367848862743195,1.010166348042174
2026-08-21T22:10:00+00:00,1.1367848862743195,1.010166348042174
2026-08-21T22:15:00+00:00,1.1367848862743195,1.010166348042174
2026-08-21T22:20:00+00:00,1.1371564989015535,1.010166348042174
2026-08-21T22:25:00+00:00,1.1370144581382102,1.010166348042174
2026-08-21T22:30:00+00:00,1.137003530560525,1.010166348042174
2026-08-21T22:35:00+00:00,1.1371783734838776,1.010166348042174
2026-08-21T22:40:00+00:00,1.1369598495966937,1.010166348042174
2026-08-21T22:45:00+00:00,1.137287670154103,1.010166348042174
2026-08-21T22:50:00+00:00,1.1369162217315743,1.010166348042174
2026-08-21T22:55:00+00:00,1.1369162217315743,1.010166348042174
2026-08-21T23:00:00+00:00,1.1369162217315743,1.010166348042174
2026-08-21T23:05:00+00:00,1.1368167721620404,1.010166348042174
2026-08-21T23:10:00+00:00,1.136785076669334,1.010166348042174
2026-08-21T23:15:00+00:00,1.1360309215054025,1.010166348042174
2026-08-21T23:20:00+00:00,1.1366433960563247,1.010166348042174
2026-08-21T23:25:00+00:00,1.1361952186867963,1.010166348042174
2026-08-21T23:30:00+00:00,1.1361952186867963,1.010166348042174
2026-08-21T23:35:00+00:00,1.1361952186867963,1.010166348042174
2026-08-21T23:40:00+00:00,1.1366763793183865,1.010166348042174
2026-08-21T23:45:00+00:00,1.1365233575179832,1.010166348042174
2026-08-21T23:50:00+00:00,1.1367420037968439,1.010166348042174
2026-08-21T23:55:00+00:00,1.1365233995653445,1.010166348042174
2026-08-22T00:00:00+00:00,1.1362172947636149,1.010166348042174
2026-08-24T08:05:00+00:00,1.124140284696394,1.010166348042174
2026-08-24T08:10:00+00:00,1.125665756791976,1.010166348042174
2026-08-24T08:15:00+00:00,1.1258423837617577,1.010166348042174
2026-08-24T08:20:00+00:00,1.1269350917085863,1.010166348042174
2026-08-24T08:25:00+00:00,1.1266598268616652,1.010166348042174
2026-08-24T08:30:00+00:00,1.1269907108049433,1.010166348042174
2026-08-24T08:35:00+00:00,1.1264945053055404,1.010166348042174
2026-08-24T08:40:00+00:00,1.1269357487467098,1.010166348042174
2026-08-24T08:45:00+00:00,1.127101150275391,1.010166348042174
2026-08-24T08:50:00+00:00,1.127244477233755,1.010166348042174
2026-08-24T08:55:00+00:00,1.1289311108299915,1.010166348042174
2026-08-24T09:00:00+00:00,1.1283586584355842,1.010166348042174
2026-08-24T09:05:00+00:00,1.1280392846327125,1.010166348042174
2026-08-24T09:10:00+00:00,1.1283257008573262,1.010166348042174
2026-08-24T09:15:00+00:00,1.128369753709427,1.010166348042174
2026-08-24T09:20:00+00:00,1.1276098716773566,1.010166348042174
2026-08-24T09:25:00+00:00,1.1276098716773566,1.010166348042174
2026-08-24T09:30:00+00:00,1.1272682451843052,1.010166348042174
2026-08-24T09:35:00+00:00,1.1278965875466709,1.010166348042174
2026-08-24T09:40:00+00:00,1.1287559457218779,1.010166348042174
2026-08-24T09:45:00+00:00,1.128491728978512,1.010166348042174
2026-08-24T09:50:00+00:00,1.1289211817353877,1.010166348042174
2026-08-24T09:55:00+00:00,1.1289211817353877,1.010166348042174
2026-08-24T10:00:00+00:00,1.1283267809571729,1.010166348042174
2026-08-24T10:05:00+00:00,1.1281285429329546,1.010166348042174
2026-08-24T10:10:00+00:00,1.1286132099370267,1.010166348042174
2026-08-24T10:15:00+00:00,1.127721452023953,1.010166348042174
2026-08-24T10:20:00+00:00,1.1275561648321806,1.010166348042174
2026-08-24T10:25:00+00:00,1.1280410783443062,1.010166348042174
2026-08-24T10:30:00+00:00,1.127225892408784,1.010166348042174
2026-08-24T10:35:00+00:00,1.128151908280966,1.010166348042174
2026-08-24T10:40:00+00:00,1.1277002950390256,1.010166348042174
2026-08-24T10:45:00+00:00,1.1273699806731865,1.010166348042174
2026-08-24T10:50:00+00:00,1.1269290764784727,1.010166348042174
2026-08-24T10:55:00+00:00,1.126675457339556,1.010166348042174
2026-08-24T11:00:00+00:00,1.1259033992103589,1.010166348042174
2026-08-24T11:05:00+00:00,1.1250094046279957,1.010166348042174
2026-08-24T11:10:00+00:00,1.1257739912847295,1.010166348042174
2026-08-24T11:15:00+00:00,1.12563914946226,1.010166348042174
2026-08-24T11:20:00+00:00,1.1260365741354843,1.010166348042174
2026-08-24T11:25:00+00:00,1.126225836035661,1.010166348042174
2026-08-24T11:30:00+00:00,1.1262683160109002,1.010166348042174
2026-08-24T11:35:00+00:00,1.1275261246280874,1.010166348042174
2026-08-24T11:40:00+00:00,1.129983092286928,1.010166348042174
2026-08-24T11:45:00+00:00,1.1296971653911065,1.010166348042174
2026-08-24T11:50:00+00:00,1.1288182675964156,1.010166348042174
2026-08-24T11:55:00+00:00,1.1291804486825059,1.010166348042174
2026-08-24T12:00:00+00:00,1.128971424826626,1.010166348042174
2026-08-24T12:05:00+00:00,1.1284589364331707,1.010166348042174
2026-08-24T12:10:00+00:00,1.127991584851376,1.010166348042174
2026-08-24T12:15:00+00:00,1.1274517705369145,1.010166348042174
2026-08-24T12:20:00+00:00,1.1269557852235552,1.010166348042174
2026-08-24T12:25:00+00:00,1.1277607378890737,1.010166348042174
2026-08-24T12:30:00+00:00,1.1278268511929717,1.010166348042174
2026-08-24T12:35:00+00:00,1.126383462002797,1.010166348042174
2026-08-24T12:40:00+00:00,1.1263944943781814,1.010166348042174
2026-08-24T12:45:00+00:00,1.1267364946654068,1.010166348042174
2026-08-24T12:50:00+00:00,1.1272769117308383,1.010166348042174
2026-08-24T12:55:00+00:00,1.1269351790468596,1.010166348042174
2026-08-24T13:00:00+00:00,1.12639485708583,1.010166348042174
2026-08-24T13:05:00+00:00,1.126969429440915,1.010166348042174
2026-08-24T13:10:00+00:00,1.1263951313674754,1.010166348042174
2026-08-24T13:15:00+00:00,1.1265606154710062,1.010166348042174
2026-08-24T13:20:00+00:00,1.126704013963135,1.010166348042174
2026-08-24T13:25:00+00:00,1.1266930549264587,1.010166348042174
2026-08-24T13:30:00+00:00,1.128281236835781,1.010166348042174
2026-08-24T13:35:00+00:00,1.1220129469497653,1.010166348042174
2026-08-24T13:40:00+00:00,1.1190664768140455,1.010166348042174
2026-08-24T13:45:00+00:00,1.117267791143127,1.010166348042174
2026-08-24T13:50:00+00:00,1.1167182756903302,1.0105526064589667
2026-08-24T13:55:00+00:00,1.115465368388205,1.0116861440006817
2026-08-24T14:00:00+00:00,1.1162451909619742,1.010978939141306
2026-08-24T14:05:00+00:00,1.114519683110863,1.0125415137968257
2026-08-24T14:10:00+00:00,1.1156347384670129,1.0115284442725077
2026-08-24T14:15:00+00:00,1.1159243404720238,1.0112658975483864
2026-08-24T14:20:00+00:00,1.1142539118597385,1.0127796323856866
2026-08-24T14:25:00+00:00,1.1154975122687816,1.0116492160327921
2026-08-24T14:30:00+00:00,1.1152691207118672,1.0118563619127012
2026-08-24T14:35:00+00:00,1.1178653362121846,1.0095010185491695
2026-08-24T14:40:00+00:00,1.1173707173494845,1.0099475262505653
2026-08-24T14:45:00+00:00,1.1172539359017897,1.010053081417221
2026-08-24T14:50:00+00:00,1.1181771143801675,1.0092185602756287
2026-08-24T14:55:00+00:00,1.1171879560267965,1.0101113582250092
2026-08-24T15:00:00+00:00,1.115782514816691,1.0113819975686624
2026-08-24T15:05:00+00:00,1.115597068375092,1.0115500944235019
2026-08-24T15:10:00+00:00,1.1145165617592476,1.0125297453134354
2026-08-24T15:15:00+00:00,1.114784165264052,1.0122866457972306
2026-08-24T15:20:00+00:00,1.1153861888503411,1.0117399016684214
2026-08-24T15:25:00+00:00,1.116522562239367,1.0107092937534596
2026-08-24T15:30:00+00:00,1.1174018587197,1.0099133518878178
2026-08-24T15:35:00+00:00,1.1185360988353814,1.008888541817305
2026-08-24T15:40:00+00:00,1.1199914613953155,1.007576043303714
2026-08-24T15:45:00+00:00,1.1210410808481406,1.0066318971838304
2026-08-24T15:50:00+00:00,1.1220764890568828,1.0057021476902648
2026-08-24T15:55:00+00:00,1.121832840746014,1.0059205054436628
2026-08-24T16:00:00+00:00,1.1214561692947824,1.0062583010178447
2026-08-24T16:05:00+00:00,1.121145907314887,1.006536652281407
2026-08-24T16:10:00+00:00,1.121378706462102,1.0063276124767484
2026-08-24T16:15:00+00:00,1.122542319740425,1.0052834436189675
2026-08-24T16:20:00+00:00,1.123167795997836,1.0047233539071116
2026-08-24T16:25:00+00:00,1.1238704675349267,1.0040946715202936
2026-08-24T16:30:00+00:00,1.12327339283485,1.0046280303556951
2026-08-24T16:35:00+00:00,1.121840504084891,1.0059098248659915
2026-08-24T16:40:00+00:00,1.1222670116532547,1.0055273723600877
2026-08-24T16:45:00+00:00,1.1217908520711632,1.0059539903880856
2026-08-24T16:50:00+00:00,1.122023506208288,1.005745343443678
2026-08-24T16:55:00+00:00,1.1216856784184561,1.0060481774484085
2026-08-24T17:00:00+00:00,1.1210153872005288,1.0066493483411267
2026-08-24T17:05:00+00:00,1.1211373413241634,1.0065398212105616
2026-08-24T17:10:00+00:00,1.1226557222203266,1.0051770636190647
2026-08-24T17:15:00+00:00,1.1227913243484737,1.005055656800101
2026-08-24T17:20:00+00:00,1.1217149133377553,1.0060191993650454
2026-08-24T17:25:00+00:00,1.1211387614309698,1.006535995019665
2026-08-24T17:30:00+00:00,1.1206787189170608,1.0069490539238937
2026-08-24T17:35:00+00:00,1.1205179175663484,1.0070935470500917
2026-08-24T17:40:00+00:00,1.1204846445193777,1.0071234524292176
2026-08-24T17:45:00+00:00,1.1201629890725369,1.0074125808842402
2026-08-24T17:50:00+00:00,1.1205623978915331,1.0070533596817874
2026-08-24T17:55:00+00:00,1.1207620190720329,1.0068739736280528
2026-08-24T18:00:00+00:00,1.120673310836952,1.006953667632337
2026-08-24T18:05:00+00:00,1.1219374321569142,1.0058179500229665
2026-08-24T18:10:00+00:00,1.1233663697077796,1.004536880689454
2026-08-24T18:15:00+00:00,1.1237646171300661,1.0041807871598527
2026-08-24T18:20:00+00:00,1.1235655753643845,1.0043586141435392
2026-08-24T18:25:00+00:00,1.1249759418354004,1.003097700046105
2026-08-24T18:30:00+00:00,1.1245395949034063,1.003486753480417
2026-08-24T18:35:00+00:00,1.1251363669672134,1.0029542218882952
2026-08-24T18:40:00+00:00,1.1243522251969504,1.0036530560535422
2026-08-24T18:45:00+00:00,1.1247833181569815,1.0032682075373294
2026-08-24T18:50:00+00:00,1.1241198420554666,1.0038599814752807
2026-08-24T18:55:00+00:00,1.1236781350820113,1.004254506640375
2026-08-24T19:00:00+00:00,1.1233463246798925,1.0045510805159867
2026-08-24T19:05:00+00:00,1.1239437781575787,1.004016725254725
2026-08-24T19:10:00+00:00,1.12339096081059,1.0045104783502863
2026-08-24T19:15:00+00:00,1.1235568952586703,1.0043621133059248
2026-08-24T19:20:00+00:00,1.1235790173105962,1.0043423381161534
2026-08-24T19:25:00+00:00,1.1233024971059067,1.0045895133878837
2026-08-24T19:30:00+00:00,1.1236233499855692,1.0043025502076137
2026-08-24T19:35:00+00:00,1.122816028028663,1.0050239878139609
2026-08-24T19:40:00+00:00,1.1220191241608217,1.0057372614280538
2026-08-24T19:45:00+00:00,1.1222905017924565,1.0054939891474193
2026-08-24T19:50:00+00:00,1.122307122400295,1.0054790797449182
2026-08-24T19:55:00+00:00,1.1209783734586336,1.0066694137174825
2026-08-24T20:00:00+00:00,1.1216656708005104,1.0060523199290827
2026-08-24T20:05:00+00:00,1.1218097070496749,1.005923129916053
2026-08-24T20:10:00+00:00,1.1222417603231134,1.00553570914551
2026-08-24T20:15:00+00:00,1.1214665785269557,1.006230276933552
2026-08-24T20:20:00+00:00,1.1214665785269557,1.006230276933552
2026-08-24T20:25:00+00:00,1.1206354521100632,1.0069760009530186
2026-08-24T20:30:00+00:00,1.1206354521100632,1.0069760009530186
2026-08-24T20:35:00+00:00,1.1209126998715946,1.0067268727984038
2026-08-24T20:40:00+00:00,1.1209126998715946,1.0067268727984038
2026-08-24T20:45:00+00:00,1.1209126998715946,1.0067268727984038
2026-08-24T20:50:00+00:00,1.1215890171286884,1.006119451045281
2026-08-24T20:55:00+00:00,1.121245533208312,1.0064275526596043
2026-08-24T21:00:00+00:00,1.1216888885002092,1.0060295979135943
2026-08-24T21:05:00+00:00,1.12157810168002,1.0061289465848136
2026-08-24T21:10:00+00:00,1.1217443106458884,1.0059798462667067
2026-08-24T21:15:00+00:00,1.1217443106458884,1.0059798462667067
2026-08-24T21:20:00+00:00,1.1219658897689788,1.0057811341983083
2026-08-24T21:25:00+00:00,1.1219658897689788,1.0057811341983083
2026-08-24T21:30:00+00:00,1.1223535766693828,1.005433594069007
2026-08-24T21:35:00+00:00,1.1214677411708276,1.006227148602605
2026-08-24T21:40:00+00:00,1.1222656233582218,1.005511255769607
2026-08-24T21:45:00+00:00,1.1221327374697596,1.0056303169381937
2026-08-24T21:50:00+00:00,1.1221327374697596,1.0056303169381937
2026-08-24T21:55:00+00:00,1.1223542401814592,1.0054318111511944
2026-08-24T22:00:00+00:00,1.1218005926675576,1.0059277818551955
2026-08-24T22:05:00+00:00,1.1217452005782496,1.0059774523954808
2026-08-24T22:10:00+00:00,1.122033253666793,1.0057191273212853
2026-08-24T22:15:00+00:00,1.121500270703313,1.0061968592950539
2026-08-24T22:20:00+00:00,1.121500270703313,1.0061968592950539
2026-08-24T22:25:00+00:00,1.121500270703313,1.0061968592950539
2026-08-24T22:30:00+00:00,1.1214003165856645,1.0062865369544167
2026-08-24T22:35:00+00:00,1.1215570375767243,1.006145874582928
2026-08-24T22:40:00+00:00,1.1218517875885756,1.0058814551209465
2026-08-24T22:45:00+00:00,1.1214463358280626,1.006244993701852
2026-08-24T22:50:00+00:00,1.1216476943790132,1.0060643198458146
2026-08-24T22:55:00+00:00,1.1211915334765035,1.006473474351658
2026-08-24T23:00:00+00:00,1.1211361112553726,1.0065232258827677
2026-08-24T23:05:00+00:00,1.1211361112553726,1.0065232258827677
2026-08-24T23:10:00+00:00,1.1208480854777683,1.0067814765909868
2026-08-24T23:15:00+00:00,1.1208480854777683,1.0067814765909868
2026-08-24T23:20:00+00:00,1.1213470385072721,1.0063333010761226
2026-08-24T23:25:00+00:00,1.1213470385072721,1.0063333010761226
2026-08-24T23:30:00+00:00,1.1217127746581226,1.00600507755979
2026-08-24T23:35:00+00:00,1.1209372235713808,1.0067006284608724
2026-08-24T23:40:00+00:00,1.1209372235713808,1.0067006284608724
2026-08-24T23:45:00+00:00,1.1207154841300984,1.006899770063274
2026-08-24T23:50:00+00:00,1.1203606308144551,1.0072185857903582
2026-08-24T23:55:00+00:00,1.1203606308144551,1.0072185857903582
2026-08-25T00:00:00+00:00,1.120915264790106,1.0067199627280856
2026-08-25T08:05:00+00:00,1.1284209169527697,0.9999597260504012
2026-08-25T08:10:00+00:00,1.1289055392182787,0.9995302739367653
2026-08-25T08:15:00+00:00,1.1276945034340577,1.000602522133889
2026-08-25T08:20:00+00:00,1.1290170536726432,0.9994290242580479
2026-08-25T08:25:00+00:00,1.1314388921263092,0.9972851632465739
2026-08-25T08:30:00+00:00,1.1303404077650214,0.9982534012691434
2026-08-25T08:35:00+00:00,1.1303404077650214,0.9982534012691434
2026-08-25T08:40:00+00:00,1.1311100948131105,0.9975736567352053
2026-08-25T08:45:00+00:00,1.1300662298528692,0.998494285231318
2026-08-25T08:50:00+00:00,1.1313860152307995,0.9973281605186392
2026-08-25T08:55:00+00:00,1.1308916723753244,0.9977639287216039
2026-08-25T09:00:00+00:00,1.1310015743843018,0.9976669642970439
2026-08-25T09:05:00+00:00,1.1309795977199435,0.9976863472903735
2026-08-25T09:10:00+00:00,1.1320895217295213,0.9967072349941676
2026-08-25T09:15:00+00:00,1.1325396436324957,0.9963109414602088
2026-08-25T09:20:00+00:00,1.1323750303122002,0.9964557540970489
2026-08-25T09:25:00+00:00,1.1325396675658077,0.9963108782968021
2026-08-25T09:30:00+00:00,1.132320183134109,0.9965039618003482
2026-08-25T09:35:00+00:00,1.133417654362611,0.9955384149473917
2026-08-25T09:40:00+00:00,1.1330886825202071,0.9958273676607086
2026-08-25T09:45:00+00:00,1.1343390485377272,0.9947286280752987
2026-08-25T09:50:00+00:00,1.1347334945402325,0.9943827290855499
2026-08-25T09:55:00+00:00,1.1356049172895146,0.9936190892213989
2026-08-25T10:00:00+00:00,1.1353908403757726,0.9938063998827187
2026-08-25T10:05:00+00:00,1.134635518663606,0.9944675321772802
2026-08-25T10:10:00+00:00,1.134635518663606,0.9944675321772802
2026-08-25T10:15:00+00:00,1.1357314887594285,0.9935059512780849
2026-08-25T10:20:00+00:00,1.1356001675489575,0.9936208273781344
2026-08-25T10:25:00+00:00,1.135270950977321,0.9939088833785155
2026-08-25T10:30:00+00:00,1.1347353809507725,0.9943777651081144
2026-08-25T10:35:00+00:00,1.1343422761938005,0.9947222459767411
2026-08-25T10:40:00+00:00,1.13493274037124,0.9942044588281194
2026-08-25T10:45:00+00:00,1.1336295542573012,0.995346053743019
2026-08-25T10:50:00+00:00,1.1339694304268786,0.9950476366782206
2026-08-25T10:55:00+00:00,1.134944911572326,0.9941916610387042
2026-08-25T11:00:00+00:00,1.134360673059113,0.9947034436388742
2026-08-25T11:05:00+00:00,1.133082574817206,0.9958241883479669
2026-08-25T11:10:00+00:00,1.1326547812450374,0.9962001602287931
2026-08-25T11:15:00+00:00,1.1330937096624933,0.9958141109514327
2026-08-25T11:20:00+00:00,1.1325891374394104,0.9962575518914498
2026-08-25T11:25:00+00:00,1.133818208668319,0.9951764259534233
2026-08-25T11:30:00+00:00,1.1336428171904525,0.9953303707946257
2026-08-25T11:35:00+00:00,1.1338620904626364,0.9951378504134275
2026-08-25T11:40:00+00:00,1.1336428595866768,0.9953302591238711
2026-08-25T11:45:00+00:00,1.133971769507253,0.9950414785844734
2026-08-25T11:50:00+00:00,1.1347390034514393,0.9943682434839426
2026-08-25T11:55:00+00:00,1.1350275075571432,0.9941154282374814
2026-08-25T12:00:00+00:00,1.1345091205534712,0.9945694582188845
2026-08-25T12:05:00+00:00,1.1348268242991602,0.9942909426596004
2026-08-25T12:10:00+00:00,1.1345749228847175,0.9945116488408964
2026-08-25T12:15:00+00:00,1.135067882926523,0.9940795447161708
2026-08-25T12:20:00+00:00,1.1363818723723187,0.9929287677012572
2026-08-25T12:25:00+00:00,1.1358350091036122,0.993406596752124
2026-08-25T12:30:00+00:00,1.1356708710965164,0.9935501526187065
2026-08-25T12:35:00+00:00,1.134740621274379,0.9943639886307772
2026-08-25T12:40:00+00:00,1.1342477320083812,0.9947959034907039
2026-08-25T12:45:00+00:00,1.1345983834181412,0.9944883634567776
2026-08-25T12:50:00+00:00,1.1345217497379598,0.9945554502735854
2026-08-25T12:55:00+00:00,1.1348010939452806,0.9943105928627818
2026-08-25T13:00:00+00:00,1.1348832378122888,0.9942386185603769
2026-08-25T13:05:00+00:00,1.1344242511053166,0.9946407236353952
2026-08-25T13:10:00+00:00,1.133645377992822,0.9953236241600244
2026-08-25T13:15:00+00:00,1.1346321099465877,0.994457288316945
2026-08-25T13:20:00+00:00,1.1346748311787638,0.9944198449550563
2026-08-25T13:25:00+00:00,1.134588296556286,0.994495683198316
2026-08-25T13:30:00+00:00,1.1323427404803597,0.9964637358668175
2026-08-25T13:35:00+00:00,1.1369883724078444,0.9923763448260868
2026-08-25T13:40:00+00:00,1.1320224591213641,0.996710422205437
2026-08-25T13:45:00+00:00,1.1330655980551536,0.9957918771750032
2026-08-25T13:50:00+00:00,1.1350513046559085,0.9940464246105996
2026-08-25T13:55:00+00:00,1.1335180113731338,0.9953896075507913
2026-08-25T14:00:00+00:00,1.1325091269986374,0.9962756656323659
2026-08-25T14:05:00+00:00,1.1300176847030874,0.9984675294307048
2026-08-25T14:10:00+00:00,1.1306666587854501,0.9978940938233782
2026-08-25T14:15:00+00:00,1.129457398616635,0.998961377951142
2026-08-25T14:20:00+00:00,1.1291052243072122,0.999272892097532
2026-08-25T14:25:00+00:00,1.1278612444761027,1.0003738932137316
2026-08-25T14:30:00+00:00,1.128313085470255,0.999973125888276
2026-08-25T14:35:00+00:00,1.1284100271553301,0.9998872108341108
2026-08-25T14:40:00+00:00,1.1305380696120455,0.9980016978467565
2026-08-25T14:45:00+00:00,1.1290429465539025,0.9993213257084752
2026-08-25T14:50:00+00:00,1.1291200252836278,0.9992530755866599
2026-08-25T14:55:00+00:00,1.130154940835887,0.9983369502685534
2026-08-25T15:00:00+00:00,1.1300559714228713,0.9984243504639528
2026-08-25T15:05:00+00:00,1.1288789940506185,0.9994643453523593
2026-08-25T15:10:00+00:00,1.1291872724705467,0.9991914435129103
2026-08-25T15:15:00+00:00,1.1291982822715267,0.9991816973994445
2026-08-25T15:20:00+00:00,1.1297926391087423,0.9986558649755211
2026-08-25T15:25:00+00:00,1.1301556889884534,0.9983349692960929
2026-08-25T15:30:00+00:00,1.1313380905914523,0.997290319230265
2026-08-25T15:35:00+00:00,1.1308491651281132,0.9977213408463041
2026-08-25T15:40:00+00:00,1.130750134093604,0.9978087094234073
2026-08-25T15:45:00+00:00,1.1302006441739851,0.998293555399758
2026-08-25T15:50:00+00:00,1.1295957266529149,0.9988279396236869
2026-08-25T15:55:00+00:00,1.129386648866176,0.9990128267679332
2026-08-25T16:00:00+00:00,1.1297718409234936,0.9986721158197266
2026-08-25T16:05:00+00:00,1.1304649188474856,0.998059546601376
2026-08-25T16:10:00+00:00,1.130690314272299,0.9978605630117477
2026-08-25T16:15:00+00:00,1.1310971168037651,0.9975014450524357
2026-08-25T16:20:00+00:00,1.1313663386083432,0.9976322462032685
2026-08-25T16:25:00+00:00,1.1313114311377739,0.9975838291156037
2026-08-25T16:30:00+00:00,1.1313883530811466,0.9976516584371332
2026-08-25T16:35:00+00:00,1.1310257937003,0.9973319556873228
2026-08-25T16:40:00+00:00,1.1308389626916016,0.9971672091923037
2026-08-25T16:45:00+00:00,1.1300750457002224,0.9964935916397789
2026-08-25T16:50:00+00:00,1.1301190427698777,0.9965323879994802
2026-08-25T16:55:00+00:00,1.1294646557982655,0.9959553533802791
2026-08-25T17:00:00+00:00,1.1298828541901342,0.9963241182858638
2026-08-25T17:05:00+00:00,1.129118282667525,0.9956499235715133
2026-08-25T17:10:00+00:00,1.1288843496122205,0.9954436427662068
2026-08-25T17:15:00+00:00,1.1290247391415968,0.9955674374353212
2026-08-25T17:20:00+00:00,1.1292742211089037,0.9957874291806454
2026-08-25T17:25:00+00:00,1.1291458810598594,0.9956742596730891
2026-08-25T17:30:00+00:00,1.1288541608845077,0.9954170225219848
2026-08-25T17:35:00+00:00,1.129371655250552,0.9958733460391129
2026-08-25T17:40:00+00:00,1.1294211915086576,0.9959170268229193
2026-08-25T17:45:00+00:00,1.129135053238483,0.9956647117632806
2026-08-25T17:50:00+00:00,1.1292451366104084,0.9957617826393143
2026-08-25T17:55:00+00:00,1.1293552080717904,0.9958588430127
2026-08-25T18:00:00+00:00,1.1290690561685648,0.9956065159315165
2026-08-25T18:05:00+00:00,1.1281773051492185,0.9948201750778732
2026-08-25T18:10:00+00:00,1.1286455775021713,0.995233094910618
2026-08-25T18:15:00+00:00,1.1285409523623384,0.9951408370718448
2026-08-25T18:20:00+00:00,1.1289484463151687,0.995500162865448
2026-08-25T18:25:00+00:00,1.1293227699581385,0.9958302392730618
2026-08-25T18:30:00+00:00,1.1289595587286918,0.9955099617269533
2026-08-25T18:35:00+00:00,1.1296971495558232,0.9961603650212173
2026-08-25T18:40:00+00:00,1.130434313751376,0.9968103921142407
2026-08-25T18:45:00+00:00,1.1307916817217216,0.9971255171085159
2026-08-25T18:50:00+00:00,1.1310390042732048,0.9973436046935473
2026-08-25T18:55:00+00:00,1.130434570206909,0.9968106182552356
2026-08-25T19:00:00+00:00,1.1302586366027507,0.9966554810280533
2026-08-25T19:05:00+00:00,1.1298957256604305,0.9963354682733837
2026-08-25T19:10:00+00:00,1.1305585259473652,0.9969199217050212
2026-08-25T19:15:00+00:00,1.1292914073701534,0.9958025839256909
2026-08-25T19:20:00+00:00,1.129082277400707,0.9956181743369951
2026-08-25T19:25:00+00:00,1.1288070669694386,0.9953754953820401
2026-08-25T19:30:00+00:00,1.1294567497153791,0.9959483818424498
2026-08-25T19:35:00+00:00,1.128455268260577,0.9950652813300959
2026-08-25T19:40:00+00:00,1.128686589064822,0.9952692586676365
2026-08-25T19:45:00+00:00,1.1289839336473668,0.9955314553882366
2026-08-25T19:50:00+00:00,1.1286206419140539,0.995211106854288
2026-08-25T19:55:00+00:00,1.1301955904483756,0.9965998872964237
2026-08-25T20:00:00+00:00,1.1304595280787664,0.9968326259612387
2026-08-25T20:05:00+00:00,1.1310532799220947,0.9973561928775706
2026-08-25T20:10:00+00:00,1.1310422902866506,0.99734650228106
2026-08-25T20:15:00+00:00,1.1320423568291025,0.9982283551319469
2026-08-25T20:20:00+00:00,1.1321521572516853,0.9983251765048986
2026-08-25T20:25:00+00:00,1.13176789304005,0.9979863345617482
2026-08-25T20:30:00+00:00,1.1325915960189732,0.9987126710497846
2026-08-25T20:35:00+00:00,1.1322623542759445,0.998422347598898
2026-08-25T20:40:00+00:00,1.1317683480131713,0.9979867357543959
2026-08-25T20:45:00+00:00,1.1317683502096902,0.9979867376912736
2026-08-25T20:50:00+00:00,1.1313619899092753,0.9976284115457658
2026-08-25T20:55:00+00:00,1.1318673761306843,0.998074058171495
2026-08-25T21:00:00+00:00,1.1309449088314745,0.9972606318812167
2026-08-25T21:05:00+00:00,1.1309449088314745,0.9972606318812167
2026-08-25T21:10:00+00:00,1.1314944447444149,0.9977452094477285
2026-08-25T21:15:00+00:00,1.1314944447444149,0.9977452094477285
2026-08-25T21:20:00+00:00,1.1314944447444149,0.9977452094477285
2026-08-25T21:25:00+00:00,1.1318959604915546,0.998099263694382
2026-08-25T21:30:00+00:00,1.132153476373715,0.9983263396990196
2026-08-25T21:35:00+00:00,1.132801675959102,0.9988979183170938
2026-08-25T21:40:00+00:00,1.1326585918000929,0.9987717475392679
2026-08-25T21:45:00+00:00,1.1326585918000929,0.9987717475392679
2026-08-25T21:50:00+00:00,1.1326585918000929,0.9987717475392679
2026-08-25T21:55:00+00:00,1.1326256695064119,0.9987427168525007
2026-08-25T22:00:00+00:00,1.1322511126579704,0.9984124348056607
2026-08-25T22:05:00+00:00,1.1329880690542684,0.9990622786625117
2026-08-25T22:10:00+00:00,1.1328125344552982,0.9989074932757797
2026-08-25T22:15:00+00:00,1.1328125344552982,0.9989074932757797
2026-08-25T22:20:00+00:00,1.1328125344552982,0.9989074932757797
2026-08-25T22:25:00+00:00,1.1328125344552982,0.9989074932757797
2026-08-25T22:30:00+00:00,1.1317700227719518,0.9979882125469316
2026-08-25T22:35:00+00:00,1.1317700227719518,0.9979882125469316
2026-08-25T22:40:00+00:00,1.1317700227719518,0.9979882125469316
2026-08-25T22:45:00+00:00,1.1317700227719518,0.9979882125469316
2026-08-25T22:50:00+00:00,1.1317700227719518,0.9979882125469316
2026-08-25T22:55:00+00:00,1.1316052818661626,0.9978429449759642
2026-08-25T23:00:00+00:00,1.1316052818661626,0.9978429449759642
2026-08-25T23:05:00+00:00,1.1316052818661626,0.9978429449759642
2026-08-25T23:10:00+00:00,1.1316382348446679,0.9978720027204305
2026-08-25T23:15:00+00:00,1.131605282825716,0.9978429458220927
2026-08-25T23:20:00+00:00,1.1318029921683797,0.9980172847686267
2026-08-25T23:25:00+00:00,1.1321010547092065,0.9982801145806572
2026-08-25T23:30:00+00:00,1.1309466683095952,0.9972621833787733
2026-08-25T23:35:00+00:00,1.1305949647781481,0.9969520532537186
2026-08-25T23:40:00+00:00,1.1308808128185643,0.997204112390447
2026-08-25T23:45:00+00:00,1.1307621059452804,0.9970994373611548
2026-08-25T23:50:00+00:00,1.130397153911211,0.9967776247836718
2026-08-25T23:55:00+00:00,1.1301772322859365,0.9965836991757373
2026-08-26T00:00:00+00:00,1.1305071789282934,0.9968746442027447
2026-08-26T08:05:00+00:00,1.1297814815855145,0.9962347285136931
2026-08-26T08:10:00+00:00,1.131013714426134,0.9973213042537359
2026-08-26T08:15:00+00:00,1.1303874859307412,0.9967690996148177
2026-08-26T08:20:00+00:00,1.1295517746432577,0.9960321742702515
2026-08-26T08:25:00+00:00,1.1300359657279986,0.9964591311479466
2026-08-26T08:30:00+00:00,1.1300359657279986,0.9964591311479466
2026-08-26T08:35:00+00:00,1.1311579279654689,0.9974484709125533
2026-08-26T08:40:00+00:00,1.1308393646717219,0.9971675636560322
2026-08-26T08:45:00+00:00,1.1308393646717219,0.9971675636560322
2026-08-26T08:50:00+00:00,1.1307293364850988,0.9970705414420766
2026-08-26T08:55:00+00:00,1.1307293364850988,0.9970705414420766
2026-08-26T09:00:00+00:00,1.1307293364850988,0.9970705414420766
2026-08-26T09:05:00+00:00,1.1307293364850988,0.9970705414420766
2026-08-26T09:10:00+00:00,1.1306853648990018,0.9970317675536287
2026-08-26T09:15:00+00:00,1.1306853648990018,0.9970317675536287
2026-08-26T09:20:00+00:00,1.1306853648990018,0.9970317675536287
2026-08-26T09:25:00+00:00,1.1305094717142472,0.996876665968041
2026-08-26T09:30:00+00:00,1.1305094717142472,0.996876665968041
2026-08-26T09:35:00+00:00,1.13060849991246,0.9969639884563006
2026-08-26T09:40:00+00:00,1.1306634702784681,0.9970124610047971
2026-08-26T09:45:00+00:00,1.1306634702784681,0.9970124610047971
2026-08-26T09:50:00+00:00,1.130949302285189,0.9972645060031066
2026-08-26T09:55:00+00:00,1.13028985662788,0.9966830106643293
2026-08-26T10:00:00+00:00,1.1310486693235657,0.9973521272786486
2026-08-26T10:05:00+00:00,1.1306200669595126,0.9969741882110039
2026-08-26T10:10:00+00:00,1.13086193434062,0.9971874654585792
2026-08-26T10:15:00+00:00,1.1304002862588747,0.9967803868695929
2026-08-26T10:20:00+00:00,1.1304002862588747,0.9967803868695929
2026-08-26T10:25:00+00:00,1.1302353445828641,0.9966349422606139
2026-08-26T10:30:00+00:00,1.1302353445828641,0.9966349422606139
2026-08-26T10:35:00+00:00,1.1312471345186588,0.9975271327314513
2026-08-26T10:40:00+00:00,1.1311702192949509,0.997459309335283
2026-08-26T10:45:00+00:00,1.1311702192949509,0.997459309335283
2026-08-26T10:50:00+00:00,1.1312471397489536,0.997527137343495
2026-08-26T10:55:00+00:00,1.1312471397489536,0.997527137343495
2026-08-26T11:00:00+00:00,1.1312141760814978,0.9974980701735742
2026-08-26T11:05:00+00:00,1.1321435588282531,0.9983175944652095
2026-08-26T11:10:00+00:00,1.1320493573225605,0.9982345281262945
2026-08-26T11:15:00+00:00,1.1321371982038273,0.9983119857036469
2026-08-26T11:20:00+00:00,1.1326145763544335,0.9987329349757132
2026-08-26T11:25:00+00:00,1.1321483763363989,0.9983218425158262
2026-08-26T11:30:00+00:00,1.1319507515689087,0.9981475781471875
2026-08-26T11:35:00+00:00,1.131500527661589,0.9977505733286544
2026-08-26T11:40:00+00:00,1.1297977841490887,0.9962491040192764
2026-08-26T11:45:00+00:00,1.1293026930955616,0.9958125356126071
2026-08-26T11:50:00+00:00,1.1288404054434173,0.9954048930541691
2026-08-26T11:55:00+00:00,1.129633223239585,0.9961039951679845
2026-08-26T12:00:00+00:00,1.1297982884868436,0.9962495487413703
2026-08-26T12:05:00+00:00,1.1298532986284584,0.9962980563637649
2026-08-26T12:10:00+00:00,1.129699277730885,0.9961622416335888
2026-08-26T12:15:00+00:00,1.1289070622486053,0.9954636706366508
2026-08-26T12:20:00+00:00,1.1286758371363703,0.9952597776797671
2026-08-26T12:25:00+00:00,1.1294357324660973,0.9959298489544769
2026-08-26T12:30:00+00:00,1.1298539441693412,0.9962986255979546
2026-08-26T12:35:00+00:00,1.1273235994063524,0.9940673823273847
2026-08-26T12:40:00+00:00,1.126937680725022,0.9937270814824957
2026-08-26T12:45:00+00:00,1.126695351070079,0.9935133966045455
2026-08-26T12:50:00+00:00,1.1264964369322008,0.9933379952766105
2026-08-26T12:55:00+00:00,1.1259998913384899,0.9929001442648812
2026-08-26T13:00:00+00:00,1.1259998913384899,0.9929001442648812
2026-08-26T13:05:00+00:00,1.1258674207630384,0.9927833324832029
2026-08-26T13:10:00+00:00,1.1254478812440438,0.9924133849795319
2026-08-26T13:15:00+00:00,1.1260001127853805,0.992900339535459
2026-08-26T13:20:00+00:00,1.1271040344645817,0.9938737712408859
2026-08-26T13:25:00+00:00,1.1266298126105507,0.9934556051727513
2026-08-26T13:30:00+00:00,1.1289798542315437,0.99552785818313
2026-08-26T13:35:00+00:00,1.1301480242964892,0.9965579437408041
2026-08-26T13:40:00+00:00,1.1303680675172243,0.9967519765709073
2026-08-26T13:45:00+00:00,1.1316107016256414,0.9978477240882975
2026-08-26T13:50:00+00:00,1.1300948427466524,0.9965110485599862
2026-08-26T13:55:00+00:00,1.1313049276146483,0.9975780943468003
2026-08-26T14:00:00+00:00,1.131623567917875,0.9978590695098319
2026-08-26T14:05:00+00:00,1.130761276116311,0.9970987056228039
2026-08-26T14:10:00+00:00,1.1295903829278273,0.9960662188306585
2026-08-26T14:15:00+00:00,1.1283469483085928,0.9949697654274933
2026-08-26T14:20:00+00:00,1.1277630955240079,0.9944549274434905
2026-08-26T14:25:00+00:00,1.1265177677196285,0.9933568046406938
2026-08-26T14:30:00+00:00,1.1258666532828787,0.9927826557236692
2026-08-26T14:35:00+00:00,1.1276443181316114,0.9943501902308555
2026-08-26T14:40:00+00:00,1.1282065262933354,0.9948459421125178
2026-08-26T14:45:00+00:00,1.1285922160985777,0.9951860411358058
2026-08-26T14:50:00+00:00,1.129319086141648,0.9958269909051423
2026-08-26T14:55:00+00:00,1.1290329698754873,0.9955746952485149
2026-08-26T15:00:00+00:00,1.129110040395839,0.9956426555843589
2026-08-26T15:05:00+00:00,1.129588934009041,0.9960649411825135
2026-08-26T15:10:00+00:00,1.1296604615631465,0.9961280137630142
2026-08-26T15:15:00+00:00,1.1291378026926475,0.9956671362159455
2026-08-26T15:20:00+00:00,1.129506595138045,0.9959923352457638
2026-08-26T15:25:00+00:00,1.129291991265995,0.9958030988016424
2026-08-26T15:30:00+00:00,1.1302000875473472,0.9966038528120971
2026-08-26T15:35:00+00:00,1.129982884816052,0.9964123247090337
2026-08-26T15:40:00+00:00,1.1306841863338752,0.9970307283017659
2026-08-26T15:45:00+00:00,1.1313877998135298,0.9976511705689718
2026-08-26T15:50:00+00:00,1.13111311815987,0.9974089578870312
2026-08-26T15:55:00+00:00,1.1298273827743879,0.9962752039146269
2026-08-26T16:00:00+00:00,1.129772371858999,0.9962266956099227
2026-08-26T16:05:00+00:00,1.129200209754567,0.9957221663995709
2026-08-26T16:10:00+00:00,1.1286497531847073,0.9952367770031514
2026-08-26T16:15:00+00:00,1.128203676798649,0.9948434294447036
2026-08-26T16:20:00+00:00,1.1286389014980678,0.9952272080490931
2026-08-26T16:25:00+00:00,1.1291675612267504,0.995693377117948
2026-08-26T16:30:00+00:00,1.1291018438234874,0.995635427894611
2026-08-26T16:35:00+00:00,1.1291345453558743,0.9956642639153552
2026-08-26T16:40:00+00:00,1.1285951139628605,0.9951885964556473
2026-08-26T16:45:00+00:00,1.1280664171589105,0.9947223946940376
2026-08-26T16:50:00+00:00,1.1284630804868419,0.9950721701057025
2026-08-26T16:55:00+00:00,1.1286062785048736,0.9951984412837513
2026-08-26T17:00:00+00:00,1.1297076590961443,0.9961696322726449
2026-08-26T17:05:00+00:00,1.130114798358505,0.9965286453022582
2026-08-26T17:10:00+00:00,1.130268971769904,0.9966645945182371
2026-08-26T17:15:00+00:00,1.1303348487644476,0.9967226844682356
2026-08-26T17:20:00+00:00,1.1304888063038405,0.9968584433295373
2026-08-26T17:25:00+00:00,1.1308076705988592,0.9971396160072261
2026-08-26T17:30:00+00:00,1.1305218581452734,0.9968875882507575
2026-08-26T17:35:00+00:00,1.1309176697262922,0.9972366125969573
2026-08-26T17:40:00+00:00,1.1310276032142534,0.9973335513061846
2026-08-26T17:45:00+00:00,1.1310380445592052,0.9973427584233333
2026-08-26T17:50:00+00:00,1.1310880520161732,0.9973868547075512
2026-08-26T17:55:00+00:00,1.1311265163888222,0.997420772367265
2026-08-26T18:00:00+00:00,1.1313792694451505,0.9976436485398312
2026-08-26T18:05:00+00:00,1.1309357185131133,0.9972525279120265
2026-08-26T18:10:00+00:00,1.1314453807754308,0.9977019451257172
2026-08-26T18:15:00+00:00,1.130961994220346,0.9972756976775856
2026-08-26T18:20:00+00:00,1.1310828952293803,0.9973823074829997
2026-08-26T18:25:00+00:00,1.1310609162373066,0.9973629265358356
2026-08-26T18:30:00+00:00,1.1310279458269845,0.9973338534200945
2026-08-26T18:35:00+00:00,1.1316686774542737,0.9978988468362257
2026-08-26T18:40:00+00:00,1.1315884911426421,0.9978281390137832
2026-08-26T18:45:00+00:00,1.1314346966496631,0.9976925239258594
2026-08-26T18:50:00+00:00,1.1319400542200635,0.9981381452872962
2026-08-26T18:55:00+00:00,1.131632590974194,0.9978670259883263
2026-08-26T19:00:00+00:00,1.1317094822333338,0.9979348282526781
2026-08-26T19:05:00+00:00,1.1329836334089374,0.9990583673362993
2026-08-26T19:10:00+00:00,1.1320839922848411,0.9982650690342543
2026-08-26T19:15:00+00:00,1.1317326184357144,0.9979552296211491
2026-08-26T19:20:00+00:00,1.1321939314461988,0.9983620127462494
2026-08-26T19:25:00+00:00,1.132106098089092,0.9982845618036573
2026-08-26T19:30:00+00:00,1.1320511975555254,0.998236150833001
2026-08-26T19:35:00+00:00,1.1318151097324898,0.9980279699660627
2026-08-26T19:40:00+00:00,1.13093096993945,0.9972483406474346
2026-08-26T19:45:00+00:00,1.1305352863138907,0.9968994291316134
2026-08-26T19:50:00+00:00,1.1317008097083996,0.9979271808707156
2026-08-26T19:55:00+00:00,1.130261966677241,0.9966584174683377
2026-08-26T20:00:00+00:00,1.1319667385374315,0.9981616753628919
2026-08-26T20:05:00+00:00,1.1332848795750594,0.9993240044505676
2026-08-26T20:10:00+00:00,1.1330325997431758,0.9991015455645594
2026-08-26T20:15:00+00:00,1.1334727380561433,0.99948965696475
2026-08-26T20:20:00+00:00,1.1334392890507234,0.99946016182664
2026-08-26T20:25:00+00:00,1.1300942897942263,0.9965105609697572
2026-08-26T20:30:00+00:00,1.1322502445607163,0.998411669322558
2026-08-26T20:35:00+00:00,1.1309108231524314,0.9972305753280136
2026-08-26T20:40:00+00:00,1.1320869545801993,0.9982676811690425
2026-08-26T20:45:00+00:00,1.1318784426551791,0.998083816568321
2026-08-26T20:50:00+00:00,1.1344483477179697,1.0003499438807832
2026-08-26T20:55:00+00:00,1.1343225535806973,1.0002390193433957
2026-08-26T21:00:00+00:00,1.135927812195459,1.0016545270378812
2026-08-26T21:05:00+00:00,1.1388825377185108,1.004259986790292
2026-08-26T21:10:00+00:00,1.1413930129310397,1.0064737092070235
2026-08-26T21:15:00+00:00,1.1418940060474025,1.0069154820183168
2026-08-26T21:20:00+00:00,1.1394881164148616,1.0047939825567178
2026-08-26T21:25:00+00:00,1.140033587030666,1.0052749753678987
2026-08-26T21:30:00+00:00,1.1386705626559281,1.0040730684150436
2026-08-26T21:35:00+00:00,1.1425134393391003,1.0074616946862045
2026-08-26T21:40:00+00:00,1.1428534601476346,1.0077615230542565
2026-08-26T21:45:00+00:00,1.142383011316167,1.0073466840154373
2026-08-26T21:50:00+00:00,1.142611531446074,1.0075481917346631
2026-08-26T21:55:00+00:00,1.143579827863003,1.008402029873952
2026-08-26T22:00:00+00:00,1.142384069487861,1.0073476171050724
2026-08-26T22:05:00+00:00,1.1430372773389663,1.0079236119826798
2026-08-26T22:10:00+00:00,1.1422977748975351,1.007271523038063
2026-08-26T22:15:00+00:00,1.1427330852038868,1.0076553771301473
2026-08-26T22:20:00+00:00,1.1431573511336204,1.0080294923552726
2026-08-26T22:25:00+00:00,1.1433639681088639,1.0082116860003207
2026-08-26T22:30:00+00:00,1.1432008789159993,1.0080678749001875
2026-08-26T22:35:00+00:00,1.1441251828702261,1.0088829207421595
2026-08-26T22:40:00+00:00,1.143831817438721,1.008624232813764
2026-08-26T22:45:00+00:00,1.1442230716947286,1.008969238537319
2026-08-26T22:50:00+00:00,1.1444186735362805,1.0091417191016505
2026-08-26T22:55:00+00:00,1.1439676582608735,1.0087440164593484
2026-08-26T23:00:00+00:00,1.1433756302407807,1.0082219696003027
2026-08-26T23:05:00+00:00,1.1437452958179684,1.008547938552647
2026-08-26T23:10:00+00:00,1.1430389247611645,1.0079250646699762
2026-08-26T23:15:00+00:00,1.1434086994846837,1.0082511298669197
2026-08-26T23:20:00+00:00,1.1435065493847991,1.0083374133387817
2026-08-26T23:25:00+00:00,1.1445175785055262,1.009228932927325
2026-08-26T23:30:00+00:00,1.1445067168195138,1.009219355155878
2026-08-26T23:35:00+00:00,1.1443437899214215,1.0090756871663293
2026-08-26T23:40:00+00:00,1.1444089773619837,1.0091331690716439
2026-08-26T23:45:00+00:00,1.1441374213929036,1.008893712600156
2026-08-26T23:50:00+00:00,1.1452130857175877,1.009842227134993
2026-08-26T23:55:00+00:00,1.1452673612192805,1.0098900869561842
2026-08-27T00:00:00+00:00,1.1461465826794148,1.0106653793175098
2026-08-27T08:05:00+00:00,1.1462442803986808,1.0107515285971853
2026-08-27T08:10:00+00:00,1.1475240308489318,1.0118800050885701
2026-08-27T08:15:00+00:00,1.1484665245774202,1.012711090567515
2026-08-27T08:20:00+00:00,1.1478495350213322,1.0121670327714511
2026-08-27T08:25:00+00:00,1.1487159509894953,1.0129310333245594
2026-08-27T08:30:00+00:00,1.150393366741416,1.0144101687622142
2026-08-27T08:35:00+00:00,1.1496155012728835,1.0137242515237974
2026-08-27T08:40:00+00:00,1.1495614332701523,1.0136765746739815
2026-08-27T08:45:00+00:00,1.1492802664316635,1.0134286433938406
2026-08-27T08:50:00+00:00,1.150859512727184,1.0148212135767631
2026-08-27T08:55:00+00:00,1.14974706651376,1.0138402649867215
2026-08-27T09:00:00+00:00,1.1500930632235145,1.0141453628696548
2026-08-27T09:05:00+00:00,1.1484716914238573,1.0127156466626017
2026-08-27T09:10:00+00:00,1.1489046684988522,1.0130974433248685
2026-08-27T09:15:00+00:00,1.148039040570053,1.0123341376602801
2026-08-27T09:20:00+00:00,1.1483638959861733,1.012620593273653
2026-08-27T09:25:00+00:00,1.1484829759527633,1.0127255972944489
2026-08-27T09:30:00+00:00,1.1481474217478045,1.012429707551408
2026-08-27T09:35:00+00:00,1.1490138255284412,1.0131936973576265
2026-08-27T09:40:00+00:00,1.1486459679948446,1.0128693227275873
2026-08-27T09:45:00+00:00,1.1484728031106635,1.0127166269415506
2026-08-27T09:50:00+00:00,1.1494903002218078,1.0136138499663623
2026-08-27T09:55:00+00:00,1.1492631880708155,1.013413583794741
2026-08-27T10:00:00+00:00,1.148754788979656,1.0129652804380183
2026-08-27T10:05:00+00:00,1.147910689259063,1.0122209582220056
2026-08-27T10:10:00+00:00,1.1479864975426284,1.0122878055248052
2026-08-27T10:15:00+00:00,1.148062300820459,1.012354648413577
2026-08-27T10:20:00+00:00,1.1482355540160853,1.0125074220721317
2026-08-27T10:25:00+00:00,1.1477158149305657,1.0120491191744476
2026-08-27T10:30:00+00:00,1.1477158149305657,1.0120491191744476
2026-08-27T10:35:00+00:00,1.1475858325179331,1.0119345014402472
2026-08-27T10:40:00+00:00,1.1474991699418482,1.0118580828855395
2026-08-27T10:45:00+00:00,1.1474991699418482,1.0118580828855395
2026-08-27T10:50:00+00:00,1.147824411552659,1.0121448790431404
2026-08-27T10:55:00+00:00,1.1474653779685586,1.01182828532036
2026-08-27T11:00:00+00:00,1.147932863582406,1.012240511411145
2026-08-27T11:05:00+00:00,1.1479961081854562,1.0122962801336606
2026-08-27T11:10:00+00:00,1.1483011570199968,1.0125652704187869
2026-08-27T11:15:00+00:00,1.1484418961217169,1.0126893733387574
2026-08-27T11:20:00+00:00,1.1475217916749965,1.0118780305980388
2026-08-27T11:25:00+00:00,1.1468501181063637,1.0112857527582946
2026-08-27T11:30:00+00:00,1.1465791418405293,1.0110468074657515
2026-08-27T11:35:00+00:00,1.1468502007393098,1.0112858256235449
2026-08-27T11:40:00+00:00,1.1459288182528935,1.010473355914868
2026-08-27T11:45:00+00:00,1.1464712440875298,1.0109516638557534
2026-08-27T11:50:00+00:00,1.1446820853315056,1.0093739940880793
2026-08-27T11:55:00+00:00,1.1453880088186643,1.0099964733064446
2026-08-27T12:00:00+00:00,1.1460826438282767,1.0106089984110747
2026-08-27T12:05:00+00:00,1.1455511360432762,1.0101403179427508
2026-08-27T12:10:00+00:00,1.146668905719408,1.0111259607311944
2026-08-27T12:15:00+00:00,1.146625539461604,1.0110877206177087
2026-08-27T12:20:00+00:00,1.146636381436107,1.0110972810076615
2026-08-27T12:25:00+00:00,1.1472760518833907,1.011661338681446
2026-08-27T12:30:00+00:00,1.1468534544974989,1.0112886947685598
2026-08-27T12:35:00+00:00,1.1467016969515351,1.0111548758486473
2026-08-27T12:40:00+00:00,1.1461162689400068,1.0106386488387031
2026-08-27T12:45:00+00:00,1.1462030433395327,1.0107151659986697
2026-08-27T12:50:00+00:00,1.145422132863374,1.0100265636902679
2026-08-27T12:55:00+00:00,1.1448034902999529,1.009481048281968
2026-08-27T13:00:00+00:00,1.144575446122302,1.009279960254669
2026-08-27T13:05:00+00:00,1.145009902545199,1.0096630613972972
2026-08-27T13:10:00+00:00,1.1449447587995583,1.0096056180219095
2026-08-27T13:15:00+00:00,1.1453573593309518,1.0099694467667395
2026-08-27T13:20:00+00:00,1.1453356923902676,1.0099503409846726
2026-08-27T13:25:00+00:00,1.1442719803181083,1.00901236587648
2026-08-27T13:30:00+00:00,1.1438156795398113,1.008610002508522
2026-08-27T13:35:00+00:00,1.1420873560671976,1.0070859769393414
2026-08-27T13:40:00+00:00,1.1420547063432165,1.0070571866029476
2026-08-27T13:45:00+00:00,1.1419240859739666,1.0069420063223187
2026-08-27T13:50:00+00:00,1.1375476257283768,1.003082869174401
2026-08-27T13:55:00+00:00,1.1393563360422432,1.0046777793918757
2026-08-27T14:00:00+00:00,1.1357828732567044,1.0015267207260805
2026-08-27T14:05:00+00:00,1.1380814532082775,1.0035535951361734
2026-08-27T14:10:00+00:00,1.1374478575812046,1.0029948942034597
2026-08-27T14:15:00+00:00,1.1393167583416715,1.0046428800060858
2026-08-27T14:20:00+00:00,1.1404734831103418,1.0056628731681831
2026-08-27T14:25:00+00:00,1.140538891295735,1.005720549725004
2026-08-27T14:30:00+00:00,1.141972236693905,1.0069844653466409
2026-08-27T14:35:00+00:00,1.1406822248154105,1.0058469403876125
2026-08-27T14:40:00+00:00,1.1386442975492004,1.0040499079969467
2026-08-27T14:45:00+00:00,1.138786269167301,1.004175097742681
2026-08-27T14:50:00+00:00,1.1401399916285397,1.0053688023224043
2026-08-27T14:55:00+00:00,1.139213080249787,1.0045514572686758
2026-08-27T15:00:00+00:00,1.1398351563963838,1.0051000003906163
2026-08-27T15:05:00+00:00,1.140129664688172,1.0053596960865512
2026-08-27T15:10:00+00:00,1.1411874330003937,1.0062924300218585
2026-08-27T15:15:00+00:00,1.1408170657249659,1.0059658423160942
2026-08-27T15:20:00+00:00,1.1400488417326613,1.0052884268752451
2026-08-27T15:25:00+00:00,1.1390728718258085,1.004427822297246
2026-08-27T15:30:00+00:00,1.1391056155139963,1.0044566954907297
2026-08-27T15:35:00+00:00,1.1398259148542222,1.005091851252578
2026-08-27T15:40:00+00:00,1.1388661182287143,1.0042455081798456
2026-08-27T15:45:00+00:00,1.1379982314755568,1.003480210697098
2026-08-27T15:50:00+00:00,1.137331770523162,1.0028925293119844
2026-08-27T15:55:00+00:00,1.1401901454302432,1.0054130276525572
2026-08-27T16:00:00+00:00,1.139873923292815,1.0051341848140392
2026-08-27T16:05:00+00:00,1.1409100443587186,1.0060478303336569
2026-08-27T16:10:00+00:00,1.139896643312608,1.0051542191951288
2026-08-27T16:15:00+00:00,1.1396280358551487,1.0049173627040104
2026-08-27T16:20:00+00:00,1.138925746909617,1.0042980884032775
2026-08-27T16:25:00+00:00,1.1385764702329648,1.0039900982646424
2026-08-27T16:30:00+00:00,1.1396574404027153,1.0049432914627479
2026-08-27T16:35:00+00:00,1.140235609035692,1.0054531171949774
2026-08-27T16:40:00+00:00,1.1407698764091119,1.0059242310522922
2026-08-27T16:45:00+00:00,1.141031425999202,1.0061548639570825
2026-08-27T16:50:00+00:00,1.1411839673941713,1.0062893740704817
2026-08-27T16:55:00+00:00,1.1406393647150952,1.0058091466008512
2026-08-27T17:00:00+00:00,1.1408355484569477,1.005982140281478
2026-08-27T17:05:00+00:00,1.1412605668933626,1.0063569190626107
2026-08-27T17:10:00+00:00,1.141020914765762,1.006145595212672
2026-08-27T17:15:00+00:00,1.140895392184512,1.0060349101318027
2026-08-27T17:20:00+00:00,1.1409856188317902,1.0061144714637247
2026-08-27T17:25:00+00:00,1.1415003186820705,1.0065683307931328
2026-08-27T17:30:00+00:00,1.139931892454122,1.005185301682759
2026-08-27T17:35:00+00:00,1.1398829264777943,1.0051421237701024
2026-08-27T17:40:00+00:00,1.139582862449864,1.0048775290584042
2026-08-27T17:45:00+00:00,1.139070102087696,1.0044253799583143
2026-08-27T17:50:00+00:00,1.1389937343491539,1.0043580393313756
2026-08-27T17:55:00+00:00,1.1393757875138104,1.0046949315861817
2026-08-27T18:00:00+00:00,1.1388956936624763,1.0042715876250348
2026-08-27T18:05:00+00:00,1.1376402113557103,1.0031645106411922
2026-08-27T18:10:00+00:00,1.1380882777117591,1.0035596129435844
2026-08-27T18:15:00+00:00,1.1382412108039957,1.0036944684533518
2026-08-27T18:20:00+00:00,1.1381156057870134,1.003583710681134
2026-08-27T18:25:00+00:00,1.137509333252744,1.0030491030924737
2026-08-27T18:30:00+00:00,1.1364819127880337,1.0021431297122996
2026-08-27T18:35:00+00:00,1.1368976134722892,1.0025096921538623
2026-08-27T18:40:00+00:00,1.1377506255968424,1.0032618732757643
2026-08-27T18:45:00+00:00,1.1378708312391725,1.0033678699108697
2026-08-27T18:50:00+00:00,1.1371824239352524,1.0027608363608373
2026-08-27T18:55:00+00:00,1.137477621608815,1.0030211399496047
2026-08-27T19:00:00+00:00,1.1376634419410432,1.0031849952360004
2026-08-27T19:05:00+00:00,1.1382644898287975,1.0037149957618015
2026-08-27T19:10:00+00:00,1.1382098773986704,1.0036668388390797
2026-08-27T19:15:00+00:00,1.1381006634902036,1.0035705346508585
2026-08-27T19:20:00+00:00,1.1387014498414758,1.0041003045553134
2026-08-27T19:25:00+00:00,1.138493996111984,1.0039173730652438
2026-08-27T19:30:00+00:00,1.1381008798132253,1.0035707254032389
2026-08-27T19:35:00+00:00,1.1391277616929303,1.0044762238622928
2026-08-27T19:40:00+00:00,1.139073192124535,1.0044281047347965
2026-08-27T19:45:00+00:00,1.1390950219446585,1.0044473541430041
2026-08-27T19:50:00+00:00,1.1397280988365048,1.0050055976580172
2026-08-27T19:55:00+00:00,1.1410861906447125,1.0062031551024424
2026-08-27T20:00:00+00:00,1.1430200787230205,1.0079084463433339
2026-08-27T20:05:00+00:00,1.1425306138700189,1.0074768390875106
2026-08-27T20:10:00+00:00,1.142552377186981,1.0074960298536177
2026-08-27T20:15:00+00:00,1.1409745667613418,1.0061047258123912
2026-08-27T20:20:00+00:00,1.141377737986346,1.0064602398497808
2026-08-27T20:25:00+00:00,1.1412688112668101,1.0063641889030859
2026-08-27T20:30:00+00:00,1.1410835092309997,1.006200790647452
2026-08-27T20:35:00+00:00,1.140920185970522,1.0060567731478611
2026-08-27T20:40:00+00:00,1.1412906853623366,1.0063834773530858
2026-08-27T20:45:00+00:00,1.1415739164808025,1.0066332289032842
2026-08-27T20:50:00+00:00,1.1420095406895217,1.0070173597926473
2026-08-27T20:55:00+00:00,1.141465208210642,1.006537370583976
2026-08-27T21:00:00+00:00,1.1410079528265211,1.0061341654501639
2026-08-27T21:05:00+00:00,1.1409205652230396,1.0060571075705218
2026-08-27T21:10:00+00:00,1.140648503466929,1.0058172050989769
2026-08-27T21:15:00+00:00,1.1393786472235279,1.00469745326155
2026-08-27T21:20:00+00:00,1.139831487411043,1.0050967651007174
2026-08-27T21:25:00+00:00,1.139831487828538,1.0050967654688623
2026-08-27T21:30:00+00:00,1.139831487828538,1.0050967654688623
2026-08-27T21:35:00+00:00,1.139831487828538,1.0050967654688623
2026-08-27T21:40:00+00:00,1.1387407399932954,1.0041349503822892
2026-08-27T21:45:00+00:00,1.139286636800579,1.0046163190066335
2026-08-27T21:50:00+00:00,1.139286636800579,1.0046163190066335
2026-08-27T21:55:00+00:00,1.1391556843135904,1.0045008458665177
2026-08-27T22:00:00+00:00,1.13928665185605,1.00461633228246
2026-08-27T22:05:00+00:00,1.1391556993673309,1.0045008591408182
2026-08-27T22:10:00+00:00,1.13928666671348,1.0046163453836552
2026-08-27T22:15:00+00:00,1.139155714223053,1.0045008722405075
2026-08-27T22:20:00+00:00,1.1397559821417533,1.0050301849941408
2026-08-27T22:25:00+00:00,1.140334117653243,1.005539981520036
2026-08-27T22:30:00+00:00,1.13983259392856,1.0050977408214175
2026-08-27T22:35:00+00:00,1.13983259392856,1.0050977408214175
2026-08-27T22:40:00+00:00,1.1396580741055662,1.0049438502582295
2026-08-27T22:45:00+00:00,1.1394776366075219,1.0047847415236575
2026-08-27T22:50:00+00:00,1.1390580038840619,1.0044147118328317
2026-08-27T22:55:00+00:00,1.1391016635173967,1.0044532106431514
2026-08-27T23:00:00+00:00,1.1390580055573898,1.0044147133083625
2026-08-27T23:05:00+00:00,1.1390580055573898,1.0044147133083625
2026-08-27T23:10:00+00:00,1.1390589127999013,1.0044155133095238
2026-08-27T23:15:00+00:00,1.138075698580093,1.003548520738565
2026-08-27T23:20:00+00:00,1.138184941961477,1.0036448509158327
2026-08-27T23:25:00+00:00,1.138184941961477,1.0036448509158327
2026-08-27T23:30:00+00:00,1.1383051170108944,1.0037508205742862
2026-08-27T23:35:00+00:00,1.138665547531537,1.0040686461075712
2026-08-27T23:40:00+00:00,1.1384580925960415,1.0038857135540544
2026-08-27T23:45:00+00:00,1.1382287585086295,1.0036834880918428
2026-08-27T23:50:00+00:00,1.1379775280590976,1.003461954545079
2026-08-27T23:55:00+00:00,1.1379556774921225,1.0034426868424187
2026-08-28T00:00:00+00:00,1.1378136460795547,1.0033174443702715
2026-08-28T08:05:00+00:00,1.136368987987457,1.0020435532810352
2026-08-28T08:10:00+00:00,1.1362595744511594,1.001947073062156
2026-08-28T08:15:00+00:00,1.1362814592657673,1.0019663709641795
2026-08-28T08:20:00+00:00,1.136040730941513,1.0017540981303017
2026-08-28T08:25:00+00:00,1.1363690664128834,1.0020436224361196
2026-08-28T08:30:00+00:00,1.1366316589181205,1.0022751749774104
2026-08-28T08:35:00+00:00,1.1368613742897693,1.0024777366538409
2026-08-28T08:40:00+00:00,1.137845669851925,1.003345682746182
2026-08-28T08:45:00+00:00,1.1370884173317988,1.0026779418855816
2026-08-28T08:50:00+00:00,1.1366582561998413,1.0022986283054798
2026-08-28T08:55:00+00:00,1.1370043530706206,1.0026038145098213
2026-08-28T09:00:00+00:00,1.1371359641283418,1.0027198683737721
2026-08-28T09:05:00+00:00,1.1371359641283418,1.0027198683737721
2026-08-28T09:10:00+00:00,1.1368079441386894,1.0024306222578951
2026-08-28T09:15:00+00:00,1.1368626299162599,1.002478843857965
2026-08-28T09:20:00+00:00,1.136479847885985,1.0021413088937032
2026-08-28T09:25:00+00:00,1.1364470269431313,1.002112367577505
2026-08-28T09:30:00+00:00,1.1364470269431313,1.002112367577505
2026-08-28T09:35:00+00:00,1.1364470269431313,1.002112367577505
2026-08-28T09:40:00+00:00,1.136917474044028,1.002527205090317
2026-08-28T09:45:00+00:00,1.136917474044028,1.002527205090317
2026-08-28T09:50:00+00:00,1.1365019020546698,1.002160756131165
2026-08-28T09:55:00+00:00,1.1370598474264768,1.002652749109513
2026-08-28T10:00:00+00:00,1.1370598474264768,1.002652749109513
2026-08-28T10:05:00+00:00,1.1370598474264768,1.002652749109513
2026-08-28T10:10:00+00:00,1.1370598474264768,1.002652749109513
2026-08-28T10:15:00+00:00,1.1370598474264768,1.002652749109513
2026-08-28T10:20:00+00:00,1.1364803062198374,1.0021417130498242
2026-08-28T10:25:00+00:00,1.1374868155399398,1.0030292471045084
2026-08-28T10:30:00+00:00,1.1375633300666617,1.0030967171684089
2026-08-28T10:35:00+00:00,1.1376944890047733,1.0032123723559223
2026-08-28T10:40:00+00:00,1.1376944890047733,1.0032123723559223
2026-08-28T10:45:00+00:00,1.1376944890047733,1.0032123723559223
2026-08-28T10:50:00+00:00,1.1376944890047733,1.0032123723559223
2026-08-28T10:55:00+00:00,1.1376944890047733,1.0032123723559223
2026-08-28T11:00:00+00:00,1.138164421023632,1.0036267556723937
2026-08-28T11:05:00+00:00,1.1383610555648307,1.0038001468652575
2026-08-28T11:10:00+00:00,1.1382299885105363,1.0036845727003592
2026-08-28T11:15:00+00:00,1.1378913596271982,1.003385971723836
2026-08-28T11:20:00+00:00,1.138230089314233,1.0036846615884716
2026-08-28T11:25:00+00:00,1.138389728418653,1.0038254304207141
2026-08-28T11:30:00+00:00,1.1385359710382223,1.0039543863106615
2026-08-28T11:35:00+00:00,1.138110068424747,1.0035788278673479
2026-08-28T11:40:00+00:00,1.1380117464122699,1.003492128089556
2026-08-28T11:45:00+00:00,1.1376839780521282,1.0032031038591154
2026-08-28T11:50:00+00:00,1.137552832924975,1.003087460850025
2026-08-28T11:55:00+00:00,1.1372030722630204,1.00277904393597
2026-08-28T12:00:00+00:00,1.1366782698607147,1.0023162762350422
2026-08-28T12:05:00+00:00,1.1363173524868344,1.0019980213974087
2026-08-28T12:10:00+00:00,1.1368316222563757,1.0024515014841267
2026-08-28T12:15:00+00:00,1.1360550979242334,1.0017667668519654
2026-08-28T12:20:00+00:00,1.1370619867029566,1.0026546355110506
2026-08-28T12:25:00+00:00,1.1375759803885244,1.0031078721485291
2026-08-28T12:30:00+00:00,1.1382426995930182,1.0036957812588392
2026-08-28T12:35:00+00:00,1.1374234427412353,1.0029733653398125
2026-08-28T12:40:00+00:00,1.1372596398304338,1.0028289248873605
2026-08-28T12:45:00+00:00,1.137696954875263,1.0032145467461546
2026-08-28T12:50:00+00:00,1.137882742355166,1.0033783730635615
2026-08-28T12:55:00+00:00,1.1376314238574885,1.0031567618764556
2026-08-28T13:00:00+00:00,1.138418333863423,1.0038506545352615
2026-08-28T13:05:00+00:00,1.1389425781601537,1.004312930101945
2026-08-28T13:10:00+00:00,1.1382875742812155,1.003735351497458
2026-08-28T13:15:00+00:00,1.1385301657087807,1.0039492672049815
2026-08-28T13:20:00+00:00,1.1384296953447046,1.0038606730232653
2026-08-28T13:25:00+00:00,1.1384187736890834,1.0038510423709666
2026-08-28T13:30:00+00:00,1.1384515389702878,1.0038799346050467
2026-08-28T13:35:00+00:00,1.1355682772062032,1.0013374911789554
2026-08-28T13:40:00+00:00,1.1380263595025946,1.0035050138274708
2026-08-28T13:45:00+00:00,1.1381957191536909,1.003654354181142
2026-08-28T13:50:00+00:00,1.1371471426104167,1.0027297254941425
2026-08-28T13:55:00+00:00,1.136280292402672,1.001965342031101
2026-08-28T14:00:00+00:00,1.1369509738810282,1.0025567450514192
2026-08-28T14:05:00+00:00,1.137109560327138,1.0026965856556962
2026-08-28T14:10:00+00:00,1.1349609869716124,1.0008019861880808
2026-08-28T14:15:00+00:00,1.1336024765336707,0.999604059598395
2026-08-28T14:20:00+00:00,1.1353897697296742,1.0011800843261114
2026-08-28T14:25:00+00:00,1.1365945709085563,1.0022424709866469
2026-08-28T14:30:00+00:00,1.1373602881774387,1.0029176760133862
2026-08-28T14:35:00+00:00,1.1383114002360886,1.0037563610856581
2026-08-28T14:40:00+00:00,1.1376887995668306,1.0032073554426906
2026-08-28T14:45:00+00:00,1.1378746073438373,1.003371199657965
2026-08-28T14:50:00+00:00,1.136820124340333,1.0024413626887452
2026-08-28T14:55:00+00:00,1.1362240044078213,1.0019157076051675
2026-08-28T15:00:00+00:00,1.1372855636497767,1.0028517843602287
2026-08-28T15:05:00+00:00,1.1362522917886253,1.0019406512527624
2026-08-28T15:10:00+00:00,1.1352181223580435,1.0010287266738014
2026-08-28T15:15:00+00:00,1.134780004610486,1.0006423969964175
2026-08-28T15:20:00+00:00,1.1349662767201498,1.000806650657524
2026-08-28T15:25:00+00:00,1.1347997623448323,1.0006598192514582
2026-08-28T15:30:00+00:00,1.1348512601501153,1.0007052297161378
2026-08-28T15:35:00+00:00,1.1338706782533947,0.9998405583123424
2026-08-28T15:40:00+00:00,1.1329166686097023,0.9989993181664607
2026-08-28T15:45:00+00:00,1.131248404414753,0.9975282525184275
2026-08-28T15:50:00+00:00,1.129236935596954,0.9957545510334275
2026-08-28T15:55:00+00:00,1.1288405383596245,0.995405010258905
2026-08-28T16:00:00+00:00,1.125568717466137,0.9925199376561973
2026-08-28T16:05:00+00:00,1.1244198286206215,0.9915068541654869
2026-08-28T16:10:00+00:00,1.1278700208652084,0.9945492135864277
2026-08-28T16:15:00+00:00,1.1259461234729933,0.9928527320743286
2026-08-28T16:20:00+00:00,1.1247479886615757,0.9917962237777858
2026-08-28T16:25:00+00:00,1.1247258939624314,0.991776740800801
2026-08-28T16:30:00+00:00,1.1247590636450664,0.9918059896337066
2026-08-28T16:35:00+00:00,1.1235871053145083,0.9907725636054854
2026-08-28T16:40:00+00:00,1.124743619763832,0.991792371309208
2026-08-28T16:45:00+00:00,1.1242516105831937,0.9913585204800976
2026-08-28T16:50:00+00:00,1.126441506467245,0.9932895579126279
2026-08-28T16:55:00+00:00,1.125988939538996,0.9928904870318892
2026-08-28T17:00:00+00:00,1.125602434371644,0.9925496690270432
2026-08-28T17:05:00+00:00,1.1243154454884856,0.991414809727691
2026-08-28T17:10:00+00:00,1.123779059219063,0.9909418274402254
2026-08-28T17:15:00+00:00,1.1244983865047005,0.9915761260500006
2026-08-28T17:20:00+00:00,1.1248411490425554,0.9918783720589947
2026-08-28T17:25:00+00:00,1.1247859988753577,0.9918297409628568
2026-08-28T17:30:00+00:00,1.1247528343480384,0.9918004966758786
2026-08-28T17:35:00+00:00,1.1256206251394794,0.9925657095401438
2026-08-28T17:40:00+00:00,1.1247976973146072,0.9918400565784337
2026-08-28T17:45:00+00:00,1.1254831123894486,0.9924444515982968
2026-08-28T17:50:00+00:00,1.1270135677090523,0.9937939981829054
2026-08-28T17:55:00+00:00,1.1270190850370307,0.9937988633305737
2026-08-28T18:00:00+00:00,1.126577743731165,0.9934096911382538
2026-08-28T18:05:00+00:00,1.1255733204069815,0.9925239965026181
2026-08-28T18:10:00+00:00,1.1259157642400557,0.9928259614795932
2026-08-28T18:15:00+00:00,1.1256009980728277,0.992548402507115
2026-08-28T18:20:00+00:00,1.1257612009454745,0.9926896684668954
2026-08-28T18:25:00+00:00,1.1256728549556796,0.9926117654877857
2026-08-28T18:30:00+00:00,1.1256231507939385,0.9925679366475321
2026-08-28T18:35:00+00:00,1.1259048439064727,0.9928163319930602
2026-08-28T18:40:00+00:00,1.1253969148791256,0.9923684431358688
2026-08-28T18:45:00+00:00,1.1253085223649735,0.9922904991318519
2026-08-28T18:50:00+00:00,1.124711783481647,0.9917642982610515
2026-08-28T18:55:00+00:00,1.1241810837190787,0.9912963303022012
2026-08-28T19:00:00+00:00,1.1241976773963538,0.9913109625101499
2026-08-28T19:05:00+00:00,1.124695622647839,0.9917500477319505
2026-08-28T19:10:00+00:00,1.1255079988086747,0.9924663962977859
2026-08-28T19:15:00+00:00,1.1251434054716012,0.992144900017224
2026-08-28T19:20:00+00:00,1.1255909789614056,0.992539567713033
2026-08-28T19:25:00+00:00,1.125574408390972,0.9925249558805624
2026-08-28T19:30:00+00:00,1.1263256433206563,0.9931873904649688
2026-08-28T19:35:00+00:00,1.125906139171672,0.9928174741503669
2026-08-28T19:40:00+00:00,1.1255527062422634,0.9925058190522651
2026-08-28T19:45:00+00:00,1.1260829665244396,0.992973399479866
2026-08-28T19:50:00+00:00,1.1259614993558218,0.9928662904382294
2026-08-28T19:55:00+00:00,1.125111242491439,0.9921165388886936
2026-08-28T20:00:00+00:00,1.1246691729293425,0.9917267245242722
2026-08-28T20:05:00+00:00,1.1245143877417663,0.9915902358476243
2026-08-28T20:10:00+00:00,1.124055607632938,0.991185686220448
2026-08-28T20:15:00+00:00,1.1242601462657347,0.9913660471952347
2026-08-28T20:20:00+00:00,1.124647250103603,0.9917073931042543
2026-08-28T20:25:00+00:00,1.1249126014013073,0.9919413783326706
2026-08-28T20:30:00+00:00,1.125072548391936,0.9920824186571781
2026-08-28T20:35:00+00:00,1.1245368518727619,0.9916100445874632
2026-08-28T20:40:00+00:00,1.1250344345505818,0.9920488100939179
2026-08-28T20:45:00+00:00,1.124603386874509,0.99166871476438
2026-08-28T20:50:00+00:00,1.1247692380110819,0.9918149613303847
2026-08-28T20:55:00+00:00,1.1247692380110819,0.9918149613303847
2026-08-28T21:00:00+00:00,1.1248687340219927,0.9919026963331562
2026-08-28T21:05:00+00:00,1.1248687340219927,0.9919026963331562
2026-08-28T21:10:00+00:00,1.1248234120702485,0.9918627317001475
2026-08-28T21:15:00+00:00,1.125200373247855,0.992195133870438
2026-08-28T21:20:00+00:00,1.1249241013039226,0.9919515188798
2026-08-28T21:25:00+00:00,1.1249351548963495,0.9919612658732055
2026-08-28T21:30:00+00:00,1.1248135635328704,0.991854047317264
2026-08-28T21:35:00+00:00,1.1249164825920988,0.9919448007440994
2026-08-28T21:40:00+00:00,1.1247140899410413,0.9917663320835082
2026-08-28T21:45:00+00:00,1.1247140899410413,0.9917663320835082
2026-08-28T21:50:00+00:00,1.1250347039917656,0.9920490476855846
2026-08-28T21:55:00+00:00,1.1250348223136986,0.9920491520211756
2026-08-28T22:00:00+00:00,1.1246811420473262,0.9917372788227802
2026-08-28T22:05:00+00:00,1.1251123254669027,0.9921174938501487
2026-08-28T22:10:00+00:00,1.1250902219675223,0.9920980031131669
2026-08-28T22:15:00+00:00,1.1246481432948434,0.991708180715087
2026-08-28T22:20:00+00:00,1.1246481432948434,0.991708180715087
2026-08-28T22:25:00+00:00,1.1246472587898153,0.9917074007637062
2026-08-28T22:30:00+00:00,1.124449129507686,0.991532691516998
2026-08-28T22:35:00+00:00,1.1244380712376583,0.9915229403989114
2026-08-28T22:40:00+00:00,1.1246263954283033,0.9916890035730719
2026-08-28T22:45:00+00:00,1.1246481767871075,0.9917082102483702
2026-08-28T22:50:00+00:00,1.1246481767871075,0.9917082102483702
2026-08-28T22:55:00+00:00,1.1246481767871075,0.9917082102483702
2026-08-28T23:00:00+00:00,1.1245376136552958,0.991610716322864
2026-08-28T23:05:00+00:00,1.1249308148110637,0.9919574388112854
2026-08-28T23:10:00+00:00,1.1246703934852795,0.9917278008033871
2026-08-28T23:15:00+00:00,1.1246703934852795,0.9917278008033871
2026-08-28T23:20:00+00:00,1.1246372251948027,0.9916985531980784
2026-08-28T23:25:00+00:00,1.124660222554448,0.9917188321358342
2026-08-28T23:30:00+00:00,1.124660222554448,0.9917188321358342
2026-08-28T23:35:00+00:00,1.12481412481427,0.9918545422519323
2026-08-28T23:40:00+00:00,1.1249357263412771,0.9919617697700137
2026-08-28T23:45:00+00:00,1.1250794217038762,0.9920884795036046
2026-08-28T23:50:00+00:00,1.1249799530031617,0.9920007685828052
2026-08-28T23:55:00+00:00,1.1246594368512206,0.9917181393073057
2026-08-29T00:00:00+00:00,1.1248539155234274,0.9918896294674522
2026-08-31T08:05:00+00:00,1.1284074859278281,0.9950231471474501
2026-08-31T08:10:00+00:00,1.1300604265810428,0.9964807005856544
2026-08-31T08:15:00+00:00,1.129312502748731,0.9958211857076211
2026-08-31T08:20:00+00:00,1.1292023946696048,0.9957240930449219
2026-08-31T08:25:00+00:00,1.1289601332727144,0.9955104683565249
2026-08-31T08:30:00+00:00,1.1291473754411596,0.9956755774098132
2026-08-31T08:35:00+00:00,1.128971176736271,0.9955202064183513
2026-08-31T08:40:00+00:00,1.128563653629022,0.9951608549165516
2026-08-31T08:45:00+00:00,1.1277924257971434,0.9944807907074664
2026-08-31T08:50:00+00:00,1.128134221170987,0.9947821838768698
2026-08-31T08:55:00+00:00,1.1276933284611987,0.9943934072539575
2026-08-31T09:00:00+00:00,1.1276933284611987,0.9943934072539575
2026-08-31T09:05:00+00:00,1.12807926046957,0.9947337198505536
2026-08-31T09:10:00+00:00,1.1278477804571618,0.9945296021241822
2026-08-31T09:15:00+00:00,1.1287408152204712,0.9953170749757732
2026-08-31T09:20:00+00:00,1.129181471404434,0.9957056430315905
2026-08-31T09:25:00+00:00,1.129181471404434,0.9957056430315905
2026-08-31T09:30:00+00:00,1.129181471404434,0.9957056430315905
2026-08-31T09:35:00+00:00,1.1280252001493385,0.9946860497751215
2026-08-31T09:40:00+00:00,1.1280252001493385,0.9946860497751215
2026-08-31T09:45:00+00:00,1.1273086787185782,0.9940542253518304
2026-08-31T09:50:00+00:00,1.126536549486579,0.9933733662933703
2026-08-31T09:55:00+00:00,1.1268345750287716,0.9936361634802205
2026-08-31T10:00:00+00:00,1.1268345750287716,0.9936361634802205
2026-08-31T10:05:00+00:00,1.1261283309016015,0.9930134015233613
2026-08-31T10:10:00+00:00,1.127100025968761,0.9938702365726233
2026-08-31T10:15:00+00:00,1.127100025968761,0.9938702365726233
2026-08-31T10:20:00+00:00,1.126316720024831,0.9931795219546964
2026-08-31T10:25:00+00:00,1.127035354210699,0.9938132093931329
2026-08-31T10:30:00+00:00,1.127035354210699,0.9938132093931329
2026-08-31T10:35:00+00:00,1.1264063787234226,0.9932585824727755
2026-08-31T10:40:00+00:00,1.1265388503662221,0.993375395195635
2026-08-31T10:45:00+00:00,1.12670442045005,0.9935213939309664
2026-08-31T10:50:00+00:00,1.1269582572770689,0.9937452257662138
2026-08-31T10:55:00+00:00,1.1273113420290943,0.9940565738435276
2026-08-31T11:00:00+00:00,1.1273113420290943,0.9940565738435276
2026-08-31T11:05:00+00:00,1.1260097496772408,0.9929088372905577
2026-08-31T11:10:00+00:00,1.1262085274369813,0.9930841183610455
2026-08-31T11:15:00+00:00,1.1256564644333358,0.9925973124206724
2026-08-31T11:20:00+00:00,1.126208798321674,0.9930843572255893
2026-08-31T11:25:00+00:00,1.126208798321674,0.9930843572255893
2026-08-31T11:30:00+00:00,1.1268933566108499,0.993687996736844
2026-08-31T11:35:00+00:00,1.126485077908541,0.9933279789557224
2026-08-31T11:40:00+00:00,1.1262422295820933,0.9931138367162612
2026-08-31T11:45:00+00:00,1.1264520074614541,0.993298817628145
2026-08-31T11:50:00+00:00,1.12602189814787,0.9929195497411831
2026-08-31T11:55:00+00:00,1.126066109270189,0.9929585348512762
2026-08-31T12:00:00+00:00,1.1258562964272265,0.9927735231086922
2026-08-31T12:05:00+00:00,1.1260661464275414,0.9929585676164132
2026-08-31T12:10:00+00:00,1.1275348227320392,0.9942536378254173
2026-08-31T12:15:00+00:00,1.1275348227320392,0.9942536378254173
2026-08-31T12:20:00+00:00,1.127799502267892,0.9944870306981464
2026-08-31T12:25:00+00:00,1.1267630839860487,0.9935731230952445
2026-08-31T12:30:00+00:00,1.1262443977475831,0.9931157485919587
2026-08-31T12:35:00+00:00,1.1259683736907267,0.9928723521867001
2026-08-31T12:40:00+00:00,1.1266530812034656,0.9934761232824234
2026-08-31T12:45:00+00:00,1.124887167283084,0.9919189506753977
2026-08-31T12:50:00+00:00,1.124887167283084,0.9919189506753977
2026-08-31T12:55:00+00:00,1.1241244194986644,0.9912463641227581
2026-08-31T13:00:00+00:00,1.1247217578570212,0.9917730936071477
2026-08-31T13:05:00+00:00,1.1244895829143788,0.9915683630953444
2026-08-31T13:10:00+00:00,1.1239919624357466,0.9911295642563536
2026-08-31T13:15:00+00:00,1.1247551968231226,0.9918025798926454
2026-08-31T13:20:00+00:00,1.1251753106223605,0.9921730337932894
2026-08-31T13:25:00+00:00,1.125186362122288,0.9921827789415408
2026-08-31T13:30:00+00:00,1.1262030901293918,0.9930793237748902
2026-08-31T13:35:00+00:00,1.1297756367672438,0.9962295745869925
2026-08-31T13:40:00+00:00,1.125334184425245,0.9923131277870962
2026-08-31T13:45:00+00:00,1.126693350518272,0.9935116325296165
2026-08-31T13:50:00+00:00,1.1277751386436945,0.9944655469962683
2026-08-31T13:55:00+00:00,1.128723464310326,0.9953017750442917
2026-08-31T14:00:00+00:00,1.1283268247822542,0.9949520206192042
2026-08-31T14:05:00+00:00,1.1275774466678925,0.9942912233637318
2026-08-31T14:10:00+00:00,1.1267171856975124,0.9935326502518104
2026-08-31T14:15:00+00:00,1.1271477455937053,0.9939123154598916
2026-08-31T14:20:00+00:00,1.1274787697025375,0.9942042105905596
2026-08-31T14:25:00+00:00,1.1260669688547005,0.9929592928278906
2026-08-31T14:30:00+00:00,1.1261774081800293,0.9930566775815615
2026-08-31T14:35:00+00:00,1.1263652365530583,0.9932223035466365
2026-08-31T14:40:00+00:00,1.1270717894710172,0.9938453377934144
2026-08-31T14:45:00+00:00,1.127380721357864,0.9941177521314422
2026-08-31T14:50:00+00:00,1.1260096052344206,0.9929087099217201
2026-08-31T14:55:00+00:00,1.126112429267102,0.9929993795547003
2026-08-31T15:00:00+00:00,1.1254056428761703,0.9923761394328151
2026-08-31T15:05:00+00:00,1.124930559200895,0.9919572134157282
2026-08-31T15:10:00+00:00,1.1243059579033332,0.9914064436303778
2026-08-31T15:15:00+00:00,1.1246211929591234,0.9916844160660584
2026-08-31T15:20:00+00:00,1.1245990781457016,0.9916649153524207
2026-08-31T15:25:00+00:00,1.1252183179555932,0.9922109574091791
2026-08-31T15:30:00+00:00,1.1253012041167532,0.9922840459432067
2026-08-31T15:35:00+00:00,1.124776272021644,0.9918211638799203
2026-08-31T15:40:00+00:00,1.1246435990859145,0.9917041736581278
2026-08-31T15:45:00+00:00,1.1246878308217567,0.9917431769451056
2026-08-31T15:50:00+00:00,1.1244888052757895,0.9915676773781666
2026-08-31T15:55:00+00:00,1.1242068043286197,0.9913190105858501
2026-08-31T16:00:00+00:00,1.1238197497902116,0.9909777081488073
2026-08-31T16:05:00+00:00,1.1232940535401688,0.9905141522581522
2026-08-31T16:10:00+00:00,1.1231833518918102,0.9904165361895618
2026-08-31T16:15:00+00:00,1.1239805343630576,0.9911194870484344
2026-08-31T16:20:00+00:00,1.1242571211459755,0.9913633796622557
2026-08-31T16:25:00+00:00,1.1243787905122342,0.9914706670005939
2026-08-31T16:30:00+00:00,1.1253409362114857,0.9923190814728681
2026-08-31T16:35:00+00:00,1.1251420497121996,0.9921437045164825
2026-08-31T16:40:00+00:00,1.1249983670907033,0.9920170060179218
2026-08-31T16:45:00+00:00,1.1255068310456706,0.9924653665711723
2026-08-31T16:50:00+00:00,1.1256007428649197,0.9925481774662693
2026-08-31T16:55:00+00:00,1.1259596900251707,0.9928646949810029
2026-08-31T17:00:00+00:00,1.1262580141838192,0.9931277554861045
2026-08-31T17:05:00+00:00,1.1258604945698365,0.9927772250063882
2026-08-31T17:10:00+00:00,1.1258163220664639,0.9927382739502569
2026-08-31T17:15:00+00:00,1.12523092108622,0.9922220707763417
2026-08-31T17:20:00+00:00,1.125109355742843,0.9921148751647746
2026-08-31T17:25:00+00:00,1.125153566099075,0.9921538595993364
2026-08-31T17:30:00+00:00,1.1247998971458397,0.9918419963767993
2026-08-31T17:35:00+00:00,1.124656169378361,0.9917152580687743
2026-08-31T17:40:00+00:00,1.1251869023793177,0.9921832553370418
2026-08-31T17:45:00+00:00,1.12584994972033,0.9927679266195256
2026-08-31T17:50:00+00:00,1.1257505428813581,0.9926802702480505
2026-08-31T17:55:00+00:00,1.126115078374592,0.9930017155222516
2026-08-31T18:00:00+00:00,1.1257065016395655,0.992641434937616
2026-08-31T18:05:00+00:00,1.1265018665724245,0.9933427831017265
2026-08-31T18:10:00+00:00,1.1268219958658021,0.9936250712475987
2026-08-31T18:15:00+00:00,1.126579201137515,0.9934109762706834
2026-08-31T18:20:00+00:00,1.1267889201571544,0.9935959052804079
2026-08-31T18:25:00+00:00,1.127164145060511,0.99392677641418
2026-08-31T18:30:00+00:00,1.1266125168809045,0.9934403538991113
2026-08-31T18:35:00+00:00,1.126259290690545,0.9931288811022987
2026-08-31T18:40:00+00:00,1.1253208066607971,0.9923013313523432
2026-08-31T18:45:00+00:00,1.1251992481037152,0.9921941417248914
2026-08-31T18:50:00+00:00,1.125132942035138,0.9921356734199099
2026-08-31T18:55:00+00:00,1.1251992554853991,0.9921941482340174
2026-08-31T19:00:00+00:00,1.1246687575447294,0.9917263582405415
2026-08-31T19:05:00+00:00,1.1247240418614879,0.9917751076289804
2026-08-31T19:10:00+00:00,1.1247378626145865,0.991787294688545
2026-08-31T19:15:00+00:00,1.1251441947030194,0.9921455959568913
2026-08-31T19:20:00+00:00,1.1252712959214541,0.9922576730708332
2026-08-31T19:25:00+00:00,1.1259012078447324,0.9928131257350015
2026-08-31T19:30:00+00:00,1.1258294159791475,0.9927498200861781
2026-08-31T19:35:00+00:00,1.1259509199209436,0.992856961554189
2026-08-31T19:40:00+00:00,1.1263926862867186,0.9932465085618605
2026-08-31T19:45:00+00:00,1.12674596570102,0.9935580282912351
2026-08-31T19:50:00+00:00,1.1265473013053844,0.9933828471845546
2026-08-31T19:55:00+00:00,1.1270881786686324,0.9938597896923911
2026-08-31T20:00:00+00:00,1.1273860757732397,0.9941224736237271
2026-08-31T20:05:00+00:00,1.1275625607569235,0.9942780970541628
2026-08-31T20:10:00+00:00,1.1274302177333604,0.9941613977469969
2026-08-31T20:15:00+00:00,1.1267353352911087,0.9935486544577069
2026-08-31T20:20:00+00:00,1.1272209495016368,0.9939768662394303
2026-08-31T20:25:00+00:00,1.1271768217657443,0.9939379546590024
2026-08-31T20:30:00+00:00,1.1271547570339882,0.9939184981070858
2026-08-31T20:35:00+00:00,1.1274960799380709,0.9942194746554067
2026-08-31T20:40:00+00:00,1.1274960799380709,0.9942194746554067
2026-08-31T20:45:00+00:00,1.1273864492675083,0.9941228029687976
2026-08-31T20:50:00+00:00,1.1273864492675083,0.9941228029687976
2026-08-31T20:55:00+00:00,1.1274526311583153,0.9941811617745447
2026-08-31T21:00:00+00:00,1.1275960168382708,0.9943075984317846
2026-08-31T21:05:00+00:00,1.1273864797970181,0.9941228298895415
2026-08-31T21:10:00+00:00,1.1271853971466708,0.9939455163799445
2026-08-31T21:15:00+00:00,1.127342386541187,0.9940839487134308
2026-08-31T21:20:00+00:00,1.1273865302588695,0.994122874386508
2026-08-31T21:25:00+00:00,1.1273424089951616,0.9940839685132148
2026-08-31T21:30:00+00:00,1.1274527164715797,0.9941812370032845
2026-08-31T21:35:00+00:00,1.128423327301647,0.9950371159785955
2026-08-31T21:40:00+00:00,1.1283359371986597,0.9949600558949037
2026-08-31T21:45:00+00:00,1.1283359371986597,0.9949600558949037
2026-08-31T21:50:00+00:00,1.1283359371986597,0.9949600558949037
2026-08-31T21:55:00+00:00,1.1283359371986597,0.9949600558949037
2026-08-31T22:00:00+00:00,1.1283359371986597,0.9949600558949037
2026-08-31T22:05:00+00:00,1.1276739031386602,0.9943762781177137
2026-08-31T22:10:00+00:00,1.1274533527957815,0.9941817981102585
2026-08-31T22:15:00+00:00,1.127894539785723,0.9945708342276954
2026-08-31T22:20:00+00:00,1.127343271682211,0.9940847292256291
2026-08-31T22:25:00+00:00,1.1277734711694478,0.9944640766271926
2026-08-31T22:30:00+00:00,1.1277734711694478,0.9944640766271926
2026-08-31T22:35:00+00:00,1.1277734711694478,0.9944640766271926
2026-08-31T22:40:00+00:00,1.1277734711694478,0.9944640766271926
2026-08-31T22:45:00+00:00,1.1273324091732533,0.9940751507285136
2026-08-31T22:50:00+00:00,1.1271779770539514,0.9939389733854129
2026-08-31T22:55:00+00:00,1.1269132000014968,0.9937054945231124
2026-08-31T23:00:00+00:00,1.1270569481411066,0.9938322507951639
2026-08-31T23:05:00+00:00,1.1270790152779695,0.9938517094678896
2026-08-31T23:10:00+00:00,1.1270790152779695,0.9938517094678896
2026-08-31T23:15:00+00:00,1.1271231486876052,0.9938906260513913
2026-08-31T23:20:00+00:00,1.1269024902794833,0.9936960507526342
2026-08-31T23:25:00+00:00,1.1269024902794833,0.9936960507526342
2026-08-31T23:30:00+00:00,1.1269024902794833,0.9936960507526342
2026-08-31T23:35:00+00:00,1.1269024902794833,0.9936960507526342
2026-08-31T23:40:00+00:00,1.127178367309027,0.9939393175100649
2026-08-31T23:45:00+00:00,1.127343853024106,0.9940852418495251
2026-08-31T23:50:00+00:00,1.1272335454063933,0.9939879732348627
2026-08-31T23:55:00+00:00,1.1275645006457962,0.9942798076368693
2026-09-01T00:00:00+00:00,1.1278291871482953,0.9945132066527466
2026-09-01T08:05:00+00:00,1.1268145692333578,0.9936185224863763
2026-09-01T08:10:00+00:00,1.1232058138061531,0.99043634297477
2026-09-01T08:15:00+00:00,1.1240361010745072,0.9911684854508674
2026-09-01T08:20:00+00:00,1.1238148341254768,0.9909733735442826
2026-09-01T08:25:00+00:00,1.122265660466777,0.9896073212373094
2026-09-01T08:30:00+00:00,1.1220329632030546,0.9894021301458207
2026-09-01T08:35:00+00:00,1.1226203685948024,0.9899201007981225
2026-09-01T08:40:00+00:00,1.1216344867191617,0.989050755903792
2026-09-01T08:45:00+00:00,1.1207142599394364,0.9882393052905424
2026-09-01T08:50:00+00:00,1.1203037012501518,0.9878772770301885
2026-09-01T08:55:00+00:00,1.121047417913685,0.988533082051303
2026-09-01T09:00:00+00:00,1.1207146312271876,0.9882396326899182
2026-09-01T09:05:00+00:00,1.1192721272464001,0.9869676410834857
2026-09-01T09:10:00+00:00,1.1193610112747698,0.9870460185018761
2026-09-01T09:15:00+00:00,1.1189499552838893,0.9866835517238722
2026-09-01T09:20:00+00:00,1.1195834364170727,0.9872421516965413
2026-09-01T09:25:00+00:00,1.1184949093250365,0.9862822948483899
2026-09-01T09:30:00+00:00,1.1184949093250365,0.9862822948483899
2026-09-01T09:35:00+00:00,1.1187061558784877,0.9864685708285305
2026-09-01T09:40:00+00:00,1.1182726263957945,0.9860862870563736
2026-09-01T09:45:00+00:00,1.1202854281596932,0.9878611639254787
2026-09-01T09:50:00+00:00,1.1205851418649337,0.9881254497246699
2026-09-01T09:55:00+00:00,1.1201634353664502,0.9877535913911101
2026-09-01T10:00:00+00:00,1.1206075041217987,0.9881451686324941
2026-09-01T10:05:00+00:00,1.1206075041217987,0.9881451686324941
2026-09-01T10:10:00+00:00,1.119608745205469,0.9872644688387041
2026-09-01T10:15:00+00:00,1.1196420668943146,0.9872938517098006
2026-09-01T10:20:00+00:00,1.1198197772793148,0.9874505556919779
2026-09-01T10:25:00+00:00,1.1206304522603874,0.988165404167409
2026-09-01T10:30:00+00:00,1.1201088881387815,0.9877054919635363
2026-09-01T10:35:00+00:00,1.1206528360017705,0.9881851420201562
2026-09-01T10:40:00+00:00,1.1207305142393038,0.9882536382374706
2026-09-01T10:45:00+00:00,1.1201535158953062,0.9877448444592449
2026-09-01T10:50:00+00:00,1.1199758864452247,0.9875882118450073
2026-09-01T10:55:00+00:00,1.1196094675899844,0.9872651058331612
2026-09-01T11:00:00+00:00,1.1196094675899844,0.9872651058331612
2026-09-01T11:05:00+00:00,1.119276250486535,0.9869712769326155
2026-09-01T11:10:00+00:00,1.118442959650854,0.9862364859283477
2026-09-01T11:15:00+00:00,1.1183206525372626,0.9861286362281269
2026-09-01T11:20:00+00:00,1.1182094520905463,0.9860305803220506
2026-09-01T11:25:00+00:00,1.1181649760035133,0.9859913615676164
2026-09-01T11:30:00+00:00,1.1184986237982228,0.9862855702492059
2026-09-01T11:35:00+00:00,1.1187209893297931,0.9864816508794743
2026-09-01T11:40:00+00:00,1.1192767926829974,0.9869717550382975
2026-09-01T11:45:00+00:00,1.1192101293838501,0.9869129717294804
2026-09-01T11:50:00+00:00,1.1183545660850398,0.9861585409969813
2026-09-01T11:55:00+00:00,1.1184101646774236,0.9862075675118358
2026-09-01T12:00:00+00:00,1.1173870365382375,0.9853053790793023
2026-09-01T12:05:00+00:00,1.1167192753610233,0.9847165511635178
2026-09-01T12:10:00+00:00,1.1166190512537413,0.984628174129608
2026-09-01T12:15:00+00:00,1.1171759018308562,0.9851192017243746
2026-09-01T12:20:00+00:00,1.1163855679492078,0.9844222899119114
2026-09-01T12:25:00+00:00,1.1163524840823467,0.9843931167508553
2026-09-01T12:30:00+00:00,1.1168422957786805,0.9848250298511082
2026-09-01T12:35:00+00:00,1.1166195977519122,0.9846286560285114
2026-09-01T12:40:00+00:00,1.1159513257378508,0.9840393776597711
2026-09-01T12:45:00+00:00,1.1158844680533384,0.9839804229430715
2026-09-01T12:50:00+00:00,1.1157173026980922,0.9838330175066974
2026-09-01T12:55:00+00:00,1.1161296798682707,0.9841966492929091
2026-09-01T13:00:00+00:00,1.11600711885964,0.9840885757095219
2026-09-01T13:05:00+00:00,1.1149373780315934,0.9831452844795104
2026-09-01T13:10:00+00:00,1.1151604547378822,0.9833419922195024
2026-09-01T13:15:00+00:00,1.114837058206008,0.9830568230417587
2026-09-01T13:20:00+00:00,1.1150601550137977,0.983253548507137
2026-09-01T13:25:00+00:00,1.115930058517339,0.984020624348624
2026-09-01T13:30:00+00:00,1.1166655573675472,0.9846691829498245
2026-09-01T13:35:00+00:00,1.1150063454125618,0.9832060995142545
2026-09-01T13:40:00+00:00,1.1126191500359899,0.9811010845386589
2026-09-01T13:45:00+00:00,1.1112221405071652,0.9798692096749226
2026-09-01T13:50:00+00:00,1.1126769167574504,0.9811520228971018
2026-09-01T13:55:00+00:00,1.1130792638513383,0.9815068102204744
2026-09-01T14:00:00+00:00,1.1116604204435163,0.9802556823694396
2026-09-01T14:05:00+00:00,1.11098920898328,0.9796638120141871
2026-09-01T14:10:00+00:00,1.1121308832730532,0.9806705337516749
2026-09-01T14:15:00+00:00,1.1102075552493749,0.9789745543054346
2026-09-01T14:20:00+00:00,1.1101963537041004,0.9789646768480701
2026-09-01T14:25:00+00:00,1.1104315763241022,0.9791720947840136
2026-09-01T14:30:00+00:00,1.110073177491479,0.9788560607813876
2026-09-01T14:35:00+00:00,1.1120447183877995,0.9805945540578425
2026-09-01T14:40:00+00:00,1.1121956898650545,0.9807276798269472
2026-09-01T14:45:00+00:00,1.1139456478446383,0.9822707825783346
2026-09-01T14:50:00+00:00,1.114799695169354,0.9830238765337089
2026-09-01T14:55:00+00:00,1.1144929062049702,0.9827533518122248
2026-09-01T15:00:00+00:00,1.1159099861377364,0.9840029246412292
2026-09-01T15:05:00+00:00,1.116600906555852,0.9846121742407182
2026-09-01T15:10:00+00:00,1.115765570278372,0.9838755795777883
2026-09-01T15:15:00+00:00,1.1152862991105903,0.9834529610542049
2026-09-01T15:20:00+00:00,1.1150967305469186,0.983285800599159
2026-09-01T15:25:00+00:00,1.1162343607573662,0.9842889562910577
2026-09-01T15:30:00+00:00,1.1170476508465912,0.9850061107536223
2026-09-01T15:35:00+00:00,1.1169919854996146,0.9849570253749569
2026-09-01T15:40:00+00:00,1.117993987406758,0.9858405848191533
2026-09-01T15:45:00+00:00,1.1191619482976116,0.9868704859283317
2026-09-01T15:50:00+00:00,1.119745349669324,0.987384925859093
2026-09-01T15:55:00+00:00,1.1193621761588464,0.987047045689869
2026-09-01T16:00:00+00:00,1.1185623412351642,0.9863417559138922
2026-09-01T16:05:00+00:00,1.1182344205137085,0.9860525973321326
2026-09-01T16:10:00+00:00,1.118000863032801,0.9858466477061416
2026-09-01T16:15:00+00:00,1.1179508073878708,0.9858025089300592
2026-09-01T16:20:00+00:00,1.1171052958668288,0.9850569417966359
2026-09-01T16:25:00+00:00,1.1159808566362504,0.984065417833937
2026-09-01T16:30:00+00:00,1.1151227469330651,0.983308741696895
2026-09-01T16:35:00+00:00,1.1134609831749958,0.9818434080962319
2026-09-01T16:40:00+00:00,1.1148068355383012,0.9830301728694474
2026-09-01T16:45:00+00:00,1.1145558459881393,0.9828088517463445
2026-09-01T16:50:00+00:00,1.115638199488503,0.9837632647573256
2026-09-01T16:55:00+00:00,1.115905757451748,0.9839991958105598
2026-09-01T17:00:00+00:00,1.116574412598456,0.984588812023436
2026-09-01T17:05:00+00:00,1.1151766062265747,0.9833562345081348
2026-09-01T17:10:00+00:00,1.1147584010588072,0.9829874636276021
2026-09-01T17:15:00+00:00,1.1146579982536071,0.9828989290189093
2026-09-01T17:20:00+00:00,1.1138993253604978,0.9822299356816875
2026-09-01T17:25:00+00:00,1.114234265520474,0.98252528396344
2026-09-01T17:30:00+00:00,1.114624907810528,0.9828697500589822
2026-09-01T17:35:00+00:00,1.1145244895885036,0.9827812018558237
2026-09-01T17:40:00+00:00,1.1139554452974965,0.9822794219151859
2026-09-01T17:45:00+00:00,1.11406708390731,0.9823778641909285
2026-09-01T17:50:00+00:00,1.1134754450751747,0.9818561605155566
2026-09-01T17:55:00+00:00,1.1134754468678325,0.9818561620963119
2026-09-01T18:00:00+00:00,1.1135647983190227,0.9819349516854223
2026-09-01T18:05:00+00:00,1.1129840492832095,0.9814228505690048
2026-09-01T18:10:00+00:00,1.113185188735313,0.9816002141660596
2026-09-01T18:15:00+00:00,1.1124478361201164,0.9809500209256921
2026-09-01T18:20:00+00:00,1.1128838363446625,0.9813344833836206
2026-09-01T18:25:00+00:00,1.113001176219782,0.9814379530018955
2026-09-01T18:30:00+00:00,1.1125151087306253,0.9810093415217181
2026-09-01T18:35:00+00:00,1.11229153939491,0.9808121993839679
2026-09-01T18:40:00+00:00,1.1122132722213856,0.9807431838463277
2026-09-01T18:45:00+00:00,1.1108603169857492,0.9795501558016709
2026-09-01T18:50:00+00:00,1.1116439824373208,0.9802411874313417
2026-09-01T18:55:00+00:00,1.111957251704544,0.9805174264461164
2026-09-01T19:00:00+00:00,1.1129191244290195,0.9813656002108234
2026-09-01T19:05:00+00:00,1.1140700704463513,0.9823804977036565
2026-09-01T19:10:00+00:00,1.1145779655156787,0.9828283566168639
2026-09-01T19:15:00+00:00,1.1151860703285166,0.9833645798980911
2026-09-01T19:20:00+00:00,1.1148961392338868,0.9831089203479445
2026-09-01T19:25:00+00:00,1.1154092689944097,0.9835613951813517
2026-09-01T19:30:00+00:00,1.1161674517176372,0.9842299562896275
2026-09-01T19:35:00+00:00,1.1154209189374176,0.9835716680332249
2026-09-01T19:40:00+00:00,1.1145345228406698,0.982790049119132
2026-09-01T19:45:00+00:00,1.1153993305571823,0.9835526315253044
2026-09-01T19:50:00+00:00,1.1157561160748775,0.9838672429162256
2026-09-01T19:55:00+00:00,1.1143070282559444,0.9825894457196728
2026-09-01T20:00:00+00:00,1.1155346583249404,0.9836719627625129
2026-09-01T20:05:00+00:00,1.1157464785814633,0.9838587446306797
2026-09-01T20:10:00+00:00,1.1149773826072162,0.983180560281234
2026-09-01T20:15:00+00:00,1.1153008489653884,0.9834657910314006
2026-09-01T20:20:00+00:00,1.1155684676454038,0.9837017756243295
2026-09-01T20:25:00+00:00,1.1157468341363412,0.9838590581568999
2026-09-01T20:30:00+00:00,1.1157022488482637,0.9838197431096208
2026-09-01T20:35:00+00:00,1.1157510716897492,0.9838627948068077
2026-09-01T20:40:00+00:00,1.1157219798996658,0.983837141835797
2026-09-01T20:45:00+00:00,1.1159753271473651,0.9840605419628528
2026-09-01T20:50:00+00:00,1.1155908577613336,0.9837215190981149
2026-09-01T20:55:00+00:00,1.1156354492897436,0.9837608396480828
2026-09-01T21:00:00+00:00,1.1153121736299774,0.9834757770546596
2026-09-01T21:05:00+00:00,1.1158172989170685,0.9839211935900275
2026-09-01T21:10:00+00:00,1.1147551210434863,0.9829845713292019
2026-09-01T21:15:00+00:00,1.1155025900003719,0.9836436851007343
2026-09-01T21:20:00+00:00,1.1148200615307167,0.9830418354725075
2026-09-01T21:25:00+00:00,1.1153975875848814,0.9835510945824842
2026-09-01T21:30:00+00:00,1.1152049183620285,0.9833811999842365
2026-09-01T21:35:00+00:00,1.1152049183620285,0.9833811999842365
2026-09-01T21:40:00+00:00,1.114566256727288,0.9828180318754755
2026-09-01T21:45:00+00:00,1.1145216240884634,0.9827786750745835
2026-09-01T21:50:00+00:00,1.1146666859738574,0.9829065898000138
2026-09-01T21:55:00+00:00,1.11407535678085,0.9823851591626206
2026-09-01T22:00:00+00:00,1.1143321076145771,0.9826115605520068
2026-09-01T22:05:00+00:00,1.1140754159246231,0.9823852113152552
2026-09-01T22:10:00+00:00,1.1136288927118276,0.9819914697475938
2026-09-01T22:15:00+00:00,1.1131598552720572,0.9815778752657506
2026-09-01T22:20:00+00:00,1.1131598552720572,0.9815778752657506
2026-09-01T22:25:00+00:00,1.1132939200674818,0.9816960928213133
2026-09-01T22:30:00+00:00,1.1140647591482202,0.9823758142319079
2026-09-01T22:35:00+00:00,1.1140758107112827,0.9823855594358316
2026-09-01T22:40:00+00:00,1.1140758107112827,0.9823855594358316
2026-09-01T22:45:00+00:00,1.1135427734371197,0.9819155302728751
2026-09-01T22:50:00+00:00,1.1140760659909326,0.9823857845399397
2026-09-01T22:55:00+00:00,1.1136976373472744,0.9820520883666342
2026-09-01T23:00:00+00:00,1.1135189672467698,0.981894538112916
2026-09-01T23:05:00+00:00,1.1135189672467698,0.981894538112916
2026-09-01T23:10:00+00:00,1.114266151494232,0.9825534008293376
2026-09-01T23:15:00+00:00,1.114266151494232,0.9825534008293376
2026-09-01T23:20:00+00:00,1.113853182807906,0.9821892474476328
2026-09-01T23:25:00+00:00,1.113886678793756,0.9822187840128126
2026-09-01T23:30:00+00:00,1.1140815079193596,0.9823905832007227
2026-09-01T23:35:00+00:00,1.1140815079193596,0.9823905832007227
2026-09-01T23:40:00+00:00,1.1148578973995724,0.9830751989212383
2026-09-01T23:45:00+00:00,1.1148578973995724,0.9830751989212383
2026-09-01T23:50:00+00:00,1.114077028349963,0.9823866331425263
2026-09-01T23:55:00+00:00,1.114523552209021,0.9827803752800583
2026-09-02T00:00:00+00:00,1.1141055500838133,0.9824117834412719
2026-09-02T08:05:00+00:00,1.1116932984763959,0.9802846740272905
2026-09-02T08:10:00+00:00,1.1116149881566948,0.980215620443603
2026-09-02T08:15:00+00:00,1.1118499356672251,0.9804227957896174
2026-09-02T08:20:00+00:00,1.1116150377934926,0.9802156642130422
2026-09-02T08:25:00+00:00,1.1115255339759604,0.9801367402681791
2026-09-02T08:30:00+00:00,1.1109137261182789,0.9795972516635822
2026-09-02T08:35:00+00:00,1.1120632331897204,0.9806108803023126
2026-09-02T08:40:00+00:00,1.1109560683223076,0.9796345887724153
2026-09-02T08:45:00+00:00,1.1109224844024672,0.9796049746675551
2026-09-02T08:50:00+00:00,1.110116445959222,0.9788942146641685
2026-09-02T08:55:00+00:00,1.1079654483043209,0.9769974774634871
2026-09-02T09:00:00+00:00,1.1089420150176157,0.9778586083019298
2026-09-02T09:05:00+00:00,1.1105681941456251,0.9792925635831171
2026-09-02T09:10:00+00:00,1.1096163105467305,0.9784531981711521
2026-09-02T09:15:00+00:00,1.1096163105467305,0.9784531981711521
2026-09-02T09:20:00+00:00,1.1090558982686765,0.9779590298892474
2026-09-02T09:25:00+00:00,1.108495202667934,0.9774646117750466
2026-09-02T09:30:00+00:00,1.108495202667934,0.9774646117750466
2026-09-02T09:35:00+00:00,1.1083830067972185,0.9773656781098872
2026-09-02T09:40:00+00:00,1.1076761012553251,0.9767423329213781
2026-09-02T09:45:00+00:00,1.107597506036593,0.9766730281153849
2026-09-02T09:50:00+00:00,1.1080241960733872,0.9770492809039938
2026-09-02T09:55:00+00:00,1.1080466447989448,0.9770690760594074
2026-09-02T10:00:00+00:00,1.108215006829658,0.9772175367172367
2026-09-02T10:05:00+00:00,1.1073733245459898,0.976475346183021
2026-09-02T10:10:00+00:00,1.1077551774165229,0.9768120618196358
2026-09-02T10:15:00+00:00,1.1080470819307813,0.977069461519714
2026-09-02T10:20:00+00:00,1.108305237146385,0.9772971012848574
2026-09-02T10:25:00+00:00,1.1082940156203827,0.9772872062086034
2026-09-02T10:30:00+00:00,1.1086643297279064,0.9776137470312197
2026-09-02T10:35:00+00:00,1.1081595245590532,0.9771686127742492
2026-09-02T10:40:00+00:00,1.1084400996868027,0.9774160222873074
2026-09-02T10:45:00+00:00,1.1083727786968431,0.9773566590305637
2026-09-02T10:50:00+00:00,1.1083839995433749,0.9773665535076642
2026-09-02T10:55:00+00:00,1.1090460227866736,0.9779503217467506
2026-09-02T11:00:00+00:00,1.108743243735376,0.9776833329432645
2026-09-02T11:05:00+00:00,1.1077000532365353,0.9767634536388684
2026-09-02T11:10:00+00:00,1.108777910127114,0.9777139015655376
2026-09-02T11:15:00+00:00,1.1096191680255412,0.9784557178793202
2026-09-02T11:20:00+00:00,1.1100562907280966,0.978841170131818
2026-09-02T11:25:00+00:00,1.109619340089828,0.9784558696046058
2026-09-02T11:30:00+00:00,1.1097201024925292,0.9785447213042802
2026-09-02T11:35:00+00:00,1.110740075092736,0.9794441272009253
2026-09-02T11:40:00+00:00,1.1112999239209078,0.9799377986360064
2026-09-02T11:45:00+00:00,1.1104046168321497,0.9791483220610732
2026-09-02T11:50:00+00:00,1.11006860247546,0.9788520265589166
2026-09-02T11:55:00+00:00,1.1104831416184917,0.9792175647601951
2026-09-02T12:00:00+00:00,1.1113007109484043,0.9799384926322677
2026-09-02T12:05:00+00:00,1.1114573897998976,0.9800766511307255
2026-09-02T12:10:00+00:00,1.1119721191806442,0.9805305364999266
2026-09-02T12:15:00+00:00,1.112978732444839,0.981418162211906
2026-09-02T12:20:00+00:00,1.1126211314049945,0.9811028316983046
2026-09-02T12:25:00+00:00,1.11408545956982,0.9823940677430771
2026-09-02T12:30:00+00:00,1.113863084548731,0.9821979787450066
2026-09-02T12:35:00+00:00,1.1124888183388664,0.9809861588074301
2026-09-02T12:40:00+00:00,1.1119633844770012,0.9805228342891413
2026-09-02T12:45:00+00:00,1.1119745692059686,0.9805326969179842
2026-09-02T12:50:00+00:00,1.1111916460532385,0.9798423198431072
2026-09-02T12:55:00+00:00,1.1107411478284839,0.9794450731330581
2026-09-02T13:00:00+00:00,1.1107327500456232,0.9794376680170559
2026-09-02T13:05:00+00:00,1.1112590098915336,0.9799017208832635
2026-09-02T13:10:00+00:00,1.1114492709716626,0.9800694919952868
2026-09-02T13:15:00+00:00,1.1116954490515347,0.980286570391919
2026-09-02T13:20:00+00:00,1.1125792564428507,0.9810659066006435
2026-09-02T13:25:00+00:00,1.1128475417711468,0.9813024790401422
2026-09-02T13:30:00+00:00,1.112970493305285,0.9814108969866471
2026-09-02T13:35:00+00:00,1.1141548183688097,0.9824552279279513
2026-09-02T13:40:00+00:00,1.1151024154643552,0.9832908135262354
2026-09-02T13:45:00+00:00,1.1140996504772303,0.9824065812025568
2026-09-02T13:50:00+00:00,1.1106183932258697,0.9793368288396236
2026-09-02T13:55:00+00:00,1.1082096638194667,0.9772128252819771
2026-09-02T14:00:00+00:00,1.1102970893484883,0.9790535049524198
2026-09-02T14:05:00+00:00,1.1114734635873211,0.9800908249028314
2026-09-02T14:10:00+00:00,1.1131853619598735,0.9816003669144684
2026-09-02T14:15:00+00:00,1.1146713371605146,0.9829106911893106
2026-09-02T14:20:00+00:00,1.116679714224036,0.9846816663834007
2026-09-02T14:25:00+00:00,1.1162667273929667,0.9843174970017672
2026-09-02T14:30:00+00:00,1.1172926682370024,0.9852221656610504
2026-09-02T14:35:00+00:00,1.1193742726172597,0.9870577122764262
2026-09-02T14:40:00+00:00,1.1175520742985703,0.9854509084148777
2026-09-02T14:45:00+00:00,1.1172961176803744,0.9852252073601199
2026-09-02T14:50:00+00:00,1.1156707562713997,0.9837919731388135
2026-09-02T14:55:00+00:00,1.1150018893568125,0.9832021701902555
2026-09-02T15:00:00+00:00,1.1143996699959235,0.982671136666269
2026-09-02T15:05:00+00:00,1.114818216219817,0.9830402082881067
2026-09-02T15:10:00+00:00,1.116262900137749,0.9843141221504134
2026-09-02T15:15:00+00:00,1.1162851897317605,0.9843337769845567
2026-09-02T15:20:00+00:00,1.1167865682057334,0.9847758896019455
2026-09-02T15:25:00+00:00,1.1164413208161945,0.984471452465213
2026-09-02T15:30:00+00:00,1.1175998890153052,0.9854930711535329
2026-09-02T15:35:00+00:00,1.1182008177546425,0.986022966614954
2026-09-02T15:40:00+00:00,1.1176335191033102,0.9855227259692116
2026-09-02T15:45:00+00:00,1.1188696587657916,0.9866127467220114
2026-09-02T15:50:00+00:00,1.1180462422971171,0.9858866628770431
2026-09-02T15:55:00+00:00,1.1179572564298808,0.9858081956577331
2026-09-02T16:00:00+00:00,1.1188584042064396,0.986602822517142
2026-09-02T16:05:00+00:00,1.1189362178391549,0.9866714381251391
2026-09-02T16:10:00+00:00,1.118936219605772,0.9866714396829318
2026-09-02T16:15:00+00:00,1.1186360941018263,0.9864067907620415
2026-09-02T16:20:00+00:00,1.1180357571413788,0.9858774171277979
2026-09-02T16:25:00+00:00,1.1178688839185762,0.9857302692921106
2026-09-02T16:30:00+00:00,1.1170344844763416,0.9849945007250422
2026-09-02T16:35:00+00:00,1.117446506629333,0.985357819459167
2026-09-02T16:40:00+00:00,1.1168343478874425,0.9848180214469188
2026-09-02T16:45:00+00:00,1.1163554740196924,0.9843957532601887
2026-09-02T16:50:00+00:00,1.1163443560909452,0.9843859495353909
2026-09-02T16:55:00+00:00,1.1164557672587236,0.984484191254072
2026-09-02T17:00:00+00:00,1.1167008402366514,0.984700295178248
2026-09-02T17:05:00+00:00,1.117291118425004,0.9852207990458592
2026-09-02T17:10:00+00:00,1.11558789724793,0.9837189085346429
2026-09-02T17:15:00+00:00,1.1163682789279803,0.9844070445537171
2026-09-02T17:20:00+00:00,1.1161120178294384,0.984181075009964
2026-09-02T17:25:00+00:00,1.1162345983407616,0.9842891657907119
2026-09-02T17:30:00+00:00,1.1163014635377149,0.9843481271318381
2026-09-02T17:35:00+00:00,1.116190079093076,0.9842499089774658
2026-09-02T17:40:00+00:00,1.1161900800943,0.9842499098603393
2026-09-02T17:45:00+00:00,1.1163684877526394,0.9844072286940851
2026-09-02T17:50:00+00:00,1.1164575079817076,0.984485726213458
2026-09-02T17:55:00+00:00,1.1160731574973064,0.984146808195485
2026-09-02T18:00:00+00:00,1.1158446915453486,0.9839453482500591
2026-09-02T18:05:00+00:00,1.1157109466635142,0.9838274127924365
2026-09-02T18:10:00+00:00,1.115699811167934,0.9838175935773076
2026-09-02T18:15:00+00:00,1.1154879965405144,0.9836308166728513
2026-09-02T18:20:00+00:00,1.1158559176029101,0.9839552473222154
2026-09-02T18:25:00+00:00,1.1160788512508248,0.9841518289141664
2026-09-02T18:30:00+00:00,1.11577797509277,0.9838865180708561
2026-09-02T18:35:00+00:00,1.1158950175244926,0.9839897254052764
2026-09-02T18:40:00+00:00,1.115867155088582,0.9839651564716131
2026-09-02T18:45:00+00:00,1.1159674732284828,0.9840536164229382
2026-09-02T18:50:00+00:00,1.1167699516654106,0.9847612372334944
2026-09-02T18:55:00+00:00,1.1165356277696408,0.9845546117873428
2026-09-02T19:00:00+00:00,1.116920376200353,0.9848938807120544
2026-09-02T19:05:00+00:00,1.1167032292813197,0.9847024018239182
2026-09-02T19:10:00+00:00,1.1169705404855104,0.9849381152864559
2026-09-02T19:15:00+00:00,1.1166810228657533,0.9846828203360432
2026-09-02T19:20:00+00:00,1.1166141938662852,0.9846238909136485
2026-09-02T19:25:00+00:00,1.1162856018439093,0.9843341403826485
2026-09-02T19:30:00+00:00,1.1165725103299202,0.9845871346141242
2026-09-02T19:35:00+00:00,1.1166922565862876,0.984692726165364
2026-09-02T19:40:00+00:00,1.1164026667486067,0.9844373675336068
2026-09-02T19:45:00+00:00,1.1163358216264558,0.9843784238943245
2026-09-02T19:50:00+00:00,1.116491806476606,0.9845159704264411
2026-09-02T19:55:00+00:00,1.1167145986544147,0.9847124272708767
2026-09-02T20:00:00+00:00,1.1168482493409808,0.9848302796676607
2026-09-02T20:05:00+00:00,1.11714893240109,0.9850954202383275
2026-09-02T20:10:00+00:00,1.117182332640244,0.9851248723746284
2026-09-02T20:15:00+00:00,1.1171934657204512,0.9851346894598954
2026-09-02T20:20:00+00:00,1.1134639210167505,0.9818459986679764
2026-09-02T20:25:00+00:00,1.1144692556163847,0.9827324968609954
2026-09-02T20:30:00+00:00,1.1141344461063858,0.9824372637856316
2026-09-02T20:35:00+00:00,1.1141344461063858,0.9824372637856316
2026-09-02T20:40:00+00:00,1.1143577155156648,0.9826341414499975
2026-09-02T20:45:00+00:00,1.1144135226929244,0.9826833518937802
2026-09-02T20:50:00+00:00,1.1149157621373027,0.9831262237098566
2026-09-02T20:55:00+00:00,1.1147261428009092,0.9829590184837205
2026-09-02T21:00:00+00:00,1.114134782066134,0.9824375600329803
2026-09-02T21:05:00+00:00,1.113911508562714,0.9822406787584246
2026-09-02T21:10:00+00:00,1.1139118977229308,0.9822410219176364
2026-09-02T21:15:00+00:00,1.113677413462183,0.9820342550625815
2026-09-02T21:20:00+00:00,1.1162349214483904,0.9842894507051364
2026-09-02T21:25:00+00:00,1.118497916694013,0.9862849467288334
2026-09-02T21:30:00+00:00,1.1175082136200458,0.9854122323240804
2026-09-02T21:35:00+00:00,1.1180424592103984,0.9858833269732135
2026-09-02T21:40:00+00:00,1.1174862191809405,0.9853928377558139
2026-09-02T21:45:00+00:00,1.1168629200945448,0.9848432162526831
2026-09-02T21:50:00+00:00,1.1168629200945448,0.9848432162526831
2026-09-02T21:55:00+00:00,1.1178764829472811,0.985736970071351
2026-09-02T22:00:00+00:00,1.1178764829472811,0.985736970071351
2026-09-02T22:05:00+00:00,1.1164856741449678,0.984510562972128
2026-09-02T22:10:00+00:00,1.1158172532664137,0.9839211533355452
2026-09-02T22:15:00+00:00,1.1166532801794502,0.9846583569968853
2026-09-02T22:20:00+00:00,1.1175220976942033,0.9854244752197856
2026-09-02T22:25:00+00:00,1.1173429041622145,0.9852664634072342
2026-09-02T22:30:00+00:00,1.1170879855230347,0.9850416776363256
2026-09-02T22:35:00+00:00,1.116932104494834,0.9849042226537992
2026-09-02T22:40:00+00:00,1.1162416778699218,0.9842954084782803
2026-09-02T22:45:00+00:00,1.1162416778699218,0.9842954084782803
2026-09-02T22:50:00+00:00,1.1167100399440324,0.9847084074266194
2026-09-02T22:55:00+00:00,1.1160417514700982,0.984119114543659
2026-09-02T23:00:00+00:00,1.1158432623189731,0.9839440879665667
2026-09-02T23:05:00+00:00,1.115825984938777,0.9839288528733653
2026-09-02T23:10:00+00:00,1.116342758477155,0.984384540768857
2026-09-02T23:15:00+00:00,1.1163539002896234,0.984394365554181
2026-09-02T23:20:00+00:00,1.1163539002896234,0.984394365554181
2026-09-02T23:25:00+00:00,1.1163539002896234,0.984394365554181
2026-09-02T23:30:00+00:00,1.1161533496667921,0.984217521183348
2026-09-02T23:35:00+00:00,1.1161533496667921,0.984217521183348
2026-09-02T23:40:00+00:00,1.1159865180180317,0.9840704100074088
2026-09-02T23:45:00+00:00,1.1159314598930434,0.9840218600735551
2026-09-02T23:50:00+00:00,1.117045383748725,0.9850041116399311
2026-09-02T23:55:00+00:00,1.1168226873006093,0.9848077392093808
2026-09-03T00:00:00+00:00,1.1173795394582182,0.9852987681978179
2026-09-03T08:05:00+00:00,1.1174020475272421,0.9853186156819542
2026-09-03T08:10:00+00:00,1.1181589211034164,0.9859860223919854
2026-09-03T08:15:00+00:00,1.117291268936225,0.985220931765776
2026-09-03T08:20:00+00:00,1.117291268936225,0.985220931765776
2026-09-03T08:25:00+00:00,1.1163784128916996,0.9844159806238846
2026-09-03T08:30:00+00:00,1.1162898247507897,0.9843378641173325
2026-09-03T08:35:00+00:00,1.1162898247507897,0.9843378641173325
2026-09-03T08:40:00+00:00,1.1150638460911066,0.9832568032776037
2026-09-03T08:45:00+00:00,1.1153650217527893,0.9835223782214683
2026-09-03T08:50:00+00:00,1.115599206254147,0.9837288807504396
2026-09-03T08:55:00+00:00,1.115799893698806,0.983905845769963
2026-09-03T09:00:00+00:00,1.115365149095083,0.9835224905111611
2026-09-03T09:05:00+00:00,1.1152647842973282,0.983433989417212
2026-09-03T09:10:00+00:00,1.11517558989165,0.9833553383099192
2026-09-03T09:15:00+00:00,1.1151978969725806,0.9833750085639259
2026-09-03T09:20:00+00:00,1.1144283180742018,0.9826963983747941
2026-09-03T09:25:00+00:00,1.1138591058135932,0.98219447031954
2026-09-03T09:30:00+00:00,1.1140266067819053,0.9823421716975607
2026-09-03T09:35:00+00:00,1.1142052476216548,0.9824996961493152
2026-09-03T09:40:00+00:00,1.1132562721743908,0.9816628951285155
2026-09-03T09:45:00+00:00,1.1132674449591378,0.9816727472250142
2026-09-03T09:50:00+00:00,1.112496530548526,0.9809929593889759
2026-09-03T09:55:00+00:00,1.112496530548526,0.9809929593889759
2026-09-03T10:00:00+00:00,1.1117027207150625,0.9802929825024527
2026-09-03T10:05:00+00:00,1.112027184583551,0.9805790928514048
2026-09-03T10:10:00+00:00,1.112027184583551,0.9805790928514048
2026-09-03T10:15:00+00:00,1.1115909639016082,0.980194435995428
2026-09-03T10:20:00+00:00,1.1119154604685502,0.9804805751776859
2026-09-03T10:25:00+00:00,1.111803597746169,0.9803819352807868
2026-09-03T10:30:00+00:00,1.1114567884130022,0.9800761208312627
2026-09-03T10:35:00+00:00,1.1119268057825964,0.9804905794095156
2026-09-03T10:40:00+00:00,1.1119108095719341,0.9804764740441452
2026-09-03T10:45:00+00:00,1.111546471056855,0.9801552024641335
2026-09-03T10:50:00+00:00,1.1111327014742816,0.9797903428567838
2026-09-03T10:55:00+00:00,1.1120575632896734,0.9806058806174811
2026-09-03T11:00:00+00:00,1.111916410334461,0.9804814127639121
2026-09-03T11:05:00+00:00,1.1117486161075494,0.9803334527921671
2026-09-03T11:10:00+00:00,1.112939172617537,0.981383278586659
2026-09-03T11:15:00+00:00,1.1127781180650387,0.9812412616205471
2026-09-03T11:20:00+00:00,1.1122639469274551,0.9807878685069149
2026-09-03T11:25:00+00:00,1.1119843768537265,0.9805413452446372
2026-09-03T11:30:00+00:00,1.1119843768537265,0.9805413452446372
2026-09-03T11:35:00+00:00,1.1119172631626115,0.980482164782807
2026-09-03T11:40:00+00:00,1.1110223599327018,0.9796930443282533
2026-09-03T11:45:00+00:00,1.1110335552406416,0.9797029162855723
2026-09-03T11:50:00+00:00,1.1098021352120349,0.9786170572784272
2026-09-03T11:55:00+00:00,1.1096788512601117,0.9785083462078564
2026-09-03T12:00:00+00:00,1.1096788512601117,0.9785083462078564
2026-09-03T12:05:00+00:00,1.1102504429067719,0.9790123723918687
2026-09-03T12:10:00+00:00,1.11023923979843,0.9790024935562005
2026-09-03T12:15:00+00:00,1.11023923979843,0.9790024935562005
2026-09-03T12:20:00+00:00,1.109679078728905,0.9785085467885133
2026-09-03T12:25:00+00:00,1.1099368829593168,0.978735877056959
2026-09-03T12:30:00+00:00,1.1110238918001287,0.979694395120026
2026-09-03T12:35:00+00:00,1.113039050007747,0.9814713498874748
2026-09-03T12:40:00+00:00,1.111653338740669,0.9802494377651249
2026-09-03T12:45:00+00:00,1.111944833853654,0.9805064764575453
2026-09-03T12:50:00+00:00,1.1129739566728016,0.9814139509639445
2026-09-03T12:55:00+00:00,1.113935074079255,0.9822614586936199
2026-09-03T13:00:00+00:00,1.113856911032758,0.9821925349745857
2026-09-03T13:05:00+00:00,1.1128072193194354,0.9812669229371345
2026-09-03T13:10:00+00:00,1.1126507346464762,0.9811289356641768
2026-09-03T13:15:00+00:00,1.1132655823346662,0.9816711047736064
2026-09-03T13:20:00+00:00,1.1119248369524888,0.9804888433065969
2026-09-03T13:25:00+00:00,1.1120367006181782,0.9805874840352998
2026-09-03T13:30:00+00:00,1.1111530665470775,0.9798083006593312
2026-09-03T13:35:00+00:00,1.1056810717519334,0.9749831275280472
2026-09-03T13:40:00+00:00,1.107841066634551,0.9768877984317123
2026-09-03T13:45:00+00:00,1.108099311217015,0.9771155170000323
2026-09-03T13:50:00+00:00,1.1096372819016085,0.9784716905897055
2026-09-03T13:55:00+00:00,1.1085835087839484,0.9775424795936872
2026-09-03T14:00:00+00:00,1.107697005828656,0.9767607664523522
2026-09-03T14:05:00+00:00,1.1057431597561649,0.9750378763684628
2026-09-03T14:10:00+00:00,1.1050765941748502,0.9744501027221771
2026-09-03T14:15:00+00:00,1.1056535086298984,0.9749588225276161
2026-09-03T14:20:00+00:00,1.1084886628979205,0.9774588450439469
2026-09-03T14:25:00+00:00,1.1085784340571383,0.977538004729151
2026-09-03T14:30:00+00:00,1.1084774481474384,0.9774489559423074
2026-09-03T14:35:00+00:00,1.1065360208848458,0.975737016692636
2026-09-03T14:40:00+00:00,1.1076039648999263,0.9766787235034419
2026-09-03T14:45:00+00:00,1.1077275185069375,0.9767876723542985
2026-09-03T14:50:00+00:00,1.1082777793306484,0.9772728891429046
2026-09-03T14:55:00+00:00,1.110309361850147,0.9790643267728836
2026-09-03T15:00:00+00:00,1.1125950480150169,0.9810798315169789
2026-09-03T15:05:00+00:00,1.114641092580658,0.9828840216949927
2026-09-03T15:10:00+00:00,1.1125766352180608,0.9810635952198934
2026-09-03T15:15:00+00:00,1.1128114267901599,0.9812706330603076
2026-09-03T15:20:00+00:00,1.1134149926109922,0.9818028538848278
2026-09-03T15:25:00+00:00,1.1140965547478388,0.9824038514064137
2026-09-03T15:30:00+00:00,1.1161956963805741,0.9842548622688552
2026-09-03T15:35:00+00:00,1.115722191519622,0.9838373284410405
2026-09-03T15:40:00+00:00,1.1153606499943292,0.9835185232303274
2026-09-03T15:45:00+00:00,1.1152818023517217,0.9834489958384315
2026-09-03T15:50:00+00:00,1.1150308679603038,0.9832277233539878
2026-09-03T15:55:00+00:00,1.1157392884708617,0.9838524044330391
2026-09-03T16:00:00+00:00,1.115595477376367,0.9837255926477368
2026-09-03T16:05:00+00:00,1.11449051580535,0.982751243971765
2026-09-03T16:10:00+00:00,1.114959274938939,0.9831645930448389
2026-09-03T16:15:00+00:00,1.1152660740676803,0.9834351267291943
2026-09-03T16:20:00+00:00,1.1162866605906616,0.9843350739793655
2026-09-03T16:25:00+00:00,1.1154842999898038,0.9836275570759693
2026-09-03T16:30:00+00:00,1.1156181157308702,0.9837455550168498
2026-09-03T16:35:00+00:00,1.1150494054001567,0.9832440695604534
2026-09-03T16:40:00+00:00,1.1165888673428654,0.9846015581328448
2026-09-03T16:45:00+00:00,1.1171069225059906,0.985058376157572
2026-09-03T16:50:00+00:00,1.116667084001221,0.9850731047544183
2026-09-03T16:55:00+00:00,1.1164777211076051,0.9850731047544183
2026-09-03T17:00:00+00:00,1.1168175453262976,0.9850731047544183
2026-09-03T17:05:00+00:00,1.1167618658088274,0.9850731047544183
2026-09-03T17:10:00+00:00,1.1158206590270856,0.9850731047544183
2026-09-03T17:15:00+00:00,1.1155419495724734,0.9850731047544183
2026-09-03T17:20:00+00:00,1.1162332772730712,0.9850731047544183
2026-09-03T17:25:00+00:00,1.1158989493467675,0.9850731047544183
2026-09-03T17:30:00+00:00,1.1164005821758314,0.9850731047544183
2026-09-03T17:35:00+00:00,1.116395012982625,0.9850731047544183
2026-09-03T17:40:00+00:00,1.1163003087035253,0.9850731047544183
2026-09-03T17:45:00+00:00,1.116573316770634,0.9850731047544183
2026-09-03T17:50:00+00:00,1.11679055226826,0.9850731047544183
2026-09-03T17:55:00+00:00,1.1169130771001,0.9850731047544183
2026-09-03T18:00:00+00:00,1.1166012652905317,0.9850731047544183
2026-09-03T18:05:00+00:00,1.117765391342049,0.9850731047544183
2026-09-03T18:10:00+00:00,1.1176151615365828,0.9850731047544183
2026-09-03T18:15:00+00:00,1.1173702976003788,0.9850731047544183
2026-09-03T18:20:00+00:00,1.1175261664219311,0.9850731047544183
2026-09-03T18:25:00+00:00,1.1176152151032994,0.9850731047544183
2026-09-03T18:30:00+00:00,1.1175706989109386,0.9850731047544183
2026-09-03T18:35:00+00:00,1.1184166107832851,0.9850731047544183
2026-09-03T18:40:00+00:00,1.118360999457578,0.9850731047544183
2026-09-03T18:45:00+00:00,1.1178382142320185,0.9850731047544183
2026-09-03T18:50:00+00:00,1.1189064412134277,0.9850731047544183
2026-09-03T18:55:00+00:00,1.1185145504692922,0.9850731047544183
2026-09-03T19:00:00+00:00,1.1185506958714542,0.9850731047544183
2026-09-03T19:05:00+00:00,1.11803913483215,0.9850731047544183
2026-09-03T19:10:00+00:00,1.117418874493507,0.9850731047544183
2026-09-03T19:15:00+00:00,1.117226844234417,0.9850731047544183
2026-09-03T19:20:00+00:00,1.1171711788344134,0.9850731047544183
2026-09-03T19:25:00+00:00,1.117282523504583,0.9850731047544183
2026-09-03T19:30:00+00:00,1.1173437579969592,0.9850731047544183
2026-09-03T19:35:00+00:00,1.1169930732096505,0.9850731047544183
2026-09-03T19:40:00+00:00,1.1171044360898017,0.9850731047544183
2026-09-03T19:45:00+00:00,1.117627777101494,0.9850731047544183
2026-09-03T19:50:00+00:00,1.1173940453662814,0.9850731047544183
2026-09-03T19:55:00+00:00,1.117438577805393,0.9850731047544183
2026-09-03T20:00:00+00:00,1.1177725474190205,0.9850731047544183
2026-09-03T20:05:00+00:00,1.1176612598296718,0.9850731047544183
2026-09-03T20:10:00+00:00,1.117995088876702,0.9850731047544183
2026-09-03T20:15:00+00:00,1.1177170364997904,0.9850731047544183
2026-09-03T20:20:00+00:00,1.1175723554137156,0.9850731047544183
2026-09-03T20:25:00+00:00,1.1177338626731579,0.9850731047544183
2026-09-03T20:30:00+00:00,1.1177193947818063,0.9850731047544183
2026-09-03T20:35:00+00:00,1.117772704086905,0.9850731047544183
2026-09-03T20:40:00+00:00,1.1179396354943254,0.9850731047544183
2026-09-03T20:45:00+00:00,1.1175725524986555,0.9850731047544183
2026-09-03T20:50:00+00:00,1.1175501796810081,0.9850731047544183
2026-09-03T20:55:00+00:00,1.1175501796810081,0.9850731047544183
2026-09-03T21:00:00+00:00,1.1173275601233028,0.9850731047544183
2026-09-03T21:05:00+00:00,1.1170158306326348,0.9850731047544183
2026-09-03T21:10:00+00:00,1.1168376497695574,0.9850731047544183
2026-09-03T21:15:00+00:00,1.116904478255063,0.9850731047544183
2026-09-03T21:20:00+00:00,1.116904478255063,0.9850731047544183
2026-09-03T21:25:00+00:00,1.116904478255063,0.9850731047544183
2026-09-03T21:30:00+00:00,1.1172163258617713,0.9850731047544183
2026-09-03T21:35:00+00:00,1.117550355060255,0.9850731047544183
2026-09-03T21:40:00+00:00,1.1177775383545456,0.9850731047544183
2026-09-03T21:45:00+00:00,1.1175504012248627,0.9850731047544183
2026-09-03T21:50:00+00:00,1.1175615322049546,0.9850731047544183
2026-09-03T21:55:00+00:00,1.117550401335727,0.9850731047544183
2026-09-03T22:00:00+00:00,1.117550401335727,0.9850731047544183
2026-09-03T22:05:00+00:00,1.1169938523310776,0.9850731047544183
2026-09-03T22:10:00+00:00,1.1174949961332201,0.9850731047544183
2026-09-03T22:15:00+00:00,1.1167714462303546,0.9850731047544183
2026-09-03T22:20:00+00:00,1.117551158989542,0.9850731047544183
2026-09-03T22:25:00+00:00,1.117551158989542,0.9850731047544183
2026-09-03T22:30:00+00:00,1.117551158989542,0.9850731047544183
2026-09-03T22:35:00+00:00,1.117551158989542,0.9850731047544183
2026-09-03T22:40:00+00:00,1.1172840152861978,0.9850731047544183
2026-09-03T22:45:00+00:00,1.1172840152861978,0.9850731047544183
2026-09-03T22:50:00+00:00,1.1172840152861978,0.9850731047544183
2026-09-03T22:55:00+00:00,1.1172840152861978,0.9850731047544183
2026-09-03T23:00:00+00:00,1.1174656303898165,0.9850731047544183
2026-09-03T23:05:00+00:00,1.1175512342472371,0.9850731047544183
2026-09-03T23:10:00+00:00,1.1174955793052925,0.9850731047544183
2026-09-03T23:15:00+00:00,1.1175957631902786,0.9850731047544183
2026-09-03T23:20:00+00:00,1.117362021745105,0.9850731047544183
2026-09-03T23:25:00+00:00,1.117362021745105,0.9850731047544183
2026-09-03T23:30:00+00:00,1.1172729587539132,0.9850731047544183
2026-09-03T23:35:00+00:00,1.1173286275610261,0.9850731047544183
2026-09-03T23:40:00+00:00,1.1174844924552656,0.9850731047544183
2026-09-03T23:45:00+00:00,1.1174510974929457,0.9850731047544183
2026-09-03T23:50:00+00:00,1.1173843055722332,0.9850731047544183
2026-09-03T23:55:00+00:00,1.1175512953558695,0.9850731047544183
2026-09-04T00:00:00+00:00,1.1175512953558695,0.9850731047544183
2026-09-04T08:05:00+00:00,1.1264543577264814,0.9850731047544183
2026-09-04T08:10:00+00:00,1.127569768414034,0.9850731047544183
2026-09-04T08:15:00+00:00,1.1271063926457183,0.9850731047544183
2026-09-04T08:20:00+00:00,1.1273712877026476,0.9850731047544183
2026-09-04T08:25:00+00:00,1.1270071425614638,0.9850731047544183
2026-09-04T08:30:00+00:00,1.1280005866636236,0.9850731047544183
2026-09-04T08:35:00+00:00,1.1275594444709511,0.9850731047544183
2026-09-04T08:40:00+00:00,1.1268974181646219,0.9850731047544183
2026-09-04T08:45:00+00:00,1.1273831498103826,0.9850731047544183
2026-09-04T08:50:00+00:00,1.1270079733647875,0.9850731047544183
2026-09-04T08:55:00+00:00,1.1272839302632607,0.9850731047544183
2026-09-04T09:00:00+00:00,1.1275598196245586,0.9850731047544183
2026-09-04T09:05:00+00:00,1.1269530115024515,0.9850731047544183
2026-09-04T09:10:00+00:00,1.1274497583485443,0.9850731047544183
2026-09-04T09:15:00+00:00,1.126236023044,0.9850731047544183
2026-09-04T09:20:00+00:00,1.1267883161114012,0.9850731047544183
2026-09-04T09:25:00+00:00,1.126677911612468,0.9850731047544183
2026-09-04T09:30:00+00:00,1.1263356241246203,0.9850731047544183
2026-09-04T09:35:00+00:00,1.1262251752411234,0.9850731047544183
2026-09-04T09:40:00+00:00,1.1267664278508922,0.9850731047544183
2026-09-04T09:45:00+00:00,1.1273295019261098,0.9850731047544183
2026-09-04T09:50:00+00:00,1.1274508886459085,0.9850731047544183
2026-09-04T09:55:00+00:00,1.127870149214141,0.9850731047544183
2026-09-04T10:00:00+00:00,1.127837059611109,0.9850731047544183
2026-09-04T10:05:00+00:00,1.1283444484105427,0.9850731047544183
2026-09-04T10:10:00+00:00,1.128112947588524,0.9850731047544183
2026-09-04T10:15:00+00:00,1.128112947588524,0.9850731047544183
2026-09-04T10:20:00+00:00,1.1281680850737434,0.9850731047544183
2026-09-04T10:25:00+00:00,1.1286642981890627,0.9850731047544183
2026-09-04T10:30:00+00:00,1.1291602932419778,0.9850731047544183
2026-09-04T10:35:00+00:00,1.128774688692622,0.9850731047544183
2026-09-04T10:40:00+00:00,1.1288297934510692,0.9850731047544183
2026-09-04T10:45:00+00:00,1.1290832539732802,0.9850731047544183
2026-09-04T10:50:00+00:00,1.1286755870034824,0.9850731047544183
2026-09-04T10:55:00+00:00,1.1284882128801346,0.9850731047544183
2026-09-04T11:00:00+00:00,1.1286425466072791,0.9850731047544183
2026-09-04T11:05:00+00:00,1.1272322394288892,0.9850731047544183
2026-09-04T11:10:00+00:00,1.1275627717621342,0.9850731047544183
2026-09-04T11:15:00+00:00,1.1279158246847993,0.9850731047544183
2026-09-04T11:20:00+00:00,1.127728324009883,0.9850731047544183
2026-09-04T11:25:00+00:00,1.1277834804377422,0.9850731047544183
2026-09-04T11:30:00+00:00,1.1277834804377422,0.9850731047544183
2026-09-04T11:35:00+00:00,1.1281559887332664,0.9850731047544183
2026-09-04T11:40:00+00:00,1.1284893172302788,0.9850731047544183
2026-09-04T11:45:00+00:00,1.1280912460630665,0.9850731047544183
2026-09-04T11:50:00+00:00,1.1284236221411055,0.9850731047544183
2026-09-04T11:55:00+00:00,1.128666055481469,0.9850731047544183
2026-09-04T12:00:00+00:00,1.1284456128925076,0.9850731047544183
2026-09-04T12:05:00+00:00,1.1282251272315282,0.9850731047544183
2026-09-04T12:10:00+00:00,1.1286772111859507,0.9850731047544183
2026-09-04T12:15:00+00:00,1.1286551671397174,0.9850731047544183
2026-09-04T12:20:00+00:00,1.128919893874765,0.9850731047544183
2026-09-04T12:25:00+00:00,1.1292174246435078,0.9850731047544183
2026-09-04T12:30:00+00:00,1.1294377597507554,0.9850731047544183
2026-09-04T12:35:00+00:00,1.1242058727502569,0.9850731047544183
2026-09-04T12:40:00+00:00,1.12418376492842,0.9850731047544183
2026-09-04T12:45:00+00:00,1.1243829587914396,0.9850731047544183
2026-09-04T12:50:00+00:00,1.1233759056499935,0.9850731047544183
2026-09-04T12:55:00+00:00,1.1230547512605629,0.9850731047544183
2026-09-04T13:00:00+00:00,1.1242619032112648,0.9850731047544183
2026-09-04T13:05:00+00:00,1.12370862471559,0.9850731047544183
2026-09-04T13:10:00+00:00,1.1232547128573305,0.9850731047544183
2026-09-04T13:15:00+00:00,1.123487312483891,0.9850731047544183
2026-09-04T13:20:00+00:00,1.1248160970048655,0.9850731047544183
2026-09-04T13:25:00+00:00,1.1260327122523635,0.9850731047544183
2026-09-04T13:30:00+00:00,1.1259443266391567,0.9850731047544183
2026-09-04T13:35:00+00:00,1.1311827128973653,0.9850731047544183
2026-09-04T13:40:00+00:00,1.129950851003671,0.9850731047544183
2026-09-04T13:45:00+00:00,1.1321418945924084,0.9850731047544183
2026-09-04T13:50:00+00:00,1.1344770122180048,0.9850731047544183
2026-09-04T13:55:00+00:00,1.1357271790334136,0.9850731047544183
2026-09-04T14:00:00+00:00,1.1372991545413818,0.9850731047544183
2026-09-04T14:05:00+00:00,1.1362599020628932,0.9850731047544183
2026-09-04T14:10:00+00:00,1.1359861927154187,0.9850731047544183
2026-09-04T14:15:00+00:00,1.1365940089488193,0.9850731047544183
2026-09-04T14:20:00+00:00,1.1348044086811884,0.9850731047544183
2026-09-04T14:25:00+00:00,1.1352210115942392,0.9850731047544183
2026-09-04T14:30:00+00:00,1.135988167833704,0.9850731047544183
2026-09-04T14:35:00+00:00,1.1340606204081816,0.9850731047544183
2026-09-04T14:40:00+00:00,1.1353112293953345,0.9850731047544183
2026-09-04T14:45:00+00:00,1.1338646942746624,0.9850731047544183
2026-09-04T14:50:00+00:00,1.1324766871153817,0.9850731047544183
2026-09-04T14:55:00+00:00,1.1338114747918437,0.9850731047544183
2026-09-04T15:00:00+00:00,1.1345137232284348,0.9850731047544183
2026-09-04T15:05:00+00:00,1.1348755951419869,0.9850731047544183
2026-09-04T15:10:00+00:00,1.1352812132426828,0.9850731047544183
2026-09-04T15:15:00+00:00,1.1368921474326774,0.9850731047544183
2026-09-04T15:20:00+00:00,1.1355460207308226,0.9850731047544183
2026-09-04T15:25:00+00:00,1.1343738994518993,0.9850731047544183
2026-09-04T15:30:00+00:00,1.1344726055110894,0.9850731047544183
2026-09-04T15:35:00+00:00,1.1336720941175595,0.9850731047544183
2026-09-04T15:40:00+00:00,1.1345829924095383,0.9850731047544183
2026-09-04T15:45:00+00:00,1.1348900136770161,0.9850731047544183
2026-09-04T15:50:00+00:00,1.134314467591265,0.9850731047544183
2026-09-04T15:55:00+00:00,1.134023801279157,0.9850731047544183
2026-09-04T16:00:00+00:00,1.1343858410907575,0.9850731047544183
2026-09-04T16:05:00+00:00,1.1350329031431083,0.9850731047544183
2026-09-04T16:10:00+00:00,1.1354055959047817,0.9850731047544183
2026-09-04T16:15:00+00:00,1.135537087220488,0.9850731047544183
2026-09-04T16:20:00+00:00,1.1355918685023196,0.9850731047544183
2026-09-04T16:25:00+00:00,1.1356685579209258,0.9850731047544183
2026-09-04T16:30:00+00:00,1.1358767126232456,0.9850731047544183
2026-09-04T16:35:00+00:00,1.1361505333219202,0.9850731047544183
2026-09-04T16:40:00+00:00,1.13604650743791,0.9850731047544183
2026-09-04T16:45:00+00:00,1.1362600648469299,0.9850731047544183
2026-09-04T16:50:00+00:00,1.1370265283345053,0.9850731047544183
2026-09-04T16:55:00+00:00,1.1368716990970982,0.9850731047544183
2026-09-04T17:00:00+00:00,1.1369663637033876,0.9850731047544183
2026-09-04T17:05:00+00:00,1.1360362678703346,0.9850731047544183
2026-09-04T17:10:00+00:00,1.1353408288759899,0.9850731047544183
2026-09-04T17:15:00+00:00,1.1351928939851705,0.9850731047544183
2026-09-04T17:20:00+00:00,1.1351106954184256,0.9850731047544183
2026-09-04T17:25:00+00:00,1.1344859483090162,0.9850731047544183
2026-09-04T17:30:00+00:00,1.1339979646381637,0.9850731047544183
2026-09-04T17:35:00+00:00,1.1336742991520117,0.9850731047544183
2026-09-04T17:40:00+00:00,1.134157171401946,0.9850731047544183
2026-09-04T17:45:00+00:00,1.1335209288645505,0.9850731047544183
2026-09-04T17:50:00+00:00,1.1335099532174604,0.9850731047544183
2026-09-04T17:55:00+00:00,1.1336581263130816,0.9850731047544183
2026-09-04T18:00:00+00:00,1.1342123348935131,0.9850731047544183
2026-09-04T18:05:00+00:00,1.133307378243332,0.9850731047544183
2026-09-04T18:10:00+00:00,1.1339934960408564,0.9850731047544183
2026-09-04T18:15:00+00:00,1.1337740722838132,0.9850731047544183
2026-09-04T18:20:00+00:00,1.1346409899132537,0.9850731047544183
2026-09-04T18:25:00+00:00,1.1345861642613218,0.9850731047544183
2026-09-04T18:30:00+00:00,1.135167328952438,0.9850731047544183
2026-09-04T18:35:00+00:00,1.13522212835005,0.9850731047544183
2026-09-04T18:40:00+00:00,1.1348001842254,0.9850731047544183
2026-09-04T18:45:00+00:00,1.1349481897240574,0.9850731047544183
2026-09-04T18:50:00+00:00,1.1349591522030376,0.9850731047544183
2026-09-04T18:55:00+00:00,1.134559031077358,0.9850731047544183
2026-09-04T19:00:00+00:00,1.1343232573405808,0.9850731047544183
2026-09-04T19:05:00+00:00,1.1334896643130923,0.9850731047544183
2026-09-04T19:10:00+00:00,1.1329847749848245,0.9850731047544183
2026-09-04T19:15:00+00:00,1.1326223990681918,0.9850731047544183
2026-09-04T19:20:00+00:00,1.1333254205748684,0.9850731047544183
2026-09-04T19:25:00+00:00,1.1336218239703204,0.9850731047544183
2026-09-04T19:30:00+00:00,1.1333145159043958,0.9850731047544183
2026-09-04T19:35:00+00:00,1.1345440173451413,0.9850731047544183
2026-09-04T19:40:00+00:00,1.1353335485592837,0.9850731047544183
2026-09-04T19:45:00+00:00,1.1354979244832673,0.9850731047544183
2026-09-04T19:50:00+00:00,1.1360019306316398,0.9850731047544183
2026-09-04T19:55:00+00:00,1.1366590476113547,0.9850731047544183
2026-09-04T20:00:00+00:00,1.1373486089298945,0.9850731047544183
2026-09-04T20:05:00+00:00,1.1364078558389856,0.9850731047544183
2026-09-04T20:10:00+00:00,1.136139838871312,0.9850731047544183
2026-09-04T20:15:00+00:00,1.1365721699673537,0.9850731047544183
2026-09-04T20:20:00+00:00,1.1364627052490672,0.9850731047544183
2026-09-04T20:25:00+00:00,1.1358605913025428,0.9850731047544183
2026-09-04T20:30:00+00:00,1.136068704622068,0.9850731047544183
2026-09-04T20:35:00+00:00,1.1361891692131612,0.9850731047544183
2026-09-04T20:40:00+00:00,1.1361891692131612,0.9850731047544183
2026-09-04T20:45:00+00:00,1.1363534216952178,0.9850731047544183
2026-09-04T20:50:00+00:00,1.136046861373342,0.9850731047544183
2026-09-04T20:55:00+00:00,1.1362330375223708,0.9850731047544183
2026-09-04T21:00:00+00:00,1.135970243665878,0.9850731047544183
2026-09-04T21:05:00+00:00,1.136145480109174,0.9850731047544183
2026-09-04T21:10:00+00:00,1.136145480109174,0.9850731047544183
2026-09-04T21:15:00+00:00,1.1361892824640243,0.9850731047544183
2026-09-04T21:20:00+00:00,1.1364082857952627,0.9850731047544183
2026-09-04T21:25:00+00:00,1.1362440649447143,0.9850731047544183
2026-09-04T21:30:00+00:00,1.1358608275709736,0.9850731047544183
2026-09-04T21:35:00+00:00,1.1362441942919475,0.9850731047544183
2026-09-04T21:40:00+00:00,1.1362441942919475,0.9850731047544183
2026-09-04T21:45:00+00:00,1.1358500072340838,0.9850731047544183
2026-09-04T21:50:00+00:00,1.1363867258820277,0.9850731047544183
2026-09-04T21:55:00+00:00,1.1361677604641152,0.9850731047544183
2026-09-04T22:00:00+00:00,1.1361677604641152,0.9850731047544183
2026-09-04T22:05:00+00:00,1.1363320161833697,0.9850731047544183
2026-09-04T22:10:00+00:00,1.1359050130362096,0.9850731047544183
2026-09-04T22:15:00+00:00,1.13586120137219,0.9850731047544183
2026-09-04T22:20:00+00:00,1.1358724243150538,0.9850731047544183
2026-09-04T22:25:00+00:00,1.135313809306278,0.9850731047544183
2026-09-04T22:30:00+00:00,1.135313809306278,0.9850731047544183
2026-09-04T22:35:00+00:00,1.1359822855839583,0.9850731047544183
2026-09-04T22:40:00+00:00,1.135752289748964,0.9850731047544183
2026-09-04T22:45:00+00:00,1.135752289748964,0.9850731047544183
2026-09-04T22:50:00+00:00,1.1363000097961038,0.9850731047544183
2026-09-04T22:55:00+00:00,1.1361467220707508,0.9850731047544183
2026-09-04T23:00:00+00:00,1.136278129278948,0.9850731047544183
2026-09-04T23:05:00+00:00,1.136278129278948,0.9850731047544183
2026-09-04T23:10:00+00:00,1.1361795852691237,0.9850731047544183
2026-09-04T23:15:00+00:00,1.1361686349849502,0.9850731047544183
2026-09-04T23:20:00+00:00,1.136157684595238,0.9850731047544183
2026-09-04T23:25:00+00:00,1.136157684595238,0.9850731047544183
2026-09-04T23:30:00+00:00,1.135588258842024,0.9850731047544183
2026-09-04T23:35:00+00:00,1.1357533655961076,0.9850731047544183
2026-09-04T23:40:00+00:00,1.1346023871529536,0.9850731047544183
2026-09-04T23:45:00+00:00,1.1356989391846084,0.9850731047544183
2026-09-04T23:50:00+00:00,1.1347787239739253,0.9850731047544183
2026-09-04T23:55:00+00:00,1.135326915662962,0.9850731047544183
2026-09-05T00:00:00+00:00,1.1357542988187972,0.9850731047544183
2026-09-08T08:05:00+00:00,1.1403181234451287,0.9850731047544183
2026-09-08T08:10:00+00:00,1.1391506813875227,0.9850731047544183
2026-09-08T08:15:00+00:00,1.1402862961023184,0.9850731047544183
2026-09-08T08:20:00+00:00,1.1412246416975342,0.9850731047544183
2026-09-08T08:25:00+00:00,1.1407885604435422,0.9850731047544183
2026-09-08T08:30:00+00:00,1.141508369669061,0.9850731047544183
2026-09-08T08:35:00+00:00,1.1407236180877283,0.9850731047544183
2026-09-08T08:40:00+00:00,1.1412218421179634,0.9850731047544183
2026-09-08T08:45:00+00:00,1.140789247930387,0.9850731047544183
2026-09-08T08:50:00+00:00,1.140789247930387,0.9850731047544183
2026-09-08T08:55:00+00:00,1.1406801858607951,0.9850731047544183
2026-09-08T09:00:00+00:00,1.1411164758534749,0.9850731047544183
2026-09-08T09:05:00+00:00,1.140778480337027,0.9850731047544183
2026-09-08T09:10:00+00:00,1.141880017904801,0.9850731047544183
2026-09-08T09:15:00+00:00,1.1428933274626745,0.9850731047544183
2026-09-08T09:20:00+00:00,1.1426429460162757,0.9850731047544183
2026-09-08T09:25:00+00:00,1.1429696020900366,0.9850731047544183
2026-09-08T09:30:00+00:00,1.1430133177741941,0.9850731047544183
2026-09-08T09:35:00+00:00,1.1435249133282033,0.9850731047544183
2026-09-08T09:40:00+00:00,1.1444386680679295,0.9850731047544183
2026-09-08T09:45:00+00:00,1.144275596157404,0.9850731047544183
2026-09-08T09:50:00+00:00,1.1446017864641764,0.9850731047544183
2026-09-08T09:55:00+00:00,1.1448952741017313,0.9850731047544183
2026-09-08T10:00:00+00:00,1.1449822111159198,0.9850731047544183
2026-09-08T10:05:00+00:00,1.1444605866531512,0.9850731047544183
2026-09-08T10:10:00+00:00,1.1447867243281669,0.9850731047544183
2026-09-08T10:15:00+00:00,1.1444064765331265,0.9850731047544183
2026-09-08T10:20:00+00:00,1.1449174499371115,0.9850731047544183
2026-09-08T10:25:00+00:00,1.1456890015890557,0.9850731047544183
2026-09-08T10:30:00+00:00,1.1455261074182137,0.9850731047544183
2026-09-08T10:35:00+00:00,1.1449939107816014,0.9850731047544183
2026-09-08T10:40:00+00:00,1.1452981645634588,0.9850731047544183
2026-09-08T10:45:00+00:00,1.1455806108991442,0.9850731047544183
2026-09-08T10:50:00+00:00,1.1449289723263916,0.9850731047544183
2026-09-08T10:55:00+00:00,1.144494299216169,0.9850731047544183
2026-09-08T11:00:00+00:00,1.145418330517778,0.9850731047544183
2026-09-08T11:05:00+00:00,1.144310386755684,0.9850731047544183
2026-09-08T11:10:00+00:00,1.1442234049882625,0.9850731047544183
2026-09-08T11:15:00+00:00,1.1427587381380113,0.9850731047544183
2026-09-08T11:20:00+00:00,1.1440619721225265,0.9850731047544183
2026-09-08T11:25:00+00:00,1.1441644375605193,0.9850731047544183
2026-09-08T11:30:00+00:00,1.143637911682961,0.9850731047544183
2026-09-08T11:35:00+00:00,1.1437140657266605,0.9850731047544183
2026-09-08T11:40:00+00:00,1.1436487951780914,0.9850731047544183
2026-09-08T11:45:00+00:00,1.143104842895464,0.9850731047544183
2026-09-08T11:50:00+00:00,1.1432898786581993,0.9850731047544183
2026-09-08T11:55:00+00:00,1.1436850020817866,0.9850731047544183
2026-09-08T12:00:00+00:00,1.1456941901093516,0.9850731047544183
2026-09-08T12:05:00+00:00,1.1450317508145964,0.9850731047544183
2026-09-08T12:10:00+00:00,1.1455859141057156,0.9850731047544183
2026-09-08T12:15:00+00:00,1.1446844765737592,0.9850731047544183
2026-09-08T12:20:00+00:00,1.1454492371922118,0.9850731047544183
2026-09-08T12:25:00+00:00,1.1452606862208599,0.9850731047544183
2026-09-08T12:30:00+00:00,1.1459668325365908,0.9850731047544183
2026-09-08T12:35:00+00:00,1.1473887868336758,0.9850731047544183
2026-09-08T12:40:00+00:00,1.147096361990583,0.9850731047544183
2026-09-08T12:45:00+00:00,1.1471072084169716,0.9850731047544183
2026-09-08T12:50:00+00:00,1.1478364067681617,0.9850731047544183
2026-09-08T12:55:00+00:00,1.1480832207656277,0.9850731047544183
2026-09-08T13:00:00+00:00,1.1492969768608303,0.9850731047544183
2026-09-08T13:05:00+00:00,1.1490588976310656,0.9850731047544183
2026-09-08T13:10:00+00:00,1.1484092938264867,0.9850731047544183
2026-09-08T13:15:00+00:00,1.1489509963235747,0.9850731047544183
2026-09-08T13:20:00+00:00,1.1494925120403023,0.9850731047544183
2026-09-08T13:25:00+00:00,1.1494925120403023,0.9850731047544183
2026-09-08T13:30:00+00:00,1.1489404958622038,0.9850731047544183
2026-09-08T13:35:00+00:00,1.1494386298180852,0.9850731047544183
2026-09-08T13:40:00+00:00,1.1488000183515967,0.9850731047544183
2026-09-08T13:45:00+00:00,1.1437911583270524,0.9850731047544183
2026-09-08T13:50:00+00:00,1.1476473980698478,0.9850731047544183
2026-09-08T13:55:00+00:00,1.1454683438714208,0.9850731047544183
2026-09-08T14:00:00+00:00,1.1458377430040676,0.9850731047544183
2026-09-08T14:05:00+00:00,1.145381647220857,0.9850731047544183
2026-09-08T14:10:00+00:00,1.1444909588568282,0.9850731047544183
2026-09-08T14:15:00+00:00,1.1456325397975535,0.9850731047544183
2026-09-08T14:20:00+00:00,1.145882328609724,0.9850731047544183
2026-09-08T14:25:00+00:00,1.1484233195085718,0.9850731047544183
2026-09-08T14:30:00+00:00,1.1490625607932756,0.9850731047544183
2026-09-08T14:35:00+00:00,1.1483262219349162,0.9850731047544183
2026-09-08T14:40:00+00:00,1.1475785110521524,0.9850731047544183
2026-09-08T14:45:00+00:00,1.1480447550170216,0.9850731047544183
2026-09-08T14:50:00+00:00,1.1480447566539302,0.9850731047544183
2026-09-08T14:55:00+00:00,1.1492585926217778,0.9850731047544183
2026-09-08T15:00:00+00:00,1.1508337960834942,0.9850731047544183
2026-09-08T15:05:00+00:00,1.1493256396703548,0.9850731047544183
2026-09-08T15:10:00+00:00,1.1497316250035594,0.9850731047544183
2026-09-08T15:15:00+00:00,1.151446956096154,0.9850731047544183
2026-09-08T15:20:00+00:00,1.1525060930626254,0.9850731047544183
2026-09-08T15:25:00+00:00,1.1523631540362986,0.9850731047544183
2026-09-08T15:30:00+00:00,1.151933879244253,0.9850731047544183
2026-09-08T15:35:00+00:00,1.1515558276926379,0.9850731047544183
2026-09-08T15:40:00+00:00,1.151782729263406,0.9850731047544183
2026-09-08T15:45:00+00:00,1.1530034262023687,0.9850731047544183
2026-09-08T15:50:00+00:00,1.1518056079829626,0.9850731047544183
2026-09-08T15:55:00+00:00,1.1517353904251237,0.9850731047544183
2026-09-08T16:00:00+00:00,1.1519244492225278,0.9850731047544183
2026-09-08T16:05:00+00:00,1.152324097612698,0.9850731047544183
2026-09-08T16:10:00+00:00,1.1510716220022907,0.9850731047544183
2026-09-08T16:15:00+00:00,1.1505527561803321,0.9850731047544183
2026-09-08T16:20:00+00:00,1.1500228800953973,0.9850731047544183
2026-09-08T16:25:00+00:00,1.1506936748897243,0.9850731047544183
2026-09-08T16:30:00+00:00,1.1489420624908218,0.9850731047544183
2026-09-08T16:35:00+00:00,1.1489583087921,0.9850731047544183
2026-09-08T16:40:00+00:00,1.1484113814029344,0.9850731047544183
2026-09-08T16:45:00+00:00,1.14807552358906,0.9850731047544183
2026-09-08T16:50:00+00:00,1.1488557804237136,0.9850731047544183
2026-09-08T16:55:00+00:00,1.1489857492444686,0.9850731047544183
2026-09-08T17:00:00+00:00,1.148195269545103,0.9850731047544183
2026-09-08T17:05:00+00:00,1.1503409940627145,0.9850731047544183
2026-09-08T17:10:00+00:00,1.1500651718215429,0.9850731047544183
2026-09-08T17:15:00+00:00,1.1504492433655977,0.9850731047544183
2026-09-08T17:20:00+00:00,1.1508386047470647,0.9850731047544183
2026-09-08T17:25:00+00:00,1.150525081426403,0.9850731047544183
2026-09-08T17:30:00+00:00,1.1501141010373481,0.9850731047544183
2026-09-08T17:35:00+00:00,1.15039537648953,0.9850731047544183
2026-09-08T17:40:00+00:00,1.1499032608823154,0.9850731047544183
2026-09-08T17:45:00+00:00,1.1493892669398098,0.9850731047544183
2026-09-08T17:50:00+00:00,1.1492810141390624,0.9850731047544183
2026-09-08T17:55:00+00:00,1.149096955536619,0.9850731047544183
2026-09-08T18:00:00+00:00,1.1488803862853614,0.9850731047544183
2026-09-08T18:05:00+00:00,1.1490861552266178,0.9850731047544183
2026-09-08T18:10:00+00:00,1.1496130719331497,0.9850731047544183
2026-09-08T18:15:00+00:00,1.149584281500108,0.9850731047544183
2026-09-08T18:20:00+00:00,1.1500929950038319,0.9850731047544183
2026-09-08T18:25:00+00:00,1.1495628736930623,0.9850731047544183
2026-09-08T18:30:00+00:00,1.149497929491825,0.9850731047544183
2026-09-08T18:35:00+00:00,1.149422165877213,0.9850731047544183
2026-09-08T18:40:00+00:00,1.1495195928831736,0.9850731047544183
2026-09-08T18:45:00+00:00,1.1495304178002261,0.9850731047544183
2026-09-08T18:50:00+00:00,1.1483613317470878,0.9850731047544183
2026-09-08T18:55:00+00:00,1.1484046895429296,0.9850731047544183
2026-09-08T19:00:00+00:00,1.1484588634340687,0.9850731047544183
2026-09-08T19:05:00+00:00,1.1477221591850535,0.9850731047544183
2026-09-08T19:10:00+00:00,1.1473102080312094,0.9850731047544183
2026-09-08T19:15:00+00:00,1.1481452825084102,0.9850731047544183
2026-09-08T19:20:00+00:00,1.1479176995312461,0.9850731047544183
2026-09-08T19:25:00+00:00,1.1474082414426234,0.9850731047544183
2026-09-08T19:30:00+00:00,1.1473160663043178,0.9850731047544183
2026-09-08T19:35:00+00:00,1.1471154262060759,0.9850731047544183
2026-09-08T19:40:00+00:00,1.1467466476301096,0.9850731047544183
2026-09-08T19:45:00+00:00,1.1462909242197183,0.9850731047544183
2026-09-08T19:50:00+00:00,1.146361479792567,0.9850731047544183
2026-09-08T19:55:00+00:00,1.1452978092028119,0.9850731047544183
2026-09-08T20:00:00+00:00,1.1467155100783604,0.9850731047544183
2026-09-08T20:05:00+00:00,1.1467155363714467,0.9850731047544183
2026-09-08T20:10:00+00:00,1.1473665860703708,0.9850731047544183
2026-09-08T20:15:00+00:00,1.147388275419824,0.9850731047544183
2026-09-08T20:20:00+00:00,1.1469111187516594,0.9850731047544183
2026-09-08T20:25:00+00:00,1.147225736394003,0.9850731047544183
2026-09-08T20:30:00+00:00,1.1467160539408232,0.9850731047544183
2026-09-08T20:35:00+00:00,1.1467160539408232,0.9850731047544183
2026-09-08T20:40:00+00:00,1.1468245622729523,0.9850731047544183
2026-09-08T20:45:00+00:00,1.1468245622729523,0.9850731047544183
2026-09-08T20:50:00+00:00,1.1468245622729523,0.9850731047544183
2026-09-08T20:55:00+00:00,1.1469656097593246,0.9850731047544183
2026-09-08T21:00:00+00:00,1.146943912814207,0.9850731047544183
2026-09-08T21:05:00+00:00,1.146943912814207,0.9850731047544183
2026-09-08T21:10:00+00:00,1.14707409694763,0.9850731047544183
2026-09-08T21:15:00+00:00,1.1469656224807994,0.9850731047544183
2026-09-08T21:20:00+00:00,1.14695477400812,0.9850731047544183
2026-09-08T21:25:00+00:00,1.1467161053517299,0.9850731047544183
2026-09-08T21:30:00+00:00,1.1467378070191285,0.9850731047544183
2026-09-08T21:35:00+00:00,1.1467378070191285,0.9850731047544183
2026-09-08T21:40:00+00:00,1.1472911890652093,0.9850731047544183
2026-09-08T21:45:00+00:00,1.1468970673306638,0.9850731047544183
2026-09-08T21:50:00+00:00,1.1468970673306638,0.9850731047544183
2026-09-08T21:55:00+00:00,1.1468970673306638,0.9850731047544183
2026-09-08T22:00:00+00:00,1.146889906907886,0.9850731047544183
2026-09-08T22:05:00+00:00,1.146889906907886,0.9850731047544183
2026-09-08T22:10:00+00:00,1.1469333036805103,0.9850731047544183
2026-09-08T22:15:00+00:00,1.1464776548084465,0.9850731047544183
2026-09-08T22:20:00+00:00,1.1466730105374268,0.9850731047544183
2026-09-08T22:25:00+00:00,1.1468249280004021,0.9850731047544183
2026-09-08T22:30:00+00:00,1.147128722683316,0.9850731047544183
2026-09-08T22:35:00+00:00,1.147128722683316,0.9850731047544183
2026-09-08T22:40:00+00:00,1.146770773745681,0.9850731047544183
2026-09-08T22:45:00+00:00,1.146891212345251,0.9850731047544183
2026-09-08T22:50:00+00:00,1.1468659337442497,0.9850731047544183
2026-09-08T22:55:00+00:00,1.1468659337442497,0.9850731047544183
2026-09-08T23:00:00+00:00,1.147215610683516,0.9850731047544183
2026-09-08T23:05:00+00:00,1.147692839882832,0.9850731047544183
2026-09-08T23:10:00+00:00,1.1475844237823332,0.9850731047544183
2026-09-08T23:15:00+00:00,1.1475844237823332,0.9850731047544183
2026-09-08T23:20:00+00:00,1.1472591447506488,0.9850731047544183
2026-09-08T23:25:00+00:00,1.147152748341025,0.9850731047544183
2026-09-08T23:30:00+00:00,1.1470639137414433,0.9850731047544183
2026-09-08T23:35:00+00:00,1.1470639137414433,0.9850731047544183
2026-09-08T23:40:00+00:00,1.1465566335626454,0.9850731047544183
2026-09-08T23:45:00+00:00,1.1462566825202338,0.9850731047544183
2026-09-08T23:50:00+00:00,1.1461524726304644,0.9850731047544183
2026-09-08T23:55:00+00:00,1.1459570863200848,0.9850731047544183
2026-09-09T00:00:00+00:00,1.146033107387245,0.9850731047544183
2026-09-09T08:05:00+00:00,1.1497976006636474,0.9850731047544183
2026-09-09T08:10:00+00:00,1.1500573245400114,0.9850731047544183
2026-09-09T08:15:00+00:00,1.1499924082313333,0.9850731047544183
2026-09-09T08:20:00+00:00,1.1497976483112309,0.9850731047544183
2026-09-09T08:25:00+00:00,1.1499707975693154,0.9850731047544183
2026-09-09T08:30:00+00:00,1.1494406077962547,0.9850731047544183
2026-09-09T08:35:00+00:00,1.1494406077962547,0.9850731047544183
2026-09-09T08:40:00+00:00,1.1488343970068875,0.9850731047544183
2026-09-09T08:45:00+00:00,1.1482386970744336,0.9850731047544183
2026-09-09T08:50:00+00:00,1.1482386970744336,0.9850731047544183
2026-09-09T08:55:00+00:00,1.1490947829282359,0.9850731047544183
2026-09-09T09:00:00+00:00,1.148943184453321,0.9850731047544183
2026-09-09T09:05:00+00:00,1.148986504019141,0.9850731047544183
2026-09-09T09:10:00+00:00,1.1473620815455516,0.9850731047544183
2026-09-09T09:15:00+00:00,1.147654892148793,0.9850731047544183
2026-09-09T09:20:00+00:00,1.147806681141822,0.9850731047544183
2026-09-09T09:25:00+00:00,1.14635403573879,0.9850731047544183
2026-09-09T09:30:00+00:00,1.1468316289817218,0.9850731047544183
2026-09-09T09:35:00+00:00,1.1452846501071483,0.9850731047544183
2026-09-09T09:40:00+00:00,1.144443191298661,0.9850731047544183
2026-09-09T09:45:00+00:00,1.1443018483242464,0.9850731047544183
2026-09-09T09:50:00+00:00,1.1431492170841304,0.9850731047544183
2026-09-09T09:55:00+00:00,1.1413967554670355,0.9850731047544183
2026-09-09T10:00:00+00:00,1.1404374153096228,0.9850731047544183
2026-09-09T10:05:00+00:00,1.1407756492068577,0.9850731047544183
2026-09-09T10:10:00+00:00,1.1394122071003534,0.9850731047544183
2026-09-09T10:15:00+00:00,1.1398162694725231,0.9850731047544183
2026-09-09T10:20:00+00:00,1.1403183877389496,0.9850731047544183
2026-09-09T10:25:00+00:00,1.1405585881895295,0.9850731047544183
2026-09-09T10:30:00+00:00,1.1404058533145973,0.9850731047544183
2026-09-09T10:35:00+00:00,1.1413987629823257,0.9850731047544183
2026-09-09T10:40:00+00:00,1.140864584000605,0.9850731047544183
2026-09-09T10:45:00+00:00,1.1401739705758243,0.9850731047544183
2026-09-09T10:50:00+00:00,1.1399810229200347,0.9850731047544183
2026-09-09T10:55:00+00:00,1.1401120050368008,0.9850731047544183
2026-09-09T11:00:00+00:00,1.1407013568543836,0.9850731047544183
2026-09-09T11:05:00+00:00,1.140854072868192,0.9850731047544183
2026-09-09T11:10:00+00:00,1.140974047961897,0.9850731047544183
2026-09-09T11:15:00+00:00,1.1408540854824225,0.9850731047544183
2026-09-09T11:20:00+00:00,1.1403523714486539,0.9850731047544183
2026-09-09T11:25:00+00:00,1.1413889566459838,0.9850731047544183
2026-09-09T11:30:00+00:00,1.1409529163230154,0.9850731047544183
2026-09-09T11:35:00+00:00,1.1407347984243128,0.9850731047544183
2026-09-09T11:40:00+00:00,1.1407347984243128,0.9850731047544183
2026-09-09T11:45:00+00:00,1.140167583431503,0.9850731047544183
2026-09-09T11:50:00+00:00,1.1419355558314868,0.9850731047544183
2026-09-09T11:55:00+00:00,1.1414126916505116,0.9850731047544183
2026-09-09T12:00:00+00:00,1.1412927747472228,0.9850731047544183
2026-09-09T12:05:00+00:00,1.1397660553361608,0.9850731047544183
2026-09-09T12:10:00+00:00,1.139558626647929,0.9850731047544183
2026-09-09T12:15:00+00:00,1.1386632451164795,0.9850731047544183
2026-09-09T12:20:00+00:00,1.1389298853896217,0.9850731047544183
2026-09-09T12:25:00+00:00,1.1396247358858553,0.9850731047544183
2026-09-09T12:30:00+00:00,1.1393845252568722,0.9850731047544183
2026-09-09T12:35:00+00:00,1.1397668445574332,0.9850731047544183
2026-09-09T12:40:00+00:00,1.139865100319895,0.9850731047544183
2026-09-09T12:45:00+00:00,1.1400506785411348,0.9850731047544183
2026-09-09T12:50:00+00:00,1.1408365289686515,0.9857521273058518
2026-09-09T12:55:00+00:00,1.1402693610128372,0.9852620597065181
2026-09-09T13:00:00+00:00,1.1404112235639718,0.9853846375763664
2026-09-09T13:05:00+00:00,1.1406950310812354,0.9856298645276288
2026-09-09T13:10:00+00:00,1.1406841226463968,0.9856204389766627
2026-09-09T13:15:00+00:00,1.1407932723347973,0.9857147509440686
2026-09-09T13:20:00+00:00,1.1411426394563875,0.9860166253796896
2026-09-09T13:25:00+00:00,1.1415348620341488,0.9863555295351826
2026-09-09T13:30:00+00:00,1.1441289688622673,0.9885969955641396
2026-09-09T13:35:00+00:00,1.149345530900589,0.9931044223478414
2026-09-09T13:40:00+00:00,1.1488691220160732,0.9926927761045328
2026-09-09T13:45:00+00:00,1.1485172140500537,0.992388706224834
2026-09-09T13:50:00+00:00,1.1486905624906392,0.9925384898176041
2026-09-09T13:55:00+00:00,1.1505591981390908,0.9941531046365089
2026-09-09T14:00:00+00:00,1.1525708733601194,0.9958913143433544
2026-09-09T14:05:00+00:00,1.1534670099746318,0.9966656308660825
2026-09-09T14:10:00+00:00,1.1534346455804125,0.9966376660616251
2026-09-09T14:15:00+00:00,1.1539471010952556,0.9970804587852792
2026-09-09T14:20:00+00:00,1.151407493921328,0.9948860837712853
2026-09-09T14:25:00+00:00,1.1503916002708265,0.9940082898878763
2026-09-09T14:30:00+00:00,1.1523495976166762,0.9957001186467918
2026-09-09T14:35:00+00:00,1.1519284487833017,0.9953362204476461
2026-09-09T14:40:00+00:00,1.1517340102222675,0.995168213708466
2026-09-09T14:45:00+00:00,1.1515287165288626,0.9949908274748928
2026-09-09T14:50:00+00:00,1.1515935710784326,0.9950468657490722
2026-09-09T14:55:00+00:00,1.150345436881304,0.9939684019124565
2026-09-09T15:00:00+00:00,1.1517894104747113,0.9952160828950787
2026-09-09T15:05:00+00:00,1.151800214645295,0.9952254183553889
2026-09-09T15:10:00+00:00,1.1489587186886123,0.9927701930773527
2026-09-09T15:15:00+00:00,1.1479622672243508,0.9919091984249981
2026-09-09T15:20:00+00:00,1.1489595526689649,0.9919091984249981
2026-09-09T15:25:00+00:00,1.14617050408365,0.9919091984249981
2026-09-09T15:30:00+00:00,1.1472940363803659,0.9919091984249981
2026-09-09T15:35:00+00:00,1.14887745314955,0.9919091984249981
2026-09-09T15:40:00+00:00,1.149906514742294,0.9919091984249981
2026-09-09T15:45:00+00:00,1.1496954792879726,0.9919091984249981
2026-09-09T15:50:00+00:00,1.150068878607809,0.9919091984249981
2026-09-09T15:55:00+00:00,1.1510318682918126,0.9919091984249981
2026-09-09T16:00:00+00:00,1.1502750531097996,0.9919091984249981
2026-09-09T16:05:00+00:00,1.1505238736073418,0.9919091984249981
2026-09-09T16:10:00+00:00,1.1492907688065293,0.9919091984249981
2026-09-09T16:15:00+00:00,1.1487926794698875,0.9919091984249981
2026-09-09T16:20:00+00:00,1.1485977088646435,0.9919091984249981
2026-09-09T16:25:00+00:00,1.1489660749726391,0.9919091984249981
2026-09-09T16:30:00+00:00,1.1483596069312174,0.9919091984249981
2026-09-09T16:35:00+00:00,1.1501042743595564,0.9919091984249981
2026-09-09T16:40:00+00:00,1.1506668963794002,0.9919091984249981
2026-09-09T16:45:00+00:00,1.150953506859546,0.9919091984249981
2026-09-09T16:50:00+00:00,1.1507751107811057,0.9919091984249981
2026-09-09T16:55:00+00:00,1.1507859247105034,0.9919091984249981
2026-09-09T17:00:00+00:00,1.1505642434257242,0.9919091984249981
2026-09-09T17:05:00+00:00,1.1505804738521095,0.9919091984249981
2026-09-09T17:10:00+00:00,1.1509049207346853,0.9919091984249981
2026-09-09T17:15:00+00:00,1.151434761030502,0.9919091984249981
2026-09-09T17:20:00+00:00,1.1508457678797472,0.9919091984249981
2026-09-09T17:25:00+00:00,1.1504186356435222,0.9919091984249981
2026-09-09T17:30:00+00:00,1.1499967733925553,0.9919091984249981
2026-09-09T17:35:00+00:00,1.1499751324284846,0.9919091984249981
2026-09-09T17:40:00+00:00,1.1492609163382097,0.9919091984249981
2026-09-09T17:45:00+00:00,1.149878078131156,0.9919091984249981
2026-09-09T17:50:00+00:00,1.1507005486005673,0.9919091984249981
2026-09-09T17:55:00+00:00,1.150970916793899,0.9919091984249981
2026-09-09T18:00:00+00:00,1.1505546442963688,0.9919091984249981
2026-09-09T18:05:00+00:00,1.1505600540373992,0.9919091984249981
2026-09-09T18:10:00+00:00,1.1503762172445469,0.9919091984249981
2026-09-09T18:15:00+00:00,1.1503113149910351,0.9919091984249981
2026-09-09T18:20:00+00:00,1.1502896793043509,0.9919091984249981
2026-09-09T18:25:00+00:00,1.1500624855545996,0.9919091984249981
2026-09-09T18:30:00+00:00,1.1501111770763877,0.9919091984249981
2026-09-09T18:35:00+00:00,1.1502464308087579,0.9919091984249981
2026-09-09T18:40:00+00:00,1.1504087063095332,0.9919091984249981
2026-09-09T18:45:00+00:00,1.150246448381986,0.9919091984249981
2026-09-09T18:50:00+00:00,1.150003032138653,0.9919091984249981
2026-09-09T18:55:00+00:00,1.1497162860156676,0.9919091984249981
2026-09-09T19:00:00+00:00,1.1490289803335867,0.9919091984249981
2026-09-09T19:05:00+00:00,1.1492185011526113,0.9919091984249981
2026-09-09T19:10:00+00:00,1.1499819261232067,0.9919091984249981
2026-09-09T19:15:00+00:00,1.1498683019330243,0.9919091984249981
2026-09-09T19:20:00+00:00,1.1505825478078642,0.9919091984249981
2026-09-09T19:25:00+00:00,1.1503878657213387,0.9919091984249981
2026-09-09T19:30:00+00:00,1.1495009017863318,0.9919091984249981
2026-09-09T19:35:00+00:00,1.1496416425611535,0.9919091984249981
2026-09-09T19:40:00+00:00,1.1496091690509005,0.9919091984249981
2026-09-09T19:45:00+00:00,1.1495618644485395,0.9919091984249981
2026-09-09T19:50:00+00:00,1.1497282503927295,0.9919091984249981
2026-09-09T19:55:00+00:00,1.1496254238591739,0.9919091984249981
2026-09-09T20:00:00+00:00,1.1506807524525624,0.9919091984249981
2026-09-09T20:05:00+00:00,1.1506807524525624,0.9919091984249981
2026-09-09T20:10:00+00:00,1.150810528477275,0.9919091984249981
2026-09-09T20:15:00+00:00,1.1508537822744815,0.9919091984249981
2026-09-09T20:20:00+00:00,1.1505510170731916,0.9919091984249981
2026-09-09T20:25:00+00:00,1.1506808077421855,0.9919091984249981
2026-09-09T20:30:00+00:00,1.1506808077421855,0.9919091984249981
2026-09-09T20:35:00+00:00,1.1504753290265173,0.9919091984249981
2026-09-09T20:40:00+00:00,1.1507241108524289,0.9919091984249981
2026-09-09T20:45:00+00:00,1.1509403961149756,0.9919091984249981
2026-09-09T20:50:00+00:00,1.1504105967818774,0.9919091984249981
2026-09-09T20:55:00+00:00,1.1504105967818774,0.9919091984249981
2026-09-09T21:00:00+00:00,1.1504105967818774,0.9919091984249981
2026-09-09T21:05:00+00:00,1.1509297645455916,0.9919091984249981
2026-09-09T21:10:00+00:00,1.1506810808507175,0.9919091984249981
2026-09-09T21:15:00+00:00,1.1507243395379676,0.9919091984249981
2026-09-09T21:20:00+00:00,1.1507243395379676,0.9919091984249981
2026-09-09T21:25:00+00:00,1.1504107258449503,0.9919091984249981
2026-09-09T21:30:00+00:00,1.1504107258449503,0.9919091984249981
2026-09-09T21:35:00+00:00,1.1506811561989336,0.9919091984249981
2026-09-09T21:40:00+00:00,1.1506811561989336,0.9919091984249981
2026-09-09T21:45:00+00:00,1.150248569298107,0.9919091984249981
2026-09-09T21:50:00+00:00,1.150248569298107,0.9919091984249981
2026-09-09T21:55:00+00:00,1.150248569298107,0.9919091984249981
2026-09-09T22:00:00+00:00,1.150248569298107,0.9919091984249981
2026-09-09T22:05:00+00:00,1.1506055877592323,0.9919091984249981
2026-09-09T22:10:00+00:00,1.1500323723347285,0.9919091984249981
2026-09-09T22:15:00+00:00,1.1499566268830317,0.9919091984249981
2026-09-09T22:20:00+00:00,1.1494047308111832,0.9919091984249981
2026-09-09T22:25:00+00:00,1.1499244119373553,0.9919091984249981
2026-09-09T22:30:00+00:00,1.1499244119373553,0.9919091984249981
2026-09-09T22:35:00+00:00,1.1495997579531834,0.9919091984249981
2026-09-09T22:40:00+00:00,1.1493347654666042,0.9919091984249981
2026-09-09T22:45:00+00:00,1.1498163661213692,0.9919091984249981
2026-09-09T22:50:00+00:00,1.1498163661213692,0.9919091984249981
2026-09-09T22:55:00+00:00,1.1498163661213692,0.9919091984249981
2026-09-09T23:00:00+00:00,1.1496323781862783,0.9919091984249981
2026-09-09T23:05:00+00:00,1.1496323781862783,0.9919091984249981
2026-09-09T23:10:00+00:00,1.1495782554258793,0.9919091984249981
2026-09-09T23:15:00+00:00,1.1495024799937728,0.9919091984249981
2026-09-09T23:20:00+00:00,1.149491654218406,0.9919091984249981
2026-09-09T23:25:00+00:00,1.14908362690208,0.9919091984249981
2026-09-09T23:30:00+00:00,1.14908362690208,0.9919091984249981
2026-09-09T23:35:00+00:00,1.1496325259894875,0.9919091984249981
2026-09-09T23:40:00+00:00,1.149405210366587,0.9919091984249981
2026-09-09T23:45:00+00:00,1.1496000908702098,0.9919091984249981
2026-09-09T23:50:00+00:00,1.149589266010597,0.9919091984249981
2026-09-09T23:55:00+00:00,1.1503471233300813,0.9919091984249981
2026-09-10T00:00:00+00:00,1.1496980934064431,0.9919091984249981
2026-09-10T08:05:00+00:00,1.147654959312263,0.9919091984249981
2026-09-10T08:10:00+00:00,1.1472862870842149,0.9919091984249981
2026-09-10T08:15:00+00:00,1.1465384008366821,0.9919091984249981
2026-09-10T08:20:00+00:00,1.1466795012324908,0.9919091984249981
2026-09-10T08:25:00+00:00,1.1476017862169852,0.9919091984249981
2026-09-10T08:30:00+00:00,1.1473306906424277,0.9919091984249981
2026-09-10T08:35:00+00:00,1.1469727599108037,0.9919091984249981
2026-09-10T08:40:00+00:00,1.1467449755076593,0.9919091984249981
2026-09-10T08:45:00+00:00,1.1460830078766315,0.9919091984249981
2026-09-10T08:50:00+00:00,1.1461372988765308,0.9919091984249981
2026-09-10T08:55:00+00:00,1.146354452589846,0.9919091984249981
2026-09-10T09:00:00+00:00,1.1459310830476963,0.9919091984249981
2026-09-10T09:05:00+00:00,1.1462242933663247,0.9919091984249981
2026-09-10T09:10:00+00:00,1.146864848353335,0.9919091984249981
2026-09-10T09:15:00+00:00,1.146582727456622,0.9919091984249981
2026-09-10T09:20:00+00:00,1.1464416322912812,0.9919091984249981
2026-09-10T09:25:00+00:00,1.1461376976061561,0.9919091984249981
2026-09-10T09:30:00+00:00,1.146343993705574,0.9919091984249981
2026-09-10T09:35:00+00:00,1.1449544595174803,0.9919091984249981
2026-09-10T09:40:00+00:00,1.1448349013255463,0.9919091984249981
2026-09-10T09:45:00+00:00,1.1452153534860705,0.9919091984249981
2026-09-10T09:50:00+00:00,1.1454870007626272,0.9919091984249981
2026-09-10T09:55:00+00:00,1.1459758751464884,0.9919091984249981
2026-09-10T10:00:00+00:00,1.1458672838520503,0.9919091984249981
2026-09-10T10:05:00+00:00,1.1450526207106673,0.9919091984249981
2026-09-10T10:10:00+00:00,1.145106960717345,0.9919091984249981
2026-09-10T10:15:00+00:00,1.1455633951137587,0.9919091984249981
2026-09-10T10:20:00+00:00,1.1454873530123137,0.9919091984249981
2026-09-10T10:25:00+00:00,1.1454547613767005,0.9919091984249981
2026-09-10T10:30:00+00:00,1.14527007018654,0.9919091984249981
2026-09-10T10:35:00+00:00,1.1449549579281395,0.9919091984249981
2026-09-10T10:40:00+00:00,1.1449549579281395,0.9919091984249981
2026-09-10T10:45:00+00:00,1.1454875355604086,0.9919091984249981
2026-09-10T10:50:00+00:00,1.145302849595836,0.9919091984249981
2026-09-10T10:55:00+00:00,1.1447160504886775,0.9919091984249981
2026-09-10T11:00:00+00:00,1.145313966714787,0.9919091984249981
2026-09-10T11:05:00+00:00,1.1436841369579638,0.9919091984249981
2026-09-10T11:10:00+00:00,1.143531807705993,0.9919091984249981
2026-09-10T11:15:00+00:00,1.1432923929765533,0.9919091984249981
2026-09-10T11:20:00+00:00,1.1433359320447958,0.9919091984249981
2026-09-10T11:25:00+00:00,1.1435296735206575,0.9919091984249981
2026-09-10T11:30:00+00:00,1.1436950876546808,0.9919091984249981
2026-09-10T11:35:00+00:00,1.1442501178580062,0.9919091984249981
2026-09-10T11:40:00+00:00,1.14386947734783,0.9919091984249981
2026-09-10T11:45:00+00:00,1.1438586063084268,0.9919091984249981
2026-09-10T11:50:00+00:00,1.1427216127062325,0.9919091984249981
2026-09-10T11:55:00+00:00,1.142389461014287,0.9919091984249981
2026-09-10T12:00:00+00:00,1.1414635231465822,0.9919091984249981
2026-09-10T12:05:00+00:00,1.1398278615192883,0.9919091984249981
2026-09-10T12:10:00+00:00,1.139751762530086,0.9919091984249981
2026-09-10T12:15:00+00:00,1.1398281929167058,0.9919091984249981
2026-09-10T12:20:00+00:00,1.139653506603615,0.9919091984249981
2026-09-10T12:25:00+00:00,1.138572226640808,0.9919091984249981
2026-09-10T12:30:00+00:00,1.1394683360303675,0.9919091984249981
2026-09-10T12:35:00+00:00,1.1354383571548792,0.9919091984249981
2026-09-10T12:40:00+00:00,1.135186271338684,0.9919091984249981
2026-09-10T12:45:00+00:00,1.1355809280819789,0.9919091984249981
2026-09-10T12:50:00+00:00,1.135546517202878,0.9919091984249981
2026-09-10T12:55:00+00:00,1.1339918435594347,0.9919091984249981
2026-09-10T13:00:00+00:00,1.1334570680539122,0.9919091984249981
2026-09-10T13:05:00+00:00,1.134453232320102,0.9919091984249981
2026-09-10T13:10:00+00:00,1.133707285660032,0.9919091984249981
2026-09-10T13:15:00+00:00,1.1340036653725885,0.9919091984249981
2026-09-10T13:20:00+00:00,1.13356469904384,0.9919091984249981
2026-09-10T13:25:00+00:00,1.132938929699839,0.9919091984249981
2026-09-10T13:30:00+00:00,1.1357724529870745,0.9919091984249981
2026-09-10T13:35:00+00:00,1.13395364098467,0.9919091984249981
2026-09-10T13:40:00+00:00,1.1370811912009804,0.9919091984249981
2026-09-10T13:45:00+00:00,1.1348593478374691,0.9919091984249981
2026-09-10T13:50:00+00:00,1.135276051858123,0.9919091984249981
2026-09-10T13:55:00+00:00,1.1319763423494402,0.9919091984249981
2026-09-10T14:00:00+00:00,1.1317784448145465,0.9919091984249981
2026-09-10T14:05:00+00:00,1.1347253313475747,0.9919091984249981
2026-09-10T14:10:00+00:00,1.1349996274193157,0.9919091984249981
2026-09-10T14:15:00+00:00,1.1341937950647556,0.9919091984249981
2026-09-10T14:20:00+00:00,1.1347259820462956,0.9923938242947214
2026-09-10T14:25:00+00:00,1.1374240418499832,0.9947534581879448
2026-09-10T14:30:00+00:00,1.137139565905031,0.9945046649326588
2026-09-10T14:35:00+00:00,1.1376539281069695,0.9949545091071385
2026-09-10T14:40:00+00:00,1.1392071110249964,0.9963128715314042
2026-09-10T14:45:00+00:00,1.1380271440522827,0.9952809114325608
2026-09-10T14:50:00+00:00,1.1380599526198951,0.9953096047209825
2026-09-10T14:55:00+00:00,1.1389129806002374,0.9960556347873036
2026-09-10T15:00:00+00:00,1.139759610416154,0.9967960692305728
2026-09-10T15:05:00+00:00,1.1387607276834901,0.9959224794205443
2026-09-10T15:10:00+00:00,1.1390667149108653,0.996190085732169
2026-09-10T15:15:00+00:00,1.1400390660644413,0.9970404719003914
2026-09-10T15:20:00+00:00,1.1387293872594435,0.9958950701219412
2026-09-10T15:25:00+00:00,1.1389588971895095,0.9960957919180536
2026-09-10T15:30:00+00:00,1.1393632160688967,0.9964493958412018
2026-09-10T15:35:00+00:00,1.1395270565951723,0.9965926853481117
2026-09-10T15:40:00+00:00,1.1391775817259377,0.9962870461828314
2026-09-10T15:45:00+00:00,1.1398877666235827,0.9969081504121179
2026-09-10T15:50:00+00:00,1.1395493218096304,0.9966121577684798
2026-09-10T15:55:00+00:00,1.1391998287757676,0.9963065027170162
2026-09-10T16:00:00+00:00,1.1393200251972355,0.996411622532949
2026-09-10T16:05:00+00:00,1.1387738120359367,0.9959339225625614
2026-09-10T16:10:00+00:00,1.1380633941169156,0.9953126145404839
2026-09-10T16:15:00+00:00,1.1373798809895233,0.994714836559561
2026-09-10T16:20:00+00:00,1.1369148739155044,0.9943081567480372
2026-09-10T16:25:00+00:00,1.1373308197890568,0.9946719292558367
2026-09-10T16:30:00+00:00,1.1365756463263652,0.9940114795151028
2026-09-10T16:35:00+00:00,1.1356285362425216,0.9931831683518749
2026-09-10T16:40:00+00:00,1.1358751223026335,0.9933988243667051
2026-09-10T16:45:00+00:00,1.1368885788093308,0.9942851599176229
2026-09-10T16:50:00+00:00,1.1372771710392107,0.994625009833112
2026-09-10T16:55:00+00:00,1.1385355858371207,0.9957255778060027
2026-09-10T17:00:00+00:00,1.1385355858371207,0.9957255778060027
2026-09-10T17:05:00+00:00,1.1386667725287811,0.9958403093488539
2026-09-10T17:10:00+00:00,1.1390165501156775,0.996146213260992
2026-09-10T17:15:00+00:00,1.1383281774504879,0.9955441852889916
2026-09-10T17:20:00+00:00,1.138371910209183,0.995582432513727
2026-09-10T17:25:00+00:00,1.138011153087666,0.995266926263647
2026-09-10T17:30:00+00:00,1.138022089403488,0.9952764908038569
2026-09-10T17:35:00+00:00,1.137508061430153,0.9948269389346625
2026-09-10T17:40:00+00:00,1.1369260100810865,0.9943178960702395
2026-09-10T17:45:00+00:00,1.1376451651434294,0.9949468453089733
2026-09-10T17:50:00+00:00,1.1373389782996541,0.9946790644194454
2026-09-10T17:55:00+00:00,1.1377492099125421,0.9950378394238094
2026-09-10T18:00:00+00:00,1.1378722829830548,0.9951454750618808
2026-09-10T18:05:00+00:00,1.1370273471239387,0.994406522097219
2026-09-10T18:10:00+00:00,1.1368303387139742,0.9942342250559277
2026-09-10T18:15:00+00:00,1.1371916073915063,0.994550178695984
2026-09-10T18:20:00+00:00,1.1371916073915063,0.994550178695984
2026-09-10T18:25:00+00:00,1.137186142549567,0.9945549455408675
2026-09-10T18:30:00+00:00,1.1369946239996878,0.9947224386220623
2026-09-10T18:35:00+00:00,1.1371258701036926,0.9946076070564699
2026-09-10T18:40:00+00:00,1.1372682745838996,0.9944830246498342
2026-09-10T18:45:00+00:00,1.1370603461567432,0.994664858490721
2026-09-10T18:50:00+00:00,1.1366553837994358,0.9950190847879534
2026-09-10T18:55:00+00:00,1.1372466635274896,0.9945014403718385
2026-09-10T19:00:00+00:00,1.1375202379193203,0.9942622267064363
2026-09-10T19:05:00+00:00,1.1368637806739825,0.9948360213229701
2026-09-10T19:10:00+00:00,1.1363054860908446,0.995324548919587
2026-09-10T19:15:00+00:00,1.136042610560546,0.995554834566409
2026-09-10T19:20:00+00:00,1.1361521589039782,0.9954588378720844
2026-09-10T19:25:00+00:00,1.136688887141863,0.9949886082317734
2026-09-10T19:30:00+00:00,1.137345838756062,0.9944135176798553
2026-09-10T19:35:00+00:00,1.1374169731702055,0.9943513090480538
2026-09-10T19:40:00+00:00,1.1369355291744077,0.9947722004464822
2026-09-10T19:45:00+00:00,1.1365141096129614,0.9951408896844617
2026-09-10T19:50:00+00:00,1.1367550195666576,0.9949299508727145
2026-09-10T19:55:00+00:00,1.1355725880610428,0.9959648977018608
2026-09-10T20:00:00+00:00,1.1348711340101045,0.9965801793222658
2026-09-10T20:05:00+00:00,1.1348492011663573,0.9965994395155156
2026-09-10T20:10:00+00:00,1.1344436803640354,0.9969551292138438
2026-09-10T20:15:00+00:00,1.134948326129322,0.9965116438360795
2026-09-10T20:20:00+00:00,1.134948326129322,0.9965116438360795
2026-09-10T20:25:00+00:00,1.134948326129322,0.9965116438360795
2026-09-10T20:30:00+00:00,1.1346193556000093,0.9968004877908145
2026-09-10T20:35:00+00:00,1.1347290442461422,0.996704122701121
2026-09-10T20:40:00+00:00,1.1351181549404532,0.9963623896672412
2026-09-10T20:45:00+00:00,1.1349484315162863,0.9965113662612191
2026-09-10T20:50:00+00:00,1.1352472464414924,0.9962489997420826
2026-09-10T20:55:00+00:00,1.134784068152165,0.9966554670635326
2026-09-10T21:00:00+00:00,1.1344879516948334,0.9969155395252192
2026-09-10T21:05:00+00:00,1.135716607324425,0.9958358754459004
2026-09-10T21:10:00+00:00,1.1358261901695932,0.9957397893907628
2026-09-10T21:15:00+00:00,1.1360453347171853,0.995547672896572
2026-09-10T21:20:00+00:00,1.1357166782281052,0.9958356889609646
2026-09-10T21:25:00+00:00,1.1357166782281052,0.9958356889609646
2026-09-10T21:30:00+00:00,1.1350810976864492,0.9963929879764002
2026-09-10T21:35:00+00:00,1.1358266785627937,0.9957385047340371
2026-09-10T21:40:00+00:00,1.1357718924023383,0.9957865337956198
2026-09-10T21:45:00+00:00,1.1355636949497996,0.9959690706421429
2026-09-10T21:50:00+00:00,1.1355636949497996,0.9959690706421429
2026-09-10T21:55:00+00:00,1.1351693233736215,0.996314646196079
2026-09-10T22:00:00+00:00,1.1346759621648923,0.9967476591290405
2026-09-10T22:05:00+00:00,1.1348095566861023,0.9966303040155732
2026-09-10T22:10:00+00:00,1.1347308131923808,0.9966994593655829
2026-09-10T22:15:00+00:00,1.134950169622536,0.99650678597309
2026-09-10T22:20:00+00:00,1.1350049981331458,0.9964586455486469
2026-09-10T22:25:00+00:00,1.1352791274438725,0.9962179783074265
2026-09-10T22:30:00+00:00,1.1342815376350912,0.9970933726298095
2026-09-10T22:35:00+00:00,1.1340401497786037,0.9973055653032782
2026-09-10T22:40:00+00:00,1.1338096850414856,0.9975082422234726
2026-09-10T22:45:00+00:00,1.133634057161682,0.9976627569184692
2026-09-10T22:50:00+00:00,1.1333156823054193,0.9979429449869434
2026-09-10T22:55:00+00:00,1.1333705899468558,0.9978945959750547
2026-09-10T23:00:00+00:00,1.1333705899468558,0.9978945959750547
2026-09-10T23:05:00+00:00,1.1333266659616625,0.997933269563241
2026-09-10T23:10:00+00:00,1.1338538218897856,0.9974690066006555
2026-09-10T23:15:00+00:00,1.1335798529508276,0.997710021377081
2026-09-10T23:20:00+00:00,1.1336343086575025,0.9976620926809868
2026-09-10T23:25:00+00:00,1.1336343086575025,0.9976620926809868
2026-09-10T23:30:00+00:00,1.133173213935794,0.9980678820272255
2026-09-10T23:35:00+00:00,1.1334258209754207,0.9978453926761495
2026-09-10T23:40:00+00:00,1.1329756218060576,0.9982417390083239
2026-09-10T23:45:00+00:00,1.132909712811188,0.998299810080983
2026-09-10T23:50:00+00:00,1.1326350760217587,0.9985418151160076
2026-09-10T23:55:00+00:00,1.1324922302545894,0.9986677492978553
2026-09-11T00:00:00+00:00,1.132206502680291,0.9989197129810612
2026-09-11T08:05:00+00:00,1.137641184775098,0.9941362957091917
2026-09-11T08:10:00+00:00,1.136995730116941,0.9947003311111232
2026-09-11T08:15:00+00:00,1.1377947971253606,0.9940012676082436
2026-09-11T08:20:00+00:00,1.1379151199807163,0.9938961510520352
2026-09-11T08:25:00+00:00,1.1387901027719354,0.9931319094902883
2026-09-11T08:30:00+00:00,1.1387901027719354,0.9931319094902883
2026-09-11T08:35:00+00:00,1.1400793886204053,0.992008094365236
2026-09-11T08:40:00+00:00,1.1395881444853568,0.9924355366671858
2026-09-11T08:45:00+00:00,1.139500774531972,0.9925116247232045
2026-09-11T08:50:00+00:00,1.1396646057561453,0.9923689267995885
2026-09-11T08:55:00+00:00,1.1404290415783276,0.9917032903021186
2026-09-11T09:00:00+00:00,1.1401235335300757,0.9919688495205888
2026-09-11T09:05:00+00:00,1.1401999979953958,0.9919022315204452
2026-09-11T09:10:00+00:00,1.13954507448662,0.9924719737507313
2026-09-11T09:15:00+00:00,1.13903172024985,0.9929191353203408
2026-09-11T09:20:00+00:00,1.1395562071773777,0.9924619101938037
2026-09-11T09:25:00+00:00,1.1396654228384069,0.9923667921268885
2026-09-11T09:30:00+00:00,1.1396108202405324,0.9924143374887189
2026-09-11T09:35:00+00:00,1.139392399383754,0.9926045462740546
2026-09-11T09:40:00+00:00,1.1395780927093173,0.9924427758082636
2026-09-11T09:45:00+00:00,1.1394907218519448,0.9925188658777114
2026-09-11T09:50:00+00:00,1.13944704773407,0.9925568813552749
2026-09-11T09:55:00+00:00,1.1393815120526434,0.9926139685992179
2026-09-11T10:00:00+00:00,1.1401242924992014,0.9919668681863565
2026-09-11T10:05:00+00:00,1.140441260109747,0.9916903942780005
2026-09-11T10:10:00+00:00,1.1401138669708282,0.991975084636351
2026-09-11T10:15:00+00:00,1.1400047572373797,0.9920699257446816
2026-09-11T10:20:00+00:00,1.1401030128043594,0.9919844204935686
2026-09-11T10:25:00+00:00,1.1397864243899591,0.9922599038416239
2026-09-11T10:30:00+00:00,1.139873779407061,0.9921838554881651
2026-09-11T10:35:00+00:00,1.140021324940057,0.9920553642117039
2026-09-11T10:40:00+00:00,1.1396882433603368,0.9923452143756022
2026-09-11T10:45:00+00:00,1.139917558774842,0.9921455653656106
2026-09-11T10:50:00+00:00,1.1396227788686026,0.9924021154014638
2026-09-11T10:55:00+00:00,1.139590016024224,0.9924306458210648
2026-09-11T11:00:00+00:00,1.139579104183674,0.9924401321664379
2026-09-11T11:05:00+00:00,1.1391422495090655,0.9928205815002438
2026-09-11T11:10:00+00:00,1.1388035352354302,0.9931158266415913
2026-09-11T11:15:00+00:00,1.1387662680039456,0.9931483262574226
2026-09-11T11:20:00+00:00,1.139010316248447,0.9929354852975497
2026-09-11T11:25:00+00:00,1.1389847474818409,0.9929577749426182
2026-09-11T11:30:00+00:00,1.1396668151060265,0.992363153853996
2026-09-11T11:35:00+00:00,1.139666880539188,0.9923629829265171
2026-09-11T11:40:00+00:00,1.140244984116711,0.9918596515460525
2026-09-11T11:45:00+00:00,1.1409441989577915,0.9912514287533277
2026-09-11T11:50:00+00:00,1.1413368982633203,0.9909102519034595
2026-09-11T11:55:00+00:00,1.1410347328471309,0.9911725923299615
2026-09-11T12:00:00+00:00,1.1405952310509015,0.991554441040475
2026-09-11T12:05:00+00:00,1.1405406721527007,0.991601871854213
2026-09-11T12:10:00+00:00,1.1407698278560607,0.9914026407088922
2026-09-11T12:15:00+00:00,1.1404315964079152,0.9916966237772675
2026-09-11T12:20:00+00:00,1.141108209740772,0.9911082653652856
2026-09-11T12:25:00+00:00,1.140924861190841,0.9912675229990054
2026-09-11T12:30:00+00:00,1.1424563085800574,0.9899354384236292
2026-09-11T12:35:00+00:00,1.1408494553459358,0.9913277725976857
2026-09-11T12:40:00+00:00,1.1431615780769309,0.98931980299466
2026-09-11T12:45:00+00:00,1.1420730871185134,0.9902614038838142
2026-09-11T12:50:00+00:00,1.1434679855455285,0.9890519243065516
2026-09-11T12:55:00+00:00,1.1445783197161303,0.9880913089168393
2026-09-11T13:00:00+00:00,1.1453177394932603,0.9874529827814948
2026-09-11T13:05:00+00:00,1.1453394731024957,0.9874342448221267
2026-09-11T13:10:00+00:00,1.14445102001596,0.9882002089953397
2026-09-11T13:15:00+00:00,1.1446876609050847,0.987995876462099
2026-09-11T13:20:00+00:00,1.144252749179817,0.9883712548346149
2026-09-11T13:25:00+00:00,1.1441766819987838,0.9884368361967297
2026-09-11T13:30:00+00:00,1.1431976933369856,0.989282569614273
2026-09-11T13:35:00+00:00,1.1422289852087995,0.9901204524851509
2026-09-11T13:40:00+00:00,1.1428173652043634,0.9896104535407869
2026-09-11T13:45:00+00:00,1.1455940980046013,0.9872066184014796
2026-09-11T13:50:00+00:00,1.1460721025143967,0.986794742292447
2026-09-11T13:55:00+00:00,1.1446439938444952,0.9880244674610905
2026-09-11T14:00:00+00:00,1.1453435759313162,0.9874206191948889
2026-09-11T14:05:00+00:00,1.1410634955385164,0.9911111560674181
2026-09-11T14:10:00+00:00,1.1421215107442937,0.9901922138612465
2026-09-11T14:15:00+00:00,1.1439194647175823,0.9886336568970291
2026-09-11T14:20:00+00:00,1.1454753964762616,0.9872888760906292
2026-09-11T14:25:00+00:00,1.1452689775959846,0.9874667410827933
2026-09-11T14:30:00+00:00,1.1462469565322557,0.9866236920905719
2026-09-11T14:35:00+00:00,1.1454380708854868,0.9873198334942447
2026-09-11T14:40:00+00:00,1.1443406009696258,0.9882658157085883
2026-09-11T14:45:00+00:00,1.1436717077036185,0.9888434685320213
2026-09-11T14:50:00+00:00,1.145173476310862,0.9875451026613704
2026-09-11T14:55:00+00:00,1.144325666944821,0.9882763250860485
2026-09-11T15:00:00+00:00,1.1451903992546466,0.9875294390954489
2026-09-11T15:05:00+00:00,1.1459022921115425,0.9869155301268928
2026-09-11T15:10:00+00:00,1.1466028484526218,0.9863122043051953
2026-09-11T15:15:00+00:00,1.1454142546701442,0.9873345877721544
2026-09-11T15:20:00+00:00,1.1468376122421096,0.9883739592254368
2026-09-11T15:25:00+00:00,1.1480097041954556,0.9893840980211467
2026-09-11T15:30:00+00:00,1.1486439341613213,0.989930693612127
2026-09-11T15:35:00+00:00,1.1493644831797964,0.9905516811683461
2026-09-11T15:40:00+00:00,1.148552343187107,0.9898517581701367
2026-09-11T15:45:00+00:00,1.1484439809118745,0.9897583687923739
2026-09-11T15:50:00+00:00,1.1486499085152826,0.9899358424630327
2026-09-11T15:55:00+00:00,1.1477234921965096,0.9891374332069162
2026-09-11T16:00:00+00:00,1.1480976260887077,0.9894598713554081
2026-09-11T16:05:00+00:00,1.148758916849724,0.9900297886311306
2026-09-11T16:10:00+00:00,1.1482659481301658,0.9896049355918484
2026-09-11T16:15:00+00:00,1.1477619259828364,0.9891705564260662
2026-09-11T16:20:00+00:00,1.1472305622770747,0.9887126136065717
2026-09-11T16:25:00+00:00,1.1466663923558382,0.988226397552288
2026-09-11T16:30:00+00:00,1.1458902868389378,0.987557529986098
2026-09-11T16:35:00+00:00,1.1465148510710237,0.9880957954007197
2026-09-11T16:40:00+00:00,1.145619282989374,0.9873239719436171
2026-09-11T16:45:00+00:00,1.1470697023885452,0.9885739804442046
2026-09-11T16:50:00+00:00,1.1464620638228513,0.9880503020013789
2026-09-11T16:55:00+00:00,1.1476346550540628,0.9890608710875111
2026-09-11T17:00:00+00:00,1.1480250881333305,0.9893973562919107
2026-09-11T17:05:00+00:00,1.1480413545889123,0.9894113751389858
2026-09-11T17:10:00+00:00,1.1483936993133759,0.9897150348259484
2026-09-11T17:15:00+00:00,1.1475916615962,0.9890238182269189
2026-09-11T17:20:00+00:00,1.1482423906877137,0.9895846331859829
2026-09-11T17:25:00+00:00,1.1486543093528379,0.9899396352172919
2026-09-11T17:30:00+00:00,1.14861640927147,0.9899069719587132
2026-09-11T17:35:00+00:00,1.1485676496562776,0.989864949676392
2026-09-11T17:40:00+00:00,1.149011927401486,0.9902478395897852
2026-09-11T17:45:00+00:00,1.1491852454386535,0.9903972095029899
2026-09-11T17:50:00+00:00,1.1492101728652568,0.990418692596204
2026-09-11T17:55:00+00:00,1.149334182494557,0.990525567263537
2026-09-11T18:00:00+00:00,1.148800866652896,0.9900659420434419
2026-09-11T18:05:00+00:00,1.1485679428471391,0.9898652023557682
2026-09-11T18:10:00+00:00,1.1486437982163413,0.9899305764512694
2026-09-11T18:15:00+00:00,1.148253717334166,0.9895943947793238
2026-09-11T18:20:00+00:00,1.148410895977156,0.9897298553502183
2026-09-11T18:25:00+00:00,1.1478267685374217,0.9892264393965214
2026-09-11T18:30:00+00:00,1.1480962159036452,0.989458656021887
2026-09-11T18:35:00+00:00,1.1486333860409632,0.9899216029724677
2026-09-11T18:40:00+00:00,1.14825413113611,0.9895947514044129
2026-09-11T18:45:00+00:00,1.1480915335363027,0.9894546206380631
2026-09-11T18:50:00+00:00,1.1477500447382782,0.989160316865906
2026-09-11T18:55:00+00:00,1.1472457598098071,0.9887257112286212
2026-09-11T19:00:00+00:00,1.1474085014007909,0.988865966090246
2026-09-11T19:05:00+00:00,1.146312943778809,0.987921786536978
2026-09-11T19:10:00+00:00,1.1461826534919282,0.987809499038453
2026-09-11T19:15:00+00:00,1.1457157102981799,0.9874070754623409
2026-09-11T19:20:00+00:00,1.1459872959561053,0.9876411349221345
2026-09-11T19:25:00+00:00,1.1456831781421506,0.9873790384189846
2026-09-11T19:30:00+00:00,1.1453246853094947,0.9870700801352802
2026-09-11T19:35:00+00:00,1.1454116225678206,0.9871450048860021
2026-09-11T19:40:00+00:00,1.1452160216815057,0.9869764310440113
2026-09-11T19:45:00+00:00,1.1453681788304595,0.9871075639630319
2026-09-11T19:50:00+00:00,1.1453247311383234,0.9870701196317359
2026-09-11T19:55:00+00:00,1.1454551522548635,0.9871825198826042
2026-09-11T20:00:00+00:00,1.1454442919816479,0.9871731602216357
2026-09-11T20:05:00+00:00,1.1450033436316316,0.9867931396660947
2026-09-11T20:10:00+00:00,1.1454444349778048,0.9871732834593776
2026-09-11T20:15:00+00:00,1.144944592034657,0.9867425060385498
2026-09-11T20:20:00+00:00,1.1452815898352406,0.9870329393543545
2026-09-11T20:25:00+00:00,1.145075146480492,0.9868550211960115
2026-09-11T20:30:00+00:00,1.1453686087178996,0.9871079344510124
2026-09-11T20:35:00+00:00,1.1455968130896557,0.9873046068098689
2026-09-11T20:40:00+00:00,1.1455280472750609,0.9872453426736869
2026-09-11T20:45:00+00:00,1.1451515623051514,0.9869208783063466
2026-09-11T20:50:00+00:00,1.1451515623051514,0.9869208783063466
2026-09-11T20:55:00+00:00,1.1454015479347357,0.9871363223097733
2026-09-11T21:00:00+00:00,1.1453689923681083,0.9871082650905655
2026-09-11T21:05:00+00:00,1.1453689923681083,0.9871082650905655
2026-09-11T21:10:00+00:00,1.1453689923681083,0.9871082650905655
2026-09-11T21:15:00+00:00,1.1454450605175064,0.9871738225654766
2026-09-11T21:20:00+00:00,1.1454450605175064,0.9871738225654766
2026-09-11T21:25:00+00:00,1.1453038004781688,0.9870520810539757
2026-09-11T21:30:00+00:00,1.1453907404561912,0.9871270081486014
2026-09-11T21:35:00+00:00,1.1454450738183244,0.9871738340284613
2026-09-11T21:40:00+00:00,1.1454450738183244,0.9871738340284613
2026-09-11T21:45:00+00:00,1.1454450738183244,0.9871738340284613
2026-09-11T21:50:00+00:00,1.1454450738183244,0.9871738340284613
2026-09-11T21:55:00+00:00,1.144901728834205,0.9867055654371221
2026-09-11T22:00:00+00:00,1.1449343427809404,0.9867336729697987
2026-09-11T22:05:00+00:00,1.1449343427809404,0.9867336729697987
2026-09-11T22:10:00+00:00,1.1449886978105064,0.986780517523206
2026-09-11T22:15:00+00:00,1.1453148125065507,0.987061571501424
2026-09-11T22:20:00+00:00,1.1449344536637978,0.9867337685314785
2026-09-11T22:25:00+00:00,1.1449344536637978,0.9867337685314785
2026-09-11T22:30:00+00:00,1.1449344536637978,0.9867337685314785
2026-09-11T22:35:00+00:00,1.1449344536637978,0.9867337685314785
2026-09-11T22:40:00+00:00,1.1449344536637978,0.9867337685314785
2026-09-11T22:45:00+00:00,1.144988808698628,0.9867806130894224
2026-09-11T22:50:00+00:00,1.1450105496804697,0.9867993500231182
2026-09-11T22:55:00+00:00,1.1452062148018385,0.9869679792245197
2026-09-11T23:00:00+00:00,1.1452062148018385,0.9869679792245197
2026-09-11T23:05:00+00:00,1.1452062148018385,0.9869679792245197
2026-09-11T23:10:00+00:00,1.1452062148018385,0.9869679792245197
2026-09-11T23:15:00+00:00,1.1452062148018385,0.9869679792245197
2026-09-11T23:20:00+00:00,1.145296857487911,0.987046097407558
2026-09-11T23:25:00+00:00,1.1452714273799836,0.9870241810907338
2026-09-11T23:30:00+00:00,1.1453692376592193,0.9871084764887127
2026-09-11T23:35:00+00:00,1.1449907442005127,0.9867822811544044
2026-09-11T23:40:00+00:00,1.1449907442005127,0.9867822811544044
2026-09-11T23:45:00+00:00,1.145607317497542,0.9873136597770031
2026-09-11T23:50:00+00:00,1.145607317497542,0.9873136597770031
2026-09-11T23:55:00+00:00,1.145607208851274,0.9873135661428731
2026-09-12T00:00:00+00:00,1.1459127221857084,0.9875768653412319
2026-09-14T08:05:00+00:00,1.1219684533111636,0.9669410825803016
2026-09-14T08:10:00+00:00,1.1225568408390996,0.9674481699868684
2026-09-14T08:15:00+00:00,1.1221020644917021,0.9670562321098393
2026-09-14T08:20:00+00:00,1.1204820049468287,0.9656600233968924
2026-09-14T08:25:00+00:00,1.1200708474354928,0.9653056773473676
2026-09-14T08:30:00+00:00,1.1189370541310544,0.9643285453059268
2026-09-14T08:35:00+00:00,1.1196381006772906,0.9649327251332263
2026-09-14T08:40:00+00:00,1.1203164062897222,0.9655173062426765
2026-09-14T08:45:00+00:00,1.1201385818169871,0.9653640525681475
2026-09-14T08:50:00+00:00,1.1187935707184473,0.9642048876345288
2026-09-14T08:55:00+00:00,1.1189382499761598,0.964329575915796
2026-09-14T09:00:00+00:00,1.1188714835670674,0.9642720349183668
2026-09-14T09:05:00+00:00,1.1192943627257828,0.9646364829831248
2026-09-14T09:10:00+00:00,1.1198393842473482,0.9651061964572752
2026-09-14T09:15:00+00:00,1.1186385556451528,0.9640712916832832
2026-09-14T09:20:00+00:00,1.1183491566158317,0.9638218802048378
2026-09-14T09:25:00+00:00,1.117246928930811,0.9628719522208035
2026-09-14T09:30:00+00:00,1.1182389724965682,0.9637269207153359
2026-09-14T09:35:00+00:00,1.1179828736360173,0.9635062081732516
2026-09-14T09:40:00+00:00,1.1185821709047543,0.9640226978732158
2026-09-14T09:45:00+00:00,1.1183393968038329,0.9638134689494661
2026-09-14T09:50:00+00:00,1.1184507341788208,0.9639094223442203
2026-09-14T09:55:00+00:00,1.118317142627349,0.9637942897315142
2026-09-14T10:00:00+00:00,1.1182059212049453,0.9636984362676597
2026-09-14T10:05:00+00:00,1.1181947961133862,0.963688848379476
2026-09-14T10:10:00+00:00,1.1178718758874622,0.9634105474772354
2026-09-14T10:15:00+00:00,1.1184622109686884,0.9639193133349933
2026-09-14T10:20:00+00:00,1.1184065855783303,0.9638713739521942
2026-09-14T10:25:00+00:00,1.1195087601385667,0.9648212561519319
2026-09-14T10:30:00+00:00,1.1199758894495448,0.9652238401286286
2026-09-14T10:35:00+00:00,1.1197758055332163,0.9650514026968179
2026-09-14T10:40:00+00:00,1.1197758055332163,0.9650514026968179
2026-09-14T10:45:00+00:00,1.1198758808256557,0.9651376501410533
2026-09-14T10:50:00+00:00,1.1199759471758812,0.9652238898786605
2026-09-14T10:55:00+00:00,1.1187530232708849,0.9641699428081161
2026-09-14T11:00:00+00:00,1.1189756163913127,0.9643617792471945
2026-09-14T11:05:00+00:00,1.118786449869051,0.9641987507045612
2026-09-14T11:10:00+00:00,1.117807041101811,0.9633546712022466
2026-09-14T11:15:00+00:00,1.1182191871956901,0.9637098692374682
2026-09-14T11:20:00+00:00,1.11708341928071,0.9627310354262056
2026-09-14T11:25:00+00:00,1.1175292717729395,0.9631152824968209
2026-09-14T11:30:00+00:00,1.1188440120926724,0.9642483592997584
2026-09-14T11:35:00+00:00,1.1181985422838339,0.9636920769248938
2026-09-14T11:40:00+00:00,1.117530429233276,0.9631162800257154
2026-09-14T11:45:00+00:00,1.1169732769631056,0.9626361119624416
2026-09-14T11:50:00+00:00,1.1169509820873178,0.9626168976687897
2026-09-14T11:55:00+00:00,1.1153011283471592,0.9611950115570189
2026-09-14T12:00:00+00:00,1.1154127701017484,0.9612912272738914
2026-09-14T12:05:00+00:00,1.1141290184147818,0.9601848572665205
2026-09-14T12:10:00+00:00,1.1140731387368594,0.9601366987322006
2026-09-14T12:15:00+00:00,1.1139501972789332,0.9600307446422524
2026-09-14T12:20:00+00:00,1.1148779488530582,0.960830304655551
2026-09-14T12:25:00+00:00,1.1143083586203335,0.9603394172383223
2026-09-14T12:30:00+00:00,1.1144647966883696,0.9604742395627978
2026-09-14T12:35:00+00:00,1.1145430047442777,0.9605416412638198
2026-09-14T12:40:00+00:00,1.1139732431745535,0.9600506061839869
2026-09-14T12:45:00+00:00,1.114532454121113,0.9605325484671778
2026-09-14T12:50:00+00:00,1.1137724292894902,0.9598775396464676
2026-09-14T12:55:00+00:00,1.1127359175569025,0.9589842473494715
2026-09-14T13:00:00+00:00,1.1133370422236497,0.9595023119477363
2026-09-14T13:05:00+00:00,1.1122522018140413,0.9585673687619473
2026-09-14T13:10:00+00:00,1.1121854172128336,0.9585098120860881
2026-09-14T13:15:00+00:00,1.113864408437894,0.9599568096268937
2026-09-14T13:20:00+00:00,1.1144345202866157,0.9594654726676699
2026-09-14T13:25:00+00:00,1.1146016675879418,0.9593215682376179
2026-09-14T13:30:00+00:00,1.1125130864459736,0.9611191798820006
2026-09-14T13:35:00+00:00,1.1109800381415342,0.9624430975043242
2026-09-14T13:40:00+00:00,1.110871132374827,0.9625887527265465
2026-09-14T13:45:00+00:00,1.110871132374827,0.9595725114436653
2026-09-14T13:50:00+00:00,1.110871132374827,0.9561795302114864
2026-09-14T13:55:00+00:00,1.110871132374827,0.9586551498750561
2026-09-14T14:00:00+00:00,1.110871132374827,0.9591350237354747
2026-09-14T14:05:00+00:00,1.110871132374827,0.9587022966168497
2026-09-14T14:10:00+00:00,1.110871132374827,0.9568833112287088
2026-09-14T14:15:00+00:00,1.110871132374827,0.9564205220687798
2026-09-14T14:20:00+00:00,1.110871132374827,0.9565348409671657
2026-09-14T14:25:00+00:00,1.110871132374827,0.9575551956723954
2026-09-14T14:30:00+00:00,1.110871132374827,0.9582558754659461
2026-09-14T14:35:00+00:00,1.110871132374827,0.958169612794575
2026-09-14T14:40:00+00:00,1.110871132374827,0.9602370011044451
2026-09-14T14:45:00+00:00,1.110871132374827,0.9597836482834871
2026-09-14T14:50:00+00:00,1.110871132374827,0.9604095917575428
2026-09-14T14:55:00+00:00,1.110871132374827,0.9614665042363775
2026-09-14T15:00:00+00:00,1.110871132374827,0.9610017563773294
2026-09-14T15:05:00+00:00,1.110871132374827,0.9618089225474059
2026-09-14T15:10:00+00:00,1.110871132374827,0.9616296060955886
2026-09-14T15:15:00+00:00,1.110871132374827,0.9620315119409236
2026-09-14T15:20:00+00:00,1.110871132374827,0.9606931749921157
2026-09-14T15:25:00+00:00,1.110871132374827,0.9600897790629862
2026-09-14T15:30:00+00:00,1.110871132374827,0.9596871275414737
2026-09-14T15:35:00+00:00,1.110871132374827,0.9574368314488338
2026-09-14T15:40:00+00:00,1.110871132374827,0.9573890209999595
2026-09-14T15:45:00+00:00,1.110871132374827,0.9569681738890041
2026-09-14T15:50:00+00:00,1.110871132374827,0.9581135744552596
2026-09-14T15:55:00+00:00,1.110871132374827,0.9580465099773996
2026-09-14T16:00:00+00:00,1.110871132374827,0.9581614534319582
2026-09-14T16:05:00+00:00,1.110871132374827,0.9593592499212362
2026-09-14T16:10:00+00:00,1.110871132374827,0.9600709799295624
2026-09-14T16:15:00+00:00,1.110871132374827,0.9596661426248332
2026-09-14T16:20:00+00:00,1.110871132374827,0.9575102365534425
2026-09-14T16:25:00+00:00,1.110871132374827,0.9574050507787197
2026-09-14T16:30:00+00:00,1.110871132374827,0.9580263882748881
2026-09-14T16:35:00+00:00,1.110871132374827,0.9584479305558954
2026-09-14T16:40:00+00:00,1.110871132374827,0.9583040839630941
2026-09-14T16:45:00+00:00,1.110871132374827,0.9573358383001005
2026-09-14T16:50:00+00:00,1.110871132374827,0.9567767761976923
2026-09-14T16:55:00+00:00,1.110871132374827,0.9570773546586726
2026-09-14T17:00:00+00:00,1.110871132374827,0.9570582272071937
2026-09-14T17:05:00+00:00,1.110871132374827,0.9572444237338126
2026-09-14T17:10:00+00:00,1.110871132374827,0.9571250018178452
2026-09-14T17:15:00+00:00,1.110871132374827,0.9571345471017177
2026-09-14T17:20:00+00:00,1.110871132374827,0.9575738002707463
2026-09-14T17:25:00+00:00,1.110871132374827,0.9573633608319179
2026-09-14T17:30:00+00:00,1.110871132374827,0.9571817657263539
2026-09-14T17:35:00+00:00,1.110871132374827,0.9574683974390223
2026-09-14T17:40:00+00:00,1.110871132374827,0.9573823469729585
2026-09-14T17:45:00+00:00,1.110871132374827,0.9572485042673711
2026-09-14T17:50:00+00:00,1.110871132374827,0.9570383005752995
2026-09-14T17:55:00+00:00,1.110871132374827,0.956732783089469
2026-09-14T18:00:00+00:00,1.110871132374827,0.9567232435931212
2026-09-14T18:05:00+00:00,1.110871132374827,0.9567899943194402
2026-09-14T18:10:00+00:00,1.110871132374827,0.9566349507709713
2026-09-14T18:15:00+00:00,1.110871132374827,0.9565416892005745
2026-09-14T18:20:00+00:00,1.110871132374827,0.9563417957811915
2026-09-14T18:25:00+00:00,1.110871132374827,0.956503769438858
2026-09-14T18:30:00+00:00,1.110871132374827,0.9569327650050347
2026-09-14T18:35:00+00:00,1.110871132374827,0.9565188940428448
2026-09-14T18:40:00+00:00,1.110871132374827,0.9563983986969492
2026-09-14T18:45:00+00:00,1.110871132374827,0.9559600164802713
2026-09-14T18:50:00+00:00,1.110871132374827,0.9559457393291984
2026-09-14T18:55:00+00:00,1.110871132374827,0.9556555036356545
2026-09-14T19:00:00+00:00,1.110871132374827,0.9554463296593332
2026-09-14T19:05:00+00:00,1.110871132374827,0.9553893109961138
2026-09-14T19:10:00+00:00,1.110871132374827,0.9561872884052874
2026-09-14T19:15:00+00:00,1.110871132374827,0.9569823077148202
2026-09-14T19:20:00+00:00,1.110871132374827,0.9570157159960211
2026-09-14T19:25:00+00:00,1.110871132374827,0.9573021415956258
2026-09-14T19:30:00+00:00,1.110871132374827,0.9576902324668731
2026-09-14T19:35:00+00:00,1.110871132374827,0.9585358272688461
2026-09-14T19:40:00+00:00,1.110871132374827,0.9594087746183118
2026-09-14T19:45:00+00:00,1.110871132374827,0.9589855331758543
2026-09-14T19:50:00+00:00,1.110871132374827,0.9588871415023966
2026-09-14T19:55:00+00:00,1.110871132374827,0.9595522019750433
2026-09-14T20:00:00+00:00,1.110871132374827,0.9606303864209791
2026-09-14T20:05:00+00:00,1.110871132374827,0.9608327280114021
2026-09-14T20:10:00+00:00,1.110871132374827,0.9602433075040638
2026-09-14T20:15:00+00:00,1.110871132374827,0.9602915318565902
2026-09-14T20:20:00+00:00,1.110871132374827,0.9599828494957725
2026-09-14T20:25:00+00:00,1.110871132374827,0.9594817240698909
2026-09-14T20:30:00+00:00,1.110871132374827,0.95919256995588
2026-09-14T20:35:00+00:00,1.11043935608197,0.9592309268918189
2026-09-14T20:40:00+00:00,1.1100499177209342,0.9588945183180615
2026-09-14T20:45:00+00:00,1.109828107866582,0.9587029122920153
2026-09-14T20:50:00+00:00,1.1101053429388166,0.9589423962889125
2026-09-14T20:55:00+00:00,1.1098428007456203,0.9587156044430107
2026-09-14T21:00:00+00:00,1.110116268822989,0.9589518343964009
2026-09-14T21:05:00+00:00,1.1098716224520901,0.9587405015002523
2026-09-14T21:10:00+00:00,1.1097271542218368,0.958615705496172
2026-09-14T21:15:00+00:00,1.110249258530716,0.9590667149073546
2026-09-14T21:20:00+00:00,1.110193859535611,0.9590188595885274
2026-09-14T21:25:00+00:00,1.1101046560338816,0.9589418029197618
2026-09-14T21:30:00+00:00,1.1097154577672164,0.9586056017467458
2026-09-14T21:35:00+00:00,1.1096293687302023,0.95853123544631
2026-09-14T21:40:00+00:00,1.1096293687302023,0.95853123544631
2026-09-14T21:45:00+00:00,1.1094377957849577,0.9583657489721249
2026-09-14T21:50:00+00:00,1.1093267965057396,0.9582698644549691
2026-09-14T21:55:00+00:00,1.1093267965057396,0.9582698644549691
2026-09-14T22:00:00+00:00,1.1093822794904602,0.9583177923265532
2026-09-14T22:05:00+00:00,1.1092712968694627,0.9582219221992697
2026-09-14T22:10:00+00:00,1.1094377208487889,0.9583656842400077
2026-09-14T22:15:00+00:00,1.1093822212129285,0.958317741984668
2026-09-14T22:20:00+00:00,1.1093822212129285,0.958317741984668
2026-09-14T22:25:00+00:00,1.1092933552133117,0.958240976860382
2026-09-14T22:30:00+00:00,1.1096927966871422,0.958586026423947
2026-09-14T22:35:00+00:00,1.110137100337321,0.9589698292852633
2026-09-14T22:40:00+00:00,1.1102483097759668,0.959065895344456
2026-09-14T22:45:00+00:00,1.1098736437999213,0.9587422476013274
2026-09-14T22:50:00+00:00,1.1098736437999213,0.9587422476013274
2026-09-14T22:55:00+00:00,1.1098812006618461,0.9587487754460304
2026-09-14T23:00:00+00:00,1.1092921979219335,0.9582399771572687
2026-09-14T23:05:00+00:00,1.1095141096203254,0.9584316711592606
2026-09-14T23:10:00+00:00,1.1093808911392786,0.9583165930270298
2026-09-14T23:15:00+00:00,1.1090701401893797,0.958048157006574
2026-09-14T23:20:00+00:00,1.1091588516067679,0.9581247885980798
2026-09-14T23:25:00+00:00,1.1093363263425688,0.9582780966147579
2026-09-14T23:30:00+00:00,1.1096465960657256,0.9585461169370744
2026-09-14T23:35:00+00:00,1.1091672511548178,0.9581320443804124
2026-09-14T23:40:00+00:00,1.109036362133847,0.9580189785058844
2026-09-14T23:45:00+00:00,1.108958746663901,0.9579519319276362
2026-09-14T23:50:00+00:00,1.1093457351542055,0.9582862242293436
2026-09-14T23:55:00+00:00,1.1097127714316595,0.9586032812092649
2026-09-15T00:00:00+00:00,1.1094572820048032,0.9583825817551326
2026-09-15T08:05:00+00:00,1.1130478787034903,0.9614842472180074
2026-09-15T08:10:00+00:00,1.1145265956328316,0.9627616073934854
2026-09-15T08:15:00+00:00,1.1138753427069914,0.9621990355211241
2026-09-15T08:20:00+00:00,1.1132687057404533,0.9616750042568213
2026-09-15T08:25:00+00:00,1.1127527843172813,0.9612293358083445
2026-09-15T08:30:00+00:00,1.113054608162166,0.9614900603268884
2026-09-15T08:35:00+00:00,1.1135029775585938,0.9618773753021457
2026-09-15T08:40:00+00:00,1.113390749638503,0.9617804294480363
2026-09-15T08:45:00+00:00,1.112762463276628,0.9612376967846504
2026-09-15T08:50:00+00:00,1.112762463276628,0.9612376967846504
2026-09-15T08:55:00+00:00,1.112762463276628,0.9612376967846504
2026-09-15T09:00:00+00:00,1.1133784867842296,0.9617698364255478
2026-09-15T09:05:00+00:00,1.1138609059189708,0.962186564589255
2026-09-15T09:10:00+00:00,1.1137485694619527,0.9620895249776822
2026-09-15T09:15:00+00:00,1.1139394836701209,0.9622544424149604
2026-09-15T09:20:00+00:00,1.1139394836701209,0.9622544424149604
2026-09-15T09:25:00+00:00,1.1136024029306604,0.9619632619300658
2026-09-15T09:30:00+00:00,1.1131533697036722,0.9615753735179973
2026-09-15T09:35:00+00:00,1.113220643275572,0.9616334864535442
2026-09-15T09:40:00+00:00,1.112526366267622,0.9610337490845398
2026-09-15T09:45:00+00:00,1.1124805855098288,0.960994202288498
2026-09-15T09:50:00+00:00,1.1109704478277347,0.9596896999213985
2026-09-15T09:55:00+00:00,1.1102905120665478,0.9591023509528503
2026-09-15T10:00:00+00:00,1.1105797892963232,0.9593522373277579
2026-09-15T10:05:00+00:00,1.1105686545480848,0.9593426187972052
2026-09-15T10:10:00+00:00,1.1102346221481285,0.9590540715596931
2026-09-15T10:15:00+00:00,1.1097674122138603,0.958650481560972
2026-09-15T10:20:00+00:00,1.109922956972595,0.958784845803627
2026-09-15T10:25:00+00:00,1.1096561966632823,0.9585544102221084
2026-09-15T10:30:00+00:00,1.1096561966632823,0.9585544102221084
2026-09-15T10:35:00+00:00,1.1090897395332817,0.9580650875095453
2026-09-15T10:40:00+00:00,1.1091340995740597,0.9581034070474828
2026-09-15T10:45:00+00:00,1.1094113830989532,0.9583429328992445
2026-09-15T10:50:00+00:00,1.1094335824262789,0.958362109346126
2026-09-15T10:55:00+00:00,1.1093558801162615,0.9582949877528114
2026-09-15T11:00:00+00:00,1.1088009802162433,0.9578156485232432
2026-09-15T11:05:00+00:00,1.107471514538751,0.956667216069812
2026-09-15T11:10:00+00:00,1.1068311022970436,0.9561140087065811
2026-09-15T11:15:00+00:00,1.1066437205178545,0.9559521426877394
2026-09-15T11:20:00+00:00,1.1068750746057676,0.956151993309904
2026-09-15T11:25:00+00:00,1.1079002855644398,0.9570376013827451
2026-09-15T11:30:00+00:00,1.1077786362053639,0.9569325170061665
2026-09-15T11:35:00+00:00,1.1082759232113617,0.9573620884844124
2026-09-15T11:40:00+00:00,1.1078000973362285,0.9569510557767339
2026-09-15T11:45:00+00:00,1.1076343251748155,0.9568078567959213
2026-09-15T11:50:00+00:00,1.1077337438337023,0.9568937376247949
2026-09-15T11:55:00+00:00,1.107137071227001,0.9563783138743287
2026-09-15T12:00:00+00:00,1.1073025460782209,0.9565212560296508
2026-09-15T12:05:00+00:00,1.107412904202761,0.9566165866981045
2026-09-15T12:10:00+00:00,1.1072473056227286,0.9564735376621113
2026-09-15T12:15:00+00:00,1.1071369560806095,0.956378214407411
2026-09-15T12:20:00+00:00,1.1069163229685965,0.9561876248868036
2026-09-15T12:25:00+00:00,1.1076329520621517,0.9568066706598877
2026-09-15T12:30:00+00:00,1.1075003940146326,0.9566921630300091
2026-09-15T12:35:00+00:00,1.1070807775373503,0.9563296856914332
2026-09-15T12:40:00+00:00,1.1070145975566268,0.9562725174328485
2026-09-15T12:45:00+00:00,1.1072682419923205,0.9564916231281023
2026-09-15T12:50:00+00:00,1.1061315749044835,0.9555097358973756
2026-09-15T12:55:00+00:00,1.1056364990071401,0.9550820744413137
2026-09-15T13:00:00+00:00,1.106878021826798,0.9561545392081062
2026-09-15T13:05:00+00:00,1.1066354933277023,0.9559450357933443
2026-09-15T13:10:00+00:00,1.1067676946808125,0.9560592352998601
2026-09-15T13:15:00+00:00,1.10695504706774,0.956221075928782
2026-09-15T13:20:00+00:00,1.1075837144846303,0.9567641377589552
2026-09-15T13:25:00+00:00,1.1084231444922175,0.957489262656437
2026-09-15T13:30:00+00:00,1.1058005916463576,0.9552238226003199
2026-09-15T13:35:00+00:00,1.1058274443113616,0.9552470187402985
2026-09-15T13:40:00+00:00,1.108411033676478,0.9574788009694088
2026-09-15T13:45:00+00:00,1.1066006775543824,0.9559149608808071
2026-09-15T13:50:00+00:00,1.1060718400005736,0.9554581350900632
2026-09-15T13:55:00+00:00,1.1050160291697702,0.9545460939269803
2026-09-15T14:00:00+00:00,1.1052024895835155,0.9547071640426295
2026-09-15T14:05:00+00:00,1.104883992326658,0.9544320365291504
2026-09-15T14:10:00+00:00,1.10518007263697,0.9546877996097181
2026-09-15T14:15:00+00:00,1.1069254528347638,0.9561955115398999
2026-09-15T14:20:00+00:00,1.106241858919392,0.9556050025476994
2026-09-15T14:25:00+00:00,1.1068472355581558,0.9561279451029496
2026-09-15T14:30:00+00:00,1.1069604360105734,0.9562257310597443
2026-09-15T14:35:00+00:00,1.1077073996560658,0.9568709807315033
2026-09-15T14:40:00+00:00,1.1088620844141257,0.9578684321678878
2026-09-15T14:45:00+00:00,1.1082025085736977,0.9572986707114842
2026-09-15T14:50:00+00:00,1.1092757478242135,0.9582257670679042
2026-09-15T14:55:00+00:00,1.1102913276503403,0.9591030554786694
2026-09-15T15:00:00+00:00,1.110424850267435,0.9592183963327693
2026-09-15T15:05:00+00:00,1.109295161024056,0.958242536774036
2026-09-15T15:10:00+00:00,1.1102050728951152,0.9590285460258565
2026-09-15T15:15:00+00:00,1.1103385788678464,0.9591438725020545
2026-09-15T15:20:00+00:00,1.1099490487265464,0.9588073846457433
2026-09-15T15:25:00+00:00,1.109593330119424,0.9585001042099828
2026-09-15T15:30:00+00:00,1.1087269693012751,0.9577517156680385
2026-09-15T15:35:00+00:00,1.1094250205391427,0.9583547133304054
2026-09-15T15:40:00+00:00,1.1099832949692463,0.958836967580595
2026-09-15T15:45:00+00:00,1.1099388222274162,0.9587985506880979
2026-09-15T15:50:00+00:00,1.110480123287807,0.9592661428308314
2026-09-15T15:55:00+00:00,1.1104133288301548,0.9592084437685872
2026-09-15T16:00:00+00:00,1.1117377979926897,0.9603525600820623
2026-09-15T16:05:00+00:00,1.1113132361651825,0.9599858108011654
2026-09-15T16:10:00+00:00,1.112139104722464,0.9606992209098337
2026-09-15T16:15:00+00:00,1.1123404026030494,0.9608731080757719
2026-09-15T16:20:00+00:00,1.111422696564198,0.9600803659873002
2026-09-15T16:25:00+00:00,1.1108869192040591,0.9596175453830422
2026-09-15T16:30:00+00:00,1.1112324640960114,0.9599160374575304
2026-09-15T16:35:00+00:00,1.1118795085340802,0.960474973911529
2026-09-15T16:40:00+00:00,1.1119353848806826,0.9605232415809422
2026-09-15T16:45:00+00:00,1.1114827376874776,0.9601322313161178
2026-09-15T16:50:00+00:00,1.1115776282584695,0.9602142006464258
2026-09-15T16:55:00+00:00,1.1111175590205609,0.9598167789960704
2026-09-15T17:00:00+00:00,1.1119226752507074,0.9605122626201595
2026-09-15T17:05:00+00:00,1.1126436565603948,0.9611350679684888
2026-09-15T17:10:00+00:00,1.1124812940761242,0.9609948143693829
2026-09-15T17:15:00+00:00,1.1123357884004506,0.9608691221887339
2026-09-15T17:20:00+00:00,1.1118546646261207,0.9604535129963252
2026-09-15T17:25:00+00:00,1.11225690428383,0.960800979715317
2026-09-15T17:30:00+00:00,1.1115746519264196,0.9602116296012486
2026-09-15T17:35:00+00:00,1.111786805802729,0.9603948945029304
2026-09-15T17:40:00+00:00,1.1120884185525675,0.9606554366712221
2026-09-15T17:45:00+00:00,1.1123008870596982,0.9608389733604742
2026-09-15T17:50:00+00:00,1.1120771290860392,0.9606456844903555
2026-09-15T17:55:00+00:00,1.1112718997935336,0.9599501031995987
2026-09-15T18:00:00+00:00,1.1110096000406935,0.9597235207809711
2026-09-15T18:05:00+00:00,1.1107922086871311,0.9595357315888519
2026-09-15T18:10:00+00:00,1.1104245181140384,0.9592181094086711
2026-09-15T18:15:00+00:00,1.11092543882401,0.959650819789741
2026-09-15T18:20:00+00:00,1.1112486231927046,0.9599299961714514
2026-09-15T18:25:00+00:00,1.1108916013480519,0.9596215899599001
2026-09-15T18:30:00+00:00,1.1106129799496638,0.9593809084127595
2026-09-15T18:35:00+00:00,1.1114260351644347,0.9600832499706369
2026-09-15T18:40:00+00:00,1.1115934071677274,0.9602278309430015
2026-09-15T18:45:00+00:00,1.1118726065881455,0.9604690118029634
2026-09-15T18:50:00+00:00,1.1122301852223881,0.9607778989861154
2026-09-15T18:55:00+00:00,1.1117716158334403,0.9603817729504203
2026-09-15T19:00:00+00:00,1.1114140629423501,0.960072908004978
2026-09-15T19:05:00+00:00,1.111380579891649,0.9600439843383379
2026-09-15T19:10:00+00:00,1.1109063098540743,0.959634295609955
2026-09-15T19:15:00+00:00,1.111318689784415,0.9599905218015481
2026-09-15T19:20:00+00:00,1.1107887046245062,0.9595327046741257
2026-09-15T19:25:00+00:00,1.111245452634612,0.959927257347975
2026-09-15T19:30:00+00:00,1.1108160376866296,0.95955631579559
2026-09-15T19:35:00+00:00,1.1110110611990338,0.9597247829735087
2026-09-15T19:40:00+00:00,1.1109218520259923,0.9596477214056931
2026-09-15T19:45:00+00:00,1.1105762651729367,0.9593491930839416
2026-09-15T19:50:00+00:00,1.1107878562045144,0.9595319717834092
2026-09-15T19:55:00+00:00,1.110798996612585,0.9595415952030955
2026-09-15T20:00:00+00:00,1.1103421818679005,0.9591469848819089
2026-09-15T20:05:00+00:00,1.1102642586643858,0.9590796724741448
2026-09-15T20:10:00+00:00,1.1104314309851708,0.9592240809547512
2026-09-15T20:15:00+00:00,1.109807721554966,0.9586853019826536
2026-09-15T20:20:00+00:00,1.1097299307748116,0.9586181039661726
